/* Generated by hosts/ios/Tools/gen_bundle_header.py — do not edit. */
#include "SpikeBundle.h"

/* runtime/spike/logger.js (667 bytes) */
static const unsigned char DSH_LOGGER_JS[] = {
  0x2f, 0x2f, 0x20, 0x64, 0x73, 0x68, 0x3a, 0x6c, 0x6f, 0x67, 0x67, 0x69, 0x6e, 0x67, 0x2d, 0x65,
  0x78, 0x65, 0x6d, 0x70, 0x74, 0x20, 0x28, 0x74, 0x68, 0x69, 0x73, 0x20, 0x49, 0x53, 0x20, 0x74,
  0x68, 0x65, 0x20, 0x6c, 0x6f, 0x67, 0x67, 0x65, 0x72, 0x20, 0xe2, 0x80, 0x94, 0x20, 0x6e, 0x6f,
  0x74, 0x68, 0x69, 0x6e, 0x67, 0x20, 0x74, 0x6f, 0x20, 0x6c, 0x6f, 0x67, 0x20, 0x74, 0x68, 0x72,
  0x6f, 0x75, 0x67, 0x68, 0x29, 0x0a, 0x2f, 0x2a, 0x2a, 0x0a, 0x20, 0x2a, 0x20, 0x53, 0x70, 0x69,
  0x6b, 0x65, 0x20, 0x70, 0x6f, 0x72, 0x74, 0x20, 0x6f, 0x66, 0x20, 0x72, 0x75, 0x6e, 0x74, 0x69,
  0x6d, 0x65, 0x2f, 0x6c, 0x6f, 0x67, 0x67, 0x65, 0x72, 0x2f, 0x69, 0x6e, 0x64, 0x65, 0x78, 0x2e,
  0x74, 0x73, 0x3a, 0x20, 0x74, 0x68, 0x65, 0x20, 0x73, 0x61, 0x6d, 0x65, 0x20, 0x63, 0x72, 0x65,
  0x61, 0x74, 0x65, 0x4c, 0x6f, 0x67, 0x67, 0x65, 0x72, 0x20, 0x63, 0x6f, 0x6e, 0x74, 0x72, 0x61,
  0x63, 0x74, 0x2c, 0x0a, 0x20, 0x2a, 0x20, 0x70, 0x6c, 0x61, 0x69, 0x6e, 0x20, 0x45, 0x53, 0x4d,
  0x20, 0x73, 0x6f, 0x20, 0x74, 0x68, 0x65, 0x20, 0x71, 0x75, 0x69, 0x63, 0x6b, 0x6a, 0x73, 0x2d,
  0x6e, 0x67, 0x20, 0x73, 0x68, 0x69, 0x6d, 0x20, 0x6c, 0x6f, 0x61, 0x64, 0x73, 0x20, 0x69, 0x74,
  0x20, 0x77, 0x69, 0x74, 0x68, 0x6f, 0x75, 0x74, 0x20, 0x61, 0x20, 0x62, 0x75, 0x6e, 0x64, 0x6c,
  0x65, 0x72, 0x2e, 0x20, 0x44, 0x65, 0x62, 0x75, 0x67, 0x2d, 0x6f, 0x6e, 0x6c, 0x79, 0x0a, 0x20,
  0x2a, 0x20, 0x62, 0x79, 0x20, 0x63, 0x6f, 0x6e, 0x73, 0x74, 0x72, 0x75, 0x63, 0x74, 0x69, 0x6f,
  0x6e, 0x20, 0x28, 0x73, 0x70, 0x69, 0x6b, 0x65, 0x20, 0x62, 0x75, 0x69, 0x6c, 0x64, 0x73, 0x20,
  0x6e, 0x65, 0x76, 0x65, 0x72, 0x20, 0x64, 0x65, 0x66, 0x69, 0x6e, 0x65, 0x20, 0x74, 0x68, 0x65,
  0x20, 0x72, 0x65, 0x6c, 0x65, 0x61, 0x73, 0x65, 0x20, 0x66, 0x6c, 0x61, 0x67, 0x29, 0x3b, 0x20,
  0x74, 0x68, 0x65, 0x20, 0x73, 0x69, 0x6e, 0x6b, 0x0a, 0x20, 0x2a, 0x20, 0x72, 0x65, 0x63, 0x65,
  0x69, 0x76, 0x65, 0x73, 0x20, 0x4f, 0x4e, 0x45, 0x20, 0x4a, 0x53, 0x4f, 0x4e, 0x20, 0x6c, 0x69,
  0x6e, 0x65, 0x20, 0x73, 0x6f, 0x20, 0x65, 0x76, 0x65, 0x72, 0x79, 0x20, 0x70, 0x6c, 0x61, 0x74,
  0x66, 0x6f, 0x72, 0x6d, 0x20, 0x65, 0x6d, 0x69, 0x74, 0x73, 0x20, 0x62, 0x79, 0x74, 0x65, 0x2d,
  0x69, 0x64, 0x65, 0x6e, 0x74, 0x69, 0x63, 0x61, 0x6c, 0x20, 0x45, 0x32, 0x45, 0x20, 0x6c, 0x69,
  0x6e, 0x65, 0x73, 0x2e, 0x0a, 0x20, 0x2a, 0x2f, 0x0a, 0x65, 0x78, 0x70, 0x6f, 0x72, 0x74, 0x20,
  0x66, 0x75, 0x6e, 0x63, 0x74, 0x69, 0x6f, 0x6e, 0x20, 0x63, 0x72, 0x65, 0x61, 0x74, 0x65, 0x4c,
  0x6f, 0x67, 0x67, 0x65, 0x72, 0x28, 0x6d, 0x6f, 0x64, 0x75, 0x6c, 0x65, 0x29, 0x20, 0x7b, 0x0a,
  0x20, 0x20, 0x63, 0x6f, 0x6e, 0x73, 0x74, 0x20, 0x62, 0x69, 0x6e, 0x64, 0x20, 0x3d, 0x20, 0x28,
  0x6c, 0x65, 0x76, 0x65, 0x6c, 0x29, 0x20, 0x3d, 0x3e, 0x20, 0x28, 0x6d, 0x65, 0x73, 0x73, 0x61,
  0x67, 0x65, 0x2c, 0x20, 0x2e, 0x2e, 0x2e, 0x64, 0x61, 0x74, 0x61, 0x29, 0x20, 0x3d, 0x3e, 0x0a,
  0x20, 0x20, 0x20, 0x20, 0x67, 0x6c, 0x6f, 0x62, 0x61, 0x6c, 0x54, 0x68, 0x69, 0x73, 0x2e, 0x5f,
  0x5f, 0x44, 0x53, 0x48, 0x5f, 0x4c, 0x4f, 0x47, 0x5f, 0x53, 0x49, 0x4e, 0x4b, 0x5f, 0x5f, 0x3f,
  0x2e, 0x28, 0x4a, 0x53, 0x4f, 0x4e, 0x2e, 0x73, 0x74, 0x72, 0x69, 0x6e, 0x67, 0x69, 0x66, 0x79,
  0x28, 0x7b, 0x20, 0x6c, 0x65, 0x76, 0x65, 0x6c, 0x2c, 0x20, 0x6d, 0x6f, 0x64, 0x75, 0x6c, 0x65,
  0x2c, 0x20, 0x6d, 0x65, 0x73, 0x73, 0x61, 0x67, 0x65, 0x2c, 0x20, 0x64, 0x61, 0x74, 0x61, 0x20,
  0x7d, 0x29, 0x29, 0x3b, 0x0a, 0x20, 0x20, 0x72, 0x65, 0x74, 0x75, 0x72, 0x6e, 0x20, 0x7b, 0x0a,
  0x20, 0x20, 0x20, 0x20, 0x64, 0x65, 0x62, 0x75, 0x67, 0x3a, 0x20, 0x62, 0x69, 0x6e, 0x64, 0x28,
  0x27, 0x64, 0x65, 0x62, 0x75, 0x67, 0x27, 0x29, 0x2c, 0x0a, 0x20, 0x20, 0x20, 0x20, 0x69, 0x6e,
  0x66, 0x6f, 0x3a, 0x20, 0x62, 0x69, 0x6e, 0x64, 0x28, 0x27, 0x69, 0x6e, 0x66, 0x6f, 0x27, 0x29,
  0x2c, 0x0a, 0x20, 0x20, 0x20, 0x20, 0x77, 0x61, 0x72, 0x6e, 0x3a, 0x20, 0x62, 0x69, 0x6e, 0x64,
  0x28, 0x27, 0x77, 0x61, 0x72, 0x6e, 0x27, 0x29, 0x2c, 0x0a, 0x20, 0x20, 0x20, 0x20, 0x65, 0x72,
  0x72, 0x6f, 0x72, 0x3a, 0x20, 0x62, 0x69, 0x6e, 0x64, 0x28, 0x27, 0x65, 0x72, 0x72, 0x6f, 0x72,
  0x27, 0x29, 0x2c, 0x0a, 0x20, 0x20, 0x7d, 0x3b, 0x0a, 0x7d, 0x0a,
  0x00
};

/* runtime/spike/gateway.js (6520 bytes) */
static const unsigned char DSH_GATEWAY_JS[] = {
  0x2f, 0x2a, 0x2a, 0x0a, 0x20, 0x2a, 0x20, 0x54, 0x79, 0x70, 0x65, 0x64, 0x20, 0x4a, 0x53, 0x20,
  0x73, 0x68, 0x69, 0x6d, 0x20, 0x6f, 0x76, 0x65, 0x72, 0x20, 0x74, 0x68, 0x65, 0x20, 0x43, 0x20,
  0x73, 0x70, 0x69, 0x6b, 0x65, 0x20, 0x68, 0x6f, 0x73, 0x74, 0x27, 0x73, 0x20, 0x67, 0x61, 0x74,
  0x65, 0x77, 0x61, 0x79, 0x20, 0x62, 0x72, 0x69, 0x64, 0x67, 0x65, 0x20, 0x28, 0x63, 0x6f, 0x6e,
  0x74, 0x72, 0x61, 0x63, 0x74, 0x2f, 0x20, 0x76, 0x31, 0x2e, 0x30, 0x2e, 0x30, 0x29, 0x2e, 0x0a,
  0x20, 0x2a, 0x20, 0x53, 0x63, 0x65, 0x6e, 0x61, 0x72, 0x69, 0x6f, 0x73, 0x20, 0x69, 0x6d, 0x70,
  0x6f, 0x72, 0x74, 0x20, 0x74, 0x68, 0x69, 0x73, 0x20, 0x6d, 0x6f, 0x64, 0x75, 0x6c, 0x65, 0x20,
  0x69, 0x6e, 0x73, 0x74, 0x65, 0x61, 0x64, 0x20, 0x6f, 0x66, 0x20, 0x74, 0x6f, 0x75, 0x63, 0x68,
  0x69, 0x6e, 0x67, 0x20, 0x74, 0x68, 0x65, 0x20, 0x72, 0x61, 0x77, 0x20, 0x5f, 0x5f, 0x64, 0x73,
  0x68, 0x47, 0x61, 0x74, 0x65, 0x77, 0x61, 0x79, 0x43, 0x61, 0x6c, 0x6c, 0x0a, 0x20, 0x2a, 0x20,
  0x73, 0x65, 0x61, 0x6d, 0x3a, 0x20, 0x65, 0x76, 0x65, 0x72, 0x79, 0x20, 0x70, 0x72, 0x69, 0x6d,
  0x69, 0x74, 0x69, 0x76, 0x65, 0x20, 0x6f, 0x66, 0x20, 0x63, 0x6f, 0x6e, 0x74, 0x72, 0x61, 0x63,
  0x74, 0x2f, 0x70, 0x72, 0x69, 0x6d, 0x69, 0x74, 0x69, 0x76, 0x65, 0x73, 0x2e, 0x64, 0x2e, 0x74,
  0x73, 0x20, 0x69, 0x73, 0x20, 0x65, 0x78, 0x70, 0x6f, 0x73, 0x65, 0x64, 0x20, 0x77, 0x69, 0x74,
  0x68, 0x20, 0x69, 0x74, 0x73, 0x0a, 0x20, 0x2a, 0x20, 0x66, 0x72, 0x6f, 0x7a, 0x65, 0x6e, 0x20,
  0x73, 0x68, 0x61, 0x70, 0x65, 0x2e, 0x20, 0x42, 0x79, 0x74, 0x65, 0x73, 0x20, 0x74, 0x72, 0x61,
  0x76, 0x65, 0x6c, 0x20, 0x62, 0x61, 0x73, 0x65, 0x36, 0x34, 0x20, 0xe2, 0x80, 0x94, 0x20, 0x65,
  0x6e, 0x63, 0x6f, 0x64, 0x65, 0x64, 0x20, 0x76, 0x69, 0x61, 0x20, 0x74, 0x68, 0x65, 0x20, 0x76,
  0x65, 0x6e, 0x64, 0x6f, 0x72, 0x65, 0x64, 0x20, 0x75, 0x70, 0x73, 0x74, 0x72, 0x65, 0x61, 0x6d,
  0x0a, 0x20, 0x2a, 0x20, 0x70, 0x61, 0x63, 0x6b, 0x61, 0x67, 0x65, 0x2c, 0x20, 0x64, 0x65, 0x63,
  0x6f, 0x64, 0x65, 0x64, 0x20, 0x68, 0x65, 0x72, 0x65, 0x20, 0x28, 0x75, 0x70, 0x73, 0x74, 0x72,
  0x65, 0x61, 0x6d, 0x20, 0x73, 0x68, 0x69, 0x70, 0x73, 0x20, 0x6e, 0x6f, 0x20, 0x69, 0x6e, 0x76,
  0x65, 0x72, 0x73, 0x65, 0x29, 0x2e, 0x20, 0x52, 0x65, 0x6a, 0x65, 0x63, 0x74, 0x69, 0x6f, 0x6e,
  0x73, 0x20, 0x61, 0x72, 0x65, 0x0a, 0x20, 0x2a, 0x20, 0x47, 0x61, 0x74, 0x65, 0x77, 0x61, 0x79,
  0x45, 0x72, 0x72, 0x6f, 0x72, 0x20, 0x7b, 0x63, 0x6f, 0x64, 0x65, 0x2c, 0x20, 0x70, 0x72, 0x69,
  0x6d, 0x69, 0x74, 0x69, 0x76, 0x65, 0x2c, 0x20, 0x6d, 0x65, 0x73, 0x73, 0x61, 0x67, 0x65, 0x7d,
  0x2e, 0x20, 0x54, 0x68, 0x65, 0x20, 0x68, 0x74, 0x74, 0x70, 0x46, 0x65, 0x74, 0x63, 0x68, 0x20,
  0x72, 0x65, 0x73, 0x70, 0x6f, 0x6e, 0x73, 0x65, 0x20, 0x62, 0x6f, 0x64, 0x79, 0x20, 0x69, 0x73,
  0x20, 0x61, 0x6e, 0x0a, 0x20, 0x2a, 0x20, 0x41, 0x73, 0x79, 0x6e, 0x63, 0x49, 0x74, 0x65, 0x72,
  0x61, 0x62, 0x6c, 0x65, 0x20, 0x66, 0x65, 0x64, 0x20, 0x62, 0x79, 0x20, 0x74, 0x68, 0x65, 0x20,
  0x68, 0x6f, 0x73, 0x74, 0x27, 0x73, 0x20, 0x68, 0x74, 0x74, 0x70, 0x2e, 0x62, 0x6f, 0x64, 0x79,
  0x2f, 0x68, 0x74, 0x74, 0x70, 0x2e, 0x65, 0x6e, 0x64, 0x2f, 0x68, 0x74, 0x74, 0x70, 0x2e, 0x65,
  0x72, 0x72, 0x6f, 0x72, 0x20, 0x65, 0x76, 0x65, 0x6e, 0x74, 0x73, 0x20, 0x66, 0x6f, 0x72, 0x0a,
  0x20, 0x2a, 0x20, 0x74, 0x68, 0x65, 0x20, 0x72, 0x65, 0x73, 0x70, 0x6f, 0x6e, 0x73, 0x65, 0x27,
  0x73, 0x20, 0x62, 0x6f, 0x64, 0x79, 0x49, 0x64, 0x2c, 0x20, 0x61, 0x62, 0x6f, 0x72, 0x74, 0x61,
  0x62, 0x6c, 0x65, 0x20, 0x76, 0x69, 0x61, 0x20, 0x5f, 0x5f, 0x64, 0x73, 0x68, 0x47, 0x61, 0x74,
  0x65, 0x77, 0x61, 0x79, 0x41, 0x62, 0x6f, 0x72, 0x74, 0x2e, 0x0a, 0x20, 0x2a, 0x2f, 0x0a, 0x69,
  0x6d, 0x70, 0x6f, 0x72, 0x74, 0x20, 0x7b, 0x20, 0x63, 0x72, 0x65, 0x61, 0x74, 0x65, 0x4c, 0x6f,
  0x67, 0x67, 0x65, 0x72, 0x20, 0x7d, 0x20, 0x66, 0x72, 0x6f, 0x6d, 0x20, 0x27, 0x2e, 0x2f, 0x6c,
  0x6f, 0x67, 0x67, 0x65, 0x72, 0x2e, 0x6a, 0x73, 0x27, 0x3b, 0x0a, 0x69, 0x6d, 0x70, 0x6f, 0x72,
  0x74, 0x20, 0x7b, 0x20, 0x62, 0x79, 0x74, 0x65, 0x73, 0x54, 0x6f, 0x42, 0x61, 0x73, 0x65, 0x36,
  0x34, 0x20, 0x7d, 0x20, 0x66, 0x72, 0x6f, 0x6d, 0x20, 0x27, 0x64, 0x73, 0x68, 0x3a, 0x75, 0x74,
  0x69, 0x6c, 0x2d, 0x63, 0x72, 0x79, 0x70, 0x74, 0x6f, 0x27, 0x3b, 0x0a, 0x0a, 0x63, 0x6f, 0x6e,
  0x73, 0x74, 0x20, 0x6c, 0x6f, 0x67, 0x20, 0x3d, 0x20, 0x63, 0x72, 0x65, 0x61, 0x74, 0x65, 0x4c,
  0x6f, 0x67, 0x67, 0x65, 0x72, 0x28, 0x27, 0x64, 0x73, 0x68, 0x2e, 0x67, 0x61, 0x74, 0x65, 0x77,
  0x61, 0x79, 0x27, 0x29, 0x3b, 0x0a, 0x0a, 0x2f, 0x2a, 0x2a, 0x20, 0x42, 0x61, 0x73, 0x65, 0x36,
  0x34, 0x20, 0x61, 0x6c, 0x70, 0x68, 0x61, 0x62, 0x65, 0x74, 0x20, 0x66, 0x6f, 0x72, 0x20, 0x74,
  0x68, 0x65, 0x20, 0x69, 0x6e, 0x6c, 0x69, 0x6e, 0x65, 0x20, 0x64, 0x65, 0x63, 0x6f, 0x64, 0x65,
  0x20, 0x73, 0x69, 0x64, 0x65, 0x20, 0x28, 0x75, 0x70, 0x73, 0x74, 0x72, 0x65, 0x61, 0x6d, 0x20,
  0x73, 0x68, 0x69, 0x70, 0x73, 0x20, 0x65, 0x6e, 0x63, 0x6f, 0x64, 0x65, 0x20, 0x6f, 0x6e, 0x6c,
  0x79, 0x29, 0x2e, 0x20, 0x2a, 0x2f, 0x0a, 0x63, 0x6f, 0x6e, 0x73, 0x74, 0x20, 0x42, 0x36, 0x34,
  0x20, 0x3d, 0x20, 0x27, 0x41, 0x42, 0x43, 0x44, 0x45, 0x46, 0x47, 0x48, 0x49, 0x4a, 0x4b, 0x4c,
  0x4d, 0x4e, 0x4f, 0x50, 0x51, 0x52, 0x53, 0x54, 0x55, 0x56, 0x57, 0x58, 0x59, 0x5a, 0x61, 0x62,
  0x63, 0x64, 0x65, 0x66, 0x67, 0x68, 0x69, 0x6a, 0x6b, 0x6c, 0x6d, 0x6e, 0x6f, 0x70, 0x71, 0x72,
  0x73, 0x74, 0x75, 0x76, 0x77, 0x78, 0x79, 0x7a, 0x30, 0x31, 0x32, 0x33, 0x34, 0x35, 0x36, 0x37,
  0x38, 0x39, 0x2b, 0x2f, 0x27, 0x3b, 0x0a, 0x63, 0x6f, 0x6e, 0x73, 0x74, 0x20, 0x62, 0x36, 0x34,
  0x56, 0x61, 0x6c, 0x20, 0x3d, 0x20, 0x28, 0x63, 0x29, 0x20, 0x3d, 0x3e, 0x20, 0x42, 0x36, 0x34,
  0x2e, 0x69, 0x6e, 0x64, 0x65, 0x78, 0x4f, 0x66, 0x28, 0x63, 0x29, 0x3b, 0x0a, 0x0a, 0x63, 0x6f,
  0x6e, 0x73, 0x74, 0x20, 0x62, 0x61, 0x73, 0x65, 0x36, 0x34, 0x54, 0x6f, 0x42, 0x79, 0x74, 0x65,
  0x73, 0x20, 0x3d, 0x20, 0x28, 0x74, 0x65, 0x78, 0x74, 0x29, 0x20, 0x3d, 0x3e, 0x20, 0x7b, 0x0a,
  0x20, 0x20, 0x6c, 0x6f, 0x67, 0x2e, 0x64, 0x65, 0x62, 0x75, 0x67, 0x28, 0x27, 0x62, 0x61, 0x73,
  0x65, 0x36, 0x34, 0x20, 0x64, 0x65, 0x63, 0x6f, 0x64, 0x65, 0x27, 0x2c, 0x20, 0x7b, 0x20, 0x63,
  0x68, 0x61, 0x72, 0x73, 0x3a, 0x20, 0x53, 0x74, 0x72, 0x69, 0x6e, 0x67, 0x28, 0x74, 0x65, 0x78,
  0x74, 0x29, 0x2e, 0x6c, 0x65, 0x6e, 0x67, 0x74, 0x68, 0x20, 0x7d, 0x29, 0x3b, 0x0a, 0x20, 0x20,
  0x63, 0x6f, 0x6e, 0x73, 0x74, 0x20, 0x63, 0x6c, 0x65, 0x61, 0x6e, 0x20, 0x3d, 0x20, 0x53, 0x74,
  0x72, 0x69, 0x6e, 0x67, 0x28, 0x74, 0x65, 0x78, 0x74, 0x29, 0x2e, 0x72, 0x65, 0x70, 0x6c, 0x61,
  0x63, 0x65, 0x28, 0x2f, 0x3d, 0x2b, 0x24, 0x2f, 0x2c, 0x20, 0x27, 0x27, 0x29, 0x3b, 0x0a, 0x20,
  0x20, 0x63, 0x6f, 0x6e, 0x73, 0x74, 0x20, 0x6f, 0x75, 0x74, 0x20, 0x3d, 0x20, 0x5b, 0x5d, 0x3b,
  0x0a, 0x20, 0x20, 0x66, 0x6f, 0x72, 0x20, 0x28, 0x6c, 0x65, 0x74, 0x20, 0x69, 0x20, 0x3d, 0x20,
  0x30, 0x3b, 0x20, 0x69, 0x20, 0x3c, 0x20, 0x63, 0x6c, 0x65, 0x61, 0x6e, 0x2e, 0x6c, 0x65, 0x6e,
  0x67, 0x74, 0x68, 0x3b, 0x20, 0x69, 0x20, 0x2b, 0x3d, 0x20, 0x34, 0x29, 0x20, 0x7b, 0x0a, 0x20,
  0x20, 0x20, 0x20, 0x63, 0x6f, 0x6e, 0x73, 0x74, 0x20, 0x72, 0x65, 0x6d, 0x20, 0x3d, 0x20, 0x63,
  0x6c, 0x65, 0x61, 0x6e, 0x2e, 0x6c, 0x65, 0x6e, 0x67, 0x74, 0x68, 0x20, 0x2d, 0x20, 0x69, 0x3b,
  0x0a, 0x20, 0x20, 0x20, 0x20, 0x63, 0x6f, 0x6e, 0x73, 0x74, 0x20, 0x6e, 0x20, 0x3d, 0x20, 0x28,
  0x62, 0x36, 0x34, 0x56, 0x61, 0x6c, 0x28, 0x63, 0x6c, 0x65, 0x61, 0x6e, 0x5b, 0x69, 0x5d, 0x29,
  0x20, 0x3c, 0x3c, 0x20, 0x31, 0x38, 0x29, 0x20, 0x7c, 0x20, 0x28, 0x62, 0x36, 0x34, 0x56, 0x61,
  0x6c, 0x28, 0x63, 0x6c, 0x65, 0x61, 0x6e, 0x5b, 0x69, 0x20, 0x2b, 0x20, 0x31, 0x5d, 0x29, 0x20,
  0x3c, 0x3c, 0x20, 0x31, 0x32, 0x29, 0x0a, 0x20, 0x20, 0x20, 0x20, 0x20, 0x20, 0x7c, 0x20, 0x28,
  0x62, 0x36, 0x34, 0x56, 0x61, 0x6c, 0x28, 0x63, 0x6c, 0x65, 0x61, 0x6e, 0x5b, 0x69, 0x20, 0x2b,
  0x20, 0x32, 0x5d, 0x20, 0x3f, 0x3f, 0x20, 0x27, 0x41, 0x27, 0x29, 0x20, 0x3c, 0x3c, 0x20, 0x36,
  0x29, 0x20, 0x7c, 0x20, 0x62, 0x36, 0x34, 0x56, 0x61, 0x6c, 0x28, 0x63, 0x6c, 0x65, 0x61, 0x6e,
  0x5b, 0x69, 0x20, 0x2b, 0x20, 0x33, 0x5d, 0x20, 0x3f, 0x3f, 0x20, 0x27, 0x41, 0x27, 0x29, 0x3b,
  0x0a, 0x20, 0x20, 0x20, 0x20, 0x6f, 0x75, 0x74, 0x2e, 0x70, 0x75, 0x73, 0x68, 0x28, 0x28, 0x6e,
  0x20, 0x3e, 0x3e, 0x20, 0x31, 0x36, 0x29, 0x20, 0x26, 0x20, 0x32, 0x35, 0x35, 0x29, 0x3b, 0x0a,
  0x20, 0x20, 0x20, 0x20, 0x69, 0x66, 0x20, 0x28, 0x72, 0x65, 0x6d, 0x20, 0x3e, 0x20, 0x32, 0x29,
  0x20, 0x6f, 0x75, 0x74, 0x2e, 0x70, 0x75, 0x73, 0x68, 0x28, 0x28, 0x6e, 0x20, 0x3e, 0x3e, 0x20,
  0x38, 0x29, 0x20, 0x26, 0x20, 0x32, 0x35, 0x35, 0x29, 0x3b, 0x0a, 0x20, 0x20, 0x20, 0x20, 0x69,
  0x66, 0x20, 0x28, 0x72, 0x65, 0x6d, 0x20, 0x3e, 0x20, 0x33, 0x29, 0x20, 0x6f, 0x75, 0x74, 0x2e,
  0x70, 0x75, 0x73, 0x68, 0x28, 0x6e, 0x20, 0x26, 0x20, 0x32, 0x35, 0x35, 0x29, 0x3b, 0x0a, 0x20,
  0x20, 0x7d, 0x0a, 0x20, 0x20, 0x72, 0x65, 0x74, 0x75, 0x72, 0x6e, 0x20, 0x6e, 0x65, 0x77, 0x20,
  0x55, 0x69, 0x6e, 0x74, 0x38, 0x41, 0x72, 0x72, 0x61, 0x79, 0x28, 0x6f, 0x75, 0x74, 0x29, 0x3b,
  0x0a, 0x7d, 0x3b, 0x0a, 0x0a, 0x2f, 0x2a, 0x2a, 0x20, 0x53, 0x74, 0x72, 0x75, 0x63, 0x74, 0x75,
  0x72, 0x65, 0x64, 0x20, 0x72, 0x65, 0x6a, 0x65, 0x63, 0x74, 0x69, 0x6f, 0x6e, 0x20, 0x6f, 0x66,
  0x20, 0x61, 0x20, 0x70, 0x72, 0x69, 0x6d, 0x69, 0x74, 0x69, 0x76, 0x65, 0x20, 0x63, 0x61, 0x6c,
  0x6c, 0x20, 0x28, 0x63, 0x6f, 0x6e, 0x74, 0x72, 0x61, 0x63, 0x74, 0x20, 0xc2, 0xa7, 0x33, 0x20,
  0x65, 0x72, 0x72, 0x6f, 0x72, 0x20, 0x63, 0x6f, 0x64, 0x65, 0x73, 0x29, 0x2e, 0x20, 0x2a, 0x2f,
  0x0a, 0x65, 0x78, 0x70, 0x6f, 0x72, 0x74, 0x20, 0x63, 0x6c, 0x61, 0x73, 0x73, 0x20, 0x47, 0x61,
  0x74, 0x65, 0x77, 0x61, 0x79, 0x45, 0x72, 0x72, 0x6f, 0x72, 0x20, 0x65, 0x78, 0x74, 0x65, 0x6e,
  0x64, 0x73, 0x20, 0x45, 0x72, 0x72, 0x6f, 0x72, 0x20, 0x7b, 0x0a, 0x20, 0x20, 0x63, 0x6f, 0x6e,
  0x73, 0x74, 0x72, 0x75, 0x63, 0x74, 0x6f, 0x72, 0x28, 0x63, 0x6f, 0x64, 0x65, 0x2c, 0x20, 0x70,
  0x72, 0x69, 0x6d, 0x69, 0x74, 0x69, 0x76, 0x65, 0x2c, 0x20, 0x6d, 0x65, 0x73, 0x73, 0x61, 0x67,
  0x65, 0x29, 0x20, 0x7b, 0x0a, 0x20, 0x20, 0x20, 0x20, 0x73, 0x75, 0x70, 0x65, 0x72, 0x28, 0x6d,
  0x65, 0x73, 0x73, 0x61, 0x67, 0x65, 0x20, 0x3f, 0x3f, 0x20, 0x60, 0x67, 0x61, 0x74, 0x65, 0x77,
  0x61, 0x79, 0x20, 0x24, 0x7b, 0x70, 0x72, 0x69, 0x6d, 0x69, 0x74, 0x69, 0x76, 0x65, 0x7d, 0x20,
  0x66, 0x61, 0x69, 0x6c, 0x65, 0x64, 0x20, 0x28, 0x24, 0x7b, 0x63, 0x6f, 0x64, 0x65, 0x7d, 0x29,
  0x60, 0x29, 0x3b, 0x0a, 0x20, 0x20, 0x20, 0x20, 0x74, 0x68, 0x69, 0x73, 0x2e, 0x6e, 0x61, 0x6d,
  0x65, 0x20, 0x3d, 0x20, 0x27, 0x47, 0x61, 0x74, 0x65, 0x77, 0x61, 0x79, 0x45, 0x72, 0x72, 0x6f,
  0x72, 0x27, 0x3b, 0x0a, 0x20, 0x20, 0x20, 0x20, 0x74, 0x68, 0x69, 0x73, 0x2e, 0x63, 0x6f, 0x64,
  0x65, 0x20, 0x3d, 0x20, 0x63, 0x6f, 0x64, 0x65, 0x3b, 0x0a, 0x20, 0x20, 0x20, 0x20, 0x74, 0x68,
  0x69, 0x73, 0x2e, 0x70, 0x72, 0x69, 0x6d, 0x69, 0x74, 0x69, 0x76, 0x65, 0x20, 0x3d, 0x20, 0x70,
  0x72, 0x69, 0x6d, 0x69, 0x74, 0x69, 0x76, 0x65, 0x3b, 0x0a, 0x20, 0x20, 0x20, 0x20, 0x6c, 0x6f,
  0x67, 0x2e, 0x64, 0x65, 0x62, 0x75, 0x67, 0x28, 0x27, 0x67, 0x61, 0x74, 0x65, 0x77, 0x61, 0x79,
  0x20, 0x65, 0x72, 0x72, 0x6f, 0x72, 0x27, 0x2c, 0x20, 0x7b, 0x20, 0x63, 0x6f, 0x64, 0x65, 0x2c,
  0x20, 0x70, 0x72, 0x69, 0x6d, 0x69, 0x74, 0x69, 0x76, 0x65, 0x20, 0x7d, 0x29, 0x3b, 0x0a, 0x20,
  0x20, 0x7d, 0x0a, 0x7d, 0x0a, 0x0a, 0x2f, 0x2a, 0x2a, 0x20, 0x4f, 0x6e, 0x65, 0x20, 0x62, 0x72,
  0x69, 0x64, 0x67, 0x65, 0x20, 0x63, 0x61, 0x6c, 0x6c, 0x3a, 0x20, 0x4a, 0x53, 0x4f, 0x4e, 0x2d,
  0x73, 0x65, 0x72, 0x69, 0x61, 0x6c, 0x69, 0x7a, 0x65, 0x64, 0x20, 0x61, 0x72, 0x67, 0x73, 0x20,
  0x69, 0x6e, 0x2c, 0x20, 0x70, 0x61, 0x72, 0x73, 0x65, 0x64, 0x20, 0x4a, 0x53, 0x4f, 0x4e, 0x20,
  0x70, 0x61, 0x79, 0x6c, 0x6f, 0x61, 0x64, 0x20, 0x6f, 0x75, 0x74, 0x2e, 0x0a, 0x20, 0x2a, 0x20,
  0x52, 0x65, 0x6a, 0x65, 0x63, 0x74, 0x69, 0x6f, 0x6e, 0x73, 0x20, 0x61, 0x72, 0x65, 0x20, 0x72,
  0x65, 0x73, 0x68, 0x61, 0x70, 0x65, 0x64, 0x20, 0x74, 0x6f, 0x20, 0x47, 0x61, 0x74, 0x65, 0x77,
  0x61, 0x79, 0x45, 0x72, 0x72, 0x6f, 0x72, 0x3b, 0x20, 0x75, 0x6e, 0x6b, 0x6e, 0x6f, 0x77, 0x6e,
  0x2f, 0x61, 0x62, 0x73, 0x65, 0x6e, 0x74, 0x20, 0x63, 0x6f, 0x64, 0x65, 0x73, 0x20, 0x70, 0x61,
  0x73, 0x73, 0x0a, 0x20, 0x2a, 0x20, 0x74, 0x68, 0x72, 0x6f, 0x75, 0x67, 0x68, 0x20, 0x75, 0x6e,
  0x74, 0x6f, 0x75, 0x63, 0x68, 0x65, 0x64, 0x20, 0x28, 0x72, 0x65, 0x63, 0x65, 0x69, 0x76, 0x65,
  0x72, 0x73, 0x20, 0x6e, 0x65, 0x76, 0x65, 0x72, 0x20, 0x66, 0x61, 0x6c, 0x6c, 0x20, 0x62, 0x61,
  0x63, 0x6b, 0x20, 0x6f, 0x6e, 0x20, 0x61, 0x20, 0x63, 0x6f, 0x64, 0x65, 0x20, 0x74, 0x68, 0x65,
  0x79, 0x20, 0x64, 0x6f, 0x20, 0x6e, 0x6f, 0x74, 0x0a, 0x20, 0x2a, 0x20, 0x6b, 0x6e, 0x6f, 0x77,
  0x20, 0xe2, 0x80, 0x94, 0x20, 0x66, 0x61, 0x69, 0x6c, 0x2d, 0x6c, 0x6f, 0x75, 0x64, 0x20, 0x72,
  0x75, 0x6c, 0x65, 0x29, 0x2e, 0x20, 0x2a, 0x2f, 0x0a, 0x63, 0x6f, 0x6e, 0x73, 0x74, 0x20, 0x63,
  0x61, 0x6c, 0x6c, 0x20, 0x3d, 0x20, 0x61, 0x73, 0x79, 0x6e, 0x63, 0x20, 0x28, 0x6e, 0x61, 0x6d,
  0x65, 0x2c, 0x20, 0x61, 0x72, 0x67, 0x73, 0x29, 0x20, 0x3d, 0x3e, 0x20, 0x7b, 0x0a, 0x20, 0x20,
  0x6c, 0x6f, 0x67, 0x2e, 0x64, 0x65, 0x62, 0x75, 0x67, 0x28, 0x27, 0x67, 0x61, 0x74, 0x65, 0x77,
  0x61, 0x79, 0x20, 0x63, 0x61, 0x6c, 0x6c, 0x27, 0x2c, 0x20, 0x7b, 0x20, 0x6e, 0x61, 0x6d, 0x65,
  0x20, 0x7d, 0x29, 0x3b, 0x0a, 0x20, 0x20, 0x74, 0x72, 0x79, 0x20, 0x7b, 0x0a, 0x20, 0x20, 0x20,
  0x20, 0x72, 0x65, 0x74, 0x75, 0x72, 0x6e, 0x20, 0x61, 0x77, 0x61, 0x69, 0x74, 0x20, 0x67, 0x6c,
  0x6f, 0x62, 0x61, 0x6c, 0x54, 0x68, 0x69, 0x73, 0x2e, 0x5f, 0x5f, 0x64, 0x73, 0x68, 0x47, 0x61,
  0x74, 0x65, 0x77, 0x61, 0x79, 0x43, 0x61, 0x6c, 0x6c, 0x28, 0x6e, 0x61, 0x6d, 0x65, 0x2c, 0x20,
  0x4a, 0x53, 0x4f, 0x4e, 0x2e, 0x73, 0x74, 0x72, 0x69, 0x6e, 0x67, 0x69, 0x66, 0x79, 0x28, 0x61,
  0x72, 0x67, 0x73, 0x29, 0x29, 0x3b, 0x0a, 0x20, 0x20, 0x7d, 0x20, 0x63, 0x61, 0x74, 0x63, 0x68,
  0x20, 0x28, 0x65, 0x72, 0x72, 0x29, 0x20, 0x7b, 0x0a, 0x20, 0x20, 0x20, 0x20, 0x74, 0x68, 0x72,
  0x6f, 0x77, 0x20, 0x6e, 0x65, 0x77, 0x20, 0x47, 0x61, 0x74, 0x65, 0x77, 0x61, 0x79, 0x45, 0x72,
  0x72, 0x6f, 0x72, 0x28, 0x65, 0x72, 0x72, 0x3f, 0x2e, 0x63, 0x6f, 0x64, 0x65, 0x2c, 0x20, 0x6e,
  0x61, 0x6d, 0x65, 0x2c, 0x20, 0x65, 0x72, 0x72, 0x3f, 0x2e, 0x6d, 0x65, 0x73, 0x73, 0x61, 0x67,
  0x65, 0x29, 0x3b, 0x0a, 0x20, 0x20, 0x7d, 0x0a, 0x7d, 0x3b, 0x0a, 0x0a, 0x2f, 0x2f, 0x20, 0x2d,
  0x2d, 0x2d, 0x2d, 0x20, 0x66, 0x69, 0x6c, 0x65, 0x73, 0x79, 0x73, 0x74, 0x65, 0x6d, 0x20, 0x2d,
  0x2d, 0x2d, 0x2d, 0x2d, 0x2d, 0x2d, 0x2d, 0x2d, 0x2d, 0x2d, 0x2d, 0x2d, 0x2d, 0x2d, 0x2d, 0x2d,
  0x2d, 0x2d, 0x2d, 0x2d, 0x2d, 0x2d, 0x2d, 0x2d, 0x2d, 0x2d, 0x2d, 0x2d, 0x2d, 0x2d, 0x2d, 0x2d,
  0x2d, 0x2d, 0x2d, 0x2d, 0x2d, 0x2d, 0x2d, 0x2d, 0x2d, 0x2d, 0x2d, 0x2d, 0x2d, 0x2d, 0x2d, 0x2d,
  0x2d, 0x2d, 0x2d, 0x2d, 0x2d, 0x2d, 0x2d, 0x2d, 0x2d, 0x0a, 0x0a, 0x65, 0x78, 0x70, 0x6f, 0x72,
  0x74, 0x20, 0x63, 0x6f, 0x6e, 0x73, 0x74, 0x20, 0x66, 0x73, 0x52, 0x65, 0x61, 0x64, 0x20, 0x3d,
  0x20, 0x61, 0x73, 0x79, 0x6e, 0x63, 0x20, 0x28, 0x73, 0x63, 0x6f, 0x70, 0x65, 0x2c, 0x20, 0x70,
  0x61, 0x74, 0x68, 0x29, 0x20, 0x3d, 0x3e, 0x20, 0x7b, 0x0a, 0x20, 0x20, 0x6c, 0x6f, 0x67, 0x2e,
  0x64, 0x65, 0x62, 0x75, 0x67, 0x28, 0x27, 0x66, 0x73, 0x52, 0x65, 0x61, 0x64, 0x27, 0x2c, 0x20,
  0x7b, 0x20, 0x73, 0x63, 0x6f, 0x70, 0x65, 0x2c, 0x20, 0x70, 0x61, 0x74, 0x68, 0x20, 0x7d, 0x29,
  0x3b, 0x0a, 0x20, 0x20, 0x63, 0x6f, 0x6e, 0x73, 0x74, 0x20, 0x72, 0x65, 0x73, 0x20, 0x3d, 0x20,
  0x61, 0x77, 0x61, 0x69, 0x74, 0x20, 0x63, 0x61, 0x6c, 0x6c, 0x28, 0x27, 0x66, 0x73, 0x52, 0x65,
  0x61, 0x64, 0x27, 0x2c, 0x20, 0x7b, 0x20, 0x73, 0x63, 0x6f, 0x70, 0x65, 0x2c, 0x20, 0x70, 0x61,
  0x74, 0x68, 0x20, 0x7d, 0x29, 0x3b, 0x0a, 0x20, 0x20, 0x72, 0x65, 0x74, 0x75, 0x72, 0x6e, 0x20,
  0x7b, 0x20, 0x62, 0x79, 0x74, 0x65, 0x73, 0x3a, 0x20, 0x62, 0x61, 0x73, 0x65, 0x36, 0x34, 0x54,
  0x6f, 0x42, 0x79, 0x74, 0x65, 0x73, 0x28, 0x72, 0x65, 0x73, 0x2e, 0x62, 0x79, 0x74, 0x65, 0x73,
  0x42, 0x36, 0x34, 0x29, 0x2c, 0x20, 0x6d, 0x74, 0x69, 0x6d, 0x65, 0x3a, 0x20, 0x72, 0x65, 0x73,
  0x2e, 0x6d, 0x74, 0x69, 0x6d, 0x65, 0x20, 0x7d, 0x3b, 0x0a, 0x7d, 0x3b, 0x0a, 0x0a, 0x65, 0x78,
  0x70, 0x6f, 0x72, 0x74, 0x20, 0x63, 0x6f, 0x6e, 0x73, 0x74, 0x20, 0x66, 0x73, 0x57, 0x72, 0x69,
  0x74, 0x65, 0x20, 0x3d, 0x20, 0x61, 0x73, 0x79, 0x6e, 0x63, 0x20, 0x28, 0x73, 0x63, 0x6f, 0x70,
  0x65, 0x2c, 0x20, 0x70, 0x61, 0x74, 0x68, 0x2c, 0x20, 0x62, 0x79, 0x74, 0x65, 0x73, 0x2c, 0x20,
  0x6f, 0x70, 0x74, 0x73, 0x20, 0x3d, 0x20, 0x7b, 0x7d, 0x29, 0x20, 0x3d, 0x3e, 0x20, 0x7b, 0x0a,
  0x20, 0x20, 0x6c, 0x6f, 0x67, 0x2e, 0x64, 0x65, 0x62, 0x75, 0x67, 0x28, 0x27, 0x66, 0x73, 0x57,
  0x72, 0x69, 0x74, 0x65, 0x27, 0x2c, 0x20, 0x7b, 0x20, 0x73, 0x63, 0x6f, 0x70, 0x65, 0x2c, 0x20,
  0x70, 0x61, 0x74, 0x68, 0x20, 0x7d, 0x29, 0x3b, 0x0a, 0x20, 0x20, 0x63, 0x6f, 0x6e, 0x73, 0x74,
  0x20, 0x72, 0x65, 0x73, 0x20, 0x3d, 0x20, 0x61, 0x77, 0x61, 0x69, 0x74, 0x20, 0x63, 0x61, 0x6c,
  0x6c, 0x28, 0x27, 0x66, 0x73, 0x57, 0x72, 0x69, 0x74, 0x65, 0x27, 0x2c, 0x20, 0x7b, 0x0a, 0x20,
  0x20, 0x20, 0x20, 0x73, 0x63, 0x6f, 0x70, 0x65, 0x2c, 0x0a, 0x20, 0x20, 0x20, 0x20, 0x70, 0x61,
  0x74, 0x68, 0x2c, 0x0a, 0x20, 0x20, 0x20, 0x20, 0x62, 0x79, 0x74, 0x65, 0x73, 0x42, 0x36, 0x34,
  0x3a, 0x20, 0x62, 0x79, 0x74, 0x65, 0x73, 0x54, 0x6f, 0x42, 0x61, 0x73, 0x65, 0x36, 0x34, 0x28,
  0x62, 0x79, 0x74, 0x65, 0x73, 0x29, 0x2c, 0x0a, 0x20, 0x20, 0x20, 0x20, 0x61, 0x70, 0x70, 0x65,
  0x6e, 0x64, 0x3a, 0x20, 0x6f, 0x70, 0x74, 0x73, 0x2e, 0x61, 0x70, 0x70, 0x65, 0x6e, 0x64, 0x20,
  0x3f, 0x3f, 0x20, 0x66, 0x61, 0x6c, 0x73, 0x65, 0x2c, 0x0a, 0x20, 0x20, 0x20, 0x20, 0x63, 0x72,
  0x65, 0x61, 0x74, 0x65, 0x3a, 0x20, 0x6f, 0x70, 0x74, 0x73, 0x2e, 0x63, 0x72, 0x65, 0x61, 0x74,
  0x65, 0x20, 0x3f, 0x3f, 0x20, 0x74, 0x72, 0x75, 0x65, 0x2c, 0x0a, 0x20, 0x20, 0x7d, 0x29, 0x3b,
  0x0a, 0x20, 0x20, 0x72, 0x65, 0x74, 0x75, 0x72, 0x6e, 0x20, 0x7b, 0x20, 0x77, 0x72, 0x69, 0x74,
  0x74, 0x65, 0x6e, 0x3a, 0x20, 0x72, 0x65, 0x73, 0x2e, 0x77, 0x72, 0x69, 0x74, 0x74, 0x65, 0x6e,
  0x20, 0x7d, 0x3b, 0x0a, 0x7d, 0x3b, 0x0a, 0x0a, 0x65, 0x78, 0x70, 0x6f, 0x72, 0x74, 0x20, 0x63,
  0x6f, 0x6e, 0x73, 0x74, 0x20, 0x66, 0x73, 0x53, 0x63, 0x6f, 0x70, 0x65, 0x20, 0x3d, 0x20, 0x7b,
  0x0a, 0x20, 0x20, 0x70, 0x65, 0x72, 0x73, 0x69, 0x73, 0x74, 0x3a, 0x20, 0x61, 0x73, 0x79, 0x6e,
  0x63, 0x20, 0x28, 0x73, 0x63, 0x6f, 0x70, 0x65, 0x29, 0x20, 0x3d, 0x3e, 0x20, 0x61, 0x77, 0x61,
  0x69, 0x74, 0x20, 0x63, 0x61, 0x6c, 0x6c, 0x28, 0x27, 0x66, 0x73, 0x53, 0x63, 0x6f, 0x70, 0x65,
  0x2e, 0x70, 0x65, 0x72, 0x73, 0x69, 0x73, 0x74, 0x27, 0x2c, 0x20, 0x7b, 0x20, 0x73, 0x63, 0x6f,
  0x70, 0x65, 0x20, 0x7d, 0x29, 0x2c, 0x0a, 0x20, 0x20, 0x72, 0x65, 0x73, 0x6f, 0x6c, 0x76, 0x65,
  0x3a, 0x20, 0x61, 0x73, 0x79, 0x6e, 0x63, 0x20, 0x28, 0x72, 0x65, 0x66, 0x29, 0x20, 0x3d, 0x3e,
  0x20, 0x61, 0x77, 0x61, 0x69, 0x74, 0x20, 0x63, 0x61, 0x6c, 0x6c, 0x28, 0x27, 0x66, 0x73, 0x53,
  0x63, 0x6f, 0x70, 0x65, 0x2e, 0x72, 0x65, 0x73, 0x6f, 0x6c, 0x76, 0x65, 0x27, 0x2c, 0x20, 0x7b,
  0x20, 0x72, 0x65, 0x66, 0x20, 0x7d, 0x29, 0x2c, 0x0a, 0x7d, 0x3b, 0x0a, 0x0a, 0x2f, 0x2f, 0x20,
  0x2d, 0x2d, 0x2d, 0x2d, 0x20, 0x68, 0x74, 0x74, 0x70, 0x46, 0x65, 0x74, 0x63, 0x68, 0x20, 0x28,
  0x73, 0x74, 0x72, 0x65, 0x61, 0x6d, 0x69, 0x6e, 0x67, 0x20, 0x72, 0x65, 0x73, 0x70, 0x6f, 0x6e,
  0x73, 0x65, 0x20, 0x62, 0x6f, 0x64, 0x79, 0x29, 0x20, 0x2d, 0x2d, 0x2d, 0x2d, 0x2d, 0x2d, 0x2d,
  0x2d, 0x2d, 0x2d, 0x2d, 0x2d, 0x2d, 0x2d, 0x2d, 0x2d, 0x2d, 0x2d, 0x2d, 0x2d, 0x2d, 0x2d, 0x2d,
  0x2d, 0x2d, 0x2d, 0x2d, 0x2d, 0x2d, 0x2d, 0x2d, 0x2d, 0x2d, 0x0a, 0x0a, 0x2f, 0x2a, 0x2a, 0x20,
  0x49, 0x6e, 0x2d, 0x66, 0x6c, 0x69, 0x67, 0x68, 0x74, 0x20, 0x72, 0x65, 0x73, 0x70, 0x6f, 0x6e,
  0x73, 0x65, 0x2d, 0x62, 0x6f, 0x64, 0x79, 0x20, 0x73, 0x74, 0x72, 0x65, 0x61, 0x6d, 0x73, 0x20,
  0x6b, 0x65, 0x79, 0x65, 0x64, 0x20, 0x62, 0x79, 0x20, 0x62, 0x6f, 0x64, 0x79, 0x49, 0x64, 0x2e,
  0x20, 0x2a, 0x2f, 0x0a, 0x63, 0x6f, 0x6e, 0x73, 0x74, 0x20, 0x73, 0x74, 0x72, 0x65, 0x61, 0x6d,
  0x73, 0x20, 0x3d, 0x20, 0x6e, 0x65, 0x77, 0x20, 0x4d, 0x61, 0x70, 0x28, 0x29, 0x3b, 0x0a, 0x0a,
  0x63, 0x6f, 0x6e, 0x73, 0x74, 0x20, 0x77, 0x61, 0x6b, 0x65, 0x20, 0x3d, 0x20, 0x28, 0x73, 0x74,
  0x29, 0x20, 0x3d, 0x3e, 0x20, 0x7b, 0x0a, 0x20, 0x20, 0x6c, 0x6f, 0x67, 0x2e, 0x64, 0x65, 0x62,
  0x75, 0x67, 0x28, 0x27, 0x73, 0x74, 0x72, 0x65, 0x61, 0x6d, 0x20, 0x77, 0x61, 0x6b, 0x65, 0x27,
  0x29, 0x3b, 0x0a, 0x20, 0x20, 0x63, 0x6f, 0x6e, 0x73, 0x74, 0x20, 0x70, 0x65, 0x6e, 0x64, 0x69,
  0x6e, 0x67, 0x20, 0x3d, 0x20, 0x73, 0x74, 0x2e, 0x77, 0x61, 0x6b, 0x65, 0x3b, 0x0a, 0x20, 0x20,
  0x73, 0x74, 0x2e, 0x77, 0x61, 0x6b, 0x65, 0x20, 0x3d, 0x20, 0x6e, 0x75, 0x6c, 0x6c, 0x3b, 0x0a,
  0x20, 0x20, 0x70, 0x65, 0x6e, 0x64, 0x69, 0x6e, 0x67, 0x3f, 0x2e, 0x28, 0x29, 0x3b, 0x0a, 0x7d,
  0x3b, 0x0a, 0x0a, 0x2f, 0x2a, 0x2a, 0x20, 0x43, 0x6f, 0x6e, 0x73, 0x75, 0x6d, 0x65, 0x20, 0x6f,
  0x6e, 0x65, 0x20, 0x62, 0x72, 0x69, 0x64, 0x67, 0x65, 0x20, 0x65, 0x76, 0x65, 0x6e, 0x74, 0x20,
  0x66, 0x6f, 0x72, 0x20, 0x61, 0x20, 0x6b, 0x6e, 0x6f, 0x77, 0x6e, 0x20, 0x62, 0x6f, 0x64, 0x79,
  0x20, 0x73, 0x74, 0x72, 0x65, 0x61, 0x6d, 0x3b, 0x20, 0x66, 0x61, 0x6c, 0x73, 0x65, 0x20, 0x3d,
  0x20, 0x6e, 0x6f, 0x74, 0x20, 0x6f, 0x75, 0x72, 0x73, 0x2e, 0x20, 0x2a, 0x2f, 0x0a, 0x63, 0x6f,
  0x6e, 0x73, 0x74, 0x20, 0x73, 0x74, 0x72, 0x65, 0x61, 0x6d, 0x45, 0x76, 0x65, 0x6e, 0x74, 0x20,
  0x3d, 0x20, 0x28, 0x65, 0x76, 0x29, 0x20, 0x3d, 0x3e, 0x20, 0x7b, 0x0a, 0x20, 0x20, 0x2f, 0x2f,
  0x20, 0x74, 0x68, 0x65, 0x20, 0x62, 0x72, 0x69, 0x64, 0x67, 0x65, 0x20, 0x65, 0x6d, 0x69, 0x74,
  0x73, 0x20, 0x74, 0x68, 0x65, 0x20, 0x6e, 0x75, 0x6d, 0x65, 0x72, 0x69, 0x63, 0x20, 0x63, 0x61,
  0x6c, 0x6c, 0x20, 0x69, 0x64, 0x3b, 0x20, 0x73, 0x74, 0x72, 0x65, 0x61, 0x6d, 0x73, 0x20, 0x61,
  0x72, 0x65, 0x20, 0x6b, 0x65, 0x79, 0x65, 0x64, 0x20, 0x62, 0x79, 0x20, 0x62, 0x6f, 0x64, 0x79,
  0x49, 0x64, 0x20, 0x22, 0x62, 0x6f, 0x64, 0x79, 0x3a, 0x4e, 0x22, 0x0a, 0x20, 0x20, 0x63, 0x6f,
  0x6e, 0x73, 0x74, 0x20, 0x73, 0x74, 0x20, 0x3d, 0x20, 0x73, 0x74, 0x72, 0x65, 0x61, 0x6d, 0x73,
  0x2e, 0x67, 0x65, 0x74, 0x28, 0x65, 0x76, 0x2e, 0x63, 0x61, 0x6c, 0x6c, 0x49, 0x64, 0x29, 0x20,
  0x3f, 0x3f, 0x20, 0x73, 0x74, 0x72, 0x65, 0x61, 0x6d, 0x73, 0x2e, 0x67, 0x65, 0x74, 0x28, 0x60,
  0x62, 0x6f, 0x64, 0x79, 0x3a, 0x24, 0x7b, 0x65, 0x76, 0x2e, 0x63, 0x61, 0x6c, 0x6c, 0x49, 0x64,
  0x7d, 0x60, 0x29, 0x3b, 0x0a, 0x20, 0x20, 0x69, 0x66, 0x20, 0x28, 0x21, 0x73, 0x74, 0x29, 0x20,
  0x72, 0x65, 0x74, 0x75, 0x72, 0x6e, 0x20, 0x66, 0x61, 0x6c, 0x73, 0x65, 0x3b, 0x0a, 0x20, 0x20,
  0x6c, 0x6f, 0x67, 0x2e, 0x64, 0x65, 0x62, 0x75, 0x67, 0x28, 0x27, 0x62, 0x6f, 0x64, 0x79, 0x20,
  0x73, 0x74, 0x72, 0x65, 0x61, 0x6d, 0x20, 0x65, 0x76, 0x65, 0x6e, 0x74, 0x27, 0x2c, 0x20, 0x7b,
  0x20, 0x65, 0x76, 0x65, 0x6e, 0x74, 0x3a, 0x20, 0x65, 0x76, 0x2e, 0x65, 0x76, 0x65, 0x6e, 0x74,
  0x2c, 0x20, 0x62, 0x6f, 0x64, 0x79, 0x49, 0x64, 0x3a, 0x20, 0x65, 0x76, 0x2e, 0x63, 0x61, 0x6c,
  0x6c, 0x49, 0x64, 0x20, 0x7d, 0x29, 0x3b, 0x0a, 0x20, 0x20, 0x69, 0x66, 0x20, 0x28, 0x65, 0x76,
  0x2e, 0x65, 0x76, 0x65, 0x6e, 0x74, 0x20, 0x3d, 0x3d, 0x3d, 0x20, 0x27, 0x68, 0x74, 0x74, 0x70,
  0x2e, 0x62, 0x6f, 0x64, 0x79, 0x27, 0x29, 0x20, 0x73, 0x74, 0x2e, 0x63, 0x68, 0x75, 0x6e, 0x6b,
  0x73, 0x2e, 0x70, 0x75, 0x73, 0x68, 0x28, 0x62, 0x61, 0x73, 0x65, 0x36, 0x34, 0x54, 0x6f, 0x42,
  0x79, 0x74, 0x65, 0x73, 0x28, 0x65, 0x76, 0x2e, 0x63, 0x68, 0x75, 0x6e, 0x6b, 0x42, 0x36, 0x34,
  0x29, 0x29, 0x3b, 0x0a, 0x20, 0x20, 0x65, 0x6c, 0x73, 0x65, 0x20, 0x69, 0x66, 0x20, 0x28, 0x65,
  0x76, 0x2e, 0x65, 0x76, 0x65, 0x6e, 0x74, 0x20, 0x3d, 0x3d, 0x3d, 0x20, 0x27, 0x68, 0x74, 0x74,
  0x70, 0x2e, 0x65, 0x6e, 0x64, 0x27, 0x29, 0x20, 0x73, 0x74, 0x2e, 0x64, 0x6f, 0x6e, 0x65, 0x20,
  0x3d, 0x20, 0x74, 0x72, 0x75, 0x65, 0x3b, 0x0a, 0x20, 0x20, 0x65, 0x6c, 0x73, 0x65, 0x20, 0x69,
  0x66, 0x20, 0x28, 0x65, 0x76, 0x2e, 0x65, 0x76, 0x65, 0x6e, 0x74, 0x20, 0x3d, 0x3d, 0x3d, 0x20,
  0x27, 0x68, 0x74, 0x74, 0x70, 0x2e, 0x65, 0x72, 0x72, 0x6f, 0x72, 0x27, 0x29, 0x20, 0x7b, 0x0a,
  0x20, 0x20, 0x20, 0x20, 0x73, 0x74, 0x2e, 0x64, 0x6f, 0x6e, 0x65, 0x20, 0x3d, 0x20, 0x74, 0x72,
  0x75, 0x65, 0x3b, 0x0a, 0x20, 0x20, 0x20, 0x20, 0x73, 0x74, 0x2e, 0x65, 0x72, 0x72, 0x20, 0x3d,
  0x20, 0x7b, 0x20, 0x63, 0x6f, 0x64, 0x65, 0x3a, 0x20, 0x65, 0x76, 0x2e, 0x63, 0x6f, 0x64, 0x65,
  0x2c, 0x20, 0x6d, 0x65, 0x73, 0x73, 0x61, 0x67, 0x65, 0x3a, 0x20, 0x65, 0x76, 0x2e, 0x6d, 0x65,
  0x73, 0x73, 0x61, 0x67, 0x65, 0x20, 0x3f, 0x3f, 0x20, 0x27, 0x68, 0x74, 0x74, 0x70, 0x20, 0x62,
  0x6f, 0x64, 0x79, 0x20, 0x66, 0x61, 0x69, 0x6c, 0x65, 0x64, 0x27, 0x20, 0x7d, 0x3b, 0x0a, 0x20,
  0x20, 0x7d, 0x20, 0x65, 0x6c, 0x73, 0x65, 0x20, 0x72, 0x65, 0x74, 0x75, 0x72, 0x6e, 0x20, 0x66,
  0x61, 0x6c, 0x73, 0x65, 0x3b, 0x0a, 0x20, 0x20, 0x77, 0x61, 0x6b, 0x65, 0x28, 0x73, 0x74, 0x29,
  0x3b, 0x0a, 0x20, 0x20, 0x72, 0x65, 0x74, 0x75, 0x72, 0x6e, 0x20, 0x74, 0x72, 0x75, 0x65, 0x3b,
  0x0a, 0x7d, 0x3b, 0x0a, 0x0a, 0x63, 0x6f, 0x6e, 0x73, 0x74, 0x20, 0x6e, 0x65, 0x78, 0x74, 0x43,
  0x68, 0x75, 0x6e, 0x6b, 0x20, 0x3d, 0x20, 0x61, 0x73, 0x79, 0x6e, 0x63, 0x20, 0x28, 0x62, 0x6f,
  0x64, 0x79, 0x49, 0x64, 0x29, 0x20, 0x3d, 0x3e, 0x20, 0x7b, 0x0a, 0x20, 0x20, 0x63, 0x6f, 0x6e,
  0x73, 0x74, 0x20, 0x73, 0x74, 0x20, 0x3d, 0x20, 0x73, 0x74, 0x72, 0x65, 0x61, 0x6d, 0x73, 0x2e,
  0x67, 0x65, 0x74, 0x28, 0x62, 0x6f, 0x64, 0x79, 0x49, 0x64, 0x29, 0x3b, 0x0a, 0x20, 0x20, 0x6c,
  0x6f, 0x67, 0x2e, 0x64, 0x65, 0x62, 0x75, 0x67, 0x28, 0x27, 0x62, 0x6f, 0x64, 0x79, 0x20, 0x63,
  0x68, 0x75, 0x6e, 0x6b, 0x20, 0x77, 0x61, 0x69, 0x74, 0x27, 0x2c, 0x20, 0x7b, 0x20, 0x62, 0x6f,
  0x64, 0x79, 0x49, 0x64, 0x2c, 0x20, 0x62, 0x75, 0x66, 0x66, 0x65, 0x72, 0x65, 0x64, 0x3a, 0x20,
  0x73, 0x74, 0x2e, 0x63, 0x68, 0x75, 0x6e, 0x6b, 0x73, 0x2e, 0x6c, 0x65, 0x6e, 0x67, 0x74, 0x68,
  0x20, 0x7d, 0x29, 0x3b, 0x0a, 0x20, 0x20, 0x77, 0x68, 0x69, 0x6c, 0x65, 0x20, 0x28, 0x73, 0x74,
  0x2e, 0x63, 0x68, 0x75, 0x6e, 0x6b, 0x73, 0x2e, 0x6c, 0x65, 0x6e, 0x67, 0x74, 0x68, 0x20, 0x3d,
  0x3d, 0x3d, 0x20, 0x30, 0x20, 0x26, 0x26, 0x20, 0x21, 0x73, 0x74, 0x2e, 0x64, 0x6f, 0x6e, 0x65,
  0x29, 0x20, 0x7b, 0x0a, 0x20, 0x20, 0x20, 0x20, 0x61, 0x77, 0x61, 0x69, 0x74, 0x20, 0x6e, 0x65,
  0x77, 0x20, 0x50, 0x72, 0x6f, 0x6d, 0x69, 0x73, 0x65, 0x28, 0x28, 0x72, 0x65, 0x73, 0x6f, 0x6c,
  0x76, 0x65, 0x29, 0x20, 0x3d, 0x3e, 0x20, 0x28, 0x73, 0x74, 0x2e, 0x77, 0x61, 0x6b, 0x65, 0x20,
  0x3d, 0x20, 0x72, 0x65, 0x73, 0x6f, 0x6c, 0x76, 0x65, 0x29, 0x29, 0x3b, 0x0a, 0x20, 0x20, 0x7d,
  0x0a, 0x20, 0x20, 0x69, 0x66, 0x20, 0x28, 0x73, 0x74, 0x2e, 0x63, 0x68, 0x75, 0x6e, 0x6b, 0x73,
  0x2e, 0x6c, 0x65, 0x6e, 0x67, 0x74, 0x68, 0x20, 0x3e, 0x20, 0x30, 0x29, 0x20, 0x72, 0x65, 0x74,
  0x75, 0x72, 0x6e, 0x20, 0x7b, 0x20, 0x76, 0x61, 0x6c, 0x75, 0x65, 0x3a, 0x20, 0x73, 0x74, 0x2e,
  0x63, 0x68, 0x75, 0x6e, 0x6b, 0x73, 0x2e, 0x73, 0x68, 0x69, 0x66, 0x74, 0x28, 0x29, 0x2c, 0x20,
  0x64, 0x6f, 0x6e, 0x65, 0x3a, 0x20, 0x66, 0x61, 0x6c, 0x73, 0x65, 0x20, 0x7d, 0x3b, 0x0a, 0x20,
  0x20, 0x69, 0x66, 0x20, 0x28, 0x73, 0x74, 0x2e, 0x65, 0x72, 0x72, 0x29, 0x20, 0x74, 0x68, 0x72,
  0x6f, 0x77, 0x20, 0x6e, 0x65, 0x77, 0x20, 0x47, 0x61, 0x74, 0x65, 0x77, 0x61, 0x79, 0x45, 0x72,
  0x72, 0x6f, 0x72, 0x28, 0x73, 0x74, 0x2e, 0x65, 0x72, 0x72, 0x2e, 0x63, 0x6f, 0x64, 0x65, 0x2c,
  0x20, 0x27, 0x68, 0x74, 0x74, 0x70, 0x46, 0x65, 0x74, 0x63, 0x68, 0x27, 0x2c, 0x20, 0x73, 0x74,
  0x2e, 0x65, 0x72, 0x72, 0x2e, 0x6d, 0x65, 0x73, 0x73, 0x61, 0x67, 0x65, 0x29, 0x3b, 0x0a, 0x20,
  0x20, 0x72, 0x65, 0x74, 0x75, 0x72, 0x6e, 0x20, 0x7b, 0x20, 0x76, 0x61, 0x6c, 0x75, 0x65, 0x3a,
  0x20, 0x75, 0x6e, 0x64, 0x65, 0x66, 0x69, 0x6e, 0x65, 0x64, 0x2c, 0x20, 0x64, 0x6f, 0x6e, 0x65,
  0x3a, 0x20, 0x74, 0x72, 0x75, 0x65, 0x20, 0x7d, 0x3b, 0x0a, 0x7d, 0x3b, 0x0a, 0x0a, 0x65, 0x78,
  0x70, 0x6f, 0x72, 0x74, 0x20, 0x63, 0x6f, 0x6e, 0x73, 0x74, 0x20, 0x68, 0x74, 0x74, 0x70, 0x46,
  0x65, 0x74, 0x63, 0x68, 0x20, 0x3d, 0x20, 0x61, 0x73, 0x79, 0x6e, 0x63, 0x20, 0x28, 0x75, 0x72,
  0x6c, 0x2c, 0x20, 0x69, 0x6e, 0x69, 0x74, 0x20, 0x3d, 0x20, 0x7b, 0x7d, 0x29, 0x20, 0x3d, 0x3e,
  0x20, 0x7b, 0x0a, 0x20, 0x20, 0x6c, 0x6f, 0x67, 0x2e, 0x64, 0x65, 0x62, 0x75, 0x67, 0x28, 0x27,
  0x68, 0x74, 0x74, 0x70, 0x46, 0x65, 0x74, 0x63, 0x68, 0x27, 0x2c, 0x20, 0x7b, 0x20, 0x75, 0x72,
  0x6c, 0x2c, 0x20, 0x6d, 0x65, 0x74, 0x68, 0x6f, 0x64, 0x3a, 0x20, 0x69, 0x6e, 0x69, 0x74, 0x2e,
  0x6d, 0x65, 0x74, 0x68, 0x6f, 0x64, 0x20, 0x3f, 0x3f, 0x20, 0x27, 0x47, 0x45, 0x54, 0x27, 0x20,
  0x7d, 0x29, 0x3b, 0x0a, 0x20, 0x20, 0x63, 0x6f, 0x6e, 0x73, 0x74, 0x20, 0x72, 0x65, 0x73, 0x20,
  0x3d, 0x20, 0x61, 0x77, 0x61, 0x69, 0x74, 0x20, 0x63, 0x61, 0x6c, 0x6c, 0x28, 0x27, 0x68, 0x74,
  0x74, 0x70, 0x46, 0x65, 0x74, 0x63, 0x68, 0x27, 0x2c, 0x20, 0x7b, 0x0a, 0x20, 0x20, 0x20, 0x20,
  0x75, 0x72, 0x6c, 0x2c, 0x0a, 0x20, 0x20, 0x20, 0x20, 0x6d, 0x65, 0x74, 0x68, 0x6f, 0x64, 0x3a,
  0x20, 0x69, 0x6e, 0x69, 0x74, 0x2e, 0x6d, 0x65, 0x74, 0x68, 0x6f, 0x64, 0x2c, 0x0a, 0x20, 0x20,
  0x20, 0x20, 0x68, 0x65, 0x61, 0x64, 0x65, 0x72, 0x73, 0x3a, 0x20, 0x69, 0x6e, 0x69, 0x74, 0x2e,
  0x68, 0x65, 0x61, 0x64, 0x65, 0x72, 0x73, 0x2c, 0x0a, 0x20, 0x20, 0x20, 0x20, 0x62, 0x6f, 0x64,
  0x79, 0x42, 0x36, 0x34, 0x3a, 0x20, 0x69, 0x6e, 0x69, 0x74, 0x2e, 0x62, 0x6f, 0x64, 0x79, 0x20,
  0x3f, 0x20, 0x62, 0x79, 0x74, 0x65, 0x73, 0x54, 0x6f, 0x42, 0x61, 0x73, 0x65, 0x36, 0x34, 0x28,
  0x69, 0x6e, 0x69, 0x74, 0x2e, 0x62, 0x6f, 0x64, 0x79, 0x29, 0x20, 0x3a, 0x20, 0x75, 0x6e, 0x64,
  0x65, 0x66, 0x69, 0x6e, 0x65, 0x64, 0x2c, 0x0a, 0x20, 0x20, 0x7d, 0x29, 0x3b, 0x0a, 0x20, 0x20,
  0x63, 0x6f, 0x6e, 0x73, 0x74, 0x20, 0x62, 0x6f, 0x64, 0x79, 0x49, 0x64, 0x20, 0x3d, 0x20, 0x72,
  0x65, 0x73, 0x2e, 0x62, 0x6f, 0x64, 0x79, 0x49, 0x64, 0x3b, 0x0a, 0x20, 0x20, 0x73, 0x74, 0x72,
  0x65, 0x61, 0x6d, 0x73, 0x2e, 0x73, 0x65, 0x74, 0x28, 0x62, 0x6f, 0x64, 0x79, 0x49, 0x64, 0x2c,
  0x20, 0x7b, 0x20, 0x63, 0x68, 0x75, 0x6e, 0x6b, 0x73, 0x3a, 0x20, 0x5b, 0x5d, 0x2c, 0x20, 0x64,
  0x6f, 0x6e, 0x65, 0x3a, 0x20, 0x66, 0x61, 0x6c, 0x73, 0x65, 0x2c, 0x20, 0x65, 0x72, 0x72, 0x3a,
  0x20, 0x6e, 0x75, 0x6c, 0x6c, 0x2c, 0x20, 0x77, 0x61, 0x6b, 0x65, 0x3a, 0x20, 0x6e, 0x75, 0x6c,
  0x6c, 0x20, 0x7d, 0x29, 0x3b, 0x0a, 0x20, 0x20, 0x72, 0x65, 0x74, 0x75, 0x72, 0x6e, 0x20, 0x7b,
  0x0a, 0x20, 0x20, 0x20, 0x20, 0x73, 0x74, 0x61, 0x74, 0x75, 0x73, 0x3a, 0x20, 0x72, 0x65, 0x73,
  0x2e, 0x73, 0x74, 0x61, 0x74, 0x75, 0x73, 0x2c, 0x0a, 0x20, 0x20, 0x20, 0x20, 0x68, 0x65, 0x61,
  0x64, 0x65, 0x72, 0x73, 0x3a, 0x20, 0x72, 0x65, 0x73, 0x2e, 0x68, 0x65, 0x61, 0x64, 0x65, 0x72,
  0x73, 0x2c, 0x0a, 0x20, 0x20, 0x20, 0x20, 0x62, 0x6f, 0x64, 0x79, 0x3a, 0x20, 0x7b, 0x20, 0x5b,
  0x53, 0x79, 0x6d, 0x62, 0x6f, 0x6c, 0x2e, 0x61, 0x73, 0x79, 0x6e, 0x63, 0x49, 0x74, 0x65, 0x72,
  0x61, 0x74, 0x6f, 0x72, 0x5d, 0x3a, 0x20, 0x28, 0x29, 0x20, 0x3d, 0x3e, 0x20, 0x28, 0x7b, 0x20,
  0x6e, 0x65, 0x78, 0x74, 0x3a, 0x20, 0x28, 0x29, 0x20, 0x3d, 0x3e, 0x20, 0x6e, 0x65, 0x78, 0x74,
  0x43, 0x68, 0x75, 0x6e, 0x6b, 0x28, 0x62, 0x6f, 0x64, 0x79, 0x49, 0x64, 0x29, 0x20, 0x7d, 0x29,
  0x20, 0x7d, 0x2c, 0x0a, 0x20, 0x20, 0x20, 0x20, 0x61, 0x62, 0x6f, 0x72, 0x74, 0x3a, 0x20, 0x28,
  0x29, 0x20, 0x3d, 0x3e, 0x20, 0x7b, 0x0a, 0x20, 0x20, 0x20, 0x20, 0x20, 0x20, 0x6c, 0x6f, 0x67,
  0x2e, 0x64, 0x65, 0x62, 0x75, 0x67, 0x28, 0x27, 0x68, 0x74, 0x74, 0x70, 0x46, 0x65, 0x74, 0x63,
  0x68, 0x20, 0x61, 0x62, 0x6f, 0x72, 0x74, 0x27, 0x2c, 0x20, 0x7b, 0x20, 0x62, 0x6f, 0x64, 0x79,
  0x49, 0x64, 0x20, 0x7d, 0x29, 0x3b, 0x0a, 0x20, 0x20, 0x20, 0x20, 0x20, 0x20, 0x67, 0x6c, 0x6f,
  0x62, 0x61, 0x6c, 0x54, 0x68, 0x69, 0x73, 0x2e, 0x5f, 0x5f, 0x64, 0x73, 0x68, 0x47, 0x61, 0x74,
  0x65, 0x77, 0x61, 0x79, 0x41, 0x62, 0x6f, 0x72, 0x74, 0x3f, 0x2e, 0x28, 0x62, 0x6f, 0x64, 0x79,
  0x49, 0x64, 0x29, 0x3b, 0x0a, 0x20, 0x20, 0x20, 0x20, 0x20, 0x20, 0x63, 0x6f, 0x6e, 0x73, 0x74,
  0x20, 0x73, 0x74, 0x20, 0x3d, 0x20, 0x73, 0x74, 0x72, 0x65, 0x61, 0x6d, 0x73, 0x2e, 0x67, 0x65,
  0x74, 0x28, 0x62, 0x6f, 0x64, 0x79, 0x49, 0x64, 0x29, 0x3b, 0x0a, 0x20, 0x20, 0x20, 0x20, 0x20,
  0x20, 0x69, 0x66, 0x20, 0x28, 0x73, 0x74, 0x20, 0x26, 0x26, 0x20, 0x21, 0x73, 0x74, 0x2e, 0x64,
  0x6f, 0x6e, 0x65, 0x29, 0x20, 0x7b, 0x0a, 0x20, 0x20, 0x20, 0x20, 0x20, 0x20, 0x20, 0x20, 0x73,
  0x74, 0x2e, 0x64, 0x6f, 0x6e, 0x65, 0x20, 0x3d, 0x20, 0x74, 0x72, 0x75, 0x65, 0x3b, 0x0a, 0x20,
  0x20, 0x20, 0x20, 0x20, 0x20, 0x20, 0x20, 0x73, 0x74, 0x2e, 0x65, 0x72, 0x72, 0x20, 0x3d, 0x20,
  0x7b, 0x20, 0x63, 0x6f, 0x64, 0x65, 0x3a, 0x20, 0x27, 0x63, 0x61, 0x6e, 0x63, 0x65, 0x6c, 0x6c,
  0x65, 0x64, 0x27, 0x2c, 0x20, 0x6d, 0x65, 0x73, 0x73, 0x61, 0x67, 0x65, 0x3a, 0x20, 0x27, 0x61,
  0x62, 0x6f, 0x72, 0x74, 0x65, 0x64, 0x20, 0x62, 0x79, 0x20, 0x74, 0x68, 0x65, 0x20, 0x63, 0x61,
  0x6c, 0x6c, 0x65, 0x72, 0x27, 0x20, 0x7d, 0x3b, 0x0a, 0x20, 0x20, 0x20, 0x20, 0x20, 0x20, 0x20,
  0x20, 0x77, 0x61, 0x6b, 0x65, 0x28, 0x73, 0x74, 0x29, 0x3b, 0x0a, 0x20, 0x20, 0x20, 0x20, 0x20,
  0x20, 0x7d, 0x0a, 0x20, 0x20, 0x20, 0x20, 0x7d, 0x2c, 0x0a, 0x20, 0x20, 0x7d, 0x3b, 0x0a, 0x7d,
  0x3b, 0x0a, 0x0a, 0x2f, 0x2f, 0x20, 0x2d, 0x2d, 0x2d, 0x2d, 0x20, 0x6e, 0x6f, 0x74, 0x69, 0x66,
  0x69, 0x63, 0x61, 0x74, 0x69, 0x6f, 0x6e, 0x73, 0x20, 0x2f, 0x20, 0x6e, 0x61, 0x74, 0x69, 0x76,
  0x65, 0x20, 0x55, 0x49, 0x20, 0x2f, 0x20, 0x63, 0x72, 0x65, 0x64, 0x65, 0x6e, 0x74, 0x69, 0x61,
  0x6c, 0x73, 0x20, 0x2d, 0x2d, 0x2d, 0x2d, 0x2d, 0x2d, 0x2d, 0x2d, 0x2d, 0x2d, 0x2d, 0x2d, 0x2d,
  0x2d, 0x2d, 0x2d, 0x2d, 0x2d, 0x2d, 0x2d, 0x2d, 0x2d, 0x2d, 0x2d, 0x2d, 0x2d, 0x2d, 0x2d, 0x2d,
  0x2d, 0x0a, 0x0a, 0x65, 0x78, 0x70, 0x6f, 0x72, 0x74, 0x20, 0x63, 0x6f, 0x6e, 0x73, 0x74, 0x20,
  0x6e, 0x6f, 0x74, 0x69, 0x66, 0x79, 0x20, 0x3d, 0x20, 0x61, 0x73, 0x79, 0x6e, 0x63, 0x20, 0x28,
  0x70, 0x61, 0x79, 0x6c, 0x6f, 0x61, 0x64, 0x29, 0x20, 0x3d, 0x3e, 0x20, 0x61, 0x77, 0x61, 0x69,
  0x74, 0x20, 0x63, 0x61, 0x6c, 0x6c, 0x28, 0x27, 0x6e, 0x6f, 0x74, 0x69, 0x66, 0x79, 0x27, 0x2c,
  0x20, 0x70, 0x61, 0x79, 0x6c, 0x6f, 0x61, 0x64, 0x29, 0x3b, 0x0a, 0x0a, 0x65, 0x78, 0x70, 0x6f,
  0x72, 0x74, 0x20, 0x63, 0x6f, 0x6e, 0x73, 0x74, 0x20, 0x70, 0x72, 0x65, 0x73, 0x65, 0x6e, 0x74,
  0x41, 0x70, 0x70, 0x72, 0x6f, 0x76, 0x61, 0x6c, 0x20, 0x3d, 0x20, 0x61, 0x73, 0x79, 0x6e, 0x63,
  0x20, 0x28, 0x72, 0x65, 0x71, 0x29, 0x20, 0x3d, 0x3e, 0x20, 0x61, 0x77, 0x61, 0x69, 0x74, 0x20,
  0x63, 0x61, 0x6c, 0x6c, 0x28, 0x27, 0x70, 0x72, 0x65, 0x73, 0x65, 0x6e, 0x74, 0x41, 0x70, 0x70,
  0x72, 0x6f, 0x76, 0x61, 0x6c, 0x27, 0x2c, 0x20, 0x72, 0x65, 0x71, 0x29, 0x3b, 0x0a, 0x0a, 0x65,
  0x78, 0x70, 0x6f, 0x72, 0x74, 0x20, 0x63, 0x6f, 0x6e, 0x73, 0x74, 0x20, 0x70, 0x72, 0x65, 0x73,
  0x65, 0x6e, 0x74, 0x50, 0x69, 0x63, 0x6b, 0x65, 0x72, 0x20, 0x3d, 0x20, 0x61, 0x73, 0x79, 0x6e,
  0x63, 0x20, 0x28, 0x72, 0x65, 0x71, 0x29, 0x20, 0x3d, 0x3e, 0x20, 0x61, 0x77, 0x61, 0x69, 0x74,
  0x20, 0x63, 0x61, 0x6c, 0x6c, 0x28, 0x27, 0x70, 0x72, 0x65, 0x73, 0x65, 0x6e, 0x74, 0x50, 0x69,
  0x63, 0x6b, 0x65, 0x72, 0x27, 0x2c, 0x20, 0x72, 0x65, 0x71, 0x29, 0x3b, 0x0a, 0x0a, 0x65, 0x78,
  0x70, 0x6f, 0x72, 0x74, 0x20, 0x63, 0x6f, 0x6e, 0x73, 0x74, 0x20, 0x6b, 0x65, 0x79, 0x63, 0x68,
  0x61, 0x69, 0x6e, 0x47, 0x65, 0x74, 0x20, 0x3d, 0x20, 0x61, 0x73, 0x79, 0x6e, 0x63, 0x20, 0x28,
  0x72, 0x65, 0x66, 0x29, 0x20, 0x3d, 0x3e, 0x20, 0x7b, 0x0a, 0x20, 0x20, 0x6c, 0x6f, 0x67, 0x2e,
  0x64, 0x65, 0x62, 0x75, 0x67, 0x28, 0x27, 0x6b, 0x65, 0x79, 0x63, 0x68, 0x61, 0x69, 0x6e, 0x47,
  0x65, 0x74, 0x27, 0x2c, 0x20, 0x7b, 0x20, 0x72, 0x65, 0x66, 0x20, 0x7d, 0x29, 0x3b, 0x0a, 0x20,
  0x20, 0x63, 0x6f, 0x6e, 0x73, 0x74, 0x20, 0x72, 0x65, 0x73, 0x20, 0x3d, 0x20, 0x61, 0x77, 0x61,
  0x69, 0x74, 0x20, 0x63, 0x61, 0x6c, 0x6c, 0x28, 0x27, 0x6b, 0x65, 0x79, 0x63, 0x68, 0x61, 0x69,
  0x6e, 0x47, 0x65, 0x74, 0x27, 0x2c, 0x20, 0x7b, 0x20, 0x72, 0x65, 0x66, 0x20, 0x7d, 0x29, 0x3b,
  0x0a, 0x20, 0x20, 0x72, 0x65, 0x74, 0x75, 0x72, 0x6e, 0x20, 0x72, 0x65, 0x73, 0x20, 0x3f, 0x20,
  0x7b, 0x20, 0x73, 0x65, 0x63, 0x72, 0x65, 0x74, 0x3a, 0x20, 0x62, 0x61, 0x73, 0x65, 0x36, 0x34,
  0x54, 0x6f, 0x42, 0x79, 0x74, 0x65, 0x73, 0x28, 0x72, 0x65, 0x73, 0x2e, 0x73, 0x65, 0x63, 0x72,
  0x65, 0x74, 0x42, 0x36, 0x34, 0x29, 0x20, 0x7d, 0x20, 0x3a, 0x20, 0x6e, 0x75, 0x6c, 0x6c, 0x3b,
  0x0a, 0x7d, 0x3b, 0x0a, 0x0a, 0x65, 0x78, 0x70, 0x6f, 0x72, 0x74, 0x20, 0x63, 0x6f, 0x6e, 0x73,
  0x74, 0x20, 0x6b, 0x65, 0x79, 0x63, 0x68, 0x61, 0x69, 0x6e, 0x53, 0x65, 0x74, 0x20, 0x3d, 0x20,
  0x61, 0x73, 0x79, 0x6e, 0x63, 0x20, 0x28, 0x72, 0x65, 0x66, 0x2c, 0x20, 0x73, 0x65, 0x63, 0x72,
  0x65, 0x74, 0x29, 0x20, 0x3d, 0x3e, 0x20, 0x61, 0x77, 0x61, 0x69, 0x74, 0x20, 0x63, 0x61, 0x6c,
  0x6c, 0x28, 0x27, 0x6b, 0x65, 0x79, 0x63, 0x68, 0x61, 0x69, 0x6e, 0x53, 0x65, 0x74, 0x27, 0x2c,
  0x20, 0x7b, 0x0a, 0x20, 0x20, 0x72, 0x65, 0x66, 0x2c, 0x0a, 0x20, 0x20, 0x73, 0x65, 0x63, 0x72,
  0x65, 0x74, 0x42, 0x36, 0x34, 0x3a, 0x20, 0x73, 0x65, 0x63, 0x72, 0x65, 0x74, 0x20, 0x3f, 0x20,
  0x62, 0x79, 0x74, 0x65, 0x73, 0x54, 0x6f, 0x42, 0x61, 0x73, 0x65, 0x36, 0x34, 0x28, 0x73, 0x65,
  0x63, 0x72, 0x65, 0x74, 0x29, 0x20, 0x3a, 0x20, 0x6e, 0x75, 0x6c, 0x6c, 0x2c, 0x0a, 0x7d, 0x29,
  0x3b, 0x0a, 0x0a, 0x2f, 0x2f, 0x20, 0x2d, 0x2d, 0x2d, 0x2d, 0x20, 0x62, 0x72, 0x69, 0x64, 0x67,
  0x65, 0x20, 0x65, 0x76, 0x65, 0x6e, 0x74, 0x20, 0x70, 0x6c, 0x75, 0x6d, 0x62, 0x69, 0x6e, 0x67,
  0x20, 0x2d, 0x2d, 0x2d, 0x2d, 0x2d, 0x2d, 0x2d, 0x2d, 0x2d, 0x2d, 0x2d, 0x2d, 0x2d, 0x2d, 0x2d,
  0x2d, 0x2d, 0x2d, 0x2d, 0x2d, 0x2d, 0x2d, 0x2d, 0x2d, 0x2d, 0x2d, 0x2d, 0x2d, 0x2d, 0x2d, 0x2d,
  0x2d, 0x2d, 0x2d, 0x2d, 0x2d, 0x2d, 0x2d, 0x2d, 0x2d, 0x2d, 0x2d, 0x2d, 0x2d, 0x2d, 0x2d, 0x2d,
  0x2d, 0x0a, 0x0a, 0x63, 0x6f, 0x6e, 0x73, 0x74, 0x20, 0x6c, 0x69, 0x73, 0x74, 0x65, 0x6e, 0x65,
  0x72, 0x73, 0x20, 0x3d, 0x20, 0x6e, 0x65, 0x77, 0x20, 0x53, 0x65, 0x74, 0x28, 0x29, 0x3b, 0x0a,
  0x0a, 0x2f, 0x2a, 0x2a, 0x20, 0x53, 0x75, 0x62, 0x73, 0x63, 0x72, 0x69, 0x62, 0x65, 0x20, 0x74,
  0x6f, 0x20, 0x6e, 0x6f, 0x6e, 0x2d, 0x73, 0x74, 0x72, 0x65, 0x61, 0x6d, 0x20, 0x62, 0x72, 0x69,
  0x64, 0x67, 0x65, 0x20, 0x65, 0x76, 0x65, 0x6e, 0x74, 0x73, 0x20, 0x28, 0x61, 0x70, 0x70, 0x2e,
  0x73, 0x74, 0x61, 0x74, 0x65, 0x2c, 0x20, 0x6e, 0x6f, 0x74, 0x69, 0x66, 0x79, 0x2e, 0x72, 0x65,
  0x73, 0x70, 0x6f, 0x6e, 0x73, 0x65, 0x2c, 0x0a, 0x20, 0x2a, 0x20, 0x68, 0x6f, 0x73, 0x74, 0x2e,
  0x69, 0x6e, 0x66, 0x6f, 0x2c, 0x20, 0x2e, 0x2e, 0x2e, 0x29, 0x2e, 0x20, 0x68, 0x74, 0x74, 0x70,
  0x46, 0x65, 0x74, 0x63, 0x68, 0x20, 0x62, 0x6f, 0x64, 0x79, 0x20, 0x74, 0x72, 0x61, 0x66, 0x66,
  0x69, 0x63, 0x20, 0x69, 0x73, 0x20, 0x63, 0x6f, 0x6e, 0x73, 0x75, 0x6d, 0x65, 0x64, 0x20, 0x62,
  0x79, 0x20, 0x74, 0x68, 0x65, 0x20, 0x73, 0x68, 0x69, 0x6d, 0x20, 0x69, 0x74, 0x73, 0x65, 0x6c,
  0x66, 0x2e, 0x20, 0x2a, 0x2f, 0x0a, 0x65, 0x78, 0x70, 0x6f, 0x72, 0x74, 0x20, 0x63, 0x6f, 0x6e,
  0x73, 0x74, 0x20, 0x6f, 0x6e, 0x45, 0x76, 0x65, 0x6e, 0x74, 0x20, 0x3d, 0x20, 0x28, 0x66, 0x6e,
  0x29, 0x20, 0x3d, 0x3e, 0x20, 0x6c, 0x69, 0x73, 0x74, 0x65, 0x6e, 0x65, 0x72, 0x73, 0x2e, 0x61,
  0x64, 0x64, 0x28, 0x66, 0x6e, 0x29, 0x3b, 0x0a, 0x0a, 0x67, 0x6c, 0x6f, 0x62, 0x61, 0x6c, 0x54,
  0x68, 0x69, 0x73, 0x2e, 0x5f, 0x5f, 0x64, 0x73, 0x68, 0x47, 0x61, 0x74, 0x65, 0x77, 0x61, 0x79,
  0x4f, 0x6e, 0x45, 0x76, 0x65, 0x6e, 0x74, 0x20, 0x3d, 0x20, 0x28, 0x65, 0x76, 0x65, 0x6e, 0x74,
  0x4a, 0x73, 0x6f, 0x6e, 0x29, 0x20, 0x3d, 0x3e, 0x20, 0x7b, 0x0a, 0x20, 0x20, 0x6c, 0x6f, 0x67,
  0x2e, 0x64, 0x65, 0x62, 0x75, 0x67, 0x28, 0x27, 0x67, 0x61, 0x74, 0x65, 0x77, 0x61, 0x79, 0x20,
  0x65, 0x76, 0x65, 0x6e, 0x74, 0x27, 0x2c, 0x20, 0x7b, 0x20, 0x63, 0x68, 0x61, 0x72, 0x73, 0x3a,
  0x20, 0x65, 0x76, 0x65, 0x6e, 0x74, 0x4a, 0x73, 0x6f, 0x6e, 0x2e, 0x6c, 0x65, 0x6e, 0x67, 0x74,
  0x68, 0x20, 0x7d, 0x29, 0x3b, 0x0a, 0x20, 0x20, 0x63, 0x6f, 0x6e, 0x73, 0x74, 0x20, 0x65, 0x76,
  0x20, 0x3d, 0x20, 0x4a, 0x53, 0x4f, 0x4e, 0x2e, 0x70, 0x61, 0x72, 0x73, 0x65, 0x28, 0x65, 0x76,
  0x65, 0x6e, 0x74, 0x4a, 0x73, 0x6f, 0x6e, 0x29, 0x3b, 0x0a, 0x20, 0x20, 0x69, 0x66, 0x20, 0x28,
  0x21, 0x73, 0x74, 0x72, 0x65, 0x61, 0x6d, 0x45, 0x76, 0x65, 0x6e, 0x74, 0x28, 0x65, 0x76, 0x29,
  0x29, 0x20, 0x6c, 0x69, 0x73, 0x74, 0x65, 0x6e, 0x65, 0x72, 0x73, 0x2e, 0x66, 0x6f, 0x72, 0x45,
  0x61, 0x63, 0x68, 0x28, 0x28, 0x66, 0x6e, 0x29, 0x20, 0x3d, 0x3e, 0x20, 0x66, 0x6e, 0x28, 0x65,
  0x76, 0x29, 0x29, 0x3b, 0x0a, 0x7d, 0x3b, 0x0a,
  0x00
};

/* runtime/spike/registry.js (2866 bytes) */
static const unsigned char DSH_REGISTRY_JS[] = {
  0x2f, 0x2a, 0x2a, 0x0a, 0x20, 0x2a, 0x20, 0x53, 0x70, 0x69, 0x6b, 0x65, 0x20, 0x73, 0x65, 0x72,
  0x76, 0x69, 0x63, 0x65, 0x20, 0x72, 0x65, 0x67, 0x69, 0x73, 0x74, 0x72, 0x79, 0x20, 0xe2, 0x80,
  0x94, 0x20, 0x74, 0x68, 0x65, 0x20, 0x70, 0x6c, 0x75, 0x67, 0x69, 0x6e, 0x20, 0x6d, 0x6f, 0x75,
  0x6e, 0x74, 0x69, 0x6e, 0x67, 0x20, 0x70, 0x6f, 0x69, 0x6e, 0x74, 0x20, 0x74, 0x68, 0x65, 0x20,
  0x6d, 0x32, 0x2e, 0x73, 0x65, 0x73, 0x73, 0x69, 0x6f, 0x6e, 0x20, 0x73, 0x63, 0x65, 0x6e, 0x61,
  0x72, 0x69, 0x6f, 0x0a, 0x20, 0x2a, 0x20, 0x62, 0x6f, 0x6f, 0x74, 0x73, 0x20, 0x28, 0x74, 0x68,
  0x65, 0x20, 0x48, 0x61, 0x72, 0x6e, 0x65, 0x73, 0x73, 0x20, 0x63, 0x6f, 0x72, 0x65, 0x27, 0x73,
  0x20, 0x72, 0x65, 0x61, 0x6c, 0x20, 0x72, 0x65, 0x67, 0x69, 0x73, 0x74, 0x72, 0x79, 0x20, 0x61,
  0x72, 0x72, 0x69, 0x76, 0x65, 0x73, 0x20, 0x77, 0x69, 0x74, 0x68, 0x20, 0x74, 0x68, 0x65, 0x20,
  0x75, 0x70, 0x73, 0x74, 0x72, 0x65, 0x61, 0x6d, 0x20, 0x72, 0x75, 0x6e, 0x74, 0x69, 0x6d, 0x65,
  0x3b, 0x0a, 0x20, 0x2a, 0x20, 0x74, 0x68, 0x69, 0x73, 0x20, 0x69, 0x73, 0x20, 0x74, 0x68, 0x65,
  0x20, 0x73, 0x6d, 0x61, 0x6c, 0x6c, 0x65, 0x73, 0x74, 0x20, 0x74, 0x68, 0x69, 0x6e, 0x67, 0x20,
  0x74, 0x68, 0x61, 0x74, 0x20, 0x70, 0x72, 0x6f, 0x76, 0x65, 0x73, 0x20, 0x74, 0x68, 0x65, 0x20,
  0x70, 0x6c, 0x75, 0x67, 0x69, 0x6e, 0x20, 0x73, 0x68, 0x61, 0x70, 0x65, 0x20, 0x65, 0x6e, 0x64,
  0x20, 0x74, 0x6f, 0x20, 0x65, 0x6e, 0x64, 0x29, 0x2e, 0x0a, 0x20, 0x2a, 0x0a, 0x20, 0x2a, 0x20,
  0x41, 0x20, 0x70, 0x6c, 0x75, 0x67, 0x69, 0x6e, 0x20, 0x69, 0x6e, 0x73, 0x74, 0x61, 0x6c, 0x6c,
  0x73, 0x20, 0x61, 0x73, 0x20, 0x7b, 0x20, 0x6d, 0x61, 0x6e, 0x69, 0x66, 0x65, 0x73, 0x74, 0x2c,
  0x20, 0x6d, 0x6f, 0x64, 0x75, 0x6c, 0x65, 0x20, 0x7d, 0x3a, 0x20, 0x74, 0x68, 0x65, 0x20, 0x72,
  0x65, 0x67, 0x69, 0x73, 0x74, 0x72, 0x79, 0x20, 0x76, 0x61, 0x6c, 0x69, 0x64, 0x61, 0x74, 0x65,
  0x73, 0x20, 0x74, 0x68, 0x65, 0x0a, 0x20, 0x2a, 0x20, 0x6d, 0x61, 0x6e, 0x69, 0x66, 0x65, 0x73,
  0x74, 0x20, 0x73, 0x74, 0x61, 0x74, 0x69, 0x63, 0x61, 0x6c, 0x6c, 0x79, 0x20, 0x28, 0x73, 0x63,
  0x68, 0x65, 0x6d, 0x61, 0x56, 0x65, 0x72, 0x73, 0x69, 0x6f, 0x6e, 0x20, 0x31, 0x20, 0x73, 0x68,
  0x61, 0x70, 0x65, 0x2c, 0x20, 0x63, 0x6f, 0x6e, 0x74, 0x72, 0x61, 0x63, 0x74, 0x2f, 0x64, 0x61,
  0x74, 0x61, 0x2d, 0x70, 0x72, 0x6f, 0x74, 0x6f, 0x63, 0x6f, 0x6c, 0x73, 0x2e, 0x6d, 0x64, 0x20,
  0xc2, 0xa7, 0x32, 0x20, 0xe2, 0x80, 0x94, 0x0a, 0x20, 0x2a, 0x20, 0x72, 0x65, 0x61, 0x64, 0x69,
  0x6e, 0x67, 0x20, 0x69, 0x74, 0x20, 0x6e, 0x65, 0x76, 0x65, 0x72, 0x20, 0x65, 0x78, 0x65, 0x63,
  0x75, 0x74, 0x65, 0x73, 0x20, 0x63, 0x6f, 0x64, 0x65, 0x29, 0x2c, 0x20, 0x74, 0x68, 0x65, 0x6e,
  0x20, 0x63, 0x61, 0x6c, 0x6c, 0x73, 0x20, 0x74, 0x68, 0x65, 0x20, 0x64, 0x65, 0x63, 0x6c, 0x61,
  0x72, 0x65, 0x64, 0x20, 0x61, 0x63, 0x74, 0x69, 0x76, 0x61, 0x74, 0x65, 0x20, 0x68, 0x6f, 0x6f,
  0x6b, 0x20, 0x77, 0x69, 0x74, 0x68, 0x0a, 0x20, 0x2a, 0x20, 0x61, 0x20, 0x72, 0x65, 0x67, 0x69,
  0x73, 0x74, 0x72, 0x61, 0x74, 0x69, 0x6f, 0x6e, 0x20, 0x63, 0x6f, 0x6e, 0x74, 0x65, 0x78, 0x74,
  0x2e, 0x20, 0x53, 0x65, 0x72, 0x76, 0x69, 0x63, 0x65, 0x20, 0x6c, 0x6f, 0x6f, 0x6b, 0x75, 0x70,
  0x20, 0x66, 0x61, 0x69, 0x6c, 0x73, 0x20, 0x6c, 0x6f, 0x75, 0x64, 0x20, 0x6f, 0x6e, 0x20, 0x75,
  0x6e, 0x6b, 0x6e, 0x6f, 0x77, 0x6e, 0x20, 0x6e, 0x61, 0x6d, 0x65, 0x73, 0x20, 0x61, 0x6e, 0x64,
  0x0a, 0x20, 0x2a, 0x20, 0x64, 0x75, 0x70, 0x6c, 0x69, 0x63, 0x61, 0x74, 0x65, 0x20, 0x72, 0x65,
  0x67, 0x69, 0x73, 0x74, 0x72, 0x61, 0x74, 0x69, 0x6f, 0x6e, 0x3b, 0x20, 0x63, 0x61, 0x70, 0x61,
  0x62, 0x69, 0x6c, 0x69, 0x74, 0x79, 0x20, 0x4e, 0x45, 0x47, 0x4f, 0x54, 0x49, 0x41, 0x54, 0x49,
  0x4f, 0x4e, 0x20, 0x73, 0x74, 0x61, 0x79, 0x73, 0x20, 0x74, 0x68, 0x65, 0x20, 0x68, 0x6f, 0x73,
  0x74, 0x20, 0x67, 0x61, 0x74, 0x65, 0x77, 0x61, 0x79, 0x27, 0x73, 0x0a, 0x20, 0x2a, 0x20, 0x6a,
  0x6f, 0x62, 0x20, 0xe2, 0x80, 0x94, 0x20, 0x61, 0x6e, 0x20, 0x69, 0x6e, 0x73, 0x74, 0x61, 0x6c,
  0x6c, 0x20, 0x6e, 0x65, 0x76, 0x65, 0x72, 0x20, 0x70, 0x72, 0x6f, 0x62, 0x65, 0x73, 0x20, 0x61,
  0x76, 0x61, 0x69, 0x6c, 0x61, 0x62, 0x69, 0x6c, 0x69, 0x74, 0x79, 0x2c, 0x20, 0x61, 0x20, 0x63,
  0x61, 0x6c, 0x6c, 0x20, 0x66, 0x61, 0x69, 0x6c, 0x73, 0x20, 0x77, 0x69, 0x74, 0x68, 0x20, 0x74,
  0x68, 0x65, 0x0a, 0x20, 0x2a, 0x20, 0x63, 0x6f, 0x6e, 0x74, 0x72, 0x61, 0x63, 0x74, 0x27, 0x73,
  0x20, 0x6f, 0x77, 0x6e, 0x20, 0x65, 0x72, 0x72, 0x6f, 0x72, 0x20, 0x63, 0x6f, 0x64, 0x65, 0x73,
  0x20, 0x77, 0x68, 0x65, 0x6e, 0x20, 0x74, 0x68, 0x65, 0x20, 0x68, 0x6f, 0x73, 0x74, 0x20, 0x6c,
  0x61, 0x63, 0x6b, 0x73, 0x20, 0x74, 0x68, 0x65, 0x20, 0x70, 0x72, 0x69, 0x6d, 0x69, 0x74, 0x69,
  0x76, 0x65, 0x2e, 0x0a, 0x20, 0x2a, 0x2f, 0x0a, 0x69, 0x6d, 0x70, 0x6f, 0x72, 0x74, 0x20, 0x7b,
  0x20, 0x63, 0x72, 0x65, 0x61, 0x74, 0x65, 0x4c, 0x6f, 0x67, 0x67, 0x65, 0x72, 0x20, 0x7d, 0x20,
  0x66, 0x72, 0x6f, 0x6d, 0x20, 0x27, 0x6c, 0x6f, 0x67, 0x67, 0x65, 0x72, 0x2e, 0x6a, 0x73, 0x27,
  0x3b, 0x0a, 0x0a, 0x63, 0x6f, 0x6e, 0x73, 0x74, 0x20, 0x6c, 0x6f, 0x67, 0x20, 0x3d, 0x20, 0x63,
  0x72, 0x65, 0x61, 0x74, 0x65, 0x4c, 0x6f, 0x67, 0x67, 0x65, 0x72, 0x28, 0x27, 0x64, 0x73, 0x68,
  0x2e, 0x72, 0x65, 0x67, 0x69, 0x73, 0x74, 0x72, 0x79, 0x27, 0x29, 0x3b, 0x0a, 0x0a, 0x2f, 0x2a,
  0x2a, 0x20, 0x53, 0x74, 0x61, 0x74, 0x69, 0x63, 0x20, 0x6d, 0x61, 0x6e, 0x69, 0x66, 0x65, 0x73,
  0x74, 0x20, 0x73, 0x68, 0x61, 0x70, 0x65, 0x20, 0x63, 0x68, 0x65, 0x63, 0x6b, 0x20, 0x28, 0x73,
  0x63, 0x68, 0x65, 0x6d, 0x61, 0x56, 0x65, 0x72, 0x73, 0x69, 0x6f, 0x6e, 0x20, 0x31, 0x29, 0x2e,
  0x20, 0x52, 0x65, 0x74, 0x75, 0x72, 0x6e, 0x73, 0x20, 0x74, 0x68, 0x65, 0x20, 0x70, 0x72, 0x6f,
  0x62, 0x6c, 0x65, 0x6d, 0x20, 0x6f, 0x72, 0x20, 0x6e, 0x75, 0x6c, 0x6c, 0x2e, 0x20, 0x2a, 0x2f,
  0x0a, 0x63, 0x6f, 0x6e, 0x73, 0x74, 0x20, 0x6d, 0x61, 0x6e, 0x69, 0x66, 0x65, 0x73, 0x74, 0x50,
  0x72, 0x6f, 0x62, 0x6c, 0x65, 0x6d, 0x20, 0x3d, 0x20, 0x28, 0x6d, 0x29, 0x20, 0x3d, 0x3e, 0x20,
  0x7b, 0x0a, 0x20, 0x20, 0x6c, 0x6f, 0x67, 0x2e, 0x64, 0x65, 0x62, 0x75, 0x67, 0x28, 0x27, 0x6d,
  0x61, 0x6e, 0x69, 0x66, 0x65, 0x73, 0x74, 0x20, 0x63, 0x68, 0x65, 0x63, 0x6b, 0x27, 0x2c, 0x20,
  0x7b, 0x20, 0x69, 0x64, 0x3a, 0x20, 0x6d, 0x3f, 0x2e, 0x69, 0x64, 0x20, 0x7d, 0x29, 0x3b, 0x0a,
  0x20, 0x20, 0x69, 0x66, 0x20, 0x28, 0x21, 0x6d, 0x20, 0x7c, 0x7c, 0x20, 0x6d, 0x2e, 0x73, 0x63,
  0x68, 0x65, 0x6d, 0x61, 0x56, 0x65, 0x72, 0x73, 0x69, 0x6f, 0x6e, 0x20, 0x21, 0x3d, 0x3d, 0x20,
  0x31, 0x29, 0x20, 0x72, 0x65, 0x74, 0x75, 0x72, 0x6e, 0x20, 0x27, 0x73, 0x63, 0x68, 0x65, 0x6d,
  0x61, 0x56, 0x65, 0x72, 0x73, 0x69, 0x6f, 0x6e, 0x20, 0x6d, 0x75, 0x73, 0x74, 0x20, 0x62, 0x65,
  0x20, 0x31, 0x27, 0x3b, 0x0a, 0x20, 0x20, 0x69, 0x66, 0x20, 0x28, 0x74, 0x79, 0x70, 0x65, 0x6f,
  0x66, 0x20, 0x6d, 0x2e, 0x69, 0x64, 0x20, 0x21, 0x3d, 0x3d, 0x20, 0x27, 0x73, 0x74, 0x72, 0x69,
  0x6e, 0x67, 0x27, 0x20, 0x7c, 0x7c, 0x20, 0x6d, 0x2e, 0x69, 0x64, 0x2e, 0x6c, 0x65, 0x6e, 0x67,
  0x74, 0x68, 0x20, 0x3c, 0x20, 0x33, 0x29, 0x20, 0x72, 0x65, 0x74, 0x75, 0x72, 0x6e, 0x20, 0x27,
  0x69, 0x64, 0x20, 0x6d, 0x69, 0x73, 0x73, 0x69, 0x6e, 0x67, 0x27, 0x3b, 0x0a, 0x20, 0x20, 0x69,
  0x66, 0x20, 0x28, 0x6d, 0x2e, 0x74, 0x79, 0x70, 0x65, 0x20, 0x21, 0x3d, 0x3d, 0x20, 0x27, 0x73,
  0x65, 0x72, 0x76, 0x69, 0x63, 0x65, 0x27, 0x20, 0x26, 0x26, 0x20, 0x6d, 0x2e, 0x74, 0x79, 0x70,
  0x65, 0x20, 0x21, 0x3d, 0x3d, 0x20, 0x27, 0x77, 0x65, 0x62, 0x2d, 0x63, 0x6c, 0x69, 0x65, 0x6e,
  0x74, 0x27, 0x29, 0x20, 0x72, 0x65, 0x74, 0x75, 0x72, 0x6e, 0x20, 0x27, 0x62, 0x61, 0x64, 0x20,
  0x74, 0x79, 0x70, 0x65, 0x27, 0x3b, 0x0a, 0x20, 0x20, 0x69, 0x66, 0x20, 0x28, 0x6d, 0x2e, 0x74,
  0x79, 0x70, 0x65, 0x20, 0x3d, 0x3d, 0x3d, 0x20, 0x27, 0x73, 0x65, 0x72, 0x76, 0x69, 0x63, 0x65,
  0x27, 0x20, 0x26, 0x26, 0x20, 0x74, 0x79, 0x70, 0x65, 0x6f, 0x66, 0x20, 0x6d, 0x2e, 0x65, 0x6e,
  0x74, 0x72, 0x79, 0x20, 0x21, 0x3d, 0x3d, 0x20, 0x27, 0x73, 0x74, 0x72, 0x69, 0x6e, 0x67, 0x27,
  0x29, 0x20, 0x72, 0x65, 0x74, 0x75, 0x72, 0x6e, 0x20, 0x27, 0x73, 0x65, 0x72, 0x76, 0x69, 0x63,
  0x65, 0x20, 0x6e, 0x65, 0x65, 0x64, 0x73, 0x20, 0x65, 0x6e, 0x74, 0x72, 0x79, 0x27, 0x3b, 0x0a,
  0x20, 0x20, 0x69, 0x66, 0x20, 0x28, 0x21, 0x6d, 0x2e, 0x63, 0x61, 0x70, 0x61, 0x62, 0x69, 0x6c,
  0x69, 0x74, 0x69, 0x65, 0x73, 0x20, 0x7c, 0x7c, 0x20, 0x21, 0x41, 0x72, 0x72, 0x61, 0x79, 0x2e,
  0x69, 0x73, 0x41, 0x72, 0x72, 0x61, 0x79, 0x28, 0x6d, 0x2e, 0x63, 0x61, 0x70, 0x61, 0x62, 0x69,
  0x6c, 0x69, 0x74, 0x69, 0x65, 0x73, 0x2e, 0x72, 0x65, 0x71, 0x75, 0x69, 0x72, 0x65, 0x64, 0x29,
  0x29, 0x20, 0x7b, 0x0a, 0x20, 0x20, 0x20, 0x20, 0x72, 0x65, 0x74, 0x75, 0x72, 0x6e, 0x20, 0x27,
  0x63, 0x61, 0x70, 0x61, 0x62, 0x69, 0x6c, 0x69, 0x74, 0x69, 0x65, 0x73, 0x2e, 0x72, 0x65, 0x71,
  0x75, 0x69, 0x72, 0x65, 0x64, 0x20, 0x6d, 0x69, 0x73, 0x73, 0x69, 0x6e, 0x67, 0x27, 0x3b, 0x0a,
  0x20, 0x20, 0x7d, 0x0a, 0x20, 0x20, 0x72, 0x65, 0x74, 0x75, 0x72, 0x6e, 0x20, 0x6e, 0x75, 0x6c,
  0x6c, 0x3b, 0x0a, 0x7d, 0x3b, 0x0a, 0x0a, 0x65, 0x78, 0x70, 0x6f, 0x72, 0x74, 0x20, 0x66, 0x75,
  0x6e, 0x63, 0x74, 0x69, 0x6f, 0x6e, 0x20, 0x63, 0x72, 0x65, 0x61, 0x74, 0x65, 0x52, 0x65, 0x67,
  0x69, 0x73, 0x74, 0x72, 0x79, 0x28, 0x29, 0x20, 0x7b, 0x0a, 0x20, 0x20, 0x6c, 0x6f, 0x67, 0x2e,
  0x64, 0x65, 0x62, 0x75, 0x67, 0x28, 0x27, 0x72, 0x65, 0x67, 0x69, 0x73, 0x74, 0x72, 0x79, 0x20,
  0x63, 0x72, 0x65, 0x61, 0x74, 0x65, 0x64, 0x27, 0x29, 0x3b, 0x0a, 0x20, 0x20, 0x63, 0x6f, 0x6e,
  0x73, 0x74, 0x20, 0x73, 0x65, 0x72, 0x76, 0x69, 0x63, 0x65, 0x73, 0x20, 0x3d, 0x20, 0x6e, 0x65,
  0x77, 0x20, 0x4d, 0x61, 0x70, 0x28, 0x29, 0x3b, 0x0a, 0x20, 0x20, 0x63, 0x6f, 0x6e, 0x73, 0x74,
  0x20, 0x69, 0x64, 0x73, 0x20, 0x3d, 0x20, 0x5b, 0x5d, 0x3b, 0x0a, 0x0a, 0x20, 0x20, 0x63, 0x6f,
  0x6e, 0x73, 0x74, 0x20, 0x72, 0x65, 0x67, 0x69, 0x73, 0x74, 0x65, 0x72, 0x20, 0x3d, 0x20, 0x28,
  0x6e, 0x61, 0x6d, 0x65, 0x2c, 0x20, 0x69, 0x6d, 0x70, 0x6c, 0x29, 0x20, 0x3d, 0x3e, 0x20, 0x7b,
  0x0a, 0x20, 0x20, 0x20, 0x20, 0x6c, 0x6f, 0x67, 0x2e, 0x64, 0x65, 0x62, 0x75, 0x67, 0x28, 0x27,
  0x72, 0x65, 0x67, 0x69, 0x73, 0x74, 0x65, 0x72, 0x27, 0x2c, 0x20, 0x7b, 0x20, 0x6e, 0x61, 0x6d,
  0x65, 0x20, 0x7d, 0x29, 0x3b, 0x0a, 0x20, 0x20, 0x20, 0x20, 0x69, 0x66, 0x20, 0x28, 0x73, 0x65,
  0x72, 0x76, 0x69, 0x63, 0x65, 0x73, 0x2e, 0x68, 0x61, 0x73, 0x28, 0x6e, 0x61, 0x6d, 0x65, 0x29,
  0x29, 0x20, 0x74, 0x68, 0x72, 0x6f, 0x77, 0x20, 0x6e, 0x65, 0x77, 0x20, 0x45, 0x72, 0x72, 0x6f,
  0x72, 0x28, 0x60, 0x73, 0x65, 0x72, 0x76, 0x69, 0x63, 0x65, 0x20, 0x61, 0x6c, 0x72, 0x65, 0x61,
  0x64, 0x79, 0x20, 0x72, 0x65, 0x67, 0x69, 0x73, 0x74, 0x65, 0x72, 0x65, 0x64, 0x3a, 0x20, 0x24,
  0x7b, 0x6e, 0x61, 0x6d, 0x65, 0x7d, 0x60, 0x29, 0x3b, 0x0a, 0x20, 0x20, 0x20, 0x20, 0x73, 0x65,
  0x72, 0x76, 0x69, 0x63, 0x65, 0x73, 0x2e, 0x73, 0x65, 0x74, 0x28, 0x6e, 0x61, 0x6d, 0x65, 0x2c,
  0x20, 0x69, 0x6d, 0x70, 0x6c, 0x29, 0x3b, 0x0a, 0x20, 0x20, 0x7d, 0x3b, 0x0a, 0x0a, 0x20, 0x20,
  0x2f, 0x2a, 0x2a, 0x20, 0x52, 0x65, 0x73, 0x6f, 0x6c, 0x76, 0x65, 0x64, 0x20, 0x73, 0x65, 0x72,
  0x76, 0x69, 0x63, 0x65, 0x20, 0x72, 0x65, 0x66, 0x65, 0x72, 0x65, 0x6e, 0x63, 0x65, 0x20, 0xe2,
  0x80, 0x94, 0x20, 0x75, 0x6e, 0x6b, 0x6e, 0x6f, 0x77, 0x6e, 0x20, 0x6e, 0x61, 0x6d, 0x65, 0x73,
  0x20, 0x61, 0x62, 0x6f, 0x72, 0x74, 0x20, 0x28, 0x66, 0x61, 0x69, 0x6c, 0x20, 0x6c, 0x6f, 0x75,
  0x64, 0x29, 0x2e, 0x20, 0x2a, 0x2f, 0x0a, 0x20, 0x20, 0x63, 0x6f, 0x6e, 0x73, 0x74, 0x20, 0x73,
  0x65, 0x72, 0x76, 0x69, 0x63, 0x65, 0x20, 0x3d, 0x20, 0x28, 0x6e, 0x61, 0x6d, 0x65, 0x29, 0x20,
  0x3d, 0x3e, 0x20, 0x7b, 0x0a, 0x20, 0x20, 0x20, 0x20, 0x6c, 0x6f, 0x67, 0x2e, 0x64, 0x65, 0x62,
  0x75, 0x67, 0x28, 0x27, 0x73, 0x65, 0x72, 0x76, 0x69, 0x63, 0x65, 0x20, 0x6c, 0x6f, 0x6f, 0x6b,
  0x75, 0x70, 0x27, 0x2c, 0x20, 0x7b, 0x20, 0x6e, 0x61, 0x6d, 0x65, 0x20, 0x7d, 0x29, 0x3b, 0x0a,
  0x20, 0x20, 0x20, 0x20, 0x63, 0x6f, 0x6e, 0x73, 0x74, 0x20, 0x69, 0x6d, 0x70, 0x6c, 0x20, 0x3d,
  0x20, 0x73, 0x65, 0x72, 0x76, 0x69, 0x63, 0x65, 0x73, 0x2e, 0x67, 0x65, 0x74, 0x28, 0x6e, 0x61,
  0x6d, 0x65, 0x29, 0x3b, 0x0a, 0x20, 0x20, 0x20, 0x20, 0x69, 0x66, 0x20, 0x28, 0x21, 0x69, 0x6d,
  0x70, 0x6c, 0x29, 0x20, 0x74, 0x68, 0x72, 0x6f, 0x77, 0x20, 0x6e, 0x65, 0x77, 0x20, 0x45, 0x72,
  0x72, 0x6f, 0x72, 0x28, 0x60, 0x73, 0x65, 0x72, 0x76, 0x69, 0x63, 0x65, 0x20, 0x6e, 0x6f, 0x74,
  0x20, 0x69, 0x6e, 0x73, 0x74, 0x61, 0x6c, 0x6c, 0x65, 0x64, 0x3a, 0x20, 0x24, 0x7b, 0x6e, 0x61,
  0x6d, 0x65, 0x7d, 0x60, 0x29, 0x3b, 0x0a, 0x20, 0x20, 0x20, 0x20, 0x72, 0x65, 0x74, 0x75, 0x72,
  0x6e, 0x20, 0x69, 0x6d, 0x70, 0x6c, 0x3b, 0x0a, 0x20, 0x20, 0x7d, 0x3b, 0x0a, 0x0a, 0x20, 0x20,
  0x72, 0x65, 0x74, 0x75, 0x72, 0x6e, 0x20, 0x7b, 0x0a, 0x20, 0x20, 0x20, 0x20, 0x72, 0x65, 0x67,
  0x69, 0x73, 0x74, 0x65, 0x72, 0x2c, 0x0a, 0x20, 0x20, 0x20, 0x20, 0x2f, 0x2a, 0x2a, 0x20, 0x49,
  0x6e, 0x73, 0x74, 0x61, 0x6c, 0x6c, 0x20, 0x6f, 0x6e, 0x65, 0x20, 0x70, 0x6c, 0x75, 0x67, 0x69,
  0x6e, 0x20, 0x7b, 0x6d, 0x61, 0x6e, 0x69, 0x66, 0x65, 0x73, 0x74, 0x2c, 0x20, 0x6d, 0x6f, 0x64,
  0x75, 0x6c, 0x65, 0x7d, 0x3b, 0x20, 0x61, 0x63, 0x74, 0x69, 0x76, 0x61, 0x74, 0x65, 0x20, 0x68,
  0x6f, 0x6f, 0x6b, 0x20, 0x6d, 0x61, 0x79, 0x20, 0x72, 0x65, 0x67, 0x69, 0x73, 0x74, 0x65, 0x72,
  0x2e, 0x0a, 0x20, 0x20, 0x20, 0x20, 0x20, 0x2a, 0x20, 0x54, 0x68, 0x65, 0x20, 0x63, 0x6f, 0x6e,
  0x74, 0x65, 0x78, 0x74, 0x20, 0x63, 0x61, 0x72, 0x72, 0x69, 0x65, 0x73, 0x20, 0x60, 0x73, 0x65,
  0x72, 0x76, 0x69, 0x63, 0x65, 0x60, 0x20, 0x73, 0x6f, 0x20, 0x61, 0x6e, 0x20, 0x61, 0x63, 0x74,
  0x69, 0x76, 0x61, 0x74, 0x69, 0x6e, 0x67, 0x20, 0x70, 0x6c, 0x75, 0x67, 0x69, 0x6e, 0x20, 0x63,
  0x61, 0x6e, 0x20, 0x72, 0x65, 0x73, 0x6f, 0x6c, 0x76, 0x65, 0x0a, 0x20, 0x20, 0x20, 0x20, 0x20,
  0x2a, 0x20, 0x61, 0x6c, 0x72, 0x65, 0x61, 0x64, 0x79, 0x2d, 0x69, 0x6e, 0x73, 0x74, 0x61, 0x6c,
  0x6c, 0x65, 0x64, 0x20, 0x73, 0x65, 0x72, 0x76, 0x69, 0x63, 0x65, 0x73, 0x20, 0x28, 0x66, 0x61,
  0x69, 0x6c, 0x20, 0x6c, 0x6f, 0x75, 0x64, 0x20, 0x6f, 0x6e, 0x20, 0x75, 0x6e, 0x6b, 0x6e, 0x6f,
  0x77, 0x6e, 0x20, 0x6e, 0x61, 0x6d, 0x65, 0x73, 0x29, 0x2e, 0x20, 0x2a, 0x2f, 0x0a, 0x20, 0x20,
  0x20, 0x20, 0x69, 0x6e, 0x73, 0x74, 0x61, 0x6c, 0x6c, 0x28, 0x7b, 0x20, 0x6d, 0x61, 0x6e, 0x69,
  0x66, 0x65, 0x73, 0x74, 0x2c, 0x20, 0x6d, 0x6f, 0x64, 0x75, 0x6c, 0x65, 0x20, 0x7d, 0x29, 0x20,
  0x7b, 0x0a, 0x20, 0x20, 0x20, 0x20, 0x20, 0x20, 0x6c, 0x6f, 0x67, 0x2e, 0x64, 0x65, 0x62, 0x75,
  0x67, 0x28, 0x27, 0x69, 0x6e, 0x73, 0x74, 0x61, 0x6c, 0x6c, 0x27, 0x2c, 0x20, 0x7b, 0x20, 0x69,
  0x64, 0x3a, 0x20, 0x6d, 0x61, 0x6e, 0x69, 0x66, 0x65, 0x73, 0x74, 0x3f, 0x2e, 0x69, 0x64, 0x20,
  0x7d, 0x29, 0x3b, 0x0a, 0x20, 0x20, 0x20, 0x20, 0x20, 0x20, 0x63, 0x6f, 0x6e, 0x73, 0x74, 0x20,
  0x70, 0x72, 0x6f, 0x62, 0x6c, 0x65, 0x6d, 0x20, 0x3d, 0x20, 0x6d, 0x61, 0x6e, 0x69, 0x66, 0x65,
  0x73, 0x74, 0x50, 0x72, 0x6f, 0x62, 0x6c, 0x65, 0x6d, 0x28, 0x6d, 0x61, 0x6e, 0x69, 0x66, 0x65,
  0x73, 0x74, 0x29, 0x3b, 0x0a, 0x20, 0x20, 0x20, 0x20, 0x20, 0x20, 0x69, 0x66, 0x20, 0x28, 0x70,
  0x72, 0x6f, 0x62, 0x6c, 0x65, 0x6d, 0x29, 0x20, 0x74, 0x68, 0x72, 0x6f, 0x77, 0x20, 0x6e, 0x65,
  0x77, 0x20, 0x45, 0x72, 0x72, 0x6f, 0x72, 0x28, 0x60, 0x70, 0x6c, 0x75, 0x67, 0x69, 0x6e, 0x20,
  0x6d, 0x61, 0x6e, 0x69, 0x66, 0x65, 0x73, 0x74, 0x20, 0x69, 0x6e, 0x76, 0x61, 0x6c, 0x69, 0x64,
  0x20, 0x28, 0x24, 0x7b, 0x6d, 0x61, 0x6e, 0x69, 0x66, 0x65, 0x73, 0x74, 0x3f, 0x2e, 0x69, 0x64,
  0x7d, 0x29, 0x3a, 0x20, 0x24, 0x7b, 0x70, 0x72, 0x6f, 0x62, 0x6c, 0x65, 0x6d, 0x7d, 0x60, 0x29,
  0x3b, 0x0a, 0x20, 0x20, 0x20, 0x20, 0x20, 0x20, 0x63, 0x6f, 0x6e, 0x73, 0x74, 0x20, 0x68, 0x6f,
  0x6f, 0x6b, 0x20, 0x3d, 0x20, 0x6d, 0x61, 0x6e, 0x69, 0x66, 0x65, 0x73, 0x74, 0x2e, 0x68, 0x6f,
  0x6f, 0x6b, 0x73, 0x3f, 0x2e, 0x61, 0x63, 0x74, 0x69, 0x76, 0x61, 0x74, 0x65, 0x20, 0x3f, 0x3f,
  0x20, 0x27, 0x61, 0x63, 0x74, 0x69, 0x76, 0x61, 0x74, 0x65, 0x27, 0x3b, 0x0a, 0x20, 0x20, 0x20,
  0x20, 0x20, 0x20, 0x63, 0x6f, 0x6e, 0x73, 0x74, 0x20, 0x66, 0x6e, 0x20, 0x3d, 0x20, 0x6d, 0x6f,
  0x64, 0x75, 0x6c, 0x65, 0x5b, 0x68, 0x6f, 0x6f, 0x6b, 0x5d, 0x3b, 0x0a, 0x20, 0x20, 0x20, 0x20,
  0x20, 0x20, 0x69, 0x66, 0x20, 0x28, 0x74, 0x79, 0x70, 0x65, 0x6f, 0x66, 0x20, 0x66, 0x6e, 0x20,
  0x21, 0x3d, 0x3d, 0x20, 0x27, 0x66, 0x75, 0x6e, 0x63, 0x74, 0x69, 0x6f, 0x6e, 0x27, 0x29, 0x20,
  0x74, 0x68, 0x72, 0x6f, 0x77, 0x20, 0x6e, 0x65, 0x77, 0x20, 0x45, 0x72, 0x72, 0x6f, 0x72, 0x28,
  0x60, 0x61, 0x63, 0x74, 0x69, 0x76, 0x61, 0x74, 0x65, 0x20, 0x68, 0x6f, 0x6f, 0x6b, 0x20, 0x6d,
  0x69, 0x73, 0x73, 0x69, 0x6e, 0x67, 0x3a, 0x20, 0x24, 0x7b, 0x6d, 0x61, 0x6e, 0x69, 0x66, 0x65,
  0x73, 0x74, 0x2e, 0x69, 0x64, 0x7d, 0x60, 0x29, 0x3b, 0x0a, 0x20, 0x20, 0x20, 0x20, 0x20, 0x20,
  0x66, 0x6e, 0x28, 0x7b, 0x20, 0x72, 0x65, 0x67, 0x69, 0x73, 0x74, 0x65, 0x72, 0x2c, 0x20, 0x6d,
  0x61, 0x6e, 0x69, 0x66, 0x65, 0x73, 0x74, 0x2c, 0x20, 0x73, 0x65, 0x72, 0x76, 0x69, 0x63, 0x65,
  0x20, 0x7d, 0x29, 0x3b, 0x0a, 0x20, 0x20, 0x20, 0x20, 0x20, 0x20, 0x69, 0x64, 0x73, 0x2e, 0x70,
  0x75, 0x73, 0x68, 0x28, 0x6d, 0x61, 0x6e, 0x69, 0x66, 0x65, 0x73, 0x74, 0x2e, 0x69, 0x64, 0x29,
  0x3b, 0x0a, 0x20, 0x20, 0x20, 0x20, 0x7d, 0x2c, 0x0a, 0x20, 0x20, 0x20, 0x20, 0x73, 0x65, 0x72,
  0x76, 0x69, 0x63, 0x65, 0x2c, 0x0a, 0x20, 0x20, 0x20, 0x20, 0x2f, 0x2a, 0x2a, 0x20, 0x49, 0x6e,
  0x73, 0x74, 0x61, 0x6c, 0x6c, 0x65, 0x64, 0x20, 0x70, 0x6c, 0x75, 0x67, 0x69, 0x6e, 0x20, 0x69,
  0x64, 0x73, 0x2c, 0x20, 0x69, 0x6e, 0x20, 0x69, 0x6e, 0x73, 0x74, 0x61, 0x6c, 0x6c, 0x20, 0x6f,
  0x72, 0x64, 0x65, 0x72, 0x2e, 0x20, 0x2a, 0x2f, 0x0a, 0x20, 0x20, 0x20, 0x20, 0x70, 0x6c, 0x75,
  0x67, 0x69, 0x6e, 0x49, 0x64, 0x73, 0x3a, 0x20, 0x28, 0x29, 0x20, 0x3d, 0x3e, 0x20, 0x69, 0x64,
  0x73, 0x2e, 0x73, 0x6c, 0x69, 0x63, 0x65, 0x28, 0x29, 0x2c, 0x0a, 0x20, 0x20, 0x7d, 0x3b, 0x0a,
  0x7d, 0x0a,
  0x00
};

/* runtime/spike/install-pipeline.js (17251 bytes) */
static const unsigned char DSH_INSTALL_PIPELINE_JS[] = {
  0x2f, 0x2a, 0x2a, 0x0a, 0x20, 0x2a, 0x20, 0x69, 0x6e, 0x73, 0x74, 0x61, 0x6c, 0x6c, 0x2d, 0x70,
  0x69, 0x70, 0x65, 0x6c, 0x69, 0x6e, 0x65, 0x20, 0xe2, 0x80, 0x94, 0x20, 0x74, 0x68, 0x65, 0x20,
  0x4d, 0x33, 0x20, 0x70, 0x6c, 0x75, 0x67, 0x69, 0x6e, 0x20, 0x69, 0x6e, 0x73, 0x74, 0x61, 0x6c,
  0x6c, 0x20, 0x74, 0x72, 0x61, 0x6e, 0x73, 0x61, 0x63, 0x74, 0x69, 0x6f, 0x6e, 0x20, 0x28, 0x64,
  0x61, 0x74, 0x61, 0x2d, 0x70, 0x72, 0x6f, 0x74, 0x6f, 0x63, 0x6f, 0x6c, 0x73, 0x2e, 0x6d, 0x64,
  0x20, 0xc2, 0xa7, 0x34, 0x29, 0x3a, 0x0a, 0x20, 0x2a, 0x0a, 0x20, 0x2a, 0x20, 0x20, 0x20, 0x74,
  0x67, 0x7a, 0x20, 0x62, 0x79, 0x74, 0x65, 0x73, 0x20, 0xe2, 0x86, 0x92, 0x20, 0x64, 0x69, 0x67,
  0x65, 0x73, 0x74, 0x20, 0x28, 0x73, 0x68, 0x61, 0x32, 0x35, 0x36, 0x29, 0x20, 0xe2, 0x86, 0x92,
  0x20, 0x73, 0x74, 0x6f, 0x72, 0x65, 0x20, 0x61, 0x74, 0x20, 0x63, 0x61, 0x63, 0x68, 0x65, 0x2f,
  0x62, 0x6c, 0x6f, 0x62, 0x73, 0x2f, 0x3c, 0x73, 0x68, 0x61, 0x32, 0x35, 0x36, 0x3e, 0x20, 0xe2,
  0x86, 0x92, 0x20, 0x76, 0x65, 0x72, 0x69, 0x66, 0x79, 0x0a, 0x20, 0x2a, 0x20, 0x20, 0x20, 0x61,
  0x67, 0x61, 0x69, 0x6e, 0x73, 0x74, 0x20, 0x74, 0x68, 0x65, 0x20, 0x63, 0x61, 0x6c, 0x6c, 0x65,
  0x72, 0x27, 0x73, 0x20, 0x74, 0x72, 0x75, 0x73, 0x74, 0x20, 0x72, 0x65, 0x63, 0x6f, 0x72, 0x64,
  0x20, 0xe2, 0x86, 0x92, 0x20, 0x75, 0x6e, 0x74, 0x61, 0x72, 0x20, 0xe2, 0x86, 0x92, 0x20, 0x76,
  0x61, 0x6c, 0x69, 0x64, 0x61, 0x74, 0x65, 0x20, 0x6d, 0x61, 0x6e, 0x69, 0x66, 0x65, 0x73, 0x74,
  0x20, 0xe2, 0x86, 0x92, 0x20, 0x62, 0x75, 0x69, 0x6c, 0x64, 0x0a, 0x20, 0x2a, 0x20, 0x20, 0x20,
  0x74, 0x68, 0x65, 0x20, 0x69, 0x6e, 0x74, 0x65, 0x67, 0x72, 0x69, 0x74, 0x79, 0x20, 0x6c, 0x65,
  0x64, 0x67, 0x65, 0x72, 0x20, 0xe2, 0x86, 0x92, 0x20, 0x73, 0x74, 0x61, 0x67, 0x65, 0x20, 0x75,
  0x6e, 0x64, 0x65, 0x72, 0x20, 0x2e, 0x73, 0x74, 0x61, 0x67, 0x69, 0x6e, 0x67, 0x2d, 0x3c, 0x74,
  0x78, 0x49, 0x64, 0x3e, 0x2f, 0x20, 0xe2, 0x86, 0x92, 0x20, 0x72, 0x65, 0x61, 0x64, 0x2d, 0x62,
  0x61, 0x63, 0x6b, 0x0a, 0x20, 0x2a, 0x20, 0x20, 0x20, 0x72, 0x65, 0x2d, 0x76, 0x65, 0x72, 0x69,
  0x66, 0x79, 0x20, 0xe2, 0x86, 0x92, 0x20, 0x70, 0x72, 0x6f, 0x6d, 0x6f, 0x74, 0x65, 0x20, 0x74,
  0x6f, 0x20, 0x70, 0x6c, 0x75, 0x67, 0x69, 0x6e, 0x73, 0x2f, 0x3c, 0x70, 0x6b, 0x67, 0x3e, 0x40,
  0x3c, 0x73, 0x65, 0x6d, 0x76, 0x65, 0x72, 0x3e, 0x2f, 0x20, 0xe2, 0x86, 0x92, 0x20, 0x61, 0x70,
  0x70, 0x65, 0x6e, 0x64, 0x20, 0x74, 0x68, 0x65, 0x20, 0x72, 0x65, 0x63, 0x65, 0x69, 0x70, 0x74,
  0x0a, 0x20, 0x2a, 0x20, 0x20, 0x20, 0x28, 0x54, 0x48, 0x45, 0x20, 0x43, 0x4f, 0x4d, 0x4d, 0x49,
  0x54, 0x20, 0x50, 0x4f, 0x49, 0x4e, 0x54, 0x29, 0x2e, 0x0a, 0x20, 0x2a, 0x0a, 0x20, 0x2a, 0x20,
  0x45, 0x76, 0x65, 0x72, 0x79, 0x74, 0x68, 0x69, 0x6e, 0x67, 0x20, 0x69, 0x73, 0x20, 0x61, 0x20,
  0x64, 0x61, 0x74, 0x61, 0x20, 0x6f, 0x70, 0x65, 0x72, 0x61, 0x74, 0x69, 0x6f, 0x6e, 0x20, 0x6f,
  0x76, 0x65, 0x72, 0x20, 0x74, 0x68, 0x65, 0x20, 0x66, 0x72, 0x6f, 0x7a, 0x65, 0x6e, 0x20, 0x67,
  0x61, 0x74, 0x65, 0x77, 0x61, 0x79, 0x20, 0x66, 0x73, 0x20, 0x70, 0x72, 0x69, 0x6d, 0x69, 0x74,
  0x69, 0x76, 0x65, 0x73, 0x0a, 0x20, 0x2a, 0x20, 0x28, 0x66, 0x73, 0x52, 0x65, 0x61, 0x64, 0x2f,
  0x66, 0x73, 0x57, 0x72, 0x69, 0x74, 0x65, 0x20, 0x75, 0x6e, 0x64, 0x65, 0x72, 0x20, 0x74, 0x68,
  0x65, 0x20, 0x67, 0x72, 0x61, 0x6e, 0x74, 0x65, 0x64, 0x20, 0x73, 0x63, 0x6f, 0x70, 0x65, 0x29,
  0x20, 0xe2, 0x80, 0x94, 0x20, 0x6e, 0x6f, 0x20, 0x6e, 0x65, 0x77, 0x20, 0x67, 0x61, 0x74, 0x65,
  0x77, 0x61, 0x79, 0x20, 0x73, 0x75, 0x72, 0x66, 0x61, 0x63, 0x65, 0x2c, 0x20, 0x6e, 0x6f, 0x0a,
  0x20, 0x2a, 0x20, 0x68, 0x6f, 0x73, 0x74, 0x54, 0x79, 0x70, 0x65, 0x20, 0x62, 0x72, 0x61, 0x6e,
  0x63, 0x68, 0x69, 0x6e, 0x67, 0x2e, 0x20, 0x54, 0x68, 0x65, 0x20, 0x74, 0x72, 0x75, 0x73, 0x74,
  0x20, 0x72, 0x65, 0x63, 0x6f, 0x72, 0x64, 0x20, 0x28, 0x7b, 0x62, 0x6c, 0x6f, 0x62, 0x53, 0x68,
  0x61, 0x32, 0x35, 0x36, 0x2c, 0x20, 0x6d, 0x61, 0x6e, 0x69, 0x66, 0x65, 0x73, 0x74, 0x53, 0x68,
  0x61, 0x32, 0x35, 0x36, 0x7d, 0x29, 0x20, 0x73, 0x74, 0x61, 0x6e, 0x64, 0x73, 0x0a, 0x20, 0x2a,
  0x20, 0x69, 0x6e, 0x20, 0x66, 0x6f, 0x72, 0x20, 0x74, 0x68, 0x65, 0x20, 0x73, 0x69, 0x67, 0x6e,
  0x65, 0x64, 0x20, 0x63, 0x61, 0x74, 0x61, 0x6c, 0x6f, 0x67, 0x20, 0x61, 0x20, 0x72, 0x65, 0x61,
  0x6c, 0x20, 0x69, 0x6e, 0x73, 0x74, 0x61, 0x6c, 0x6c, 0x65, 0x72, 0x20, 0x63, 0x6f, 0x6e, 0x73,
  0x75, 0x6c, 0x74, 0x73, 0x2e, 0x20, 0x41, 0x74, 0x6f, 0x6d, 0x69, 0x63, 0x69, 0x74, 0x79, 0x3a,
  0x20, 0x74, 0x68, 0x65, 0x0a, 0x20, 0x2a, 0x20, 0x67, 0x61, 0x74, 0x65, 0x77, 0x61, 0x79, 0x20,
  0x66, 0x73, 0x20, 0x76, 0x31, 0x20, 0x68, 0x61, 0x73, 0x20, 0x6e, 0x6f, 0x20, 0x72, 0x65, 0x6e,
  0x61, 0x6d, 0x65, 0x20, 0x70, 0x72, 0x69, 0x6d, 0x69, 0x74, 0x69, 0x76, 0x65, 0x2c, 0x20, 0x73,
  0x6f, 0x20, 0x75, 0x6e, 0x70, 0x61, 0x63, 0x6b, 0x20, 0x77, 0x72, 0x69, 0x74, 0x65, 0x73, 0x20,
  0x61, 0x0a, 0x20, 0x2a, 0x20, 0x60, 0x2e, 0x73, 0x74, 0x61, 0x67, 0x69, 0x6e, 0x67, 0x2d, 0x3c,
  0x74, 0x78, 0x49, 0x64, 0x3e, 0x2f, 0x60, 0x20, 0x74, 0x72, 0x65, 0x65, 0x2c, 0x20, 0x72, 0x65,
  0x2d, 0x76, 0x65, 0x72, 0x69, 0x66, 0x69, 0x65, 0x73, 0x20, 0x65, 0x76, 0x65, 0x72, 0x79, 0x20,
  0x62, 0x79, 0x74, 0x65, 0x20, 0x74, 0x68, 0x72, 0x6f, 0x75, 0x67, 0x68, 0x20, 0x72, 0x65, 0x61,
  0x64, 0x2d, 0x62, 0x61, 0x63, 0x6b, 0x2c, 0x20, 0x74, 0x68, 0x65, 0x6e, 0x0a, 0x20, 0x2a, 0x20,
  0x70, 0x72, 0x6f, 0x6d, 0x6f, 0x74, 0x65, 0x73, 0x20, 0x28, 0x63, 0x6f, 0x70, 0x79, 0x29, 0x20,
  0x74, 0x6f, 0x20, 0x74, 0x68, 0x65, 0x20, 0x66, 0x69, 0x6e, 0x61, 0x6c, 0x20, 0x64, 0x69, 0x72,
  0x65, 0x63, 0x74, 0x6f, 0x72, 0x79, 0x3b, 0x20, 0x74, 0x68, 0x65, 0x20, 0x63, 0x6f, 0x6d, 0x6d,
  0x69, 0x74, 0x74, 0x65, 0x64, 0x20, 0x72, 0x65, 0x63, 0x65, 0x69, 0x70, 0x74, 0x20, 0x69, 0x73,
  0x20, 0x77, 0x68, 0x61, 0x74, 0x0a, 0x20, 0x2a, 0x20, 0x6d, 0x61, 0x6b, 0x65, 0x73, 0x20, 0x74,
  0x68, 0x65, 0x20, 0x74, 0x72, 0x65, 0x65, 0x20, 0x61, 0x75, 0x74, 0x68, 0x6f, 0x72, 0x69, 0x74,
  0x61, 0x74, 0x69, 0x76, 0x65, 0x20, 0xe2, 0x80, 0x94, 0x20, 0x61, 0x20, 0x63, 0x72, 0x61, 0x73,
  0x68, 0x20, 0x62, 0x65, 0x66, 0x6f, 0x72, 0x65, 0x20, 0x69, 0x74, 0x20, 0x6c, 0x65, 0x61, 0x76,
  0x65, 0x73, 0x20, 0x61, 0x20, 0x50, 0x45, 0x4e, 0x44, 0x49, 0x4e, 0x47, 0x20, 0x72, 0x65, 0x63,
  0x65, 0x69, 0x70, 0x74, 0x0a, 0x20, 0x2a, 0x20, 0x74, 0x68, 0x61, 0x74, 0x20, 0x73, 0x74, 0x61,
  0x72, 0x74, 0x75, 0x70, 0x20, 0x72, 0x65, 0x70, 0x6c, 0x61, 0x79, 0x20, 0x6d, 0x75, 0x73, 0x74,
  0x20, 0x72, 0x65, 0x73, 0x6f, 0x6c, 0x76, 0x65, 0x20, 0x28, 0x72, 0x65, 0x63, 0x65, 0x69, 0x70,
  0x74, 0x2d, 0x6a, 0x6f, 0x75, 0x72, 0x6e, 0x61, 0x6c, 0x2e, 0x6a, 0x73, 0x2c, 0x20, 0xc2, 0xa7,
  0x34, 0x20, 0x73, 0x65, 0x6d, 0x61, 0x6e, 0x74, 0x69, 0x63, 0x73, 0x29, 0x2e, 0x0a, 0x20, 0x2a,
  0x0a, 0x20, 0x2a, 0x20, 0x49, 0x4e, 0x53, 0x54, 0x41, 0x4c, 0x4c, 0x2d, 0x54, 0x49, 0x4d, 0x45,
  0x20, 0x43, 0x41, 0x50, 0x41, 0x42, 0x49, 0x4c, 0x49, 0x54, 0x59, 0x20, 0x4e, 0x45, 0x47, 0x4f,
  0x54, 0x49, 0x41, 0x54, 0x49, 0x4f, 0x4e, 0x3a, 0x20, 0x61, 0x66, 0x74, 0x65, 0x72, 0x20, 0x74,
  0x68, 0x65, 0x20, 0x6d, 0x61, 0x6e, 0x69, 0x66, 0x65, 0x73, 0x74, 0x20, 0x76, 0x61, 0x6c, 0x69,
  0x64, 0x61, 0x74, 0x65, 0x73, 0x2c, 0x20, 0x65, 0x76, 0x65, 0x72, 0x79, 0x0a, 0x20, 0x2a, 0x20,
  0x60, 0x63, 0x61, 0x70, 0x61, 0x62, 0x69, 0x6c, 0x69, 0x74, 0x69, 0x65, 0x73, 0x2e, 0x72, 0x65,
  0x71, 0x75, 0x69, 0x72, 0x65, 0x64, 0x60, 0x20, 0x65, 0x6e, 0x74, 0x72, 0x79, 0x20, 0x69, 0x73,
  0x20, 0x63, 0x68, 0x65, 0x63, 0x6b, 0x65, 0x64, 0x20, 0x61, 0x67, 0x61, 0x69, 0x6e, 0x73, 0x74,
  0x20, 0x74, 0x68, 0x65, 0x20, 0x68, 0x6f, 0x73, 0x74, 0x27, 0x73, 0x0a, 0x20, 0x2a, 0x20, 0x52,
  0x75, 0x6e, 0x74, 0x69, 0x6d, 0x65, 0x44, 0x65, 0x73, 0x63, 0x72, 0x69, 0x70, 0x74, 0x6f, 0x72,
  0x20, 0x28, 0x73, 0x65, 0x74, 0x20, 0x76, 0x69, 0x61, 0x20, 0x74, 0x68, 0x65, 0x20, 0x66, 0x72,
  0x6f, 0x7a, 0x65, 0x6e, 0x20, 0x62, 0x72, 0x69, 0x64, 0x67, 0x65, 0x2c, 0x20, 0x72, 0x65, 0x61,
  0x64, 0x20, 0x74, 0x68, 0x72, 0x6f, 0x75, 0x67, 0x68, 0x0a, 0x20, 0x2a, 0x20, 0x5f, 0x5f, 0x64,
  0x73, 0x68, 0x47, 0x61, 0x74, 0x65, 0x77, 0x61, 0x79, 0x44, 0x65, 0x73, 0x63, 0x72, 0x69, 0x70,
  0x74, 0x6f, 0x72, 0x29, 0x2e, 0x20, 0x41, 0x20, 0x72, 0x65, 0x71, 0x75, 0x69, 0x72, 0x65, 0x64,
  0x20, 0x63, 0x61, 0x70, 0x61, 0x62, 0x69, 0x6c, 0x69, 0x74, 0x79, 0x20, 0x74, 0x68, 0x65, 0x20,
  0x64, 0x65, 0x73, 0x63, 0x72, 0x69, 0x70, 0x74, 0x6f, 0x72, 0x20, 0x64, 0x6f, 0x65, 0x73, 0x20,
  0x6e, 0x6f, 0x74, 0x0a, 0x20, 0x2a, 0x20, 0x6f, 0x66, 0x66, 0x65, 0x72, 0x20, 0xe2, 0x80, 0x94,
  0x20, 0x69, 0x6e, 0x20, 0x70, 0x61, 0x72, 0x74, 0x69, 0x63, 0x75, 0x6c, 0x61, 0x72, 0x20, 0x6f,
  0x6e, 0x65, 0x20, 0x69, 0x74, 0x20, 0x64, 0x65, 0x63, 0x6c, 0x61, 0x72, 0x65, 0x73, 0x20, 0x75,
  0x6e, 0x61, 0x76, 0x61, 0x69, 0x6c, 0x61, 0x62, 0x6c, 0x65, 0x2c, 0x20, 0x68, 0x6f, 0x6e, 0x65,
  0x73, 0x74, 0x6c, 0x79, 0x2c, 0x20, 0x70, 0x65, 0x72, 0x0a, 0x20, 0x2a, 0x20, 0x70, 0x72, 0x69,
  0x6d, 0x69, 0x74, 0x69, 0x76, 0x65, 0x73, 0x2e, 0x6d, 0x64, 0x20, 0xc2, 0xa7, 0x37, 0x20, 0xe2,
  0x80, 0x94, 0x20, 0x72, 0x65, 0x6a, 0x65, 0x63, 0x74, 0x73, 0x20, 0x74, 0x68, 0x65, 0x20, 0x69,
  0x6e, 0x73, 0x74, 0x61, 0x6c, 0x6c, 0x20, 0x42, 0x45, 0x46, 0x4f, 0x52, 0x45, 0x20, 0x61, 0x6e,
  0x79, 0x74, 0x68, 0x69, 0x6e, 0x67, 0x20, 0x69, 0x73, 0x20, 0x75, 0x6e, 0x70, 0x61, 0x63, 0x6b,
  0x65, 0x64, 0x2e, 0x20, 0x41, 0x0a, 0x20, 0x2a, 0x20, 0x64, 0x65, 0x73, 0x63, 0x72, 0x69, 0x70,
  0x74, 0x6f, 0x72, 0x20, 0x74, 0x68, 0x61, 0x74, 0x20, 0x77, 0x61, 0x73, 0x20, 0x6e, 0x65, 0x76,
  0x65, 0x72, 0x20, 0x73, 0x65, 0x74, 0x20, 0x73, 0x6b, 0x69, 0x70, 0x73, 0x20, 0x6e, 0x65, 0x67,
  0x6f, 0x74, 0x69, 0x61, 0x74, 0x69, 0x6f, 0x6e, 0x20, 0x28, 0x6e, 0x6f, 0x74, 0x68, 0x69, 0x6e,
  0x67, 0x20, 0x77, 0x61, 0x73, 0x20, 0x64, 0x65, 0x63, 0x6c, 0x61, 0x72, 0x65, 0x64, 0x3b, 0x0a,
  0x20, 0x2a, 0x20, 0x61, 0x63, 0x74, 0x69, 0x76, 0x61, 0x74, 0x69, 0x6f, 0x6e, 0x2d, 0x74, 0x69,
  0x6d, 0x65, 0x20, 0x6e, 0x65, 0x67, 0x6f, 0x74, 0x69, 0x61, 0x74, 0x69, 0x6f, 0x6e, 0x20, 0x73,
  0x74, 0x69, 0x6c, 0x6c, 0x20, 0x61, 0x70, 0x70, 0x6c, 0x69, 0x65, 0x73, 0x29, 0x2e, 0x20, 0x60,
  0x67, 0x61, 0x74, 0x65, 0x77, 0x61, 0x79, 0x40, 0x31, 0x60, 0x20, 0x69, 0x73, 0x20, 0x74, 0x68,
  0x65, 0x20, 0x68, 0x6f, 0x73, 0x74, 0x27, 0x73, 0x20, 0x6f, 0x77, 0x6e, 0x0a, 0x20, 0x2a, 0x20,
  0x73, 0x75, 0x72, 0x66, 0x61, 0x63, 0x65, 0x20, 0x28, 0x64, 0x61, 0x74, 0x61, 0x2d, 0x70, 0x72,
  0x6f, 0x74, 0x6f, 0x63, 0x6f, 0x6c, 0x73, 0x2e, 0x6d, 0x64, 0x20, 0xc2, 0xa7, 0x32, 0x29, 0x20,
  0x61, 0x6e, 0x64, 0x20, 0x61, 0x6c, 0x77, 0x61, 0x79, 0x73, 0x20, 0x73, 0x61, 0x74, 0x69, 0x73,
  0x66, 0x69, 0x65, 0x64, 0x2e, 0x0a, 0x20, 0x2a, 0x0a, 0x20, 0x2a, 0x20, 0x52, 0x45, 0x43, 0x45,
  0x49, 0x50, 0x54, 0x20, 0x4a, 0x4f, 0x55, 0x52, 0x4e, 0x41, 0x4c, 0x20, 0x28, 0x6f, 0x70, 0x74,
  0x2d, 0x69, 0x6e, 0x20, 0x60, 0x6a, 0x6f, 0x75, 0x72, 0x6e, 0x61, 0x6c, 0x3a, 0x20, 0x74, 0x72,
  0x75, 0x65, 0x60, 0x29, 0x3a, 0x20, 0x74, 0x68, 0x65, 0x20, 0x70, 0x69, 0x70, 0x65, 0x6c, 0x69,
  0x6e, 0x65, 0x20, 0x74, 0x68, 0x65, 0x6e, 0x20, 0x61, 0x70, 0x70, 0x65, 0x6e, 0x64, 0x73, 0x20,
  0x65, 0x61, 0x63, 0x68, 0x0a, 0x20, 0x2a, 0x20, 0x72, 0x65, 0x63, 0x65, 0x69, 0x70, 0x74, 0x20,
  0x41, 0x4c, 0x53, 0x4f, 0x20, 0x74, 0x6f, 0x20, 0x60, 0x72, 0x65, 0x63, 0x65, 0x69, 0x70, 0x74,
  0x73, 0x2f, 0x6a, 0x6f, 0x75, 0x72, 0x6e, 0x61, 0x6c, 0x2e, 0x6a, 0x73, 0x6f, 0x6e, 0x6c, 0x60,
  0x20, 0xe2, 0x80, 0x94, 0x20, 0x70, 0x65, 0x6e, 0x64, 0x69, 0x6e, 0x67, 0x20, 0x42, 0x45, 0x46,
  0x4f, 0x52, 0x45, 0x20, 0x74, 0x68, 0x65, 0x20, 0x75, 0x6e, 0x70, 0x61, 0x63, 0x6b, 0x0a, 0x20,
  0x2a, 0x20, 0x62, 0x65, 0x67, 0x69, 0x6e, 0x73, 0x20, 0x28, 0xc2, 0xa7, 0x34, 0x20, 0x73, 0x74,
  0x65, 0x70, 0x20, 0x31, 0xe2, 0x80, 0x93, 0x33, 0x2d, 0x69, 0x6e, 0x74, 0x65, 0x72, 0x72, 0x75,
  0x70, 0x74, 0x65, 0x64, 0x20, 0x73, 0x74, 0x61, 0x74, 0x65, 0x29, 0x2c, 0x20, 0x63, 0x6f, 0x6d,
  0x6d, 0x69, 0x74, 0x74, 0x65, 0x64, 0x20, 0x61, 0x74, 0x20, 0x74, 0x68, 0x65, 0x20, 0x63, 0x6f,
  0x6d, 0x6d, 0x69, 0x74, 0x20, 0x70, 0x6f, 0x69, 0x6e, 0x74, 0x2c, 0x0a, 0x20, 0x2a, 0x20, 0x72,
  0x6f, 0x6c, 0x6c, 0x65, 0x64, 0x2d, 0x62, 0x61, 0x63, 0x6b, 0x20, 0x69, 0x66, 0x20, 0x61, 0x20,
  0x66, 0x61, 0x69, 0x6c, 0x75, 0x72, 0x65, 0x20, 0x68, 0x61, 0x70, 0x70, 0x65, 0x6e, 0x73, 0x20,
  0x61, 0x66, 0x74, 0x65, 0x72, 0x20, 0x74, 0x68, 0x65, 0x20, 0x70, 0x65, 0x6e, 0x64, 0x69, 0x6e,
  0x67, 0x20, 0x72, 0x65, 0x63, 0x65, 0x69, 0x70, 0x74, 0x20, 0x65, 0x78, 0x69, 0x73, 0x74, 0x73,
  0x2e, 0x20, 0x54, 0x68, 0x65, 0x0a, 0x20, 0x2a, 0x20, 0x6a, 0x6f, 0x75, 0x72, 0x6e, 0x61, 0x6c,
  0x20, 0x69, 0x73, 0x20, 0x61, 0x70, 0x70, 0x65, 0x6e, 0x64, 0x2d, 0x6f, 0x6e, 0x6c, 0x79, 0x20,
  0x61, 0x6e, 0x64, 0x20, 0x67, 0x69, 0x76, 0x65, 0x73, 0x20, 0x74, 0x68, 0x65, 0x20, 0x73, 0x74,
  0x61, 0x72, 0x74, 0x75, 0x70, 0x20, 0x72, 0x65, 0x70, 0x6c, 0x61, 0x79, 0x20, 0x69, 0x74, 0x73,
  0x20, 0x65, 0x6e, 0x75, 0x6d, 0x65, 0x72, 0x61, 0x74, 0x69, 0x6f, 0x6e, 0x20, 0x28, 0x74, 0x68,
  0x65, 0x0a, 0x20, 0x2a, 0x20, 0x66, 0x73, 0x20, 0x76, 0x31, 0x20, 0x68, 0x61, 0x73, 0x20, 0x6e,
  0x6f, 0x20, 0x72, 0x65, 0x61, 0x64, 0x64, 0x69, 0x72, 0x29, 0x2e, 0x20, 0x57, 0x69, 0x74, 0x68,
  0x6f, 0x75, 0x74, 0x20, 0x74, 0x68, 0x65, 0x20, 0x66, 0x6c, 0x61, 0x67, 0x20, 0x74, 0x68, 0x65,
  0x20, 0x70, 0x69, 0x70, 0x65, 0x6c, 0x69, 0x6e, 0x65, 0x20, 0x62, 0x65, 0x68, 0x61, 0x76, 0x65,
  0x73, 0x20, 0x65, 0x78, 0x61, 0x63, 0x74, 0x6c, 0x79, 0x20, 0x61, 0x73, 0x0a, 0x20, 0x2a, 0x20,
  0x62, 0x65, 0x66, 0x6f, 0x72, 0x65, 0x20, 0x28, 0x73, 0x69, 0x6e, 0x67, 0x6c, 0x65, 0x20, 0x63,
  0x6f, 0x6d, 0x6d, 0x69, 0x74, 0x74, 0x65, 0x64, 0x20, 0x72, 0x65, 0x63, 0x65, 0x69, 0x70, 0x74,
  0x20, 0x66, 0x69, 0x6c, 0x65, 0x29, 0x2c, 0x20, 0x6b, 0x65, 0x65, 0x70, 0x69, 0x6e, 0x67, 0x20,
  0x70, 0x6c, 0x61, 0x74, 0x66, 0x6f, 0x72, 0x6d, 0x73, 0x20, 0x74, 0x68, 0x61, 0x74, 0x20, 0x68,
  0x61, 0x76, 0x65, 0x20, 0x6e, 0x6f, 0x74, 0x0a, 0x20, 0x2a, 0x20, 0x61, 0x64, 0x6f, 0x70, 0x74,
  0x65, 0x64, 0x20, 0x74, 0x68, 0x65, 0x20, 0x6a, 0x6f, 0x75, 0x72, 0x6e, 0x61, 0x6c, 0x20, 0x62,
  0x79, 0x74, 0x65, 0x2d, 0x66, 0x6f, 0x72, 0x2d, 0x62, 0x79, 0x74, 0x65, 0x20, 0x63, 0x6f, 0x6d,
  0x70, 0x61, 0x74, 0x69, 0x62, 0x6c, 0x65, 0x20, 0x69, 0x6e, 0x20, 0x62, 0x65, 0x68, 0x61, 0x76,
  0x69, 0x6f, 0x72, 0x2e, 0x0a, 0x20, 0x2a, 0x0a, 0x20, 0x2a, 0x20, 0x41, 0x20, 0x72, 0x65, 0x6a,
  0x65, 0x63, 0x74, 0x65, 0x64, 0x20, 0x69, 0x6e, 0x73, 0x74, 0x61, 0x6c, 0x6c, 0x20, 0x28, 0x64,
  0x69, 0x67, 0x65, 0x73, 0x74, 0x2c, 0x20, 0x6d, 0x61, 0x6e, 0x69, 0x66, 0x65, 0x73, 0x74, 0x2c,
  0x20, 0x6f, 0x72, 0x20, 0x63, 0x61, 0x70, 0x61, 0x62, 0x69, 0x6c, 0x69, 0x74, 0x79, 0x20, 0x6d,
  0x69, 0x73, 0x6d, 0x61, 0x74, 0x63, 0x68, 0x29, 0x20, 0x61, 0x62, 0x6f, 0x72, 0x74, 0x73, 0x0a,
  0x20, 0x2a, 0x20, 0x42, 0x45, 0x46, 0x4f, 0x52, 0x45, 0x20, 0x70, 0x72, 0x6f, 0x6d, 0x6f, 0x74,
  0x69, 0x6f, 0x6e, 0x20, 0x61, 0x6e, 0x64, 0x20, 0x77, 0x72, 0x69, 0x74, 0x65, 0x73, 0x20, 0x4e,
  0x4f, 0x20, 0x72, 0x65, 0x63, 0x65, 0x69, 0x70, 0x74, 0x20, 0xe2, 0x80, 0x94, 0x20, 0x74, 0x68,
  0x65, 0x20, 0x74, 0x72, 0x61, 0x6e, 0x73, 0x61, 0x63, 0x74, 0x69, 0x6f, 0x6e, 0x20, 0x6e, 0x65,
  0x76, 0x65, 0x72, 0x20, 0x72, 0x65, 0x61, 0x63, 0x68, 0x65, 0x64, 0x0a, 0x20, 0x2a, 0x20, 0x69,
  0x74, 0x73, 0x20, 0x63, 0x6f, 0x6d, 0x6d, 0x69, 0x74, 0x20, 0x70, 0x6f, 0x69, 0x6e, 0x74, 0x2e,
  0x0a, 0x20, 0x2a, 0x0a, 0x20, 0x2a, 0x20, 0x54, 0x68, 0x65, 0x20, 0x70, 0x69, 0x70, 0x65, 0x6c,
  0x69, 0x6e, 0x65, 0x20, 0x6e, 0x65, 0x76, 0x65, 0x72, 0x20, 0x6c, 0x6f, 0x67, 0x73, 0x20, 0x73,
  0x63, 0x65, 0x6e, 0x61, 0x72, 0x69, 0x6f, 0x20, 0x65, 0x76, 0x65, 0x6e, 0x74, 0x73, 0x20, 0x69,
  0x74, 0x73, 0x65, 0x6c, 0x66, 0x3b, 0x20, 0x69, 0x74, 0x20, 0x72, 0x65, 0x70, 0x6f, 0x72, 0x74,
  0x73, 0x20, 0x6c, 0x69, 0x66, 0x65, 0x63, 0x79, 0x63, 0x6c, 0x65, 0x0a, 0x20, 0x2a, 0x20, 0x70,
  0x72, 0x6f, 0x67, 0x72, 0x65, 0x73, 0x73, 0x20, 0x74, 0x68, 0x72, 0x6f, 0x75, 0x67, 0x68, 0x20,
  0x74, 0x68, 0x65, 0x20, 0x60, 0x6f, 0x6e, 0x28, 0x73, 0x74, 0x65, 0x70, 0x2c, 0x20, 0x66, 0x69,
  0x65, 0x6c, 0x64, 0x73, 0x29, 0x60, 0x20, 0x63, 0x61, 0x6c, 0x6c, 0x62, 0x61, 0x63, 0x6b, 0x20,
  0x28, 0x65, 0x76, 0x65, 0x6e, 0x74, 0x2d, 0x64, 0x72, 0x69, 0x76, 0x65, 0x6e, 0x2c, 0x20, 0x44,
  0x38, 0x29, 0x20, 0x73, 0x6f, 0x20, 0x74, 0x68, 0x65, 0x0a, 0x20, 0x2a, 0x20, 0x63, 0x61, 0x6c,
  0x6c, 0x69, 0x6e, 0x67, 0x20, 0x73, 0x63, 0x65, 0x6e, 0x61, 0x72, 0x69, 0x6f, 0x20, 0x6f, 0x77,
  0x6e, 0x73, 0x20, 0x74, 0x68, 0x65, 0x20, 0x45, 0x32, 0x45, 0x20, 0x6c, 0x6f, 0x67, 0x20, 0x73,
  0x74, 0x72, 0x65, 0x61, 0x6d, 0x2e, 0x0a, 0x20, 0x2a, 0x2f, 0x0a, 0x69, 0x6d, 0x70, 0x6f, 0x72,
  0x74, 0x20, 0x7b, 0x20, 0x63, 0x72, 0x65, 0x61, 0x74, 0x65, 0x4c, 0x6f, 0x67, 0x67, 0x65, 0x72,
  0x20, 0x7d, 0x20, 0x66, 0x72, 0x6f, 0x6d, 0x20, 0x27, 0x6c, 0x6f, 0x67, 0x67, 0x65, 0x72, 0x2e,
  0x6a, 0x73, 0x27, 0x3b, 0x0a, 0x69, 0x6d, 0x70, 0x6f, 0x72, 0x74, 0x20, 0x7b, 0x20, 0x66, 0x73,
  0x52, 0x65, 0x61, 0x64, 0x2c, 0x20, 0x66, 0x73, 0x57, 0x72, 0x69, 0x74, 0x65, 0x20, 0x7d, 0x20,
  0x66, 0x72, 0x6f, 0x6d, 0x20, 0x27, 0x67, 0x61, 0x74, 0x65, 0x77, 0x61, 0x79, 0x2e, 0x6a, 0x73,
  0x27, 0x3b, 0x0a, 0x69, 0x6d, 0x70, 0x6f, 0x72, 0x74, 0x20, 0x7b, 0x20, 0x73, 0x68, 0x61, 0x32,
  0x35, 0x36, 0x48, 0x65, 0x78, 0x20, 0x7d, 0x20, 0x66, 0x72, 0x6f, 0x6d, 0x20, 0x27, 0x73, 0x68,
  0x61, 0x32, 0x35, 0x36, 0x2e, 0x6a, 0x73, 0x27, 0x3b, 0x0a, 0x69, 0x6d, 0x70, 0x6f, 0x72, 0x74,
  0x20, 0x7b, 0x20, 0x74, 0x61, 0x72, 0x52, 0x65, 0x61, 0x64, 0x20, 0x7d, 0x20, 0x66, 0x72, 0x6f,
  0x6d, 0x20, 0x27, 0x74, 0x61, 0x72, 0x2d, 0x6d, 0x69, 0x6e, 0x69, 0x2e, 0x6a, 0x73, 0x27, 0x3b,
  0x0a, 0x0a, 0x63, 0x6f, 0x6e, 0x73, 0x74, 0x20, 0x6c, 0x6f, 0x67, 0x20, 0x3d, 0x20, 0x63, 0x72,
  0x65, 0x61, 0x74, 0x65, 0x4c, 0x6f, 0x67, 0x67, 0x65, 0x72, 0x28, 0x27, 0x64, 0x73, 0x68, 0x2e,
  0x69, 0x6e, 0x73, 0x74, 0x61, 0x6c, 0x6c, 0x27, 0x29, 0x3b, 0x0a, 0x63, 0x6f, 0x6e, 0x73, 0x74,
  0x20, 0x53, 0x43, 0x4f, 0x50, 0x45, 0x20, 0x3d, 0x20, 0x27, 0x61, 0x70, 0x70, 0x27, 0x3b, 0x0a,
  0x0a, 0x2f, 0x2a, 0x2a, 0x20, 0x52, 0x65, 0x6a, 0x65, 0x63, 0x74, 0x65, 0x64, 0x20, 0x69, 0x6e,
  0x73, 0x74, 0x61, 0x6c, 0x6c, 0x3a, 0x20, 0x74, 0x68, 0x65, 0x20, 0x70, 0x61, 0x63, 0x6b, 0x61,
  0x67, 0x65, 0x20, 0x6e, 0x65, 0x76, 0x65, 0x72, 0x20, 0x6d, 0x61, 0x74, 0x63, 0x68, 0x65, 0x64,
  0x20, 0x69, 0x74, 0x73, 0x20, 0x74, 0x72, 0x75, 0x73, 0x74, 0x20, 0x72, 0x65, 0x63, 0x6f, 0x72,
  0x64, 0x2e, 0x20, 0x2a, 0x2f, 0x0a, 0x65, 0x78, 0x70, 0x6f, 0x72, 0x74, 0x20, 0x63, 0x6c, 0x61,
  0x73, 0x73, 0x20, 0x49, 0x6e, 0x73, 0x74, 0x61, 0x6c, 0x6c, 0x52, 0x65, 0x6a, 0x65, 0x63, 0x74,
  0x65, 0x64, 0x20, 0x65, 0x78, 0x74, 0x65, 0x6e, 0x64, 0x73, 0x20, 0x45, 0x72, 0x72, 0x6f, 0x72,
  0x20, 0x7b, 0x0a, 0x20, 0x20, 0x63, 0x6f, 0x6e, 0x73, 0x74, 0x72, 0x75, 0x63, 0x74, 0x6f, 0x72,
  0x28, 0x63, 0x6f, 0x64, 0x65, 0x2c, 0x20, 0x6d, 0x65, 0x73, 0x73, 0x61, 0x67, 0x65, 0x2c, 0x20,
  0x64, 0x65, 0x74, 0x61, 0x69, 0x6c, 0x20, 0x3d, 0x20, 0x7b, 0x7d, 0x29, 0x20, 0x7b, 0x0a, 0x20,
  0x20, 0x20, 0x20, 0x73, 0x75, 0x70, 0x65, 0x72, 0x28, 0x6d, 0x65, 0x73, 0x73, 0x61, 0x67, 0x65,
  0x29, 0x3b, 0x0a, 0x20, 0x20, 0x20, 0x20, 0x74, 0x68, 0x69, 0x73, 0x2e, 0x6e, 0x61, 0x6d, 0x65,
  0x20, 0x3d, 0x20, 0x27, 0x49, 0x6e, 0x73, 0x74, 0x61, 0x6c, 0x6c, 0x52, 0x65, 0x6a, 0x65, 0x63,
  0x74, 0x65, 0x64, 0x27, 0x3b, 0x0a, 0x20, 0x20, 0x20, 0x20, 0x74, 0x68, 0x69, 0x73, 0x2e, 0x63,
  0x6f, 0x64, 0x65, 0x20, 0x3d, 0x20, 0x63, 0x6f, 0x64, 0x65, 0x3b, 0x0a, 0x20, 0x20, 0x20, 0x20,
  0x74, 0x68, 0x69, 0x73, 0x2e, 0x64, 0x65, 0x74, 0x61, 0x69, 0x6c, 0x20, 0x3d, 0x20, 0x64, 0x65,
  0x74, 0x61, 0x69, 0x6c, 0x3b, 0x0a, 0x20, 0x20, 0x20, 0x20, 0x6c, 0x6f, 0x67, 0x2e, 0x64, 0x65,
  0x62, 0x75, 0x67, 0x28, 0x27, 0x69, 0x6e, 0x73, 0x74, 0x61, 0x6c, 0x6c, 0x20, 0x72, 0x65, 0x6a,
  0x65, 0x63, 0x74, 0x65, 0x64, 0x27, 0x2c, 0x20, 0x7b, 0x20, 0x63, 0x6f, 0x64, 0x65, 0x2c, 0x20,
  0x6d, 0x65, 0x73, 0x73, 0x61, 0x67, 0x65, 0x20, 0x7d, 0x29, 0x3b, 0x0a, 0x20, 0x20, 0x7d, 0x0a,
  0x7d, 0x0a, 0x0a, 0x63, 0x6f, 0x6e, 0x73, 0x74, 0x20, 0x53, 0x45, 0x4d, 0x56, 0x45, 0x52, 0x20,
  0x3d, 0x20, 0x2f, 0x5e, 0x28, 0x30, 0x7c, 0x5b, 0x31, 0x2d, 0x39, 0x5d, 0x5c, 0x64, 0x2a, 0x29,
  0x5c, 0x2e, 0x28, 0x30, 0x7c, 0x5b, 0x31, 0x2d, 0x39, 0x5d, 0x5c, 0x64, 0x2a, 0x29, 0x5c, 0x2e,
  0x28, 0x30, 0x7c, 0x5b, 0x31, 0x2d, 0x39, 0x5d, 0x5c, 0x64, 0x2a, 0x29, 0x28, 0x3f, 0x3a, 0x2d,
  0x5b, 0x30, 0x2d, 0x39, 0x41, 0x2d, 0x5a, 0x61, 0x2d, 0x7a, 0x2e, 0x2d, 0x5d, 0x2b, 0x29, 0x3f,
  0x28, 0x3f, 0x3a, 0x5c, 0x2b, 0x5b, 0x30, 0x2d, 0x39, 0x41, 0x2d, 0x5a, 0x61, 0x2d, 0x7a, 0x2e,
  0x2d, 0x5d, 0x2b, 0x29, 0x3f, 0x24, 0x2f, 0x3b, 0x0a, 0x63, 0x6f, 0x6e, 0x73, 0x74, 0x20, 0x50,
  0x4b, 0x47, 0x5f, 0x49, 0x44, 0x20, 0x3d, 0x20, 0x2f, 0x5e, 0x5b, 0x61, 0x2d, 0x7a, 0x30, 0x2d,
  0x39, 0x5d, 0x5b, 0x61, 0x2d, 0x7a, 0x30, 0x2d, 0x39, 0x2e, 0x2d, 0x5d, 0x2a, 0x24, 0x2f, 0x3b,
  0x0a, 0x63, 0x6f, 0x6e, 0x73, 0x74, 0x20, 0x43, 0x41, 0x50, 0x41, 0x42, 0x49, 0x4c, 0x49, 0x54,
  0x59, 0x20, 0x3d, 0x20, 0x2f, 0x5e, 0x5b, 0x61, 0x2d, 0x7a, 0x41, 0x2d, 0x5a, 0x5d, 0x5b, 0x61,
  0x2d, 0x7a, 0x41, 0x2d, 0x5a, 0x30, 0x2d, 0x39, 0x2e, 0x2d, 0x5d, 0x2a, 0x28, 0x40, 0x5b, 0x30,
  0x2d, 0x39, 0x5d, 0x2b, 0x29, 0x3f, 0x24, 0x2f, 0x3b, 0x0a, 0x63, 0x6f, 0x6e, 0x73, 0x74, 0x20,
  0x52, 0x45, 0x4c, 0x5f, 0x50, 0x41, 0x54, 0x48, 0x20, 0x3d, 0x20, 0x2f, 0x5e, 0x28, 0x3f, 0x21,
  0x5c, 0x2f, 0x29, 0x28, 0x3f, 0x21, 0x28, 0x5e, 0x7c, 0x5c, 0x2f, 0x29, 0x5c, 0x2e, 0x5c, 0x2e,
  0x28, 0x24, 0x7c, 0x5c, 0x2f, 0x29, 0x29, 0x2e, 0x2b, 0x24, 0x2f, 0x3b, 0x0a, 0x0a, 0x63, 0x6f,
  0x6e, 0x73, 0x74, 0x20, 0x69, 0x73, 0x53, 0x74, 0x72, 0x20, 0x3d, 0x20, 0x28, 0x76, 0x29, 0x20,
  0x3d, 0x3e, 0x20, 0x74, 0x79, 0x70, 0x65, 0x6f, 0x66, 0x20, 0x76, 0x20, 0x3d, 0x3d, 0x3d, 0x20,
  0x27, 0x73, 0x74, 0x72, 0x69, 0x6e, 0x67, 0x27, 0x3b, 0x0a, 0x0a, 0x2f, 0x2a, 0x2a, 0x20, 0x43,
  0x61, 0x70, 0x61, 0x62, 0x69, 0x6c, 0x69, 0x74, 0x79, 0x20, 0x61, 0x72, 0x72, 0x61, 0x79, 0x20,
  0x63, 0x68, 0x65, 0x63, 0x6b, 0x3a, 0x20, 0x73, 0x74, 0x72, 0x69, 0x6e, 0x67, 0x73, 0x20, 0x6d,
  0x61, 0x74, 0x63, 0x68, 0x69, 0x6e, 0x67, 0x20, 0x74, 0x68, 0x65, 0x20, 0xc2, 0xa7, 0x35, 0x20,
  0x67, 0x72, 0x61, 0x6d, 0x6d, 0x61, 0x72, 0x2e, 0x20, 0x2a, 0x2f, 0x0a, 0x63, 0x6f, 0x6e, 0x73,
  0x74, 0x20, 0x63, 0x61, 0x70, 0x73, 0x50, 0x72, 0x6f, 0x62, 0x6c, 0x65, 0x6d, 0x20, 0x3d, 0x20,
  0x28, 0x6c, 0x69, 0x73, 0x74, 0x29, 0x20, 0x3d, 0x3e, 0x20, 0x7b, 0x0a, 0x20, 0x20, 0x6c, 0x6f,
  0x67, 0x2e, 0x64, 0x65, 0x62, 0x75, 0x67, 0x28, 0x27, 0x76, 0x61, 0x6c, 0x69, 0x64, 0x61, 0x74,
  0x65, 0x20, 0x63, 0x61, 0x70, 0x61, 0x62, 0x69, 0x6c, 0x69, 0x74, 0x69, 0x65, 0x73, 0x27, 0x2c,
  0x20, 0x7b, 0x20, 0x63, 0x6f, 0x75, 0x6e, 0x74, 0x3a, 0x20, 0x6c, 0x69, 0x73, 0x74, 0x2e, 0x6c,
  0x65, 0x6e, 0x67, 0x74, 0x68, 0x20, 0x7d, 0x29, 0x3b, 0x0a, 0x20, 0x20, 0x69, 0x66, 0x20, 0x28,
  0x21, 0x41, 0x72, 0x72, 0x61, 0x79, 0x2e, 0x69, 0x73, 0x41, 0x72, 0x72, 0x61, 0x79, 0x28, 0x6c,
  0x69, 0x73, 0x74, 0x29, 0x29, 0x20, 0x72, 0x65, 0x74, 0x75, 0x72, 0x6e, 0x20, 0x27, 0x63, 0x61,
  0x70, 0x61, 0x62, 0x69, 0x6c, 0x69, 0x74, 0x69, 0x65, 0x73, 0x20, 0x65, 0x6e, 0x74, 0x72, 0x69,
  0x65, 0x73, 0x20, 0x6d, 0x75, 0x73, 0x74, 0x20, 0x62, 0x65, 0x20, 0x61, 0x6e, 0x20, 0x61, 0x72,
  0x72, 0x61, 0x79, 0x27, 0x3b, 0x0a, 0x20, 0x20, 0x72, 0x65, 0x74, 0x75, 0x72, 0x6e, 0x20, 0x6c,
  0x69, 0x73, 0x74, 0x2e, 0x66, 0x69, 0x6e, 0x64, 0x28, 0x28, 0x63, 0x29, 0x20, 0x3d, 0x3e, 0x20,
  0x21, 0x69, 0x73, 0x53, 0x74, 0x72, 0x28, 0x63, 0x29, 0x20, 0x7c, 0x7c, 0x20, 0x21, 0x43, 0x41,
  0x50, 0x41, 0x42, 0x49, 0x4c, 0x49, 0x54, 0x59, 0x2e, 0x74, 0x65, 0x73, 0x74, 0x28, 0x63, 0x29,
  0x29, 0x0a, 0x20, 0x20, 0x20, 0x20, 0x3f, 0x20, 0x60, 0x62, 0x61, 0x64, 0x20, 0x63, 0x61, 0x70,
  0x61, 0x62, 0x69, 0x6c, 0x69, 0x74, 0x79, 0x20, 0x73, 0x74, 0x72, 0x69, 0x6e, 0x67, 0x20, 0x69,
  0x6e, 0x20, 0x24, 0x7b, 0x4a, 0x53, 0x4f, 0x4e, 0x2e, 0x73, 0x74, 0x72, 0x69, 0x6e, 0x67, 0x69,
  0x66, 0x79, 0x28, 0x6c, 0x69, 0x73, 0x74, 0x29, 0x7d, 0x60, 0x20, 0x3a, 0x20, 0x6e, 0x75, 0x6c,
  0x6c, 0x3b, 0x0a, 0x7d, 0x3b, 0x0a, 0x0a, 0x2f, 0x2a, 0x2a, 0x0a, 0x20, 0x2a, 0x20, 0x4d, 0x69,
  0x6e, 0x69, 0x6d, 0x61, 0x6c, 0x20, 0x73, 0x74, 0x72, 0x69, 0x63, 0x74, 0x20, 0x6d, 0x61, 0x6e,
  0x69, 0x66, 0x65, 0x73, 0x74, 0x20, 0x76, 0x61, 0x6c, 0x69, 0x64, 0x61, 0x74, 0x6f, 0x72, 0x20,
  0x28, 0x6d, 0x61, 0x6e, 0x69, 0x66, 0x65, 0x73, 0x74, 0x2e, 0x73, 0x63, 0x68, 0x65, 0x6d, 0x61,
  0x2e, 0x6a, 0x73, 0x6f, 0x6e, 0x2c, 0x20, 0x73, 0x63, 0x68, 0x65, 0x6d, 0x61, 0x56, 0x65, 0x72,
  0x73, 0x69, 0x6f, 0x6e, 0x20, 0x31, 0x29, 0x3a, 0x0a, 0x20, 0x2a, 0x20, 0x72, 0x65, 0x71, 0x75,
  0x69, 0x72, 0x65, 0x64, 0x20, 0x66, 0x69, 0x65, 0x6c, 0x64, 0x73, 0x20, 0x70, 0x72, 0x65, 0x73,
  0x65, 0x6e, 0x74, 0x2c, 0x20, 0x55, 0x4e, 0x4b, 0x4e, 0x4f, 0x57, 0x4e, 0x20, 0x66, 0x69, 0x65,
  0x6c, 0x64, 0x73, 0x20, 0x72, 0x65, 0x6a, 0x65, 0x63, 0x74, 0x65, 0x64, 0x20, 0x28, 0x61, 0x64,
  0x64, 0x69, 0x74, 0x69, 0x6f, 0x6e, 0x61, 0x6c, 0x50, 0x72, 0x6f, 0x70, 0x65, 0x72, 0x74, 0x69,
  0x65, 0x73, 0x0a, 0x20, 0x2a, 0x20, 0x66, 0x61, 0x6c, 0x73, 0x65, 0x20, 0xe2, 0x80, 0x94, 0x20,
  0x66, 0x61, 0x69, 0x6c, 0x20, 0x6c, 0x6f, 0x75, 0x64, 0x20, 0x70, 0x65, 0x72, 0x20, 0x72, 0x75,
  0x6c, 0x65, 0x20, 0x35, 0x29, 0x2c, 0x20, 0x70, 0x61, 0x74, 0x74, 0x65, 0x72, 0x6e, 0x73, 0x20,
  0x65, 0x6e, 0x66, 0x6f, 0x72, 0x63, 0x65, 0x64, 0x2e, 0x20, 0x52, 0x65, 0x74, 0x75, 0x72, 0x6e,
  0x73, 0x20, 0x61, 0x20, 0x70, 0x72, 0x6f, 0x62, 0x6c, 0x65, 0x6d, 0x20, 0x73, 0x74, 0x72, 0x69,
  0x6e, 0x67, 0x0a, 0x20, 0x2a, 0x20, 0x6f, 0x72, 0x20, 0x6e, 0x75, 0x6c, 0x6c, 0x2e, 0x20, 0x52,
  0x65, 0x61, 0x64, 0x69, 0x6e, 0x67, 0x20, 0x61, 0x20, 0x6d, 0x61, 0x6e, 0x69, 0x66, 0x65, 0x73,
  0x74, 0x20, 0x6d, 0x75, 0x73, 0x74, 0x20, 0x6e, 0x65, 0x76, 0x65, 0x72, 0x20, 0x65, 0x78, 0x65,
  0x63, 0x75, 0x74, 0x65, 0x20, 0x63, 0x6f, 0x64, 0x65, 0x20, 0xe2, 0x80, 0x94, 0x20, 0x74, 0x68,
  0x69, 0x73, 0x20, 0x73, 0x74, 0x61, 0x79, 0x73, 0x20, 0x73, 0x74, 0x61, 0x74, 0x69, 0x63, 0x2e,
  0x0a, 0x20, 0x2a, 0x2f, 0x0a, 0x65, 0x78, 0x70, 0x6f, 0x72, 0x74, 0x20, 0x63, 0x6f, 0x6e, 0x73,
  0x74, 0x20, 0x76, 0x61, 0x6c, 0x69, 0x64, 0x61, 0x74, 0x65, 0x4d, 0x61, 0x6e, 0x69, 0x66, 0x65,
  0x73, 0x74, 0x20, 0x3d, 0x20, 0x28, 0x6d, 0x29, 0x20, 0x3d, 0x3e, 0x20, 0x7b, 0x0a, 0x20, 0x20,
  0x6c, 0x6f, 0x67, 0x2e, 0x64, 0x65, 0x62, 0x75, 0x67, 0x28, 0x27, 0x76, 0x61, 0x6c, 0x69, 0x64,
  0x61, 0x74, 0x65, 0x20, 0x6d, 0x61, 0x6e, 0x69, 0x66, 0x65, 0x73, 0x74, 0x27, 0x2c, 0x20, 0x7b,
  0x20, 0x69, 0x64, 0x3a, 0x20, 0x6d, 0x3f, 0x2e, 0x69, 0x64, 0x20, 0x7d, 0x29, 0x3b, 0x0a, 0x20,
  0x20, 0x69, 0x66, 0x20, 0x28, 0x21, 0x6d, 0x20, 0x7c, 0x7c, 0x20, 0x74, 0x79, 0x70, 0x65, 0x6f,
  0x66, 0x20, 0x6d, 0x20, 0x21, 0x3d, 0x3d, 0x20, 0x27, 0x6f, 0x62, 0x6a, 0x65, 0x63, 0x74, 0x27,
  0x20, 0x7c, 0x7c, 0x20, 0x41, 0x72, 0x72, 0x61, 0x79, 0x2e, 0x69, 0x73, 0x41, 0x72, 0x72, 0x61,
  0x79, 0x28, 0x6d, 0x29, 0x29, 0x20, 0x72, 0x65, 0x74, 0x75, 0x72, 0x6e, 0x20, 0x27, 0x6d, 0x61,
  0x6e, 0x69, 0x66, 0x65, 0x73, 0x74, 0x20, 0x6d, 0x75, 0x73, 0x74, 0x20, 0x62, 0x65, 0x20, 0x61,
  0x6e, 0x20, 0x6f, 0x62, 0x6a, 0x65, 0x63, 0x74, 0x27, 0x3b, 0x0a, 0x20, 0x20, 0x63, 0x6f, 0x6e,
  0x73, 0x74, 0x20, 0x4b, 0x4e, 0x4f, 0x57, 0x4e, 0x20, 0x3d, 0x20, 0x5b, 0x27, 0x73, 0x63, 0x68,
  0x65, 0x6d, 0x61, 0x56, 0x65, 0x72, 0x73, 0x69, 0x6f, 0x6e, 0x27, 0x2c, 0x20, 0x27, 0x69, 0x64,
  0x27, 0x2c, 0x20, 0x27, 0x76, 0x65, 0x72, 0x73, 0x69, 0x6f, 0x6e, 0x27, 0x2c, 0x20, 0x27, 0x74,
  0x79, 0x70, 0x65, 0x27, 0x2c, 0x20, 0x27, 0x65, 0x6e, 0x74, 0x72, 0x79, 0x27, 0x2c, 0x20, 0x27,
  0x77, 0x65, 0x62, 0x27, 0x2c, 0x20, 0x27, 0x63, 0x61, 0x70, 0x61, 0x62, 0x69, 0x6c, 0x69, 0x74,
  0x69, 0x65, 0x73, 0x27, 0x2c, 0x20, 0x27, 0x68, 0x6f, 0x6f, 0x6b, 0x73, 0x27, 0x5d, 0x3b, 0x0a,
  0x20, 0x20, 0x63, 0x6f, 0x6e, 0x73, 0x74, 0x20, 0x75, 0x6e, 0x6b, 0x6e, 0x6f, 0x77, 0x6e, 0x20,
  0x3d, 0x20, 0x4f, 0x62, 0x6a, 0x65, 0x63, 0x74, 0x2e, 0x6b, 0x65, 0x79, 0x73, 0x28, 0x6d, 0x29,
  0x2e, 0x66, 0x69, 0x6e, 0x64, 0x28, 0x28, 0x6b, 0x29, 0x20, 0x3d, 0x3e, 0x20, 0x21, 0x4b, 0x4e,
  0x4f, 0x57, 0x4e, 0x2e, 0x69, 0x6e, 0x63, 0x6c, 0x75, 0x64, 0x65, 0x73, 0x28, 0x6b, 0x29, 0x29,
  0x3b, 0x0a, 0x20, 0x20, 0x69, 0x66, 0x20, 0x28, 0x75, 0x6e, 0x6b, 0x6e, 0x6f, 0x77, 0x6e, 0x29,
  0x20, 0x72, 0x65, 0x74, 0x75, 0x72, 0x6e, 0x20, 0x60, 0x75, 0x6e, 0x6b, 0x6e, 0x6f, 0x77, 0x6e,
  0x20, 0x6d, 0x61, 0x6e, 0x69, 0x66, 0x65, 0x73, 0x74, 0x20, 0x66, 0x69, 0x65, 0x6c, 0x64, 0x3a,
  0x20, 0x24, 0x7b, 0x75, 0x6e, 0x6b, 0x6e, 0x6f, 0x77, 0x6e, 0x7d, 0x60, 0x3b, 0x0a, 0x20, 0x20,
  0x69, 0x66, 0x20, 0x28, 0x6d, 0x2e, 0x73, 0x63, 0x68, 0x65, 0x6d, 0x61, 0x56, 0x65, 0x72, 0x73,
  0x69, 0x6f, 0x6e, 0x20, 0x21, 0x3d, 0x3d, 0x20, 0x31, 0x29, 0x20, 0x72, 0x65, 0x74, 0x75, 0x72,
  0x6e, 0x20, 0x27, 0x73, 0x63, 0x68, 0x65, 0x6d, 0x61, 0x56, 0x65, 0x72, 0x73, 0x69, 0x6f, 0x6e,
  0x20, 0x6d, 0x75, 0x73, 0x74, 0x20, 0x62, 0x65, 0x20, 0x31, 0x27, 0x3b, 0x0a, 0x20, 0x20, 0x69,
  0x66, 0x20, 0x28, 0x21, 0x69, 0x73, 0x53, 0x74, 0x72, 0x28, 0x6d, 0x2e, 0x69, 0x64, 0x29, 0x20,
  0x7c, 0x7c, 0x20, 0x21, 0x50, 0x4b, 0x47, 0x5f, 0x49, 0x44, 0x2e, 0x74, 0x65, 0x73, 0x74, 0x28,
  0x6d, 0x2e, 0x69, 0x64, 0x29, 0x20, 0x7c, 0x7c, 0x20, 0x6d, 0x2e, 0x69, 0x64, 0x2e, 0x6c, 0x65,
  0x6e, 0x67, 0x74, 0x68, 0x20, 0x3c, 0x20, 0x33, 0x29, 0x20, 0x72, 0x65, 0x74, 0x75, 0x72, 0x6e,
  0x20, 0x27, 0x62, 0x61, 0x64, 0x20, 0x6d, 0x61, 0x6e, 0x69, 0x66, 0x65, 0x73, 0x74, 0x20, 0x69,
  0x64, 0x27, 0x3b, 0x0a, 0x20, 0x20, 0x69, 0x66, 0x20, 0x28, 0x21, 0x69, 0x73, 0x53, 0x74, 0x72,
  0x28, 0x6d, 0x2e, 0x76, 0x65, 0x72, 0x73, 0x69, 0x6f, 0x6e, 0x29, 0x20, 0x7c, 0x7c, 0x20, 0x21,
  0x53, 0x45, 0x4d, 0x56, 0x45, 0x52, 0x2e, 0x74, 0x65, 0x73, 0x74, 0x28, 0x6d, 0x2e, 0x76, 0x65,
  0x72, 0x73, 0x69, 0x6f, 0x6e, 0x29, 0x29, 0x20, 0x72, 0x65, 0x74, 0x75, 0x72, 0x6e, 0x20, 0x27,
  0x62, 0x61, 0x64, 0x20, 0x6d, 0x61, 0x6e, 0x69, 0x66, 0x65, 0x73, 0x74, 0x20, 0x76, 0x65, 0x72,
  0x73, 0x69, 0x6f, 0x6e, 0x27, 0x3b, 0x0a, 0x20, 0x20, 0x69, 0x66, 0x20, 0x28, 0x6d, 0x2e, 0x74,
  0x79, 0x70, 0x65, 0x20, 0x21, 0x3d, 0x3d, 0x20, 0x27, 0x73, 0x65, 0x72, 0x76, 0x69, 0x63, 0x65,
  0x27, 0x20, 0x26, 0x26, 0x20, 0x6d, 0x2e, 0x74, 0x79, 0x70, 0x65, 0x20, 0x21, 0x3d, 0x3d, 0x20,
  0x27, 0x77, 0x65, 0x62, 0x2d, 0x63, 0x6c, 0x69, 0x65, 0x6e, 0x74, 0x27, 0x29, 0x20, 0x72, 0x65,
  0x74, 0x75, 0x72, 0x6e, 0x20, 0x27, 0x74, 0x79, 0x70, 0x65, 0x20, 0x6d, 0x75, 0x73, 0x74, 0x20,
  0x62, 0x65, 0x20, 0x73, 0x65, 0x72, 0x76, 0x69, 0x63, 0x65, 0x7c, 0x77, 0x65, 0x62, 0x2d, 0x63,
  0x6c, 0x69, 0x65, 0x6e, 0x74, 0x27, 0x3b, 0x0a, 0x20, 0x20, 0x69, 0x66, 0x20, 0x28, 0x6d, 0x2e,
  0x74, 0x79, 0x70, 0x65, 0x20, 0x3d, 0x3d, 0x3d, 0x20, 0x27, 0x73, 0x65, 0x72, 0x76, 0x69, 0x63,
  0x65, 0x27, 0x20, 0x26, 0x26, 0x20, 0x21, 0x28, 0x69, 0x73, 0x53, 0x74, 0x72, 0x28, 0x6d, 0x2e,
  0x65, 0x6e, 0x74, 0x72, 0x79, 0x29, 0x20, 0x26, 0x26, 0x20, 0x52, 0x45, 0x4c, 0x5f, 0x50, 0x41,
  0x54, 0x48, 0x2e, 0x74, 0x65, 0x73, 0x74, 0x28, 0x6d, 0x2e, 0x65, 0x6e, 0x74, 0x72, 0x79, 0x29,
  0x29, 0x29, 0x20, 0x7b, 0x0a, 0x20, 0x20, 0x20, 0x20, 0x72, 0x65, 0x74, 0x75, 0x72, 0x6e, 0x20,
  0x27, 0x73, 0x65, 0x72, 0x76, 0x69, 0x63, 0x65, 0x20, 0x6d, 0x61, 0x6e, 0x69, 0x66, 0x65, 0x73,
  0x74, 0x73, 0x20, 0x6e, 0x65, 0x65, 0x64, 0x20, 0x61, 0x6e, 0x20, 0x65, 0x6e, 0x74, 0x72, 0x79,
  0x20, 0x70, 0x61, 0x74, 0x68, 0x27, 0x3b, 0x0a, 0x20, 0x20, 0x7d, 0x0a, 0x20, 0x20, 0x69, 0x66,
  0x20, 0x28, 0x6d, 0x2e, 0x74, 0x79, 0x70, 0x65, 0x20, 0x3d, 0x3d, 0x3d, 0x20, 0x27, 0x77, 0x65,
  0x62, 0x2d, 0x63, 0x6c, 0x69, 0x65, 0x6e, 0x74, 0x27, 0x20, 0x26, 0x26, 0x20, 0x21, 0x28, 0x69,
  0x73, 0x53, 0x74, 0x72, 0x28, 0x6d, 0x2e, 0x77, 0x65, 0x62, 0x29, 0x20, 0x26, 0x26, 0x20, 0x52,
  0x45, 0x4c, 0x5f, 0x50, 0x41, 0x54, 0x48, 0x2e, 0x74, 0x65, 0x73, 0x74, 0x28, 0x6d, 0x2e, 0x77,
  0x65, 0x62, 0x29, 0x29, 0x29, 0x20, 0x7b, 0x0a, 0x20, 0x20, 0x20, 0x20, 0x72, 0x65, 0x74, 0x75,
  0x72, 0x6e, 0x20, 0x27, 0x77, 0x65, 0x62, 0x2d, 0x63, 0x6c, 0x69, 0x65, 0x6e, 0x74, 0x20, 0x6d,
  0x61, 0x6e, 0x69, 0x66, 0x65, 0x73, 0x74, 0x73, 0x20, 0x6e, 0x65, 0x65, 0x64, 0x20, 0x61, 0x20,
  0x77, 0x65, 0x62, 0x20, 0x64, 0x69, 0x72, 0x27, 0x3b, 0x0a, 0x20, 0x20, 0x7d, 0x0a, 0x20, 0x20,
  0x69, 0x66, 0x20, 0x28, 0x21, 0x6d, 0x2e, 0x63, 0x61, 0x70, 0x61, 0x62, 0x69, 0x6c, 0x69, 0x74,
  0x69, 0x65, 0x73, 0x20, 0x7c, 0x7c, 0x20, 0x74, 0x79, 0x70, 0x65, 0x6f, 0x66, 0x20, 0x6d, 0x2e,
  0x63, 0x61, 0x70, 0x61, 0x62, 0x69, 0x6c, 0x69, 0x74, 0x69, 0x65, 0x73, 0x20, 0x21, 0x3d, 0x3d,
  0x20, 0x27, 0x6f, 0x62, 0x6a, 0x65, 0x63, 0x74, 0x27, 0x29, 0x20, 0x72, 0x65, 0x74, 0x75, 0x72,
  0x6e, 0x20, 0x27, 0x63, 0x61, 0x70, 0x61, 0x62, 0x69, 0x6c, 0x69, 0x74, 0x69, 0x65, 0x73, 0x20,
  0x6d, 0x69, 0x73, 0x73, 0x69, 0x6e, 0x67, 0x27, 0x3b, 0x0a, 0x20, 0x20, 0x63, 0x6f, 0x6e, 0x73,
  0x74, 0x20, 0x63, 0x61, 0x70, 0x4b, 0x65, 0x79, 0x73, 0x20, 0x3d, 0x20, 0x4f, 0x62, 0x6a, 0x65,
  0x63, 0x74, 0x2e, 0x6b, 0x65, 0x79, 0x73, 0x28, 0x6d, 0x2e, 0x63, 0x61, 0x70, 0x61, 0x62, 0x69,
  0x6c, 0x69, 0x74, 0x69, 0x65, 0x73, 0x29, 0x2e, 0x66, 0x69, 0x6e, 0x64, 0x28, 0x28, 0x6b, 0x29,
  0x20, 0x3d, 0x3e, 0x20, 0x6b, 0x20, 0x21, 0x3d, 0x3d, 0x20, 0x27, 0x72, 0x65, 0x71, 0x75, 0x69,
  0x72, 0x65, 0x64, 0x27, 0x20, 0x26, 0x26, 0x20, 0x6b, 0x20, 0x21, 0x3d, 0x3d, 0x20, 0x27, 0x6f,
  0x70, 0x74, 0x69, 0x6f, 0x6e, 0x61, 0x6c, 0x27, 0x29, 0x3b, 0x0a, 0x20, 0x20, 0x69, 0x66, 0x20,
  0x28, 0x63, 0x61, 0x70, 0x4b, 0x65, 0x79, 0x73, 0x29, 0x20, 0x72, 0x65, 0x74, 0x75, 0x72, 0x6e,
  0x20, 0x60, 0x75, 0x6e, 0x6b, 0x6e, 0x6f, 0x77, 0x6e, 0x20, 0x63, 0x61, 0x70, 0x61, 0x62, 0x69,
  0x6c, 0x69, 0x74, 0x69, 0x65, 0x73, 0x20, 0x66, 0x69, 0x65, 0x6c, 0x64, 0x3a, 0x20, 0x24, 0x7b,
  0x63, 0x61, 0x70, 0x4b, 0x65, 0x79, 0x73, 0x7d, 0x60, 0x3b, 0x0a, 0x20, 0x20, 0x63, 0x6f, 0x6e,
  0x73, 0x74, 0x20, 0x72, 0x65, 0x71, 0x20, 0x3d, 0x20, 0x63, 0x61, 0x70, 0x73, 0x50, 0x72, 0x6f,
  0x62, 0x6c, 0x65, 0x6d, 0x28, 0x6d, 0x2e, 0x63, 0x61, 0x70, 0x61, 0x62, 0x69, 0x6c, 0x69, 0x74,
  0x69, 0x65, 0x73, 0x2e, 0x72, 0x65, 0x71, 0x75, 0x69, 0x72, 0x65, 0x64, 0x29, 0x0a, 0x20, 0x20,
  0x20, 0x20, 0x3f, 0x3f, 0x20, 0x63, 0x61, 0x70, 0x73, 0x50, 0x72, 0x6f, 0x62, 0x6c, 0x65, 0x6d,
  0x28, 0x6d, 0x2e, 0x63, 0x61, 0x70, 0x61, 0x62, 0x69, 0x6c, 0x69, 0x74, 0x69, 0x65, 0x73, 0x2e,
  0x6f, 0x70, 0x74, 0x69, 0x6f, 0x6e, 0x61, 0x6c, 0x20, 0x3f, 0x3f, 0x20, 0x5b, 0x5d, 0x29, 0x3b,
  0x0a, 0x20, 0x20, 0x69, 0x66, 0x20, 0x28, 0x72, 0x65, 0x71, 0x29, 0x20, 0x72, 0x65, 0x74, 0x75,
  0x72, 0x6e, 0x20, 0x72, 0x65, 0x71, 0x3b, 0x0a, 0x20, 0x20, 0x69, 0x66, 0x20, 0x28, 0x6d, 0x2e,
  0x68, 0x6f, 0x6f, 0x6b, 0x73, 0x20, 0x21, 0x3d, 0x3d, 0x20, 0x75, 0x6e, 0x64, 0x65, 0x66, 0x69,
  0x6e, 0x65, 0x64, 0x29, 0x20, 0x7b, 0x0a, 0x20, 0x20, 0x20, 0x20, 0x63, 0x6f, 0x6e, 0x73, 0x74,
  0x20, 0x68, 0x6f, 0x6f, 0x6b, 0x4b, 0x65, 0x79, 0x73, 0x20, 0x3d, 0x20, 0x4f, 0x62, 0x6a, 0x65,
  0x63, 0x74, 0x2e, 0x6b, 0x65, 0x79, 0x73, 0x28, 0x6d, 0x2e, 0x68, 0x6f, 0x6f, 0x6b, 0x73, 0x29,
  0x2e, 0x66, 0x69, 0x6e, 0x64, 0x28, 0x28, 0x6b, 0x29, 0x20, 0x3d, 0x3e, 0x20, 0x6b, 0x20, 0x21,
  0x3d, 0x3d, 0x20, 0x27, 0x61, 0x63, 0x74, 0x69, 0x76, 0x61, 0x74, 0x65, 0x27, 0x20, 0x26, 0x26,
  0x20, 0x6b, 0x20, 0x21, 0x3d, 0x3d, 0x20, 0x27, 0x64, 0x65, 0x61, 0x63, 0x74, 0x69, 0x76, 0x61,
  0x74, 0x65, 0x27, 0x29, 0x3b, 0x0a, 0x20, 0x20, 0x20, 0x20, 0x69, 0x66, 0x20, 0x28, 0x68, 0x6f,
  0x6f, 0x6b, 0x4b, 0x65, 0x79, 0x73, 0x29, 0x20, 0x72, 0x65, 0x74, 0x75, 0x72, 0x6e, 0x20, 0x60,
  0x75, 0x6e, 0x6b, 0x6e, 0x6f, 0x77, 0x6e, 0x20, 0x68, 0x6f, 0x6f, 0x6b, 0x73, 0x20, 0x66, 0x69,
  0x65, 0x6c, 0x64, 0x3a, 0x20, 0x24, 0x7b, 0x68, 0x6f, 0x6f, 0x6b, 0x4b, 0x65, 0x79, 0x73, 0x7d,
  0x60, 0x3b, 0x0a, 0x20, 0x20, 0x20, 0x20, 0x69, 0x66, 0x20, 0x28, 0x5b, 0x6d, 0x2e, 0x68, 0x6f,
  0x6f, 0x6b, 0x73, 0x2e, 0x61, 0x63, 0x74, 0x69, 0x76, 0x61, 0x74, 0x65, 0x2c, 0x20, 0x6d, 0x2e,
  0x68, 0x6f, 0x6f, 0x6b, 0x73, 0x2e, 0x64, 0x65, 0x61, 0x63, 0x74, 0x69, 0x76, 0x61, 0x74, 0x65,
  0x5d, 0x2e, 0x73, 0x6f, 0x6d, 0x65, 0x28, 0x28, 0x68, 0x29, 0x20, 0x3d, 0x3e, 0x20, 0x68, 0x20,
  0x21, 0x3d, 0x3d, 0x20, 0x75, 0x6e, 0x64, 0x65, 0x66, 0x69, 0x6e, 0x65, 0x64, 0x20, 0x26, 0x26,
  0x20, 0x21, 0x69, 0x73, 0x53, 0x74, 0x72, 0x28, 0x68, 0x29, 0x29, 0x29, 0x20, 0x7b, 0x0a, 0x20,
  0x20, 0x20, 0x20, 0x20, 0x20, 0x72, 0x65, 0x74, 0x75, 0x72, 0x6e, 0x20, 0x27, 0x68, 0x6f, 0x6f,
  0x6b, 0x73, 0x20, 0x6d, 0x75, 0x73, 0x74, 0x20, 0x6e, 0x61, 0x6d, 0x65, 0x20, 0x65, 0x78, 0x70,
  0x6f, 0x72, 0x74, 0x73, 0x20, 0x28, 0x73, 0x74, 0x72, 0x69, 0x6e, 0x67, 0x73, 0x29, 0x27, 0x3b,
  0x0a, 0x20, 0x20, 0x20, 0x20, 0x7d, 0x0a, 0x20, 0x20, 0x7d, 0x0a, 0x20, 0x20, 0x72, 0x65, 0x74,
  0x75, 0x72, 0x6e, 0x20, 0x6e, 0x75, 0x6c, 0x6c, 0x3b, 0x0a, 0x7d, 0x3b, 0x0a, 0x0a, 0x2f, 0x2a,
  0x2a, 0x20, 0x42, 0x79, 0x74, 0x65, 0x73, 0x20, 0xe2, 0x86, 0x92, 0x20, 0x74, 0x65, 0x78, 0x74,
  0x20, 0x28, 0x41, 0x53, 0x43, 0x49, 0x49, 0x20, 0x73, 0x6f, 0x75, 0x72, 0x63, 0x65, 0x73, 0x3b,
  0x20, 0x74, 0x68, 0x65, 0x20, 0x70, 0x6c, 0x75, 0x67, 0x69, 0x6e, 0x20, 0x66, 0x69, 0x78, 0x74,
  0x75, 0x72, 0x65, 0x73, 0x20, 0x61, 0x72, 0x65, 0x20, 0x41, 0x53, 0x43, 0x49, 0x49, 0x20, 0x62,
  0x79, 0x20, 0x64, 0x65, 0x73, 0x69, 0x67, 0x6e, 0x29, 0x2e, 0x20, 0x2a, 0x2f, 0x0a, 0x63, 0x6f,
  0x6e, 0x73, 0x74, 0x20, 0x64, 0x65, 0x63, 0x6f, 0x64, 0x65, 0x54, 0x65, 0x78, 0x74, 0x20, 0x3d,
  0x20, 0x28, 0x62, 0x79, 0x74, 0x65, 0x73, 0x29, 0x20, 0x3d, 0x3e, 0x20, 0x5b, 0x2e, 0x2e, 0x2e,
  0x62, 0x79, 0x74, 0x65, 0x73, 0x5d, 0x2e, 0x6d, 0x61, 0x70, 0x28, 0x28, 0x63, 0x29, 0x20, 0x3d,
  0x3e, 0x20, 0x53, 0x74, 0x72, 0x69, 0x6e, 0x67, 0x2e, 0x66, 0x72, 0x6f, 0x6d, 0x43, 0x68, 0x61,
  0x72, 0x43, 0x6f, 0x64, 0x65, 0x28, 0x63, 0x29, 0x29, 0x2e, 0x6a, 0x6f, 0x69, 0x6e, 0x28, 0x27,
  0x27, 0x29, 0x3b, 0x0a, 0x0a, 0x2f, 0x2a, 0x2a, 0x20, 0x42, 0x79, 0x74, 0x65, 0x73, 0x20, 0xe2,
  0x86, 0x92, 0x20, 0x4a, 0x53, 0x4f, 0x4e, 0x20, 0x76, 0x61, 0x6c, 0x75, 0x65, 0x3b, 0x20, 0x61,
  0x20, 0x6d, 0x61, 0x6c, 0x66, 0x6f, 0x72, 0x6d, 0x65, 0x64, 0x20, 0x64, 0x6f, 0x63, 0x75, 0x6d,
  0x65, 0x6e, 0x74, 0x20, 0x69, 0x73, 0x20, 0x61, 0x20, 0x72, 0x65, 0x6a, 0x65, 0x63, 0x74, 0x65,
  0x64, 0x20, 0x70, 0x61, 0x63, 0x6b, 0x61, 0x67, 0x65, 0x2e, 0x20, 0x2a, 0x2f, 0x0a, 0x63, 0x6f,
  0x6e, 0x73, 0x74, 0x20, 0x70, 0x61, 0x72, 0x73, 0x65, 0x4a, 0x73, 0x6f, 0x6e, 0x20, 0x3d, 0x20,
  0x28, 0x62, 0x79, 0x74, 0x65, 0x73, 0x2c, 0x20, 0x77, 0x68, 0x61, 0x74, 0x29, 0x20, 0x3d, 0x3e,
  0x20, 0x7b, 0x0a, 0x20, 0x20, 0x6c, 0x6f, 0x67, 0x2e, 0x64, 0x65, 0x62, 0x75, 0x67, 0x28, 0x27,
  0x70, 0x61, 0x72, 0x73, 0x65, 0x20, 0x70, 0x61, 0x63, 0x6b, 0x61, 0x67, 0x65, 0x20, 0x64, 0x6f,
  0x63, 0x75, 0x6d, 0x65, 0x6e, 0x74, 0x27, 0x2c, 0x20, 0x7b, 0x20, 0x77, 0x68, 0x61, 0x74, 0x20,
  0x7d, 0x29, 0x3b, 0x0a, 0x20, 0x20, 0x74, 0x72, 0x79, 0x20, 0x7b, 0x0a, 0x20, 0x20, 0x20, 0x20,
  0x72, 0x65, 0x74, 0x75, 0x72, 0x6e, 0x20, 0x4a, 0x53, 0x4f, 0x4e, 0x2e, 0x70, 0x61, 0x72, 0x73,
  0x65, 0x28, 0x64, 0x65, 0x63, 0x6f, 0x64, 0x65, 0x54, 0x65, 0x78, 0x74, 0x28, 0x62, 0x79, 0x74,
  0x65, 0x73, 0x29, 0x29, 0x3b, 0x0a, 0x20, 0x20, 0x7d, 0x20, 0x63, 0x61, 0x74, 0x63, 0x68, 0x20,
  0x28, 0x65, 0x72, 0x72, 0x29, 0x20, 0x7b, 0x0a, 0x20, 0x20, 0x20, 0x20, 0x74, 0x68, 0x72, 0x6f,
  0x77, 0x20, 0x6e, 0x65, 0x77, 0x20, 0x49, 0x6e, 0x73, 0x74, 0x61, 0x6c, 0x6c, 0x52, 0x65, 0x6a,
  0x65, 0x63, 0x74, 0x65, 0x64, 0x28, 0x27, 0x70, 0x61, 0x63, 0x6b, 0x61, 0x67, 0x65, 0x27, 0x2c,
  0x20, 0x60, 0x24, 0x7b, 0x77, 0x68, 0x61, 0x74, 0x7d, 0x20, 0x69, 0x73, 0x20, 0x6e, 0x6f, 0x74,
  0x20, 0x76, 0x61, 0x6c, 0x69, 0x64, 0x20, 0x4a, 0x53, 0x4f, 0x4e, 0x3a, 0x20, 0x24, 0x7b, 0x65,
  0x72, 0x72, 0x7d, 0x60, 0x29, 0x3b, 0x0a, 0x20, 0x20, 0x7d, 0x0a, 0x7d, 0x3b, 0x0a, 0x0a, 0x2f,
  0x2a, 0x2a, 0x20, 0x42, 0x75, 0x69, 0x6c, 0x64, 0x20, 0x74, 0x68, 0x65, 0x20, 0x69, 0x6e, 0x74,
  0x65, 0x67, 0x72, 0x69, 0x74, 0x79, 0x20, 0x6c, 0x65, 0x64, 0x67, 0x65, 0x72, 0x20, 0x28, 0x69,
  0x6e, 0x74, 0x65, 0x67, 0x72, 0x69, 0x74, 0x79, 0x2e, 0x73, 0x63, 0x68, 0x65, 0x6d, 0x61, 0x2e,
  0x6a, 0x73, 0x6f, 0x6e, 0x29, 0x20, 0x66, 0x72, 0x6f, 0x6d, 0x20, 0x61, 0x20, 0x66, 0x69, 0x6c,
  0x65, 0x20, 0x6d, 0x61, 0x70, 0x2e, 0x20, 0x2a, 0x2f, 0x0a, 0x63, 0x6f, 0x6e, 0x73, 0x74, 0x20,
  0x62, 0x75, 0x69, 0x6c, 0x64, 0x4c, 0x65, 0x64, 0x67, 0x65, 0x72, 0x20, 0x3d, 0x20, 0x28, 0x66,
  0x69, 0x6c, 0x65, 0x73, 0x29, 0x20, 0x3d, 0x3e, 0x20, 0x7b, 0x0a, 0x20, 0x20, 0x6c, 0x6f, 0x67,
  0x2e, 0x64, 0x65, 0x62, 0x75, 0x67, 0x28, 0x27, 0x62, 0x75, 0x69, 0x6c, 0x64, 0x20, 0x6c, 0x65,
  0x64, 0x67, 0x65, 0x72, 0x27, 0x2c, 0x20, 0x7b, 0x20, 0x66, 0x69, 0x6c, 0x65, 0x73, 0x3a, 0x20,
  0x4f, 0x62, 0x6a, 0x65, 0x63, 0x74, 0x2e, 0x6b, 0x65, 0x79, 0x73, 0x28, 0x66, 0x69, 0x6c, 0x65,
  0x73, 0x29, 0x2e, 0x6c, 0x65, 0x6e, 0x67, 0x74, 0x68, 0x20, 0x7d, 0x29, 0x3b, 0x0a, 0x20, 0x20,
  0x63, 0x6f, 0x6e, 0x73, 0x74, 0x20, 0x65, 0x6e, 0x74, 0x72, 0x69, 0x65, 0x73, 0x20, 0x3d, 0x20,
  0x4f, 0x62, 0x6a, 0x65, 0x63, 0x74, 0x2e, 0x66, 0x72, 0x6f, 0x6d, 0x45, 0x6e, 0x74, 0x72, 0x69,
  0x65, 0x73, 0x28, 0x0a, 0x20, 0x20, 0x20, 0x20, 0x4f, 0x62, 0x6a, 0x65, 0x63, 0x74, 0x2e, 0x65,
  0x6e, 0x74, 0x72, 0x69, 0x65, 0x73, 0x28, 0x66, 0x69, 0x6c, 0x65, 0x73, 0x29, 0x2e, 0x6d, 0x61,
  0x70, 0x28, 0x28, 0x5b, 0x70, 0x61, 0x74, 0x68, 0x2c, 0x20, 0x62, 0x79, 0x74, 0x65, 0x73, 0x5d,
  0x29, 0x20, 0x3d, 0x3e, 0x20, 0x5b, 0x70, 0x61, 0x74, 0x68, 0x2c, 0x20, 0x73, 0x68, 0x61, 0x32,
  0x35, 0x36, 0x48, 0x65, 0x78, 0x28, 0x62, 0x79, 0x74, 0x65, 0x73, 0x29, 0x5d, 0x29, 0x29, 0x3b,
  0x0a, 0x20, 0x20, 0x72, 0x65, 0x74, 0x75, 0x72, 0x6e, 0x20, 0x7b, 0x0a, 0x20, 0x20, 0x20, 0x20,
  0x6c, 0x65, 0x64, 0x67, 0x65, 0x72, 0x56, 0x65, 0x72, 0x73, 0x69, 0x6f, 0x6e, 0x3a, 0x20, 0x31,
  0x2c, 0x0a, 0x20, 0x20, 0x20, 0x20, 0x61, 0x6c, 0x67, 0x6f, 0x72, 0x69, 0x74, 0x68, 0x6d, 0x3a,
  0x20, 0x27, 0x73, 0x68, 0x61, 0x32, 0x35, 0x36, 0x27, 0x2c, 0x0a, 0x20, 0x20, 0x20, 0x20, 0x6d,
  0x61, 0x6e, 0x69, 0x66, 0x65, 0x73, 0x74, 0x53, 0x68, 0x61, 0x32, 0x35, 0x36, 0x3a, 0x20, 0x65,
  0x6e, 0x74, 0x72, 0x69, 0x65, 0x73, 0x5b, 0x27, 0x6d, 0x61, 0x6e, 0x69, 0x66, 0x65, 0x73, 0x74,
  0x2e, 0x6a, 0x73, 0x6f, 0x6e, 0x27, 0x5d, 0x2c, 0x0a, 0x20, 0x20, 0x20, 0x20, 0x66, 0x69, 0x6c,
  0x65, 0x73, 0x3a, 0x20, 0x65, 0x6e, 0x74, 0x72, 0x69, 0x65, 0x73, 0x2c, 0x0a, 0x20, 0x20, 0x7d,
  0x3b, 0x0a, 0x7d, 0x3b, 0x0a, 0x0a, 0x2f, 0x2a, 0x2a, 0x20, 0x52, 0x65, 0x61, 0x64, 0x20, 0x61,
  0x20, 0x66, 0x69, 0x6c, 0x65, 0x20, 0x62, 0x61, 0x63, 0x6b, 0x20, 0x66, 0x72, 0x6f, 0x6d, 0x20,
  0x73, 0x74, 0x6f, 0x72, 0x61, 0x67, 0x65, 0x20, 0x61, 0x6e, 0x64, 0x20, 0x72, 0x65, 0x2d, 0x64,
  0x69, 0x67, 0x65, 0x73, 0x74, 0x20, 0x69, 0x74, 0x20, 0x28, 0xc2, 0xa7, 0x33, 0x3a, 0x20, 0x68,
  0x6f, 0x73, 0x74, 0x73, 0x20, 0x76, 0x65, 0x72, 0x69, 0x66, 0x79, 0x2c, 0x20, 0x6e, 0x65, 0x76,
  0x65, 0x72, 0x0a, 0x20, 0x2a, 0x20, 0x74, 0x72, 0x75, 0x73, 0x74, 0x20, 0x74, 0x68, 0x65, 0x20,
  0x74, 0x72, 0x61, 0x6e, 0x73, 0x70, 0x6f, 0x72, 0x74, 0x29, 0x2e, 0x20, 0x2a, 0x2f, 0x0a, 0x63,
  0x6f, 0x6e, 0x73, 0x74, 0x20, 0x72, 0x65, 0x61, 0x64, 0x42, 0x61, 0x63, 0x6b, 0x20, 0x3d, 0x20,
  0x61, 0x73, 0x79, 0x6e, 0x63, 0x20, 0x28, 0x70, 0x61, 0x74, 0x68, 0x2c, 0x20, 0x65, 0x78, 0x70,
  0x65, 0x63, 0x74, 0x48, 0x65, 0x78, 0x29, 0x20, 0x3d, 0x3e, 0x20, 0x7b, 0x0a, 0x20, 0x20, 0x6c,
  0x6f, 0x67, 0x2e, 0x64, 0x65, 0x62, 0x75, 0x67, 0x28, 0x27, 0x72, 0x65, 0x61, 0x64, 0x20, 0x62,
  0x61, 0x63, 0x6b, 0x27, 0x2c, 0x20, 0x7b, 0x20, 0x70, 0x61, 0x74, 0x68, 0x20, 0x7d, 0x29, 0x3b,
  0x0a, 0x20, 0x20, 0x63, 0x6f, 0x6e, 0x73, 0x74, 0x20, 0x7b, 0x20, 0x62, 0x79, 0x74, 0x65, 0x73,
  0x20, 0x7d, 0x20, 0x3d, 0x20, 0x61, 0x77, 0x61, 0x69, 0x74, 0x20, 0x66, 0x73, 0x52, 0x65, 0x61,
  0x64, 0x28, 0x53, 0x43, 0x4f, 0x50, 0x45, 0x2c, 0x20, 0x70, 0x61, 0x74, 0x68, 0x29, 0x3b, 0x0a,
  0x20, 0x20, 0x63, 0x6f, 0x6e, 0x73, 0x74, 0x20, 0x67, 0x6f, 0x74, 0x20, 0x3d, 0x20, 0x73, 0x68,
  0x61, 0x32, 0x35, 0x36, 0x48, 0x65, 0x78, 0x28, 0x62, 0x79, 0x74, 0x65, 0x73, 0x29, 0x3b, 0x0a,
  0x20, 0x20, 0x69, 0x66, 0x20, 0x28, 0x67, 0x6f, 0x74, 0x20, 0x21, 0x3d, 0x3d, 0x20, 0x65, 0x78,
  0x70, 0x65, 0x63, 0x74, 0x48, 0x65, 0x78, 0x29, 0x20, 0x7b, 0x0a, 0x20, 0x20, 0x20, 0x20, 0x74,
  0x68, 0x72, 0x6f, 0x77, 0x20, 0x6e, 0x65, 0x77, 0x20, 0x49, 0x6e, 0x73, 0x74, 0x61, 0x6c, 0x6c,
  0x52, 0x65, 0x6a, 0x65, 0x63, 0x74, 0x65, 0x64, 0x28, 0x27, 0x73, 0x74, 0x6f, 0x72, 0x61, 0x67,
  0x65, 0x27, 0x2c, 0x20, 0x60, 0x72, 0x65, 0x61, 0x64, 0x2d, 0x62, 0x61, 0x63, 0x6b, 0x20, 0x64,
  0x69, 0x67, 0x65, 0x73, 0x74, 0x20, 0x64, 0x72, 0x69, 0x66, 0x74, 0x3a, 0x20, 0x24, 0x7b, 0x70,
  0x61, 0x74, 0x68, 0x7d, 0x60, 0x2c, 0x20, 0x7b, 0x20, 0x67, 0x6f, 0x74, 0x2c, 0x20, 0x65, 0x78,
  0x70, 0x65, 0x63, 0x74, 0x48, 0x65, 0x78, 0x20, 0x7d, 0x29, 0x3b, 0x0a, 0x20, 0x20, 0x7d, 0x0a,
  0x20, 0x20, 0x72, 0x65, 0x74, 0x75, 0x72, 0x6e, 0x20, 0x62, 0x79, 0x74, 0x65, 0x73, 0x3b, 0x0a,
  0x7d, 0x3b, 0x0a, 0x0a, 0x2f, 0x2a, 0x2a, 0x20, 0x54, 0x68, 0x65, 0x20, 0x74, 0x72, 0x75, 0x73,
  0x74, 0x20, 0x72, 0x65, 0x63, 0x6f, 0x72, 0x64, 0x20, 0x69, 0x73, 0x20, 0x74, 0x68, 0x65, 0x20,
  0x63, 0x61, 0x6c, 0x6c, 0x65, 0x72, 0x27, 0x73, 0x20, 0x61, 0x6e, 0x63, 0x68, 0x6f, 0x72, 0x20,
  0x6f, 0x6e, 0x20, 0x74, 0x68, 0x65, 0x20, 0x70, 0x61, 0x63, 0x6b, 0x61, 0x67, 0x65, 0x20, 0x62,
  0x79, 0x74, 0x65, 0x73, 0x2e, 0x20, 0x2a, 0x2f, 0x0a, 0x63, 0x6f, 0x6e, 0x73, 0x74, 0x20, 0x76,
  0x65, 0x72, 0x69, 0x66, 0x79, 0x54, 0x72, 0x75, 0x73, 0x74, 0x20, 0x3d, 0x20, 0x28, 0x64, 0x69,
  0x67, 0x65, 0x73, 0x74, 0x2c, 0x20, 0x74, 0x72, 0x75, 0x73, 0x74, 0x29, 0x20, 0x3d, 0x3e, 0x20,
  0x7b, 0x0a, 0x20, 0x20, 0x6c, 0x6f, 0x67, 0x2e, 0x64, 0x65, 0x62, 0x75, 0x67, 0x28, 0x27, 0x76,
  0x65, 0x72, 0x69, 0x66, 0x79, 0x20, 0x74, 0x72, 0x75, 0x73, 0x74, 0x20, 0x72, 0x65, 0x63, 0x6f,
  0x72, 0x64, 0x27, 0x29, 0x3b, 0x0a, 0x20, 0x20, 0x69, 0x66, 0x20, 0x28, 0x21, 0x74, 0x72, 0x75,
  0x73, 0x74, 0x20, 0x7c, 0x7c, 0x20, 0x74, 0x72, 0x75, 0x73, 0x74, 0x2e, 0x62, 0x6c, 0x6f, 0x62,
  0x53, 0x68, 0x61, 0x32, 0x35, 0x36, 0x20, 0x21, 0x3d, 0x3d, 0x20, 0x64, 0x69, 0x67, 0x65, 0x73,
  0x74, 0x29, 0x20, 0x7b, 0x0a, 0x20, 0x20, 0x20, 0x20, 0x74, 0x68, 0x72, 0x6f, 0x77, 0x20, 0x6e,
  0x65, 0x77, 0x20, 0x49, 0x6e, 0x73, 0x74, 0x61, 0x6c, 0x6c, 0x52, 0x65, 0x6a, 0x65, 0x63, 0x74,
  0x65, 0x64, 0x28, 0x27, 0x69, 0x6e, 0x74, 0x65, 0x67, 0x72, 0x69, 0x74, 0x79, 0x27, 0x2c, 0x20,
  0x27, 0x70, 0x61, 0x63, 0x6b, 0x61, 0x67, 0x65, 0x20, 0x64, 0x69, 0x67, 0x65, 0x73, 0x74, 0x20,
  0x6d, 0x69, 0x73, 0x6d, 0x61, 0x74, 0x63, 0x68, 0x65, 0x73, 0x20, 0x74, 0x68, 0x65, 0x20, 0x74,
  0x72, 0x75, 0x73, 0x74, 0x20, 0x72, 0x65, 0x63, 0x6f, 0x72, 0x64, 0x27, 0x2c, 0x0a, 0x20, 0x20,
  0x20, 0x20, 0x20, 0x20, 0x7b, 0x20, 0x65, 0x78, 0x70, 0x65, 0x63, 0x74, 0x65, 0x64, 0x3a, 0x20,
  0x74, 0x72, 0x75, 0x73, 0x74, 0x3f, 0x2e, 0x62, 0x6c, 0x6f, 0x62, 0x53, 0x68, 0x61, 0x32, 0x35,
  0x36, 0x20, 0x3f, 0x3f, 0x20, 0x6e, 0x75, 0x6c, 0x6c, 0x2c, 0x20, 0x61, 0x63, 0x74, 0x75, 0x61,
  0x6c, 0x3a, 0x20, 0x64, 0x69, 0x67, 0x65, 0x73, 0x74, 0x20, 0x7d, 0x29, 0x3b, 0x0a, 0x20, 0x20,
  0x7d, 0x0a, 0x7d, 0x3b, 0x0a, 0x0a, 0x2f, 0x2a, 0x2a, 0x20, 0x75, 0x6e, 0x74, 0x61, 0x72, 0x20,
  0x2b, 0x20, 0x73, 0x74, 0x72, 0x69, 0x63, 0x74, 0x20, 0x6d, 0x61, 0x6e, 0x69, 0x66, 0x65, 0x73,
  0x74, 0x20, 0x76, 0x61, 0x6c, 0x69, 0x64, 0x61, 0x74, 0x69, 0x6f, 0x6e, 0x20, 0x2b, 0x20, 0x74,
  0x72, 0x75, 0x73, 0x74, 0x2d, 0x61, 0x6e, 0x63, 0x68, 0x6f, 0x72, 0x65, 0x64, 0x20, 0x6c, 0x65,
  0x64, 0x67, 0x65, 0x72, 0x2e, 0x20, 0x2a, 0x2f, 0x0a, 0x63, 0x6f, 0x6e, 0x73, 0x74, 0x20, 0x6f,
  0x70, 0x65, 0x6e, 0x50, 0x61, 0x63, 0x6b, 0x61, 0x67, 0x65, 0x20, 0x3d, 0x20, 0x28, 0x62, 0x79,
  0x74, 0x65, 0x73, 0x2c, 0x20, 0x77, 0x61, 0x6e, 0x74, 0x65, 0x64, 0x49, 0x64, 0x2c, 0x20, 0x74,
  0x72, 0x75, 0x73, 0x74, 0x2c, 0x20, 0x6f, 0x6e, 0x29, 0x20, 0x3d, 0x3e, 0x20, 0x7b, 0x0a, 0x20,
  0x20, 0x6c, 0x6f, 0x67, 0x2e, 0x64, 0x65, 0x62, 0x75, 0x67, 0x28, 0x27, 0x6f, 0x70, 0x65, 0x6e,
  0x20, 0x70, 0x61, 0x63, 0x6b, 0x61, 0x67, 0x65, 0x27, 0x2c, 0x20, 0x7b, 0x20, 0x62, 0x79, 0x74,
  0x65, 0x73, 0x3a, 0x20, 0x62, 0x79, 0x74, 0x65, 0x73, 0x2e, 0x6c, 0x65, 0x6e, 0x67, 0x74, 0x68,
  0x20, 0x7d, 0x29, 0x3b, 0x0a, 0x20, 0x20, 0x63, 0x6f, 0x6e, 0x73, 0x74, 0x20, 0x66, 0x69, 0x6c,
  0x65, 0x73, 0x20, 0x3d, 0x20, 0x4f, 0x62, 0x6a, 0x65, 0x63, 0x74, 0x2e, 0x66, 0x72, 0x6f, 0x6d,
  0x45, 0x6e, 0x74, 0x72, 0x69, 0x65, 0x73, 0x28, 0x74, 0x61, 0x72, 0x52, 0x65, 0x61, 0x64, 0x28,
  0x62, 0x79, 0x74, 0x65, 0x73, 0x29, 0x2e, 0x6d, 0x61, 0x70, 0x28, 0x28, 0x6d, 0x29, 0x20, 0x3d,
  0x3e, 0x20, 0x5b, 0x6d, 0x2e, 0x70, 0x61, 0x74, 0x68, 0x2c, 0x20, 0x6d, 0x2e, 0x62, 0x79, 0x74,
  0x65, 0x73, 0x5d, 0x29, 0x29, 0x3b, 0x0a, 0x20, 0x20, 0x69, 0x66, 0x20, 0x28, 0x66, 0x69, 0x6c,
  0x65, 0x73, 0x5b, 0x27, 0x6d, 0x61, 0x6e, 0x69, 0x66, 0x65, 0x73, 0x74, 0x2e, 0x6a, 0x73, 0x6f,
  0x6e, 0x27, 0x5d, 0x20, 0x3d, 0x3d, 0x3d, 0x20, 0x75, 0x6e, 0x64, 0x65, 0x66, 0x69, 0x6e, 0x65,
  0x64, 0x29, 0x20, 0x7b, 0x0a, 0x20, 0x20, 0x20, 0x20, 0x74, 0x68, 0x72, 0x6f, 0x77, 0x20, 0x6e,
  0x65, 0x77, 0x20, 0x49, 0x6e, 0x73, 0x74, 0x61, 0x6c, 0x6c, 0x52, 0x65, 0x6a, 0x65, 0x63, 0x74,
  0x65, 0x64, 0x28, 0x27, 0x70, 0x61, 0x63, 0x6b, 0x61, 0x67, 0x65, 0x27, 0x2c, 0x20, 0x27, 0x70,
  0x61, 0x63, 0x6b, 0x61, 0x67, 0x65, 0x20, 0x68, 0x61, 0x73, 0x20, 0x6e, 0x6f, 0x20, 0x6d, 0x61,
  0x6e, 0x69, 0x66, 0x65, 0x73, 0x74, 0x2e, 0x6a, 0x73, 0x6f, 0x6e, 0x27, 0x29, 0x3b, 0x0a, 0x20,
  0x20, 0x7d, 0x0a, 0x20, 0x20, 0x63, 0x6f, 0x6e, 0x73, 0x74, 0x20, 0x6d, 0x61, 0x6e, 0x69, 0x66,
  0x65, 0x73, 0x74, 0x20, 0x3d, 0x20, 0x70, 0x61, 0x72, 0x73, 0x65, 0x4a, 0x73, 0x6f, 0x6e, 0x28,
  0x66, 0x69, 0x6c, 0x65, 0x73, 0x5b, 0x27, 0x6d, 0x61, 0x6e, 0x69, 0x66, 0x65, 0x73, 0x74, 0x2e,
  0x6a, 0x73, 0x6f, 0x6e, 0x27, 0x5d, 0x2c, 0x20, 0x27, 0x6d, 0x61, 0x6e, 0x69, 0x66, 0x65, 0x73,
  0x74, 0x2e, 0x6a, 0x73, 0x6f, 0x6e, 0x27, 0x29, 0x3b, 0x0a, 0x20, 0x20, 0x63, 0x6f, 0x6e, 0x73,
  0x74, 0x20, 0x70, 0x72, 0x6f, 0x62, 0x6c, 0x65, 0x6d, 0x20, 0x3d, 0x20, 0x76, 0x61, 0x6c, 0x69,
  0x64, 0x61, 0x74, 0x65, 0x4d, 0x61, 0x6e, 0x69, 0x66, 0x65, 0x73, 0x74, 0x28, 0x6d, 0x61, 0x6e,
  0x69, 0x66, 0x65, 0x73, 0x74, 0x29, 0x3b, 0x0a, 0x20, 0x20, 0x69, 0x66, 0x20, 0x28, 0x70, 0x72,
  0x6f, 0x62, 0x6c, 0x65, 0x6d, 0x29, 0x20, 0x74, 0x68, 0x72, 0x6f, 0x77, 0x20, 0x6e, 0x65, 0x77,
  0x20, 0x49, 0x6e, 0x73, 0x74, 0x61, 0x6c, 0x6c, 0x52, 0x65, 0x6a, 0x65, 0x63, 0x74, 0x65, 0x64,
  0x28, 0x27, 0x6d, 0x61, 0x6e, 0x69, 0x66, 0x65, 0x73, 0x74, 0x27, 0x2c, 0x20, 0x60, 0x6d, 0x61,
  0x6e, 0x69, 0x66, 0x65, 0x73, 0x74, 0x20, 0x69, 0x6e, 0x76, 0x61, 0x6c, 0x69, 0x64, 0x3a, 0x20,
  0x24, 0x7b, 0x70, 0x72, 0x6f, 0x62, 0x6c, 0x65, 0x6d, 0x7d, 0x60, 0x29, 0x3b, 0x0a, 0x20, 0x20,
  0x6f, 0x6e, 0x28, 0x27, 0x6d, 0x61, 0x6e, 0x69, 0x66, 0x65, 0x73, 0x74, 0x2e, 0x76, 0x61, 0x6c,
  0x69, 0x64, 0x61, 0x74, 0x65, 0x64, 0x27, 0x2c, 0x20, 0x7b, 0x20, 0x69, 0x64, 0x3a, 0x20, 0x6d,
  0x61, 0x6e, 0x69, 0x66, 0x65, 0x73, 0x74, 0x2e, 0x69, 0x64, 0x2c, 0x20, 0x76, 0x65, 0x72, 0x73,
  0x69, 0x6f, 0x6e, 0x3a, 0x20, 0x6d, 0x61, 0x6e, 0x69, 0x66, 0x65, 0x73, 0x74, 0x2e, 0x76, 0x65,
  0x72, 0x73, 0x69, 0x6f, 0x6e, 0x20, 0x7d, 0x29, 0x3b, 0x0a, 0x20, 0x20, 0x69, 0x66, 0x20, 0x28,
  0x6d, 0x61, 0x6e, 0x69, 0x66, 0x65, 0x73, 0x74, 0x2e, 0x69, 0x64, 0x20, 0x21, 0x3d, 0x3d, 0x20,
  0x77, 0x61, 0x6e, 0x74, 0x65, 0x64, 0x49, 0x64, 0x29, 0x20, 0x7b, 0x0a, 0x20, 0x20, 0x20, 0x20,
  0x74, 0x68, 0x72, 0x6f, 0x77, 0x20, 0x6e, 0x65, 0x77, 0x20, 0x49, 0x6e, 0x73, 0x74, 0x61, 0x6c,
  0x6c, 0x52, 0x65, 0x6a, 0x65, 0x63, 0x74, 0x65, 0x64, 0x28, 0x27, 0x6d, 0x61, 0x6e, 0x69, 0x66,
  0x65, 0x73, 0x74, 0x27, 0x2c, 0x20, 0x60, 0x6d, 0x61, 0x6e, 0x69, 0x66, 0x65, 0x73, 0x74, 0x20,
  0x69, 0x64, 0x20, 0x24, 0x7b, 0x6d, 0x61, 0x6e, 0x69, 0x66, 0x65, 0x73, 0x74, 0x2e, 0x69, 0x64,
  0x7d, 0x20, 0x21, 0x3d, 0x20, 0x72, 0x65, 0x71, 0x75, 0x65, 0x73, 0x74, 0x65, 0x64, 0x20, 0x24,
  0x7b, 0x77, 0x61, 0x6e, 0x74, 0x65, 0x64, 0x49, 0x64, 0x7d, 0x60, 0x29, 0x3b, 0x0a, 0x20, 0x20,
  0x7d, 0x0a, 0x20, 0x20, 0x2f, 0x2f, 0x20, 0x6d, 0x61, 0x6e, 0x69, 0x66, 0x65, 0x73, 0x74, 0x2e,
  0x65, 0x6e, 0x74, 0x72, 0x79, 0x20, 0x69, 0x73, 0x20, 0x72, 0x65, 0x6c, 0x61, 0x74, 0x69, 0x76,
  0x65, 0x20, 0x74, 0x6f, 0x20, 0x62, 0x75, 0x6e, 0x64, 0x6c, 0x65, 0x2f, 0x20, 0x28, 0x64, 0x61,
  0x74, 0x61, 0x2d, 0x70, 0x72, 0x6f, 0x74, 0x6f, 0x63, 0x6f, 0x6c, 0x73, 0x2e, 0x6d, 0x64, 0x20,
  0xc2, 0xa7, 0x31, 0x29, 0x2e, 0x0a, 0x20, 0x20, 0x63, 0x6f, 0x6e, 0x73, 0x74, 0x20, 0x65, 0x6e,
  0x74, 0x72, 0x79, 0x50, 0x61, 0x74, 0x68, 0x20, 0x3d, 0x20, 0x60, 0x62, 0x75, 0x6e, 0x64, 0x6c,
  0x65, 0x2f, 0x24, 0x7b, 0x6d, 0x61, 0x6e, 0x69, 0x66, 0x65, 0x73, 0x74, 0x2e, 0x65, 0x6e, 0x74,
  0x72, 0x79, 0x7d, 0x60, 0x3b, 0x0a, 0x20, 0x20, 0x69, 0x66, 0x20, 0x28, 0x66, 0x69, 0x6c, 0x65,
  0x73, 0x5b, 0x65, 0x6e, 0x74, 0x72, 0x79, 0x50, 0x61, 0x74, 0x68, 0x5d, 0x20, 0x3d, 0x3d, 0x3d,
  0x20, 0x75, 0x6e, 0x64, 0x65, 0x66, 0x69, 0x6e, 0x65, 0x64, 0x29, 0x20, 0x7b, 0x0a, 0x20, 0x20,
  0x20, 0x20, 0x74, 0x68, 0x72, 0x6f, 0x77, 0x20, 0x6e, 0x65, 0x77, 0x20, 0x49, 0x6e, 0x73, 0x74,
  0x61, 0x6c, 0x6c, 0x52, 0x65, 0x6a, 0x65, 0x63, 0x74, 0x65, 0x64, 0x28, 0x27, 0x70, 0x61, 0x63,
  0x6b, 0x61, 0x67, 0x65, 0x27, 0x2c, 0x20, 0x60, 0x65, 0x6e, 0x74, 0x72, 0x79, 0x20, 0x6d, 0x69,
  0x73, 0x73, 0x69, 0x6e, 0x67, 0x20, 0x66, 0x72, 0x6f, 0x6d, 0x20, 0x70, 0x61, 0x63, 0x6b, 0x61,
  0x67, 0x65, 0x3a, 0x20, 0x24, 0x7b, 0x65, 0x6e, 0x74, 0x72, 0x79, 0x50, 0x61, 0x74, 0x68, 0x7d,
  0x60, 0x29, 0x3b, 0x0a, 0x20, 0x20, 0x7d, 0x0a, 0x20, 0x20, 0x63, 0x6f, 0x6e, 0x73, 0x74, 0x20,
  0x6c, 0x65, 0x64, 0x67, 0x65, 0x72, 0x20, 0x3d, 0x20, 0x62, 0x75, 0x69, 0x6c, 0x64, 0x4c, 0x65,
  0x64, 0x67, 0x65, 0x72, 0x28, 0x66, 0x69, 0x6c, 0x65, 0x73, 0x29, 0x3b, 0x0a, 0x20, 0x20, 0x69,
  0x66, 0x20, 0x28, 0x74, 0x72, 0x75, 0x73, 0x74, 0x3f, 0x2e, 0x6d, 0x61, 0x6e, 0x69, 0x66, 0x65,
  0x73, 0x74, 0x53, 0x68, 0x61, 0x32, 0x35, 0x36, 0x20, 0x21, 0x3d, 0x3d, 0x20, 0x6c, 0x65, 0x64,
  0x67, 0x65, 0x72, 0x2e, 0x6d, 0x61, 0x6e, 0x69, 0x66, 0x65, 0x73, 0x74, 0x53, 0x68, 0x61, 0x32,
  0x35, 0x36, 0x29, 0x20, 0x7b, 0x0a, 0x20, 0x20, 0x20, 0x20, 0x74, 0x68, 0x72, 0x6f, 0x77, 0x20,
  0x6e, 0x65, 0x77, 0x20, 0x49, 0x6e, 0x73, 0x74, 0x61, 0x6c, 0x6c, 0x52, 0x65, 0x6a, 0x65, 0x63,
  0x74, 0x65, 0x64, 0x28, 0x27, 0x69, 0x6e, 0x74, 0x65, 0x67, 0x72, 0x69, 0x74, 0x79, 0x27, 0x2c,
  0x20, 0x27, 0x6d, 0x61, 0x6e, 0x69, 0x66, 0x65, 0x73, 0x74, 0x20, 0x64, 0x69, 0x67, 0x65, 0x73,
  0x74, 0x20, 0x6d, 0x69, 0x73, 0x6d, 0x61, 0x74, 0x63, 0x68, 0x65, 0x73, 0x20, 0x74, 0x68, 0x65,
  0x20, 0x74, 0x72, 0x75, 0x73, 0x74, 0x20, 0x72, 0x65, 0x63, 0x6f, 0x72, 0x64, 0x27, 0x2c, 0x0a,
  0x20, 0x20, 0x20, 0x20, 0x20, 0x20, 0x7b, 0x20, 0x65, 0x78, 0x70, 0x65, 0x63, 0x74, 0x65, 0x64,
  0x3a, 0x20, 0x74, 0x72, 0x75, 0x73, 0x74, 0x3f, 0x2e, 0x6d, 0x61, 0x6e, 0x69, 0x66, 0x65, 0x73,
  0x74, 0x53, 0x68, 0x61, 0x32, 0x35, 0x36, 0x20, 0x3f, 0x3f, 0x20, 0x6e, 0x75, 0x6c, 0x6c, 0x2c,
  0x20, 0x61, 0x63, 0x74, 0x75, 0x61, 0x6c, 0x3a, 0x20, 0x6c, 0x65, 0x64, 0x67, 0x65, 0x72, 0x2e,
  0x6d, 0x61, 0x6e, 0x69, 0x66, 0x65, 0x73, 0x74, 0x53, 0x68, 0x61, 0x32, 0x35, 0x36, 0x20, 0x7d,
  0x29, 0x3b, 0x0a, 0x20, 0x20, 0x7d, 0x0a, 0x20, 0x20, 0x6f, 0x6e, 0x28, 0x27, 0x69, 0x6e, 0x74,
  0x65, 0x67, 0x72, 0x69, 0x74, 0x79, 0x2e, 0x63, 0x6f, 0x6d, 0x70, 0x75, 0x74, 0x65, 0x64, 0x27,
  0x2c, 0x20, 0x7b, 0x20, 0x66, 0x69, 0x6c, 0x65, 0x73, 0x3a, 0x20, 0x4f, 0x62, 0x6a, 0x65, 0x63,
  0x74, 0x2e, 0x6b, 0x65, 0x79, 0x73, 0x28, 0x66, 0x69, 0x6c, 0x65, 0x73, 0x29, 0x2e, 0x6c, 0x65,
  0x6e, 0x67, 0x74, 0x68, 0x2c, 0x20, 0x6d, 0x61, 0x6e, 0x69, 0x66, 0x65, 0x73, 0x74, 0x53, 0x68,
  0x61, 0x32, 0x35, 0x36, 0x3a, 0x20, 0x6c, 0x65, 0x64, 0x67, 0x65, 0x72, 0x2e, 0x6d, 0x61, 0x6e,
  0x69, 0x66, 0x65, 0x73, 0x74, 0x53, 0x68, 0x61, 0x32, 0x35, 0x36, 0x20, 0x7d, 0x29, 0x3b, 0x0a,
  0x20, 0x20, 0x72, 0x65, 0x74, 0x75, 0x72, 0x6e, 0x20, 0x7b, 0x20, 0x6d, 0x61, 0x6e, 0x69, 0x66,
  0x65, 0x73, 0x74, 0x2c, 0x20, 0x66, 0x69, 0x6c, 0x65, 0x73, 0x2c, 0x20, 0x6c, 0x65, 0x64, 0x67,
  0x65, 0x72, 0x2c, 0x20, 0x65, 0x6e, 0x74, 0x72, 0x79, 0x50, 0x61, 0x74, 0x68, 0x20, 0x7d, 0x3b,
  0x0a, 0x7d, 0x3b, 0x0a, 0x0a, 0x2f, 0x2a, 0x2a, 0x20, 0x44, 0x69, 0x67, 0x65, 0x73, 0x74, 0x20,
  0x2b, 0x20, 0x63, 0x6f, 0x6e, 0x74, 0x65, 0x6e, 0x74, 0x2d, 0x61, 0x64, 0x64, 0x72, 0x65, 0x73,
  0x73, 0x65, 0x64, 0x20, 0x73, 0x74, 0x6f, 0x72, 0x65, 0x20, 0x2b, 0x20, 0x76, 0x65, 0x72, 0x69,
  0x66, 0x79, 0x20, 0x28, 0x63, 0x6f, 0x6e, 0x74, 0x72, 0x61, 0x63, 0x74, 0x20, 0xc2, 0xa7, 0x34,
  0x20, 0x73, 0x74, 0x65, 0x70, 0x73, 0x20, 0x31, 0x2d, 0x32, 0x29, 0x2e, 0x20, 0x54, 0x68, 0x65,
  0x0a, 0x20, 0x2a, 0x20, 0x62, 0x6c, 0x6f, 0x62, 0x20, 0x6c, 0x61, 0x6e, 0x64, 0x73, 0x20, 0x42,
  0x45, 0x46, 0x4f, 0x52, 0x45, 0x20, 0x74, 0x68, 0x65, 0x20, 0x76, 0x65, 0x72, 0x69, 0x66, 0x79,
  0x20, 0xe2, 0x80, 0x94, 0x20, 0x61, 0x6e, 0x20, 0x61, 0x64, 0x64, 0x72, 0x65, 0x73, 0x73, 0x20,
  0x69, 0x73, 0x20, 0x6a, 0x75, 0x73, 0x74, 0x20, 0x64, 0x61, 0x74, 0x61, 0x3b, 0x20, 0x74, 0x68,
  0x65, 0x20, 0x54, 0x52, 0x55, 0x53, 0x54, 0x20, 0x64, 0x65, 0x63, 0x69, 0x73, 0x69, 0x6f, 0x6e,
  0x0a, 0x20, 0x2a, 0x20, 0x69, 0x73, 0x20, 0x77, 0x68, 0x61, 0x74, 0x20, 0x61, 0x62, 0x6f, 0x72,
  0x74, 0x73, 0x20, 0x61, 0x20, 0x74, 0x61, 0x6d, 0x70, 0x65, 0x72, 0x65, 0x64, 0x20, 0x70, 0x61,
  0x63, 0x6b, 0x61, 0x67, 0x65, 0x2c, 0x20, 0x62, 0x65, 0x66, 0x6f, 0x72, 0x65, 0x20, 0x61, 0x6e,
  0x79, 0x74, 0x68, 0x69, 0x6e, 0x67, 0x20, 0x69, 0x73, 0x20, 0x75, 0x6e, 0x70, 0x61, 0x63, 0x6b,
  0x65, 0x64, 0x2e, 0x20, 0x2a, 0x2f, 0x0a, 0x63, 0x6f, 0x6e, 0x73, 0x74, 0x20, 0x73, 0x74, 0x6f,
  0x72, 0x65, 0x42, 0x6c, 0x6f, 0x62, 0x20, 0x3d, 0x20, 0x61, 0x73, 0x79, 0x6e, 0x63, 0x20, 0x28,
  0x62, 0x79, 0x74, 0x65, 0x73, 0x2c, 0x20, 0x74, 0x72, 0x75, 0x73, 0x74, 0x2c, 0x20, 0x6f, 0x6e,
  0x29, 0x20, 0x3d, 0x3e, 0x20, 0x7b, 0x0a, 0x20, 0x20, 0x63, 0x6f, 0x6e, 0x73, 0x74, 0x20, 0x64,
  0x69, 0x67, 0x65, 0x73, 0x74, 0x20, 0x3d, 0x20, 0x73, 0x68, 0x61, 0x32, 0x35, 0x36, 0x48, 0x65,
  0x78, 0x28, 0x62, 0x79, 0x74, 0x65, 0x73, 0x29, 0x3b, 0x0a, 0x20, 0x20, 0x63, 0x6f, 0x6e, 0x73,
  0x74, 0x20, 0x62, 0x6c, 0x6f, 0x62, 0x50, 0x61, 0x74, 0x68, 0x20, 0x3d, 0x20, 0x60, 0x63, 0x61,
  0x63, 0x68, 0x65, 0x2f, 0x62, 0x6c, 0x6f, 0x62, 0x73, 0x2f, 0x24, 0x7b, 0x64, 0x69, 0x67, 0x65,
  0x73, 0x74, 0x7d, 0x60, 0x3b, 0x0a, 0x20, 0x20, 0x6c, 0x6f, 0x67, 0x2e, 0x64, 0x65, 0x62, 0x75,
  0x67, 0x28, 0x27, 0x73, 0x74, 0x6f, 0x72, 0x65, 0x20, 0x62, 0x6c, 0x6f, 0x62, 0x27, 0x2c, 0x20,
  0x7b, 0x20, 0x62, 0x6c, 0x6f, 0x62, 0x50, 0x61, 0x74, 0x68, 0x2c, 0x20, 0x62, 0x79, 0x74, 0x65,
  0x73, 0x3a, 0x20, 0x62, 0x79, 0x74, 0x65, 0x73, 0x2e, 0x6c, 0x65, 0x6e, 0x67, 0x74, 0x68, 0x20,
  0x7d, 0x29, 0x3b, 0x0a, 0x20, 0x20, 0x61, 0x77, 0x61, 0x69, 0x74, 0x20, 0x66, 0x73, 0x57, 0x72,
  0x69, 0x74, 0x65, 0x28, 0x53, 0x43, 0x4f, 0x50, 0x45, 0x2c, 0x20, 0x62, 0x6c, 0x6f, 0x62, 0x50,
  0x61, 0x74, 0x68, 0x2c, 0x20, 0x62, 0x79, 0x74, 0x65, 0x73, 0x29, 0x3b, 0x0a, 0x20, 0x20, 0x61,
  0x77, 0x61, 0x69, 0x74, 0x20, 0x72, 0x65, 0x61, 0x64, 0x42, 0x61, 0x63, 0x6b, 0x28, 0x62, 0x6c,
  0x6f, 0x62, 0x50, 0x61, 0x74, 0x68, 0x2c, 0x20, 0x64, 0x69, 0x67, 0x65, 0x73, 0x74, 0x29, 0x3b,
  0x0a, 0x20, 0x20, 0x6f, 0x6e, 0x28, 0x27, 0x62, 0x6c, 0x6f, 0x62, 0x2e, 0x73, 0x74, 0x6f, 0x72,
  0x65, 0x64, 0x27, 0x2c, 0x20, 0x7b, 0x20, 0x73, 0x68, 0x61, 0x32, 0x35, 0x36, 0x3a, 0x20, 0x64,
  0x69, 0x67, 0x65, 0x73, 0x74, 0x2c, 0x20, 0x62, 0x79, 0x74, 0x65, 0x73, 0x3a, 0x20, 0x62, 0x79,
  0x74, 0x65, 0x73, 0x2e, 0x6c, 0x65, 0x6e, 0x67, 0x74, 0x68, 0x20, 0x7d, 0x29, 0x3b, 0x0a, 0x20,
  0x20, 0x76, 0x65, 0x72, 0x69, 0x66, 0x79, 0x54, 0x72, 0x75, 0x73, 0x74, 0x28, 0x64, 0x69, 0x67,
  0x65, 0x73, 0x74, 0x2c, 0x20, 0x74, 0x72, 0x75, 0x73, 0x74, 0x29, 0x3b, 0x0a, 0x20, 0x20, 0x6f,
  0x6e, 0x28, 0x27, 0x64, 0x69, 0x67, 0x65, 0x73, 0x74, 0x2e, 0x76, 0x65, 0x72, 0x69, 0x66, 0x69,
  0x65, 0x64, 0x27, 0x2c, 0x20, 0x7b, 0x20, 0x73, 0x68, 0x61, 0x32, 0x35, 0x36, 0x3a, 0x20, 0x64,
  0x69, 0x67, 0x65, 0x73, 0x74, 0x20, 0x7d, 0x29, 0x3b, 0x0a, 0x20, 0x20, 0x72, 0x65, 0x74, 0x75,
  0x72, 0x6e, 0x20, 0x64, 0x69, 0x67, 0x65, 0x73, 0x74, 0x3b, 0x0a, 0x7d, 0x3b, 0x0a, 0x0a, 0x63,
  0x6f, 0x6e, 0x73, 0x74, 0x20, 0x74, 0x65, 0x78, 0x74, 0x42, 0x79, 0x74, 0x65, 0x73, 0x20, 0x3d,
  0x20, 0x28, 0x74, 0x65, 0x78, 0x74, 0x29, 0x20, 0x3d, 0x3e, 0x20, 0x55, 0x69, 0x6e, 0x74, 0x38,
  0x41, 0x72, 0x72, 0x61, 0x79, 0x2e, 0x66, 0x72, 0x6f, 0x6d, 0x28, 0x5b, 0x2e, 0x2e, 0x2e, 0x74,
  0x65, 0x78, 0x74, 0x5d, 0x2e, 0x6d, 0x61, 0x70, 0x28, 0x28, 0x63, 0x29, 0x20, 0x3d, 0x3e, 0x20,
  0x63, 0x2e, 0x63, 0x68, 0x61, 0x72, 0x43, 0x6f, 0x64, 0x65, 0x41, 0x74, 0x28, 0x30, 0x29, 0x29,
  0x29, 0x3b, 0x0a, 0x0a, 0x63, 0x6f, 0x6e, 0x73, 0x74, 0x20, 0x4a, 0x4f, 0x55, 0x52, 0x4e, 0x41,
  0x4c, 0x5f, 0x50, 0x41, 0x54, 0x48, 0x20, 0x3d, 0x20, 0x27, 0x72, 0x65, 0x63, 0x65, 0x69, 0x70,
  0x74, 0x73, 0x2f, 0x6a, 0x6f, 0x75, 0x72, 0x6e, 0x61, 0x6c, 0x2e, 0x6a, 0x73, 0x6f, 0x6e, 0x6c,
  0x27, 0x3b, 0x0a, 0x0a, 0x2f, 0x2a, 0x2a, 0x20, 0x41, 0x70, 0x70, 0x65, 0x6e, 0x64, 0x20, 0x6f,
  0x6e, 0x65, 0x20, 0x7b, 0x74, 0x78, 0x49, 0x64, 0x2c, 0x20, 0x72, 0x65, 0x63, 0x65, 0x69, 0x70,
  0x74, 0x7d, 0x20, 0x6c, 0x69, 0x6e, 0x65, 0x20, 0x74, 0x6f, 0x20, 0x74, 0x68, 0x65, 0x20, 0x72,
  0x65, 0x63, 0x65, 0x69, 0x70, 0x74, 0x73, 0x20, 0x6a, 0x6f, 0x75, 0x72, 0x6e, 0x61, 0x6c, 0x20,
  0x28, 0x66, 0x73, 0x20, 0x61, 0x70, 0x70, 0x65, 0x6e, 0x64, 0x20, 0xe2, 0x80, 0x94, 0x20, 0x74,
  0x68, 0x65, 0x0a, 0x20, 0x2a, 0x20, 0x66, 0x69, 0x6c, 0x65, 0x20, 0x69, 0x73, 0x20, 0x6e, 0x65,
  0x76, 0x65, 0x72, 0x20, 0x72, 0x65, 0x77, 0x72, 0x69, 0x74, 0x74, 0x65, 0x6e, 0x3b, 0x20, 0xc2,
  0xa7, 0x34, 0x20, 0x72, 0x65, 0x63, 0x65, 0x69, 0x70, 0x74, 0x73, 0x20, 0x61, 0x72, 0x65, 0x20,
  0x61, 0x70, 0x70, 0x65, 0x6e, 0x64, 0x2d, 0x6f, 0x6e, 0x6c, 0x79, 0x29, 0x2e, 0x20, 0x54, 0x68,
  0x65, 0x20, 0x65, 0x6e, 0x76, 0x65, 0x6c, 0x6f, 0x70, 0x65, 0x20, 0x63, 0x61, 0x72, 0x72, 0x69,
  0x65, 0x73, 0x0a, 0x20, 0x2a, 0x20, 0x74, 0x68, 0x65, 0x20, 0x74, 0x72, 0x61, 0x6e, 0x73, 0x61,
  0x63, 0x74, 0x69, 0x6f, 0x6e, 0x20, 0x69, 0x64, 0x3a, 0x20, 0x74, 0x68, 0x65, 0x20, 0x72, 0x65,
  0x63, 0x65, 0x69, 0x70, 0x74, 0x20, 0x69, 0x74, 0x73, 0x65, 0x6c, 0x66, 0x20, 0x73, 0x74, 0x61,
  0x79, 0x73, 0x20, 0x65, 0x78, 0x61, 0x63, 0x74, 0x6c, 0x79, 0x20, 0x73, 0x63, 0x68, 0x65, 0x6d,
  0x61, 0x2d, 0x76, 0x61, 0x6c, 0x69, 0x64, 0x0a, 0x20, 0x2a, 0x20, 0x28, 0x72, 0x65, 0x63, 0x65,
  0x69, 0x70, 0x74, 0x2e, 0x73, 0x63, 0x68, 0x65, 0x6d, 0x61, 0x2e, 0x6a, 0x73, 0x6f, 0x6e, 0x2c,
  0x20, 0x61, 0x64, 0x64, 0x69, 0x74, 0x69, 0x6f, 0x6e, 0x61, 0x6c, 0x50, 0x72, 0x6f, 0x70, 0x65,
  0x72, 0x74, 0x69, 0x65, 0x73, 0x20, 0x66, 0x61, 0x6c, 0x73, 0x65, 0x29, 0x2e, 0x20, 0x2a, 0x2f,
  0x0a, 0x63, 0x6f, 0x6e, 0x73, 0x74, 0x20, 0x61, 0x70, 0x70, 0x65, 0x6e, 0x64, 0x4a, 0x6f, 0x75,
  0x72, 0x6e, 0x61, 0x6c, 0x20, 0x3d, 0x20, 0x61, 0x73, 0x79, 0x6e, 0x63, 0x20, 0x28, 0x74, 0x78,
  0x49, 0x64, 0x2c, 0x20, 0x72, 0x65, 0x63, 0x65, 0x69, 0x70, 0x74, 0x29, 0x20, 0x3d, 0x3e, 0x20,
  0x7b, 0x0a, 0x20, 0x20, 0x6c, 0x6f, 0x67, 0x2e, 0x64, 0x65, 0x62, 0x75, 0x67, 0x28, 0x27, 0x6a,
  0x6f, 0x75, 0x72, 0x6e, 0x61, 0x6c, 0x20, 0x61, 0x70, 0x70, 0x65, 0x6e, 0x64, 0x27, 0x2c, 0x20,
  0x7b, 0x20, 0x74, 0x78, 0x49, 0x64, 0x2c, 0x20, 0x73, 0x74, 0x61, 0x74, 0x75, 0x73, 0x3a, 0x20,
  0x72, 0x65, 0x63, 0x65, 0x69, 0x70, 0x74, 0x2e, 0x73, 0x74, 0x61, 0x74, 0x75, 0x73, 0x20, 0x7d,
  0x29, 0x3b, 0x0a, 0x20, 0x20, 0x61, 0x77, 0x61, 0x69, 0x74, 0x20, 0x66, 0x73, 0x57, 0x72, 0x69,
  0x74, 0x65, 0x28, 0x53, 0x43, 0x4f, 0x50, 0x45, 0x2c, 0x20, 0x4a, 0x4f, 0x55, 0x52, 0x4e, 0x41,
  0x4c, 0x5f, 0x50, 0x41, 0x54, 0x48, 0x2c, 0x0a, 0x20, 0x20, 0x20, 0x20, 0x74, 0x65, 0x78, 0x74,
  0x42, 0x79, 0x74, 0x65, 0x73, 0x28, 0x60, 0x24, 0x7b, 0x4a, 0x53, 0x4f, 0x4e, 0x2e, 0x73, 0x74,
  0x72, 0x69, 0x6e, 0x67, 0x69, 0x66, 0x79, 0x28, 0x7b, 0x20, 0x74, 0x78, 0x49, 0x64, 0x2c, 0x20,
  0x72, 0x65, 0x63, 0x65, 0x69, 0x70, 0x74, 0x20, 0x7d, 0x29, 0x7d, 0x5c, 0x6e, 0x60, 0x29, 0x2c,
  0x20, 0x7b, 0x20, 0x61, 0x70, 0x70, 0x65, 0x6e, 0x64, 0x3a, 0x20, 0x74, 0x72, 0x75, 0x65, 0x20,
  0x7d, 0x29, 0x3b, 0x0a, 0x7d, 0x3b, 0x0a, 0x0a, 0x2f, 0x2a, 0x2a, 0x0a, 0x20, 0x2a, 0x20, 0x49,
  0x6e, 0x73, 0x74, 0x61, 0x6c, 0x6c, 0x2d, 0x74, 0x69, 0x6d, 0x65, 0x20, 0x63, 0x61, 0x70, 0x61,
  0x62, 0x69, 0x6c, 0x69, 0x74, 0x79, 0x20, 0x6e, 0x65, 0x67, 0x6f, 0x74, 0x69, 0x61, 0x74, 0x69,
  0x6f, 0x6e, 0x20, 0x28, 0x64, 0x61, 0x74, 0x61, 0x2d, 0x70, 0x72, 0x6f, 0x74, 0x6f, 0x63, 0x6f,
  0x6c, 0x73, 0x2e, 0x6d, 0x64, 0x20, 0xc2, 0xa7, 0x32, 0x29, 0x3a, 0x20, 0x65, 0x76, 0x65, 0x72,
  0x79, 0x0a, 0x20, 0x2a, 0x20, 0x60, 0x63, 0x61, 0x70, 0x61, 0x62, 0x69, 0x6c, 0x69, 0x74, 0x69,
  0x65, 0x73, 0x2e, 0x72, 0x65, 0x71, 0x75, 0x69, 0x72, 0x65, 0x64, 0x60, 0x20, 0x65, 0x6e, 0x74,
  0x72, 0x79, 0x20, 0x6d, 0x75, 0x73, 0x74, 0x20, 0x62, 0x65, 0x20, 0x73, 0x61, 0x74, 0x69, 0x73,
  0x66, 0x69, 0x65, 0x64, 0x20, 0x62, 0x79, 0x20, 0x74, 0x68, 0x65, 0x20, 0x68, 0x6f, 0x73, 0x74,
  0x27, 0x73, 0x0a, 0x20, 0x2a, 0x20, 0x52, 0x75, 0x6e, 0x74, 0x69, 0x6d, 0x65, 0x44, 0x65, 0x73,
  0x63, 0x72, 0x69, 0x70, 0x74, 0x6f, 0x72, 0x2e, 0x20, 0x53, 0x61, 0x74, 0x69, 0x73, 0x66, 0x61,
  0x63, 0x74, 0x69, 0x6f, 0x6e, 0x3a, 0x20, 0x74, 0x68, 0x65, 0x20, 0x63, 0x61, 0x70, 0x61, 0x62,
  0x69, 0x6c, 0x69, 0x74, 0x79, 0x20, 0x6e, 0x61, 0x6d, 0x65, 0x20, 0x61, 0x70, 0x70, 0x65, 0x61,
  0x72, 0x73, 0x20, 0x69, 0x6e, 0x0a, 0x20, 0x2a, 0x20, 0x60, 0x61, 0x76, 0x61, 0x69, 0x6c, 0x61,
  0x62, 0x6c, 0x65, 0x60, 0x20, 0x28, 0x61, 0x6e, 0x20, 0x60, 0x40, 0x6d, 0x61, 0x6a, 0x6f, 0x72,
  0x60, 0x2d, 0x73, 0x75, 0x66, 0x66, 0x69, 0x78, 0x65, 0x64, 0x20, 0x64, 0x65, 0x63, 0x6c, 0x61,
  0x72, 0x61, 0x74, 0x69, 0x6f, 0x6e, 0x20, 0x73, 0x61, 0x74, 0x69, 0x73, 0x66, 0x69, 0x65, 0x73,
  0x20, 0x74, 0x68, 0x65, 0x20, 0x70, 0x6c, 0x61, 0x69, 0x6e, 0x20, 0x6e, 0x61, 0x6d, 0x65, 0x3b,
  0x0a, 0x20, 0x2a, 0x20, 0x61, 0x20, 0x60, 0x6e, 0x61, 0x6d, 0x65, 0x40, 0x6d, 0x61, 0x6a, 0x6f,
  0x72, 0x60, 0x20, 0x72, 0x65, 0x71, 0x75, 0x69, 0x72, 0x65, 0x6d, 0x65, 0x6e, 0x74, 0x20, 0x6d,
  0x61, 0x74, 0x63, 0x68, 0x65, 0x73, 0x20, 0x65, 0x78, 0x61, 0x63, 0x74, 0x6c, 0x79, 0x29, 0x2c,
  0x20, 0x6f, 0x72, 0x20, 0x74, 0x68, 0x65, 0x20, 0x72, 0x65, 0x71, 0x75, 0x69, 0x72, 0x65, 0x6d,
  0x65, 0x6e, 0x74, 0x20, 0x69, 0x73, 0x20, 0x74, 0x68, 0x65, 0x0a, 0x20, 0x2a, 0x20, 0x68, 0x6f,
  0x73, 0x74, 0x27, 0x73, 0x20, 0x6f, 0x77, 0x6e, 0x20, 0x60, 0x67, 0x61, 0x74, 0x65, 0x77, 0x61,
  0x79, 0x40, 0x31, 0x60, 0x20, 0x73, 0x75, 0x72, 0x66, 0x61, 0x63, 0x65, 0x2e, 0x20, 0x41, 0x20,
  0x72, 0x65, 0x71, 0x75, 0x69, 0x72, 0x65, 0x6d, 0x65, 0x6e, 0x74, 0x20, 0x64, 0x65, 0x63, 0x6c,
  0x61, 0x72, 0x65, 0x64, 0x20, 0x60, 0x75, 0x6e, 0x61, 0x76, 0x61, 0x69, 0x6c, 0x61, 0x62, 0x6c,
  0x65, 0x60, 0x20, 0xe2, 0x80, 0x94, 0x0a, 0x20, 0x2a, 0x20, 0x6f, 0x72, 0x20, 0x73, 0x69, 0x6d,
  0x70, 0x6c, 0x79, 0x20, 0x6e, 0x6f, 0x74, 0x20, 0x6f, 0x66, 0x66, 0x65, 0x72, 0x65, 0x64, 0x20,
  0xe2, 0x80, 0x94, 0x20, 0x72, 0x65, 0x6a, 0x65, 0x63, 0x74, 0x73, 0x20, 0x74, 0x68, 0x65, 0x20,
  0x69, 0x6e, 0x73, 0x74, 0x61, 0x6c, 0x6c, 0x20, 0x28, 0x66, 0x61, 0x69, 0x6c, 0x20, 0x6c, 0x6f,
  0x75, 0x64, 0x3b, 0x20, 0x68, 0x6f, 0x6e, 0x65, 0x73, 0x74, 0x0a, 0x20, 0x2a, 0x20, 0x60, 0x75,
  0x6e, 0x61, 0x76, 0x61, 0x69, 0x6c, 0x61, 0x62, 0x6c, 0x65, 0x60, 0x20, 0x73, 0x65, 0x6d, 0x61,
  0x6e, 0x74, 0x69, 0x63, 0x73, 0x2c, 0x20, 0x70, 0x72, 0x69, 0x6d, 0x69, 0x74, 0x69, 0x76, 0x65,
  0x73, 0x2e, 0x6d, 0x64, 0x20, 0xc2, 0xa7, 0x37, 0x29, 0x2e, 0x20, 0x4e, 0x6f, 0x20, 0x64, 0x65,
  0x73, 0x63, 0x72, 0x69, 0x70, 0x74, 0x6f, 0x72, 0x20, 0x73, 0x65, 0x74, 0x20, 0xe2, 0x86, 0x92,
  0x20, 0x6e, 0x6f, 0x74, 0x68, 0x69, 0x6e, 0x67, 0x0a, 0x20, 0x2a, 0x20, 0x77, 0x61, 0x73, 0x20,
  0x64, 0x65, 0x63, 0x6c, 0x61, 0x72, 0x65, 0x64, 0x20, 0xe2, 0x86, 0x92, 0x20, 0x6e, 0x65, 0x67,
  0x6f, 0x74, 0x69, 0x61, 0x74, 0x69, 0x6f, 0x6e, 0x20, 0x69, 0x73, 0x20, 0x73, 0x6b, 0x69, 0x70,
  0x70, 0x65, 0x64, 0x2e, 0x20, 0x52, 0x65, 0x74, 0x75, 0x72, 0x6e, 0x73, 0x20, 0x74, 0x68, 0x65,
  0x20, 0x66, 0x69, 0x65, 0x6c, 0x64, 0x73, 0x20, 0x66, 0x6f, 0x72, 0x20, 0x74, 0x68, 0x65, 0x0a,
  0x20, 0x2a, 0x20, 0x60, 0x6e, 0x65, 0x67, 0x6f, 0x74, 0x69, 0x61, 0x74, 0x65, 0x64, 0x60, 0x20,
  0x73, 0x74, 0x65, 0x70, 0x2e, 0x0a, 0x20, 0x2a, 0x2f, 0x0a, 0x63, 0x6f, 0x6e, 0x73, 0x74, 0x20,
  0x6e, 0x65, 0x67, 0x6f, 0x74, 0x69, 0x61, 0x74, 0x65, 0x20, 0x3d, 0x20, 0x28, 0x6d, 0x61, 0x6e,
  0x69, 0x66, 0x65, 0x73, 0x74, 0x2c, 0x20, 0x6f, 0x6e, 0x29, 0x20, 0x3d, 0x3e, 0x20, 0x7b, 0x0a,
  0x20, 0x20, 0x63, 0x6f, 0x6e, 0x73, 0x74, 0x20, 0x72, 0x65, 0x71, 0x75, 0x69, 0x72, 0x65, 0x64,
  0x20, 0x3d, 0x20, 0x6d, 0x61, 0x6e, 0x69, 0x66, 0x65, 0x73, 0x74, 0x2e, 0x63, 0x61, 0x70, 0x61,
  0x62, 0x69, 0x6c, 0x69, 0x74, 0x69, 0x65, 0x73, 0x2e, 0x72, 0x65, 0x71, 0x75, 0x69, 0x72, 0x65,
  0x64, 0x20, 0x3f, 0x3f, 0x20, 0x5b, 0x5d, 0x3b, 0x0a, 0x20, 0x20, 0x63, 0x6f, 0x6e, 0x73, 0x74,
  0x20, 0x72, 0x61, 0x77, 0x20, 0x3d, 0x20, 0x67, 0x6c, 0x6f, 0x62, 0x61, 0x6c, 0x54, 0x68, 0x69,
  0x73, 0x2e, 0x5f, 0x5f, 0x64, 0x73, 0x68, 0x47, 0x61, 0x74, 0x65, 0x77, 0x61, 0x79, 0x44, 0x65,
  0x73, 0x63, 0x72, 0x69, 0x70, 0x74, 0x6f, 0x72, 0x3f, 0x2e, 0x28, 0x29, 0x3b, 0x0a, 0x20, 0x20,
  0x69, 0x66, 0x20, 0x28, 0x21, 0x72, 0x61, 0x77, 0x20, 0x7c, 0x7c, 0x20, 0x72, 0x61, 0x77, 0x20,
  0x3d, 0x3d, 0x3d, 0x20, 0x27, 0x6e, 0x75, 0x6c, 0x6c, 0x27, 0x29, 0x20, 0x7b, 0x0a, 0x20, 0x20,
  0x20, 0x20, 0x6c, 0x6f, 0x67, 0x2e, 0x64, 0x65, 0x62, 0x75, 0x67, 0x28, 0x27, 0x6e, 0x6f, 0x20,
  0x72, 0x75, 0x6e, 0x74, 0x69, 0x6d, 0x65, 0x20, 0x64, 0x65, 0x73, 0x63, 0x72, 0x69, 0x70, 0x74,
  0x6f, 0x72, 0x20, 0xe2, 0x80, 0x94, 0x20, 0x6e, 0x65, 0x67, 0x6f, 0x74, 0x69, 0x61, 0x74, 0x69,
  0x6f, 0x6e, 0x20, 0x73, 0x6b, 0x69, 0x70, 0x70, 0x65, 0x64, 0x27, 0x29, 0x3b, 0x0a, 0x20, 0x20,
  0x20, 0x20, 0x72, 0x65, 0x74, 0x75, 0x72, 0x6e, 0x20, 0x7b, 0x20, 0x72, 0x65, 0x71, 0x75, 0x69,
  0x72, 0x65, 0x64, 0x3a, 0x20, 0x72, 0x65, 0x71, 0x75, 0x69, 0x72, 0x65, 0x64, 0x2e, 0x6c, 0x65,
  0x6e, 0x67, 0x74, 0x68, 0x2c, 0x20, 0x73, 0x6b, 0x69, 0x70, 0x70, 0x65, 0x64, 0x3a, 0x20, 0x74,
  0x72, 0x75, 0x65, 0x20, 0x7d, 0x3b, 0x0a, 0x20, 0x20, 0x7d, 0x0a, 0x20, 0x20, 0x6c, 0x65, 0x74,
  0x20, 0x64, 0x65, 0x73, 0x63, 0x72, 0x69, 0x70, 0x74, 0x6f, 0x72, 0x3b, 0x0a, 0x20, 0x20, 0x74,
  0x72, 0x79, 0x20, 0x7b, 0x0a, 0x20, 0x20, 0x20, 0x20, 0x64, 0x65, 0x73, 0x63, 0x72, 0x69, 0x70,
  0x74, 0x6f, 0x72, 0x20, 0x3d, 0x20, 0x4a, 0x53, 0x4f, 0x4e, 0x2e, 0x70, 0x61, 0x72, 0x73, 0x65,
  0x28, 0x72, 0x61, 0x77, 0x29, 0x3b, 0x0a, 0x20, 0x20, 0x7d, 0x20, 0x63, 0x61, 0x74, 0x63, 0x68,
  0x20, 0x28, 0x65, 0x72, 0x72, 0x29, 0x20, 0x7b, 0x0a, 0x20, 0x20, 0x20, 0x20, 0x74, 0x68, 0x72,
  0x6f, 0x77, 0x20, 0x6e, 0x65, 0x77, 0x20, 0x49, 0x6e, 0x73, 0x74, 0x61, 0x6c, 0x6c, 0x52, 0x65,
  0x6a, 0x65, 0x63, 0x74, 0x65, 0x64, 0x28, 0x27, 0x63, 0x61, 0x70, 0x61, 0x62, 0x69, 0x6c, 0x69,
  0x74, 0x79, 0x27, 0x2c, 0x20, 0x60, 0x72, 0x75, 0x6e, 0x74, 0x69, 0x6d, 0x65, 0x20, 0x64, 0x65,
  0x73, 0x63, 0x72, 0x69, 0x70, 0x74, 0x6f, 0x72, 0x20, 0x75, 0x6e, 0x70, 0x61, 0x72, 0x73, 0x61,
  0x62, 0x6c, 0x65, 0x3a, 0x20, 0x24, 0x7b, 0x65, 0x72, 0x72, 0x7d, 0x60, 0x29, 0x3b, 0x0a, 0x20,
  0x20, 0x7d, 0x0a, 0x20, 0x20, 0x63, 0x6f, 0x6e, 0x73, 0x74, 0x20, 0x61, 0x76, 0x61, 0x69, 0x6c,
  0x61, 0x62, 0x6c, 0x65, 0x20, 0x3d, 0x20, 0x64, 0x65, 0x73, 0x63, 0x72, 0x69, 0x70, 0x74, 0x6f,
  0x72, 0x2e, 0x61, 0x76, 0x61, 0x69, 0x6c, 0x61, 0x62, 0x6c, 0x65, 0x20, 0x3f, 0x3f, 0x20, 0x5b,
  0x5d, 0x3b, 0x0a, 0x20, 0x20, 0x63, 0x6f, 0x6e, 0x73, 0x74, 0x20, 0x73, 0x61, 0x74, 0x69, 0x73,
  0x66, 0x69, 0x65, 0x73, 0x20, 0x3d, 0x20, 0x28, 0x63, 0x61, 0x70, 0x29, 0x20, 0x3d, 0x3e, 0x20,
  0x7b, 0x0a, 0x20, 0x20, 0x20, 0x20, 0x69, 0x66, 0x20, 0x28, 0x63, 0x61, 0x70, 0x20, 0x3d, 0x3d,
  0x3d, 0x20, 0x27, 0x67, 0x61, 0x74, 0x65, 0x77, 0x61, 0x79, 0x27, 0x20, 0x7c, 0x7c, 0x20, 0x63,
  0x61, 0x70, 0x20, 0x3d, 0x3d, 0x3d, 0x20, 0x27, 0x67, 0x61, 0x74, 0x65, 0x77, 0x61, 0x79, 0x40,
  0x31, 0x27, 0x29, 0x20, 0x72, 0x65, 0x74, 0x75, 0x72, 0x6e, 0x20, 0x74, 0x72, 0x75, 0x65, 0x3b,
  0x0a, 0x20, 0x20, 0x20, 0x20, 0x69, 0x66, 0x20, 0x28, 0x61, 0x76, 0x61, 0x69, 0x6c, 0x61, 0x62,
  0x6c, 0x65, 0x2e, 0x69, 0x6e, 0x63, 0x6c, 0x75, 0x64, 0x65, 0x73, 0x28, 0x63, 0x61, 0x70, 0x29,
  0x29, 0x20, 0x72, 0x65, 0x74, 0x75, 0x72, 0x6e, 0x20, 0x74, 0x72, 0x75, 0x65, 0x3b, 0x0a, 0x20,
  0x20, 0x20, 0x20, 0x63, 0x6f, 0x6e, 0x73, 0x74, 0x20, 0x61, 0x74, 0x20, 0x3d, 0x20, 0x63, 0x61,
  0x70, 0x2e, 0x69, 0x6e, 0x64, 0x65, 0x78, 0x4f, 0x66, 0x28, 0x27, 0x40, 0x27, 0x29, 0x3b, 0x0a,
  0x20, 0x20, 0x20, 0x20, 0x69, 0x66, 0x20, 0x28, 0x61, 0x74, 0x20, 0x3c, 0x20, 0x30, 0x29, 0x20,
  0x72, 0x65, 0x74, 0x75, 0x72, 0x6e, 0x20, 0x61, 0x76, 0x61, 0x69, 0x6c, 0x61, 0x62, 0x6c, 0x65,
  0x2e, 0x73, 0x6f, 0x6d, 0x65, 0x28, 0x28, 0x61, 0x29, 0x20, 0x3d, 0x3e, 0x20, 0x61, 0x20, 0x3d,
  0x3d, 0x3d, 0x20, 0x63, 0x61, 0x70, 0x20, 0x7c, 0x7c, 0x20, 0x61, 0x2e, 0x73, 0x74, 0x61, 0x72,
  0x74, 0x73, 0x57, 0x69, 0x74, 0x68, 0x28, 0x60, 0x24, 0x7b, 0x63, 0x61, 0x70, 0x7d, 0x40, 0x60,
  0x29, 0x29, 0x3b, 0x0a, 0x20, 0x20, 0x20, 0x20, 0x72, 0x65, 0x74, 0x75, 0x72, 0x6e, 0x20, 0x66,
  0x61, 0x6c, 0x73, 0x65, 0x3b, 0x0a, 0x20, 0x20, 0x7d, 0x3b, 0x0a, 0x20, 0x20, 0x63, 0x6f, 0x6e,
  0x73, 0x74, 0x20, 0x6d, 0x69, 0x73, 0x73, 0x69, 0x6e, 0x67, 0x20, 0x3d, 0x20, 0x72, 0x65, 0x71,
  0x75, 0x69, 0x72, 0x65, 0x64, 0x2e, 0x66, 0x69, 0x6c, 0x74, 0x65, 0x72, 0x28, 0x28, 0x63, 0x61,
  0x70, 0x29, 0x20, 0x3d, 0x3e, 0x20, 0x21, 0x73, 0x61, 0x74, 0x69, 0x73, 0x66, 0x69, 0x65, 0x73,
  0x28, 0x63, 0x61, 0x70, 0x29, 0x29, 0x3b, 0x0a, 0x20, 0x20, 0x69, 0x66, 0x20, 0x28, 0x6d, 0x69,
  0x73, 0x73, 0x69, 0x6e, 0x67, 0x2e, 0x6c, 0x65, 0x6e, 0x67, 0x74, 0x68, 0x20, 0x3e, 0x20, 0x30,
  0x29, 0x20, 0x7b, 0x0a, 0x20, 0x20, 0x20, 0x20, 0x74, 0x68, 0x72, 0x6f, 0x77, 0x20, 0x6e, 0x65,
  0x77, 0x20, 0x49, 0x6e, 0x73, 0x74, 0x61, 0x6c, 0x6c, 0x52, 0x65, 0x6a, 0x65, 0x63, 0x74, 0x65,
  0x64, 0x28, 0x27, 0x63, 0x61, 0x70, 0x61, 0x62, 0x69, 0x6c, 0x69, 0x74, 0x79, 0x27, 0x2c, 0x0a,
  0x20, 0x20, 0x20, 0x20, 0x20, 0x20, 0x60, 0x72, 0x65, 0x71, 0x75, 0x69, 0x72, 0x65, 0x64, 0x20,
  0x63, 0x61, 0x70, 0x61, 0x62, 0x69, 0x6c, 0x69, 0x74, 0x69, 0x65, 0x73, 0x20, 0x6e, 0x6f, 0x74,
  0x20, 0x6f, 0x66, 0x66, 0x65, 0x72, 0x65, 0x64, 0x20, 0x62, 0x79, 0x20, 0x74, 0x68, 0x65, 0x20,
  0x68, 0x6f, 0x73, 0x74, 0x3a, 0x20, 0x24, 0x7b, 0x6d, 0x69, 0x73, 0x73, 0x69, 0x6e, 0x67, 0x2e,
  0x6a, 0x6f, 0x69, 0x6e, 0x28, 0x27, 0x2c, 0x20, 0x27, 0x29, 0x7d, 0x60, 0x2c, 0x0a, 0x20, 0x20,
  0x20, 0x20, 0x20, 0x20, 0x7b, 0x20, 0x6d, 0x69, 0x73, 0x73, 0x69, 0x6e, 0x67, 0x2c, 0x20, 0x75,
  0x6e, 0x61, 0x76, 0x61, 0x69, 0x6c, 0x61, 0x62, 0x6c, 0x65, 0x3a, 0x20, 0x64, 0x65, 0x73, 0x63,
  0x72, 0x69, 0x70, 0x74, 0x6f, 0x72, 0x2e, 0x75, 0x6e, 0x61, 0x76, 0x61, 0x69, 0x6c, 0x61, 0x62,
  0x6c, 0x65, 0x20, 0x3f, 0x3f, 0x20, 0x5b, 0x5d, 0x20, 0x7d, 0x29, 0x3b, 0x0a, 0x20, 0x20, 0x7d,
  0x0a, 0x20, 0x20, 0x63, 0x6f, 0x6e, 0x73, 0x74, 0x20, 0x72, 0x65, 0x73, 0x75, 0x6c, 0x74, 0x20,
  0x3d, 0x20, 0x7b, 0x20, 0x72, 0x65, 0x71, 0x75, 0x69, 0x72, 0x65, 0x64, 0x3a, 0x20, 0x72, 0x65,
  0x71, 0x75, 0x69, 0x72, 0x65, 0x64, 0x2e, 0x6c, 0x65, 0x6e, 0x67, 0x74, 0x68, 0x2c, 0x20, 0x73,
  0x6b, 0x69, 0x70, 0x70, 0x65, 0x64, 0x3a, 0x20, 0x66, 0x61, 0x6c, 0x73, 0x65, 0x20, 0x7d, 0x3b,
  0x0a, 0x20, 0x20, 0x6f, 0x6e, 0x28, 0x27, 0x6e, 0x65, 0x67, 0x6f, 0x74, 0x69, 0x61, 0x74, 0x65,
  0x64, 0x27, 0x2c, 0x20, 0x72, 0x65, 0x73, 0x75, 0x6c, 0x74, 0x29, 0x3b, 0x0a, 0x20, 0x20, 0x72,
  0x65, 0x74, 0x75, 0x72, 0x6e, 0x20, 0x72, 0x65, 0x73, 0x75, 0x6c, 0x74, 0x3b, 0x0a, 0x7d, 0x3b,
  0x0a, 0x0a, 0x2f, 0x2a, 0x2a, 0x20, 0x53, 0x74, 0x61, 0x67, 0x65, 0x20, 0x74, 0x68, 0x65, 0x20,
  0x74, 0x72, 0x65, 0x65, 0x2c, 0x20, 0x72, 0x65, 0x61, 0x64, 0x20, 0x69, 0x74, 0x20, 0x62, 0x61,
  0x63, 0x6b, 0x20, 0x62, 0x79, 0x74, 0x65, 0x2d, 0x62, 0x79, 0x2d, 0x62, 0x79, 0x74, 0x65, 0x2c,
  0x20, 0x76, 0x65, 0x72, 0x69, 0x66, 0x79, 0x20, 0x65, 0x76, 0x65, 0x72, 0x79, 0x20, 0x64, 0x69,
  0x67, 0x65, 0x73, 0x74, 0x20, 0x28, 0xc2, 0xa7, 0x33, 0x29, 0x2e, 0x20, 0x2a, 0x2f, 0x0a, 0x63,
  0x6f, 0x6e, 0x73, 0x74, 0x20, 0x73, 0x74, 0x61, 0x67, 0x65, 0x41, 0x6e, 0x64, 0x56, 0x65, 0x72,
  0x69, 0x66, 0x79, 0x20, 0x3d, 0x20, 0x61, 0x73, 0x79, 0x6e, 0x63, 0x20, 0x28, 0x70, 0x6b, 0x67,
  0x46, 0x69, 0x6c, 0x65, 0x73, 0x2c, 0x20, 0x6c, 0x65, 0x64, 0x67, 0x65, 0x72, 0x2c, 0x20, 0x73,
  0x74, 0x61, 0x67, 0x69, 0x6e, 0x67, 0x2c, 0x20, 0x74, 0x72, 0x65, 0x65, 0x53, 0x68, 0x61, 0x2c,
  0x20, 0x6f, 0x6e, 0x29, 0x20, 0x3d, 0x3e, 0x20, 0x7b, 0x0a, 0x20, 0x20, 0x6c, 0x6f, 0x67, 0x2e,
  0x64, 0x65, 0x62, 0x75, 0x67, 0x28, 0x27, 0x73, 0x74, 0x61, 0x67, 0x65, 0x20, 0x74, 0x72, 0x65,
  0x65, 0x27, 0x2c, 0x20, 0x7b, 0x20, 0x73, 0x74, 0x61, 0x67, 0x69, 0x6e, 0x67, 0x2c, 0x20, 0x66,
  0x69, 0x6c, 0x65, 0x73, 0x3a, 0x20, 0x4f, 0x62, 0x6a, 0x65, 0x63, 0x74, 0x2e, 0x6b, 0x65, 0x79,
  0x73, 0x28, 0x70, 0x6b, 0x67, 0x46, 0x69, 0x6c, 0x65, 0x73, 0x29, 0x2e, 0x6c, 0x65, 0x6e, 0x67,
  0x74, 0x68, 0x20, 0x7d, 0x29, 0x3b, 0x0a, 0x20, 0x20, 0x66, 0x6f, 0x72, 0x20, 0x28, 0x63, 0x6f,
  0x6e, 0x73, 0x74, 0x20, 0x5b, 0x72, 0x65, 0x6c, 0x2c, 0x20, 0x64, 0x61, 0x74, 0x61, 0x5d, 0x20,
  0x6f, 0x66, 0x20, 0x4f, 0x62, 0x6a, 0x65, 0x63, 0x74, 0x2e, 0x65, 0x6e, 0x74, 0x72, 0x69, 0x65,
  0x73, 0x28, 0x70, 0x6b, 0x67, 0x46, 0x69, 0x6c, 0x65, 0x73, 0x29, 0x29, 0x20, 0x7b, 0x0a, 0x20,
  0x20, 0x20, 0x20, 0x61, 0x77, 0x61, 0x69, 0x74, 0x20, 0x66, 0x73, 0x57, 0x72, 0x69, 0x74, 0x65,
  0x28, 0x53, 0x43, 0x4f, 0x50, 0x45, 0x2c, 0x20, 0x60, 0x24, 0x7b, 0x73, 0x74, 0x61, 0x67, 0x69,
  0x6e, 0x67, 0x7d, 0x2f, 0x24, 0x7b, 0x72, 0x65, 0x6c, 0x7d, 0x60, 0x2c, 0x20, 0x64, 0x61, 0x74,
  0x61, 0x29, 0x3b, 0x0a, 0x20, 0x20, 0x7d, 0x0a, 0x20, 0x20, 0x61, 0x77, 0x61, 0x69, 0x74, 0x20,
  0x66, 0x73, 0x57, 0x72, 0x69, 0x74, 0x65, 0x28, 0x53, 0x43, 0x4f, 0x50, 0x45, 0x2c, 0x20, 0x60,
  0x24, 0x7b, 0x73, 0x74, 0x61, 0x67, 0x69, 0x6e, 0x67, 0x7d, 0x2f, 0x69, 0x6e, 0x74, 0x65, 0x67,
  0x72, 0x69, 0x74, 0x79, 0x2e, 0x6a, 0x73, 0x6f, 0x6e, 0x60, 0x2c, 0x20, 0x74, 0x65, 0x78, 0x74,
  0x42, 0x79, 0x74, 0x65, 0x73, 0x28, 0x4a, 0x53, 0x4f, 0x4e, 0x2e, 0x73, 0x74, 0x72, 0x69, 0x6e,
  0x67, 0x69, 0x66, 0x79, 0x28, 0x6c, 0x65, 0x64, 0x67, 0x65, 0x72, 0x2c, 0x20, 0x6e, 0x75, 0x6c,
  0x6c, 0x2c, 0x20, 0x32, 0x29, 0x29, 0x29, 0x3b, 0x0a, 0x20, 0x20, 0x66, 0x6f, 0x72, 0x20, 0x28,
  0x63, 0x6f, 0x6e, 0x73, 0x74, 0x20, 0x5b, 0x72, 0x65, 0x6c, 0x2c, 0x20, 0x68, 0x65, 0x78, 0x5d,
  0x20, 0x6f, 0x66, 0x20, 0x4f, 0x62, 0x6a, 0x65, 0x63, 0x74, 0x2e, 0x65, 0x6e, 0x74, 0x72, 0x69,
  0x65, 0x73, 0x28, 0x6c, 0x65, 0x64, 0x67, 0x65, 0x72, 0x2e, 0x66, 0x69, 0x6c, 0x65, 0x73, 0x29,
  0x29, 0x20, 0x7b, 0x0a, 0x20, 0x20, 0x20, 0x20, 0x61, 0x77, 0x61, 0x69, 0x74, 0x20, 0x72, 0x65,
  0x61, 0x64, 0x42, 0x61, 0x63, 0x6b, 0x28, 0x60, 0x24, 0x7b, 0x73, 0x74, 0x61, 0x67, 0x69, 0x6e,
  0x67, 0x7d, 0x2f, 0x24, 0x7b, 0x72, 0x65, 0x6c, 0x7d, 0x60, 0x2c, 0x20, 0x68, 0x65, 0x78, 0x29,
  0x3b, 0x0a, 0x20, 0x20, 0x7d, 0x0a, 0x20, 0x20, 0x61, 0x77, 0x61, 0x69, 0x74, 0x20, 0x72, 0x65,
  0x61, 0x64, 0x42, 0x61, 0x63, 0x6b, 0x28, 0x60, 0x24, 0x7b, 0x73, 0x74, 0x61, 0x67, 0x69, 0x6e,
  0x67, 0x7d, 0x2f, 0x69, 0x6e, 0x74, 0x65, 0x67, 0x72, 0x69, 0x74, 0x79, 0x2e, 0x6a, 0x73, 0x6f,
  0x6e, 0x60, 0x2c, 0x20, 0x74, 0x72, 0x65, 0x65, 0x53, 0x68, 0x61, 0x29, 0x3b, 0x0a, 0x20, 0x20,
  0x6f, 0x6e, 0x28, 0x27, 0x73, 0x74, 0x61, 0x67, 0x65, 0x64, 0x2e, 0x76, 0x65, 0x72, 0x69, 0x66,
  0x69, 0x65, 0x64, 0x27, 0x2c, 0x20, 0x7b, 0x20, 0x66, 0x69, 0x6c, 0x65, 0x73, 0x3a, 0x20, 0x4f,
  0x62, 0x6a, 0x65, 0x63, 0x74, 0x2e, 0x6b, 0x65, 0x79, 0x73, 0x28, 0x6c, 0x65, 0x64, 0x67, 0x65,
  0x72, 0x2e, 0x66, 0x69, 0x6c, 0x65, 0x73, 0x29, 0x2e, 0x6c, 0x65, 0x6e, 0x67, 0x74, 0x68, 0x20,
  0x2b, 0x20, 0x31, 0x20, 0x7d, 0x29, 0x3b, 0x0a, 0x7d, 0x3b, 0x0a, 0x0a, 0x2f, 0x2a, 0x2a, 0x20,
  0x43, 0x6f, 0x70, 0x79, 0x20, 0x74, 0x68, 0x65, 0x20, 0x76, 0x65, 0x72, 0x69, 0x66, 0x69, 0x65,
  0x64, 0x20, 0x73, 0x74, 0x61, 0x67, 0x69, 0x6e, 0x67, 0x20, 0x74, 0x72, 0x65, 0x65, 0x20, 0x74,
  0x6f, 0x20, 0x69, 0x74, 0x73, 0x20, 0x66, 0x69, 0x6e, 0x61, 0x6c, 0x20, 0x68, 0x6f, 0x6d, 0x65,
  0x20, 0x28, 0x6e, 0x6f, 0x20, 0x72, 0x65, 0x6e, 0x61, 0x6d, 0x65, 0x20, 0x70, 0x72, 0x69, 0x6d,
  0x69, 0x74, 0x69, 0x76, 0x65, 0x20, 0xe2, 0x80, 0x94, 0x0a, 0x20, 0x2a, 0x20, 0x74, 0x68, 0x65,
  0x20, 0x70, 0x72, 0x6f, 0x6d, 0x6f, 0x74, 0x69, 0x6f, 0x6e, 0x20, 0x69, 0x73, 0x20, 0x61, 0x20,
  0x72, 0x65, 0x61, 0x64, 0x2d, 0x62, 0x61, 0x63, 0x6b, 0x20, 0x63, 0x6f, 0x70, 0x79, 0x20, 0x6f,
  0x66, 0x20, 0x76, 0x65, 0x72, 0x69, 0x66, 0x69, 0x65, 0x64, 0x20, 0x62, 0x79, 0x74, 0x65, 0x73,
  0x29, 0x2e, 0x20, 0x2a, 0x2f, 0x0a, 0x63, 0x6f, 0x6e, 0x73, 0x74, 0x20, 0x70, 0x72, 0x6f, 0x6d,
  0x6f, 0x74, 0x65, 0x20, 0x3d, 0x20, 0x61, 0x73, 0x79, 0x6e, 0x63, 0x20, 0x28, 0x73, 0x74, 0x61,
  0x67, 0x69, 0x6e, 0x67, 0x2c, 0x20, 0x70, 0x6b, 0x67, 0x44, 0x69, 0x72, 0x2c, 0x20, 0x6e, 0x61,
  0x6d, 0x65, 0x73, 0x29, 0x20, 0x3d, 0x3e, 0x20, 0x7b, 0x0a, 0x20, 0x20, 0x6c, 0x6f, 0x67, 0x2e,
  0x64, 0x65, 0x62, 0x75, 0x67, 0x28, 0x27, 0x70, 0x72, 0x6f, 0x6d, 0x6f, 0x74, 0x65, 0x20, 0x74,
  0x72, 0x65, 0x65, 0x27, 0x2c, 0x20, 0x7b, 0x20, 0x70, 0x6b, 0x67, 0x44, 0x69, 0x72, 0x2c, 0x20,
  0x66, 0x69, 0x6c, 0x65, 0x73, 0x3a, 0x20, 0x6e, 0x61, 0x6d, 0x65, 0x73, 0x2e, 0x6c, 0x65, 0x6e,
  0x67, 0x74, 0x68, 0x20, 0x7d, 0x29, 0x3b, 0x0a, 0x20, 0x20, 0x66, 0x6f, 0x72, 0x20, 0x28, 0x63,
  0x6f, 0x6e, 0x73, 0x74, 0x20, 0x72, 0x65, 0x6c, 0x20, 0x6f, 0x66, 0x20, 0x6e, 0x61, 0x6d, 0x65,
  0x73, 0x29, 0x20, 0x7b, 0x0a, 0x20, 0x20, 0x20, 0x20, 0x63, 0x6f, 0x6e, 0x73, 0x74, 0x20, 0x7b,
  0x20, 0x62, 0x79, 0x74, 0x65, 0x73, 0x20, 0x7d, 0x20, 0x3d, 0x20, 0x61, 0x77, 0x61, 0x69, 0x74,
  0x20, 0x66, 0x73, 0x52, 0x65, 0x61, 0x64, 0x28, 0x53, 0x43, 0x4f, 0x50, 0x45, 0x2c, 0x20, 0x60,
  0x24, 0x7b, 0x73, 0x74, 0x61, 0x67, 0x69, 0x6e, 0x67, 0x7d, 0x2f, 0x24, 0x7b, 0x72, 0x65, 0x6c,
  0x7d, 0x60, 0x29, 0x3b, 0x0a, 0x20, 0x20, 0x20, 0x20, 0x61, 0x77, 0x61, 0x69, 0x74, 0x20, 0x66,
  0x73, 0x57, 0x72, 0x69, 0x74, 0x65, 0x28, 0x53, 0x43, 0x4f, 0x50, 0x45, 0x2c, 0x20, 0x60, 0x24,
  0x7b, 0x70, 0x6b, 0x67, 0x44, 0x69, 0x72, 0x7d, 0x2f, 0x24, 0x7b, 0x72, 0x65, 0x6c, 0x7d, 0x60,
  0x2c, 0x20, 0x62, 0x79, 0x74, 0x65, 0x73, 0x29, 0x3b, 0x0a, 0x20, 0x20, 0x7d, 0x0a, 0x7d, 0x3b,
  0x0a, 0x0a, 0x2f, 0x2a, 0x2a, 0x20, 0x41, 0x70, 0x70, 0x65, 0x6e, 0x64, 0x20, 0x74, 0x68, 0x65,
  0x20, 0x72, 0x65, 0x63, 0x65, 0x69, 0x70, 0x74, 0x20, 0xe2, 0x80, 0x94, 0x20, 0x74, 0x68, 0x65,
  0x20, 0x63, 0x6f, 0x6d, 0x6d, 0x69, 0x74, 0x20, 0x70, 0x6f, 0x69, 0x6e, 0x74, 0x20, 0x28, 0xc2,
  0xa7, 0x34, 0x29, 0x2e, 0x20, 0x2a, 0x2f, 0x0a, 0x63, 0x6f, 0x6e, 0x73, 0x74, 0x20, 0x63, 0x6f,
  0x6d, 0x6d, 0x69, 0x74, 0x52, 0x65, 0x63, 0x65, 0x69, 0x70, 0x74, 0x20, 0x3d, 0x20, 0x61, 0x73,
  0x79, 0x6e, 0x63, 0x20, 0x28, 0x74, 0x78, 0x29, 0x20, 0x3d, 0x3e, 0x20, 0x7b, 0x0a, 0x20, 0x20,
  0x63, 0x6f, 0x6e, 0x73, 0x74, 0x20, 0x72, 0x65, 0x63, 0x65, 0x69, 0x70, 0x74, 0x20, 0x3d, 0x20,
  0x7b, 0x0a, 0x20, 0x20, 0x20, 0x20, 0x72, 0x65, 0x63, 0x65, 0x69, 0x70, 0x74, 0x56, 0x65, 0x72,
  0x73, 0x69, 0x6f, 0x6e, 0x3a, 0x20, 0x31, 0x2c, 0x0a, 0x20, 0x20, 0x20, 0x20, 0x61, 0x63, 0x74,
  0x69, 0x6f, 0x6e, 0x3a, 0x20, 0x27, 0x69, 0x6e, 0x73, 0x74, 0x61, 0x6c, 0x6c, 0x27, 0x2c, 0x0a,
  0x20, 0x20, 0x20, 0x20, 0x69, 0x64, 0x3a, 0x20, 0x74, 0x78, 0x2e, 0x6d, 0x61, 0x6e, 0x69, 0x66,
  0x65, 0x73, 0x74, 0x2e, 0x69, 0x64, 0x2c, 0x0a, 0x20, 0x20, 0x20, 0x20, 0x76, 0x65, 0x72, 0x73,
  0x69, 0x6f, 0x6e, 0x3a, 0x20, 0x74, 0x78, 0x2e, 0x6d, 0x61, 0x6e, 0x69, 0x66, 0x65, 0x73, 0x74,
  0x2e, 0x76, 0x65, 0x72, 0x73, 0x69, 0x6f, 0x6e, 0x2c, 0x0a, 0x20, 0x20, 0x20, 0x20, 0x62, 0x6c,
  0x6f, 0x62, 0x53, 0x68, 0x61, 0x32, 0x35, 0x36, 0x3a, 0x20, 0x74, 0x78, 0x2e, 0x64, 0x69, 0x67,
  0x65, 0x73, 0x74, 0x2c, 0x0a, 0x20, 0x20, 0x20, 0x20, 0x74, 0x72, 0x65, 0x65, 0x53, 0x68, 0x61,
  0x32, 0x35, 0x36, 0x3a, 0x20, 0x74, 0x78, 0x2e, 0x74, 0x72, 0x65, 0x65, 0x53, 0x68, 0x61, 0x2c,
  0x0a, 0x20, 0x20, 0x20, 0x20, 0x73, 0x74, 0x61, 0x74, 0x75, 0x73, 0x3a, 0x20, 0x27, 0x63, 0x6f,
  0x6d, 0x6d, 0x69, 0x74, 0x74, 0x65, 0x64, 0x27, 0x2c, 0x0a, 0x20, 0x20, 0x20, 0x20, 0x70, 0x72,
  0x65, 0x76, 0x69, 0x6f, 0x75, 0x73, 0x56, 0x65, 0x72, 0x73, 0x69, 0x6f, 0x6e, 0x3a, 0x20, 0x6e,
  0x75, 0x6c, 0x6c, 0x2c, 0x0a, 0x20, 0x20, 0x20, 0x20, 0x73, 0x74, 0x61, 0x72, 0x74, 0x65, 0x64,
  0x41, 0x74, 0x3a, 0x20, 0x74, 0x78, 0x2e, 0x73, 0x74, 0x61, 0x72, 0x74, 0x65, 0x64, 0x41, 0x74,
  0x2c, 0x0a, 0x20, 0x20, 0x20, 0x20, 0x63, 0x6f, 0x6d, 0x6d, 0x69, 0x74, 0x74, 0x65, 0x64, 0x41,
  0x74, 0x3a, 0x20, 0x6e, 0x65, 0x77, 0x20, 0x44, 0x61, 0x74, 0x65, 0x28, 0x29, 0x2e, 0x74, 0x6f,
  0x49, 0x53, 0x4f, 0x53, 0x74, 0x72, 0x69, 0x6e, 0x67, 0x28, 0x29, 0x2c, 0x0a, 0x20, 0x20, 0x7d,
  0x3b, 0x0a, 0x20, 0x20, 0x63, 0x6f, 0x6e, 0x73, 0x74, 0x20, 0x72, 0x65, 0x63, 0x65, 0x69, 0x70,
  0x74, 0x50, 0x61, 0x74, 0x68, 0x20, 0x3d, 0x20, 0x60, 0x72, 0x65, 0x63, 0x65, 0x69, 0x70, 0x74,
  0x73, 0x2f, 0x24, 0x7b, 0x74, 0x78, 0x2e, 0x74, 0x78, 0x49, 0x64, 0x7d, 0x2e, 0x6a, 0x73, 0x6f,
  0x6e, 0x60, 0x3b, 0x0a, 0x20, 0x20, 0x6c, 0x6f, 0x67, 0x2e, 0x64, 0x65, 0x62, 0x75, 0x67, 0x28,
  0x27, 0x63, 0x6f, 0x6d, 0x6d, 0x69, 0x74, 0x20, 0x72, 0x65, 0x63, 0x65, 0x69, 0x70, 0x74, 0x27,
  0x2c, 0x20, 0x7b, 0x20, 0x72, 0x65, 0x63, 0x65, 0x69, 0x70, 0x74, 0x50, 0x61, 0x74, 0x68, 0x20,
  0x7d, 0x29, 0x3b, 0x0a, 0x20, 0x20, 0x61, 0x77, 0x61, 0x69, 0x74, 0x20, 0x66, 0x73, 0x57, 0x72,
  0x69, 0x74, 0x65, 0x28, 0x53, 0x43, 0x4f, 0x50, 0x45, 0x2c, 0x20, 0x72, 0x65, 0x63, 0x65, 0x69,
  0x70, 0x74, 0x50, 0x61, 0x74, 0x68, 0x2c, 0x20, 0x74, 0x65, 0x78, 0x74, 0x42, 0x79, 0x74, 0x65,
  0x73, 0x28, 0x60, 0x24, 0x7b, 0x4a, 0x53, 0x4f, 0x4e, 0x2e, 0x73, 0x74, 0x72, 0x69, 0x6e, 0x67,
  0x69, 0x66, 0x79, 0x28, 0x72, 0x65, 0x63, 0x65, 0x69, 0x70, 0x74, 0x2c, 0x20, 0x6e, 0x75, 0x6c,
  0x6c, 0x2c, 0x20, 0x32, 0x29, 0x7d, 0x5c, 0x6e, 0x60, 0x29, 0x29, 0x3b, 0x0a, 0x20, 0x20, 0x72,
  0x65, 0x74, 0x75, 0x72, 0x6e, 0x20, 0x7b, 0x20, 0x72, 0x65, 0x63, 0x65, 0x69, 0x70, 0x74, 0x2c,
  0x20, 0x72, 0x65, 0x63, 0x65, 0x69, 0x70, 0x74, 0x50, 0x61, 0x74, 0x68, 0x20, 0x7d, 0x3b, 0x0a,
  0x7d, 0x3b, 0x0a, 0x0a, 0x2f, 0x2a, 0x2a, 0x20, 0x57, 0x72, 0x69, 0x74, 0x65, 0x20, 0x74, 0x68,
  0x65, 0x20, 0x50, 0x45, 0x4e, 0x44, 0x49, 0x4e, 0x47, 0x20, 0x6a, 0x6f, 0x75, 0x72, 0x6e, 0x61,
  0x6c, 0x20, 0x65, 0x6e, 0x74, 0x72, 0x79, 0x20, 0x28, 0xc2, 0xa7, 0x34, 0x20, 0x73, 0x74, 0x65,
  0x70, 0x20, 0x31, 0xe2, 0x80, 0x93, 0x33, 0x2d, 0x69, 0x6e, 0x74, 0x65, 0x72, 0x72, 0x75, 0x70,
  0x74, 0x65, 0x64, 0x20, 0x6d, 0x61, 0x72, 0x6b, 0x65, 0x72, 0x29, 0x2e, 0x20, 0x2a, 0x2f, 0x0a,
  0x63, 0x6f, 0x6e, 0x73, 0x74, 0x20, 0x6a, 0x6f, 0x75, 0x72, 0x6e, 0x61, 0x6c, 0x50, 0x65, 0x6e,
  0x64, 0x69, 0x6e, 0x67, 0x20, 0x3d, 0x20, 0x61, 0x73, 0x79, 0x6e, 0x63, 0x20, 0x28, 0x74, 0x78,
  0x49, 0x64, 0x2c, 0x20, 0x6d, 0x61, 0x6e, 0x69, 0x66, 0x65, 0x73, 0x74, 0x2c, 0x20, 0x64, 0x69,
  0x67, 0x65, 0x73, 0x74, 0x2c, 0x20, 0x74, 0x72, 0x65, 0x65, 0x53, 0x68, 0x61, 0x2c, 0x20, 0x73,
  0x74, 0x61, 0x72, 0x74, 0x65, 0x64, 0x41, 0x74, 0x29, 0x20, 0x3d, 0x3e, 0x20, 0x7b, 0x0a, 0x20,
  0x20, 0x6c, 0x6f, 0x67, 0x2e, 0x64, 0x65, 0x62, 0x75, 0x67, 0x28, 0x27, 0x6a, 0x6f, 0x75, 0x72,
  0x6e, 0x61, 0x6c, 0x20, 0x70, 0x65, 0x6e, 0x64, 0x69, 0x6e, 0x67, 0x27, 0x2c, 0x20, 0x7b, 0x20,
  0x74, 0x78, 0x49, 0x64, 0x20, 0x7d, 0x29, 0x3b, 0x0a, 0x20, 0x20, 0x61, 0x77, 0x61, 0x69, 0x74,
  0x20, 0x61, 0x70, 0x70, 0x65, 0x6e, 0x64, 0x4a, 0x6f, 0x75, 0x72, 0x6e, 0x61, 0x6c, 0x28, 0x74,
  0x78, 0x49, 0x64, 0x2c, 0x20, 0x7b, 0x0a, 0x20, 0x20, 0x20, 0x20, 0x72, 0x65, 0x63, 0x65, 0x69,
  0x70, 0x74, 0x56, 0x65, 0x72, 0x73, 0x69, 0x6f, 0x6e, 0x3a, 0x20, 0x31, 0x2c, 0x20, 0x61, 0x63,
  0x74, 0x69, 0x6f, 0x6e, 0x3a, 0x20, 0x27, 0x69, 0x6e, 0x73, 0x74, 0x61, 0x6c, 0x6c, 0x27, 0x2c,
  0x20, 0x69, 0x64, 0x3a, 0x20, 0x6d, 0x61, 0x6e, 0x69, 0x66, 0x65, 0x73, 0x74, 0x2e, 0x69, 0x64,
  0x2c, 0x20, 0x76, 0x65, 0x72, 0x73, 0x69, 0x6f, 0x6e, 0x3a, 0x20, 0x6d, 0x61, 0x6e, 0x69, 0x66,
  0x65, 0x73, 0x74, 0x2e, 0x76, 0x65, 0x72, 0x73, 0x69, 0x6f, 0x6e, 0x2c, 0x0a, 0x20, 0x20, 0x20,
  0x20, 0x62, 0x6c, 0x6f, 0x62, 0x53, 0x68, 0x61, 0x32, 0x35, 0x36, 0x3a, 0x20, 0x64, 0x69, 0x67,
  0x65, 0x73, 0x74, 0x2c, 0x20, 0x74, 0x72, 0x65, 0x65, 0x53, 0x68, 0x61, 0x32, 0x35, 0x36, 0x3a,
  0x20, 0x74, 0x72, 0x65, 0x65, 0x53, 0x68, 0x61, 0x2c, 0x20, 0x73, 0x74, 0x61, 0x74, 0x75, 0x73,
  0x3a, 0x20, 0x27, 0x70, 0x65, 0x6e, 0x64, 0x69, 0x6e, 0x67, 0x27, 0x2c, 0x20, 0x70, 0x72, 0x65,
  0x76, 0x69, 0x6f, 0x75, 0x73, 0x56, 0x65, 0x72, 0x73, 0x69, 0x6f, 0x6e, 0x3a, 0x20, 0x6e, 0x75,
  0x6c, 0x6c, 0x2c, 0x0a, 0x20, 0x20, 0x20, 0x20, 0x73, 0x74, 0x61, 0x72, 0x74, 0x65, 0x64, 0x41,
  0x74, 0x2c, 0x20, 0x63, 0x6f, 0x6d, 0x6d, 0x69, 0x74, 0x74, 0x65, 0x64, 0x41, 0x74, 0x3a, 0x20,
  0x6e, 0x75, 0x6c, 0x6c, 0x2c, 0x0a, 0x20, 0x20, 0x7d, 0x29, 0x3b, 0x0a, 0x7d, 0x3b, 0x0a, 0x0a,
  0x2f, 0x2a, 0x2a, 0x20, 0x57, 0x72, 0x69, 0x74, 0x65, 0x20, 0x74, 0x68, 0x65, 0x20, 0x52, 0x4f,
  0x4c, 0x4c, 0x45, 0x44, 0x2d, 0x42, 0x41, 0x43, 0x4b, 0x20, 0x6a, 0x6f, 0x75, 0x72, 0x6e, 0x61,
  0x6c, 0x20, 0x65, 0x6e, 0x74, 0x72, 0x79, 0x20, 0x28, 0x61, 0x20, 0x66, 0x61, 0x69, 0x6c, 0x75,
  0x72, 0x65, 0x20, 0x61, 0x66, 0x74, 0x65, 0x72, 0x20, 0x74, 0x68, 0x65, 0x20, 0x70, 0x65, 0x6e,
  0x64, 0x69, 0x6e, 0x67, 0x0a, 0x20, 0x2a, 0x20, 0x72, 0x65, 0x63, 0x65, 0x69, 0x70, 0x74, 0x20,
  0xe2, 0x80, 0x94, 0x20, 0xc2, 0xa7, 0x34, 0x3a, 0x20, 0x61, 0x20, 0x68, 0x6f, 0x73, 0x74, 0x20,
  0x6e, 0x65, 0x76, 0x65, 0x72, 0x20, 0x6c, 0x65, 0x61, 0x76, 0x65, 0x73, 0x20, 0x61, 0x20, 0x70,
  0x65, 0x6e, 0x64, 0x69, 0x6e, 0x67, 0x20, 0x72, 0x65, 0x63, 0x65, 0x69, 0x70, 0x74, 0x20, 0x75,
  0x6e, 0x65, 0x78, 0x61, 0x6d, 0x69, 0x6e, 0x65, 0x64, 0x29, 0x2e, 0x20, 0x2a, 0x2f, 0x0a, 0x63,
  0x6f, 0x6e, 0x73, 0x74, 0x20, 0x6a, 0x6f, 0x75, 0x72, 0x6e, 0x61, 0x6c, 0x52, 0x6f, 0x6c, 0x6c,
  0x65, 0x64, 0x42, 0x61, 0x63, 0x6b, 0x20, 0x3d, 0x20, 0x61, 0x73, 0x79, 0x6e, 0x63, 0x20, 0x28,
  0x74, 0x78, 0x49, 0x64, 0x2c, 0x20, 0x6d, 0x61, 0x6e, 0x69, 0x66, 0x65, 0x73, 0x74, 0x2c, 0x20,
  0x64, 0x69, 0x67, 0x65, 0x73, 0x74, 0x2c, 0x20, 0x73, 0x74, 0x61, 0x72, 0x74, 0x65, 0x64, 0x41,
  0x74, 0x29, 0x20, 0x3d, 0x3e, 0x20, 0x7b, 0x0a, 0x20, 0x20, 0x6c, 0x6f, 0x67, 0x2e, 0x64, 0x65,
  0x62, 0x75, 0x67, 0x28, 0x27, 0x6a, 0x6f, 0x75, 0x72, 0x6e, 0x61, 0x6c, 0x20, 0x72, 0x6f, 0x6c,
  0x6c, 0x65, 0x64, 0x2d, 0x62, 0x61, 0x63, 0x6b, 0x27, 0x2c, 0x20, 0x7b, 0x20, 0x74, 0x78, 0x49,
  0x64, 0x20, 0x7d, 0x29, 0x3b, 0x0a, 0x20, 0x20, 0x61, 0x77, 0x61, 0x69, 0x74, 0x20, 0x61, 0x70,
  0x70, 0x65, 0x6e, 0x64, 0x4a, 0x6f, 0x75, 0x72, 0x6e, 0x61, 0x6c, 0x28, 0x74, 0x78, 0x49, 0x64,
  0x2c, 0x20, 0x7b, 0x0a, 0x20, 0x20, 0x20, 0x20, 0x72, 0x65, 0x63, 0x65, 0x69, 0x70, 0x74, 0x56,
  0x65, 0x72, 0x73, 0x69, 0x6f, 0x6e, 0x3a, 0x20, 0x31, 0x2c, 0x20, 0x61, 0x63, 0x74, 0x69, 0x6f,
  0x6e, 0x3a, 0x20, 0x27, 0x69, 0x6e, 0x73, 0x74, 0x61, 0x6c, 0x6c, 0x27, 0x2c, 0x20, 0x69, 0x64,
  0x3a, 0x20, 0x6d, 0x61, 0x6e, 0x69, 0x66, 0x65, 0x73, 0x74, 0x2e, 0x69, 0x64, 0x2c, 0x20, 0x76,
  0x65, 0x72, 0x73, 0x69, 0x6f, 0x6e, 0x3a, 0x20, 0x6d, 0x61, 0x6e, 0x69, 0x66, 0x65, 0x73, 0x74,
  0x2e, 0x76, 0x65, 0x72, 0x73, 0x69, 0x6f, 0x6e, 0x2c, 0x0a, 0x20, 0x20, 0x20, 0x20, 0x62, 0x6c,
  0x6f, 0x62, 0x53, 0x68, 0x61, 0x32, 0x35, 0x36, 0x3a, 0x20, 0x64, 0x69, 0x67, 0x65, 0x73, 0x74,
  0x2c, 0x20, 0x74, 0x72, 0x65, 0x65, 0x53, 0x68, 0x61, 0x32, 0x35, 0x36, 0x3a, 0x20, 0x6e, 0x75,
  0x6c, 0x6c, 0x2c, 0x20, 0x73, 0x74, 0x61, 0x74, 0x75, 0x73, 0x3a, 0x20, 0x27, 0x72, 0x6f, 0x6c,
  0x6c, 0x65, 0x64, 0x2d, 0x62, 0x61, 0x63, 0x6b, 0x27, 0x2c, 0x20, 0x70, 0x72, 0x65, 0x76, 0x69,
  0x6f, 0x75, 0x73, 0x56, 0x65, 0x72, 0x73, 0x69, 0x6f, 0x6e, 0x3a, 0x20, 0x6e, 0x75, 0x6c, 0x6c,
  0x2c, 0x0a, 0x20, 0x20, 0x20, 0x20, 0x73, 0x74, 0x61, 0x72, 0x74, 0x65, 0x64, 0x41, 0x74, 0x2c,
  0x20, 0x63, 0x6f, 0x6d, 0x6d, 0x69, 0x74, 0x74, 0x65, 0x64, 0x41, 0x74, 0x3a, 0x20, 0x6e, 0x65,
  0x77, 0x20, 0x44, 0x61, 0x74, 0x65, 0x28, 0x29, 0x2e, 0x74, 0x6f, 0x49, 0x53, 0x4f, 0x53, 0x74,
  0x72, 0x69, 0x6e, 0x67, 0x28, 0x29, 0x2c, 0x0a, 0x20, 0x20, 0x7d, 0x29, 0x3b, 0x0a, 0x7d, 0x3b,
  0x0a, 0x0a, 0x2f, 0x2a, 0x2a, 0x0a, 0x20, 0x2a, 0x20, 0x52, 0x75, 0x6e, 0x20, 0x6f, 0x6e, 0x65,
  0x20, 0x69, 0x6e, 0x73, 0x74, 0x61, 0x6c, 0x6c, 0x20, 0x74, 0x72, 0x61, 0x6e, 0x73, 0x61, 0x63,
  0x74, 0x69, 0x6f, 0x6e, 0x2e, 0x20, 0x41, 0x72, 0x67, 0x73, 0x3a, 0x20, 0x7b, 0x69, 0x64, 0x2c,
  0x20, 0x62, 0x79, 0x74, 0x65, 0x73, 0x2c, 0x20, 0x74, 0x72, 0x75, 0x73, 0x74, 0x2c, 0x20, 0x74,
  0x78, 0x49, 0x64, 0x2c, 0x20, 0x6f, 0x6e, 0x2c, 0x20, 0x6a, 0x6f, 0x75, 0x72, 0x6e, 0x61, 0x6c,
  0x7d, 0x20, 0xe2, 0x80, 0x94, 0x0a, 0x20, 0x2a, 0x20, 0x74, 0x72, 0x75, 0x73, 0x74, 0x20, 0x3d,
  0x20, 0x7b, 0x62, 0x6c, 0x6f, 0x62, 0x53, 0x68, 0x61, 0x32, 0x35, 0x36, 0x2c, 0x20, 0x6d, 0x61,
  0x6e, 0x69, 0x66, 0x65, 0x73, 0x74, 0x53, 0x68, 0x61, 0x32, 0x35, 0x36, 0x7d, 0x2c, 0x20, 0x6f,
  0x6e, 0x20, 0x3d, 0x20, 0x28, 0x73, 0x74, 0x65, 0x70, 0x2c, 0x20, 0x66, 0x69, 0x65, 0x6c, 0x64,
  0x73, 0x29, 0x20, 0x3d, 0x3e, 0x20, 0x76, 0x6f, 0x69, 0x64, 0x2c, 0x0a, 0x20, 0x2a, 0x20, 0x6a,
  0x6f, 0x75, 0x72, 0x6e, 0x61, 0x6c, 0x20, 0x3d, 0x20, 0x61, 0x70, 0x70, 0x65, 0x6e, 0x64, 0x20,
  0x72, 0x65, 0x63, 0x65, 0x69, 0x70, 0x74, 0x73, 0x20, 0x74, 0x6f, 0x20, 0x72, 0x65, 0x63, 0x65,
  0x69, 0x70, 0x74, 0x73, 0x2f, 0x6a, 0x6f, 0x75, 0x72, 0x6e, 0x61, 0x6c, 0x2e, 0x6a, 0x73, 0x6f,
  0x6e, 0x6c, 0x20, 0x28, 0x70, 0x65, 0x6e, 0x64, 0x69, 0x6e, 0x67, 0x20, 0xe2, 0x86, 0x92, 0x20,
  0x63, 0x6f, 0x6d, 0x6d, 0x69, 0x74, 0x74, 0x65, 0x64, 0x3b, 0x0a, 0x20, 0x2a, 0x20, 0x73, 0x65,
  0x65, 0x20, 0x74, 0x68, 0x65, 0x20, 0x6d, 0x6f, 0x64, 0x75, 0x6c, 0x65, 0x20, 0x64, 0x6f, 0x63,
  0x29, 0x2e, 0x20, 0x52, 0x65, 0x73, 0x6f, 0x6c, 0x76, 0x65, 0x73, 0x20, 0x7b, 0x6d, 0x61, 0x6e,
  0x69, 0x66, 0x65, 0x73, 0x74, 0x2c, 0x20, 0x69, 0x6e, 0x74, 0x65, 0x67, 0x72, 0x69, 0x74, 0x79,
  0x2c, 0x20, 0x65, 0x6e, 0x74, 0x72, 0x79, 0x53, 0x6f, 0x75, 0x72, 0x63, 0x65, 0x2c, 0x20, 0x6d,
  0x6f, 0x64, 0x75, 0x6c, 0x65, 0x49, 0x64, 0x2c, 0x0a, 0x20, 0x2a, 0x20, 0x64, 0x69, 0x67, 0x65,
  0x73, 0x74, 0x2c, 0x20, 0x72, 0x65, 0x63, 0x65, 0x69, 0x70, 0x74, 0x2c, 0x20, 0x72, 0x65, 0x63,
  0x65, 0x69, 0x70, 0x74, 0x50, 0x61, 0x74, 0x68, 0x2c, 0x20, 0x62, 0x6c, 0x6f, 0x62, 0x50, 0x61,
  0x74, 0x68, 0x2c, 0x20, 0x70, 0x6b, 0x67, 0x44, 0x69, 0x72, 0x7d, 0x3b, 0x20, 0x72, 0x65, 0x6a,
  0x65, 0x63, 0x74, 0x73, 0x20, 0x77, 0x69, 0x74, 0x68, 0x0a, 0x20, 0x2a, 0x20, 0x49, 0x6e, 0x73,
  0x74, 0x61, 0x6c, 0x6c, 0x52, 0x65, 0x6a, 0x65, 0x63, 0x74, 0x65, 0x64, 0x20, 0x28, 0x6e, 0x6f,
  0x20, 0x72, 0x65, 0x63, 0x65, 0x69, 0x70, 0x74, 0x20, 0x77, 0x72, 0x69, 0x74, 0x74, 0x65, 0x6e,
  0x20, 0xe2, 0x80, 0x94, 0x20, 0x73, 0x65, 0x65, 0x20, 0x6d, 0x6f, 0x64, 0x75, 0x6c, 0x65, 0x20,
  0x64, 0x6f, 0x63, 0x29, 0x20, 0x6f, 0x72, 0x20, 0x61, 0x20, 0x47, 0x61, 0x74, 0x65, 0x77, 0x61,
  0x79, 0x45, 0x72, 0x72, 0x6f, 0x72, 0x0a, 0x20, 0x2a, 0x20, 0x66, 0x72, 0x6f, 0x6d, 0x20, 0x74,
  0x68, 0x65, 0x20, 0x66, 0x73, 0x20, 0x70, 0x72, 0x69, 0x6d, 0x69, 0x74, 0x69, 0x76, 0x65, 0x73,
  0x2e, 0x0a, 0x20, 0x2a, 0x2f, 0x0a, 0x65, 0x78, 0x70, 0x6f, 0x72, 0x74, 0x20, 0x63, 0x6f, 0x6e,
  0x73, 0x74, 0x20, 0x69, 0x6e, 0x73, 0x74, 0x61, 0x6c, 0x6c, 0x50, 0x61, 0x63, 0x6b, 0x61, 0x67,
  0x65, 0x20, 0x3d, 0x20, 0x61, 0x73, 0x79, 0x6e, 0x63, 0x20, 0x28, 0x7b, 0x20, 0x69, 0x64, 0x2c,
  0x20, 0x62, 0x79, 0x74, 0x65, 0x73, 0x2c, 0x20, 0x74, 0x72, 0x75, 0x73, 0x74, 0x2c, 0x20, 0x74,
  0x78, 0x49, 0x64, 0x2c, 0x20, 0x6f, 0x6e, 0x20, 0x3d, 0x20, 0x28, 0x29, 0x20, 0x3d, 0x3e, 0x20,
  0x7b, 0x7d, 0x2c, 0x20, 0x6a, 0x6f, 0x75, 0x72, 0x6e, 0x61, 0x6c, 0x20, 0x3d, 0x20, 0x66, 0x61,
  0x6c, 0x73, 0x65, 0x20, 0x7d, 0x29, 0x20, 0x3d, 0x3e, 0x20, 0x7b, 0x0a, 0x20, 0x20, 0x69, 0x66,
  0x20, 0x28, 0x21, 0x69, 0x73, 0x53, 0x74, 0x72, 0x28, 0x69, 0x64, 0x29, 0x20, 0x7c, 0x7c, 0x20,
  0x21, 0x69, 0x73, 0x53, 0x74, 0x72, 0x28, 0x74, 0x78, 0x49, 0x64, 0x29, 0x29, 0x20, 0x74, 0x68,
  0x72, 0x6f, 0x77, 0x20, 0x6e, 0x65, 0x77, 0x20, 0x49, 0x6e, 0x73, 0x74, 0x61, 0x6c, 0x6c, 0x52,
  0x65, 0x6a, 0x65, 0x63, 0x74, 0x65, 0x64, 0x28, 0x27, 0x69, 0x6e, 0x76, 0x61, 0x6c, 0x69, 0x64,
  0x27, 0x2c, 0x20, 0x27, 0x69, 0x6e, 0x73, 0x74, 0x61, 0x6c, 0x6c, 0x20, 0x6e, 0x65, 0x65, 0x64,
  0x73, 0x20, 0x69, 0x64, 0x20, 0x2b, 0x20, 0x74, 0x78, 0x49, 0x64, 0x27, 0x29, 0x3b, 0x0a, 0x20,
  0x20, 0x6c, 0x6f, 0x67, 0x2e, 0x64, 0x65, 0x62, 0x75, 0x67, 0x28, 0x27, 0x69, 0x6e, 0x73, 0x74,
  0x61, 0x6c, 0x6c, 0x20, 0x62, 0x65, 0x67, 0x69, 0x6e, 0x27, 0x2c, 0x20, 0x7b, 0x20, 0x69, 0x64,
  0x2c, 0x20, 0x74, 0x78, 0x49, 0x64, 0x2c, 0x20, 0x62, 0x79, 0x74, 0x65, 0x73, 0x3a, 0x20, 0x62,
  0x79, 0x74, 0x65, 0x73, 0x2e, 0x6c, 0x65, 0x6e, 0x67, 0x74, 0x68, 0x2c, 0x20, 0x6a, 0x6f, 0x75,
  0x72, 0x6e, 0x61, 0x6c, 0x20, 0x7d, 0x29, 0x3b, 0x0a, 0x20, 0x20, 0x63, 0x6f, 0x6e, 0x73, 0x74,
  0x20, 0x73, 0x74, 0x61, 0x72, 0x74, 0x65, 0x64, 0x41, 0x74, 0x20, 0x3d, 0x20, 0x6e, 0x65, 0x77,
  0x20, 0x44, 0x61, 0x74, 0x65, 0x28, 0x29, 0x2e, 0x74, 0x6f, 0x49, 0x53, 0x4f, 0x53, 0x74, 0x72,
  0x69, 0x6e, 0x67, 0x28, 0x29, 0x3b, 0x0a, 0x20, 0x20, 0x63, 0x6f, 0x6e, 0x73, 0x74, 0x20, 0x64,
  0x69, 0x67, 0x65, 0x73, 0x74, 0x20, 0x3d, 0x20, 0x61, 0x77, 0x61, 0x69, 0x74, 0x20, 0x73, 0x74,
  0x6f, 0x72, 0x65, 0x42, 0x6c, 0x6f, 0x62, 0x28, 0x62, 0x79, 0x74, 0x65, 0x73, 0x2c, 0x20, 0x74,
  0x72, 0x75, 0x73, 0x74, 0x2c, 0x20, 0x6f, 0x6e, 0x29, 0x3b, 0x0a, 0x20, 0x20, 0x63, 0x6f, 0x6e,
  0x73, 0x74, 0x20, 0x7b, 0x20, 0x6d, 0x61, 0x6e, 0x69, 0x66, 0x65, 0x73, 0x74, 0x2c, 0x20, 0x66,
  0x69, 0x6c, 0x65, 0x73, 0x2c, 0x20, 0x6c, 0x65, 0x64, 0x67, 0x65, 0x72, 0x2c, 0x20, 0x65, 0x6e,
  0x74, 0x72, 0x79, 0x50, 0x61, 0x74, 0x68, 0x20, 0x7d, 0x20, 0x3d, 0x20, 0x6f, 0x70, 0x65, 0x6e,
  0x50, 0x61, 0x63, 0x6b, 0x61, 0x67, 0x65, 0x28, 0x62, 0x79, 0x74, 0x65, 0x73, 0x2c, 0x20, 0x69,
  0x64, 0x2c, 0x20, 0x74, 0x72, 0x75, 0x73, 0x74, 0x2c, 0x20, 0x6f, 0x6e, 0x29, 0x3b, 0x0a, 0x20,
  0x20, 0x6e, 0x65, 0x67, 0x6f, 0x74, 0x69, 0x61, 0x74, 0x65, 0x28, 0x6d, 0x61, 0x6e, 0x69, 0x66,
  0x65, 0x73, 0x74, 0x2c, 0x20, 0x6f, 0x6e, 0x29, 0x3b, 0x0a, 0x20, 0x20, 0x63, 0x6f, 0x6e, 0x73,
  0x74, 0x20, 0x69, 0x6e, 0x74, 0x65, 0x67, 0x72, 0x69, 0x74, 0x79, 0x42, 0x79, 0x74, 0x65, 0x73,
  0x20, 0x3d, 0x20, 0x74, 0x65, 0x78, 0x74, 0x42, 0x79, 0x74, 0x65, 0x73, 0x28, 0x4a, 0x53, 0x4f,
  0x4e, 0x2e, 0x73, 0x74, 0x72, 0x69, 0x6e, 0x67, 0x69, 0x66, 0x79, 0x28, 0x6c, 0x65, 0x64, 0x67,
  0x65, 0x72, 0x2c, 0x20, 0x6e, 0x75, 0x6c, 0x6c, 0x2c, 0x20, 0x32, 0x29, 0x29, 0x3b, 0x0a, 0x20,
  0x20, 0x63, 0x6f, 0x6e, 0x73, 0x74, 0x20, 0x74, 0x72, 0x65, 0x65, 0x53, 0x68, 0x61, 0x20, 0x3d,
  0x20, 0x73, 0x68, 0x61, 0x32, 0x35, 0x36, 0x48, 0x65, 0x78, 0x28, 0x69, 0x6e, 0x74, 0x65, 0x67,
  0x72, 0x69, 0x74, 0x79, 0x42, 0x79, 0x74, 0x65, 0x73, 0x29, 0x3b, 0x0a, 0x20, 0x20, 0x63, 0x6f,
  0x6e, 0x73, 0x74, 0x20, 0x73, 0x74, 0x61, 0x67, 0x69, 0x6e, 0x67, 0x20, 0x3d, 0x20, 0x60, 0x70,
  0x6c, 0x75, 0x67, 0x69, 0x6e, 0x73, 0x2f, 0x2e, 0x73, 0x74, 0x61, 0x67, 0x69, 0x6e, 0x67, 0x2d,
  0x24, 0x7b, 0x74, 0x78, 0x49, 0x64, 0x7d, 0x60, 0x3b, 0x0a, 0x20, 0x20, 0x63, 0x6f, 0x6e, 0x73,
  0x74, 0x20, 0x70, 0x6b, 0x67, 0x44, 0x69, 0x72, 0x20, 0x3d, 0x20, 0x60, 0x70, 0x6c, 0x75, 0x67,
  0x69, 0x6e, 0x73, 0x2f, 0x24, 0x7b, 0x6d, 0x61, 0x6e, 0x69, 0x66, 0x65, 0x73, 0x74, 0x2e, 0x69,
  0x64, 0x7d, 0x40, 0x24, 0x7b, 0x6d, 0x61, 0x6e, 0x69, 0x66, 0x65, 0x73, 0x74, 0x2e, 0x76, 0x65,
  0x72, 0x73, 0x69, 0x6f, 0x6e, 0x7d, 0x60, 0x3b, 0x0a, 0x20, 0x20, 0x69, 0x66, 0x20, 0x28, 0x6a,
  0x6f, 0x75, 0x72, 0x6e, 0x61, 0x6c, 0x29, 0x20, 0x7b, 0x0a, 0x20, 0x20, 0x20, 0x20, 0x61, 0x77,
  0x61, 0x69, 0x74, 0x20, 0x6a, 0x6f, 0x75, 0x72, 0x6e, 0x61, 0x6c, 0x50, 0x65, 0x6e, 0x64, 0x69,
  0x6e, 0x67, 0x28, 0x74, 0x78, 0x49, 0x64, 0x2c, 0x20, 0x6d, 0x61, 0x6e, 0x69, 0x66, 0x65, 0x73,
  0x74, 0x2c, 0x20, 0x64, 0x69, 0x67, 0x65, 0x73, 0x74, 0x2c, 0x20, 0x74, 0x72, 0x65, 0x65, 0x53,
  0x68, 0x61, 0x2c, 0x20, 0x73, 0x74, 0x61, 0x72, 0x74, 0x65, 0x64, 0x41, 0x74, 0x29, 0x3b, 0x0a,
  0x20, 0x20, 0x20, 0x20, 0x6f, 0x6e, 0x28, 0x27, 0x72, 0x65, 0x63, 0x65, 0x69, 0x70, 0x74, 0x2e,
  0x70, 0x65, 0x6e, 0x64, 0x69, 0x6e, 0x67, 0x27, 0x2c, 0x20, 0x7b, 0x20, 0x74, 0x78, 0x49, 0x64,
  0x2c, 0x20, 0x6a, 0x6f, 0x75, 0x72, 0x6e, 0x61, 0x6c, 0x3a, 0x20, 0x4a, 0x4f, 0x55, 0x52, 0x4e,
  0x41, 0x4c, 0x5f, 0x50, 0x41, 0x54, 0x48, 0x20, 0x7d, 0x29, 0x3b, 0x0a, 0x20, 0x20, 0x7d, 0x0a,
  0x20, 0x20, 0x74, 0x72, 0x79, 0x20, 0x7b, 0x0a, 0x20, 0x20, 0x20, 0x20, 0x61, 0x77, 0x61, 0x69,
  0x74, 0x20, 0x73, 0x74, 0x61, 0x67, 0x65, 0x41, 0x6e, 0x64, 0x56, 0x65, 0x72, 0x69, 0x66, 0x79,
  0x28, 0x66, 0x69, 0x6c, 0x65, 0x73, 0x2c, 0x20, 0x6c, 0x65, 0x64, 0x67, 0x65, 0x72, 0x2c, 0x20,
  0x73, 0x74, 0x61, 0x67, 0x69, 0x6e, 0x67, 0x2c, 0x20, 0x74, 0x72, 0x65, 0x65, 0x53, 0x68, 0x61,
  0x2c, 0x20, 0x6f, 0x6e, 0x29, 0x3b, 0x0a, 0x20, 0x20, 0x20, 0x20, 0x63, 0x6f, 0x6e, 0x73, 0x74,
  0x20, 0x6e, 0x61, 0x6d, 0x65, 0x73, 0x20, 0x3d, 0x20, 0x5b, 0x2e, 0x2e, 0x2e, 0x4f, 0x62, 0x6a,
  0x65, 0x63, 0x74, 0x2e, 0x6b, 0x65, 0x79, 0x73, 0x28, 0x66, 0x69, 0x6c, 0x65, 0x73, 0x29, 0x2c,
  0x20, 0x27, 0x69, 0x6e, 0x74, 0x65, 0x67, 0x72, 0x69, 0x74, 0x79, 0x2e, 0x6a, 0x73, 0x6f, 0x6e,
  0x27, 0x5d, 0x3b, 0x0a, 0x20, 0x20, 0x20, 0x20, 0x61, 0x77, 0x61, 0x69, 0x74, 0x20, 0x70, 0x72,
  0x6f, 0x6d, 0x6f, 0x74, 0x65, 0x28, 0x73, 0x74, 0x61, 0x67, 0x69, 0x6e, 0x67, 0x2c, 0x20, 0x70,
  0x6b, 0x67, 0x44, 0x69, 0x72, 0x2c, 0x20, 0x6e, 0x61, 0x6d, 0x65, 0x73, 0x29, 0x3b, 0x0a, 0x20,
  0x20, 0x20, 0x20, 0x6f, 0x6e, 0x28, 0x27, 0x70, 0x72, 0x6f, 0x6d, 0x6f, 0x74, 0x65, 0x64, 0x27,
  0x2c, 0x20, 0x7b, 0x20, 0x64, 0x69, 0x72, 0x3a, 0x20, 0x70, 0x6b, 0x67, 0x44, 0x69, 0x72, 0x2c,
  0x20, 0x66, 0x69, 0x6c, 0x65, 0x73, 0x3a, 0x20, 0x6e, 0x61, 0x6d, 0x65, 0x73, 0x2e, 0x6c, 0x65,
  0x6e, 0x67, 0x74, 0x68, 0x20, 0x7d, 0x29, 0x3b, 0x0a, 0x20, 0x20, 0x20, 0x20, 0x63, 0x6f, 0x6e,
  0x73, 0x74, 0x20, 0x7b, 0x20, 0x72, 0x65, 0x63, 0x65, 0x69, 0x70, 0x74, 0x2c, 0x20, 0x72, 0x65,
  0x63, 0x65, 0x69, 0x70, 0x74, 0x50, 0x61, 0x74, 0x68, 0x20, 0x7d, 0x20, 0x3d, 0x20, 0x61, 0x77,
  0x61, 0x69, 0x74, 0x20, 0x63, 0x6f, 0x6d, 0x6d, 0x69, 0x74, 0x52, 0x65, 0x63, 0x65, 0x69, 0x70,
  0x74, 0x28, 0x0a, 0x20, 0x20, 0x20, 0x20, 0x20, 0x20, 0x7b, 0x20, 0x6d, 0x61, 0x6e, 0x69, 0x66,
  0x65, 0x73, 0x74, 0x2c, 0x20, 0x64, 0x69, 0x67, 0x65, 0x73, 0x74, 0x2c, 0x20, 0x74, 0x72, 0x65,
  0x65, 0x53, 0x68, 0x61, 0x2c, 0x20, 0x74, 0x78, 0x49, 0x64, 0x2c, 0x20, 0x73, 0x74, 0x61, 0x72,
  0x74, 0x65, 0x64, 0x41, 0x74, 0x20, 0x7d, 0x29, 0x3b, 0x0a, 0x20, 0x20, 0x20, 0x20, 0x69, 0x66,
  0x20, 0x28, 0x6a, 0x6f, 0x75, 0x72, 0x6e, 0x61, 0x6c, 0x29, 0x20, 0x61, 0x77, 0x61, 0x69, 0x74,
  0x20, 0x61, 0x70, 0x70, 0x65, 0x6e, 0x64, 0x4a, 0x6f, 0x75, 0x72, 0x6e, 0x61, 0x6c, 0x28, 0x74,
  0x78, 0x49, 0x64, 0x2c, 0x20, 0x72, 0x65, 0x63, 0x65, 0x69, 0x70, 0x74, 0x29, 0x3b, 0x0a, 0x20,
  0x20, 0x20, 0x20, 0x6f, 0x6e, 0x28, 0x27, 0x63, 0x6f, 0x6d, 0x6d, 0x69, 0x74, 0x74, 0x65, 0x64,
  0x27, 0x2c, 0x20, 0x7b, 0x0a, 0x20, 0x20, 0x20, 0x20, 0x20, 0x20, 0x73, 0x74, 0x61, 0x74, 0x75,
  0x73, 0x3a, 0x20, 0x72, 0x65, 0x63, 0x65, 0x69, 0x70, 0x74, 0x2e, 0x73, 0x74, 0x61, 0x74, 0x75,
  0x73, 0x2c, 0x20, 0x70, 0x72, 0x65, 0x76, 0x69, 0x6f, 0x75, 0x73, 0x56, 0x65, 0x72, 0x73, 0x69,
  0x6f, 0x6e, 0x3a, 0x20, 0x72, 0x65, 0x63, 0x65, 0x69, 0x70, 0x74, 0x2e, 0x70, 0x72, 0x65, 0x76,
  0x69, 0x6f, 0x75, 0x73, 0x56, 0x65, 0x72, 0x73, 0x69, 0x6f, 0x6e, 0x2c, 0x20, 0x74, 0x72, 0x65,
  0x65, 0x53, 0x68, 0x61, 0x32, 0x35, 0x36, 0x3a, 0x20, 0x72, 0x65, 0x63, 0x65, 0x69, 0x70, 0x74,
  0x2e, 0x74, 0x72, 0x65, 0x65, 0x53, 0x68, 0x61, 0x32, 0x35, 0x36, 0x2c, 0x0a, 0x20, 0x20, 0x20,
  0x20, 0x7d, 0x29, 0x3b, 0x0a, 0x20, 0x20, 0x20, 0x20, 0x6c, 0x6f, 0x67, 0x2e, 0x64, 0x65, 0x62,
  0x75, 0x67, 0x28, 0x27, 0x69, 0x6e, 0x73, 0x74, 0x61, 0x6c, 0x6c, 0x20, 0x63, 0x6f, 0x6d, 0x6d,
  0x69, 0x74, 0x74, 0x65, 0x64, 0x27, 0x2c, 0x20, 0x7b, 0x20, 0x70, 0x6b, 0x67, 0x44, 0x69, 0x72,
  0x2c, 0x20, 0x72, 0x65, 0x63, 0x65, 0x69, 0x70, 0x74, 0x50, 0x61, 0x74, 0x68, 0x20, 0x7d, 0x29,
  0x3b, 0x0a, 0x20, 0x20, 0x20, 0x20, 0x72, 0x65, 0x74, 0x75, 0x72, 0x6e, 0x20, 0x7b, 0x0a, 0x20,
  0x20, 0x20, 0x20, 0x20, 0x20, 0x6d, 0x61, 0x6e, 0x69, 0x66, 0x65, 0x73, 0x74, 0x2c, 0x20, 0x69,
  0x6e, 0x74, 0x65, 0x67, 0x72, 0x69, 0x74, 0x79, 0x3a, 0x20, 0x6c, 0x65, 0x64, 0x67, 0x65, 0x72,
  0x2c, 0x20, 0x65, 0x6e, 0x74, 0x72, 0x79, 0x53, 0x6f, 0x75, 0x72, 0x63, 0x65, 0x3a, 0x20, 0x66,
  0x69, 0x6c, 0x65, 0x73, 0x5b, 0x65, 0x6e, 0x74, 0x72, 0x79, 0x50, 0x61, 0x74, 0x68, 0x5d, 0x2c,
  0x0a, 0x20, 0x20, 0x20, 0x20, 0x20, 0x20, 0x6d, 0x6f, 0x64, 0x75, 0x6c, 0x65, 0x49, 0x64, 0x3a,
  0x20, 0x60, 0x70, 0x6c, 0x75, 0x67, 0x69, 0x6e, 0x73, 0x2f, 0x24, 0x7b, 0x6d, 0x61, 0x6e, 0x69,
  0x66, 0x65, 0x73, 0x74, 0x2e, 0x69, 0x64, 0x7d, 0x40, 0x24, 0x7b, 0x6d, 0x61, 0x6e, 0x69, 0x66,
  0x65, 0x73, 0x74, 0x2e, 0x76, 0x65, 0x72, 0x73, 0x69, 0x6f, 0x6e, 0x7d, 0x2f, 0x62, 0x75, 0x6e,
  0x64, 0x6c, 0x65, 0x2f, 0x24, 0x7b, 0x6d, 0x61, 0x6e, 0x69, 0x66, 0x65, 0x73, 0x74, 0x2e, 0x65,
  0x6e, 0x74, 0x72, 0x79, 0x7d, 0x60, 0x2c, 0x0a, 0x20, 0x20, 0x20, 0x20, 0x20, 0x20, 0x64, 0x69,
  0x67, 0x65, 0x73, 0x74, 0x2c, 0x20, 0x72, 0x65, 0x63, 0x65, 0x69, 0x70, 0x74, 0x2c, 0x20, 0x72,
  0x65, 0x63, 0x65, 0x69, 0x70, 0x74, 0x50, 0x61, 0x74, 0x68, 0x2c, 0x20, 0x62, 0x6c, 0x6f, 0x62,
  0x50, 0x61, 0x74, 0x68, 0x3a, 0x20, 0x60, 0x63, 0x61, 0x63, 0x68, 0x65, 0x2f, 0x62, 0x6c, 0x6f,
  0x62, 0x73, 0x2f, 0x24, 0x7b, 0x64, 0x69, 0x67, 0x65, 0x73, 0x74, 0x7d, 0x60, 0x2c, 0x20, 0x70,
  0x6b, 0x67, 0x44, 0x69, 0x72, 0x2c, 0x0a, 0x20, 0x20, 0x20, 0x20, 0x7d, 0x3b, 0x0a, 0x20, 0x20,
  0x7d, 0x20, 0x63, 0x61, 0x74, 0x63, 0x68, 0x20, 0x28, 0x65, 0x72, 0x72, 0x29, 0x20, 0x7b, 0x0a,
  0x20, 0x20, 0x20, 0x20, 0x69, 0x66, 0x20, 0x28, 0x6a, 0x6f, 0x75, 0x72, 0x6e, 0x61, 0x6c, 0x29,
  0x20, 0x61, 0x77, 0x61, 0x69, 0x74, 0x20, 0x6a, 0x6f, 0x75, 0x72, 0x6e, 0x61, 0x6c, 0x52, 0x6f,
  0x6c, 0x6c, 0x65, 0x64, 0x42, 0x61, 0x63, 0x6b, 0x28, 0x74, 0x78, 0x49, 0x64, 0x2c, 0x20, 0x6d,
  0x61, 0x6e, 0x69, 0x66, 0x65, 0x73, 0x74, 0x2c, 0x20, 0x64, 0x69, 0x67, 0x65, 0x73, 0x74, 0x2c,
  0x20, 0x73, 0x74, 0x61, 0x72, 0x74, 0x65, 0x64, 0x41, 0x74, 0x29, 0x3b, 0x0a, 0x20, 0x20, 0x20,
  0x20, 0x74, 0x68, 0x72, 0x6f, 0x77, 0x20, 0x65, 0x72, 0x72, 0x3b, 0x0a, 0x20, 0x20, 0x7d, 0x0a,
  0x7d, 0x3b, 0x0a,
  0x00
};

/* runtime/spike/sha256.js (3719 bytes) */
static const unsigned char DSH_SHA256_JS[] = {
  0x2f, 0x2f, 0x20, 0x64, 0x73, 0x68, 0x3a, 0x6c, 0x6f, 0x67, 0x67, 0x69, 0x6e, 0x67, 0x2d, 0x65,
  0x78, 0x65, 0x6d, 0x70, 0x74, 0x20, 0x28, 0x70, 0x75, 0x72, 0x65, 0x20, 0x66, 0x75, 0x6e, 0x63,
  0x74, 0x69, 0x6f, 0x6e, 0x20, 0x6d, 0x6f, 0x64, 0x75, 0x6c, 0x65, 0x20, 0xe2, 0x80, 0x94, 0x20,
  0x61, 0x20, 0x64, 0x69, 0x67, 0x65, 0x73, 0x74, 0x20, 0x74, 0x61, 0x6b, 0x65, 0x73, 0x20, 0x6e,
  0x6f, 0x20, 0x70, 0x6f, 0x6c, 0x69, 0x63, 0x79, 0x20, 0x64, 0x65, 0x63, 0x69, 0x73, 0x69, 0x6f,
  0x6e, 0x73, 0x29, 0x0a, 0x2f, 0x2a, 0x2a, 0x0a, 0x20, 0x2a, 0x20, 0x50, 0x75, 0x72, 0x65, 0x2d,
  0x4a, 0x53, 0x20, 0x53, 0x48, 0x41, 0x2d, 0x32, 0x35, 0x36, 0x20, 0x28, 0x46, 0x49, 0x50, 0x53,
  0x20, 0x31, 0x38, 0x30, 0x2d, 0x34, 0x29, 0x20, 0x66, 0x6f, 0x72, 0x20, 0x74, 0x68, 0x65, 0x20,
  0x4d, 0x33, 0x20, 0x69, 0x6e, 0x73, 0x74, 0x61, 0x6c, 0x6c, 0x20, 0x70, 0x69, 0x70, 0x65, 0x6c,
  0x69, 0x6e, 0x65, 0x2e, 0x0a, 0x20, 0x2a, 0x0a, 0x20, 0x2a, 0x20, 0x57, 0x48, 0x59, 0x20, 0x68,
  0x61, 0x6e, 0x64, 0x2d, 0x72, 0x6f, 0x6c, 0x6c, 0x65, 0x64, 0x3a, 0x20, 0x74, 0x68, 0x65, 0x20,
  0x73, 0x70, 0x69, 0x6b, 0x65, 0x20, 0x72, 0x75, 0x6e, 0x74, 0x69, 0x6d, 0x65, 0x20, 0x65, 0x78,
  0x70, 0x6f, 0x73, 0x65, 0x73, 0x20, 0x65, 0x78, 0x61, 0x63, 0x74, 0x6c, 0x79, 0x20, 0x74, 0x77,
  0x6f, 0x20, 0x63, 0x72, 0x79, 0x70, 0x74, 0x6f, 0x20, 0x73, 0x65, 0x61, 0x6d, 0x73, 0x0a, 0x20,
  0x2a, 0x20, 0x28, 0x63, 0x72, 0x79, 0x70, 0x74, 0x6f, 0x2e, 0x67, 0x65, 0x74, 0x52, 0x61, 0x6e,
  0x64, 0x6f, 0x6d, 0x56, 0x61, 0x6c, 0x75, 0x65, 0x73, 0x20, 0x2b, 0x20, 0x62, 0x74, 0x6f, 0x61,
  0x20, 0xe2, 0x80, 0x94, 0x20, 0x73, 0x65, 0x65, 0x20, 0x68, 0x6f, 0x73, 0x74, 0x2f, 0x64, 0x73,
  0x68, 0x5f, 0x73, 0x70, 0x69, 0x6b, 0x65, 0x5f, 0x68, 0x6f, 0x73, 0x74, 0x2e, 0x63, 0x29, 0x20,
  0x61, 0x6e, 0x64, 0x20, 0x74, 0x68, 0x65, 0x20, 0x66, 0x72, 0x6f, 0x7a, 0x65, 0x6e, 0x0a, 0x20,
  0x2a, 0x20, 0x67, 0x61, 0x74, 0x65, 0x77, 0x61, 0x79, 0x20, 0x68, 0x61, 0x73, 0x20, 0x6e, 0x6f,
  0x20, 0x64, 0x69, 0x67, 0x65, 0x73, 0x74, 0x20, 0x70, 0x72, 0x69, 0x6d, 0x69, 0x74, 0x69, 0x76,
  0x65, 0x2c, 0x20, 0x73, 0x6f, 0x20, 0x74, 0x68, 0x65, 0x72, 0x65, 0x20, 0x69, 0x73, 0x20, 0x6e,
  0x6f, 0x20, 0x61, 0x73, 0x79, 0x6e, 0x63, 0x20, 0x64, 0x69, 0x67, 0x65, 0x73, 0x74, 0x20, 0x74,
  0x6f, 0x20, 0x63, 0x61, 0x6c, 0x6c, 0x2e, 0x20, 0x54, 0x68, 0x65, 0x0a, 0x20, 0x2a, 0x20, 0x75,
  0x70, 0x73, 0x74, 0x72, 0x65, 0x61, 0x6d, 0x20, 0x75, 0x74, 0x69, 0x6c, 0x2d, 0x63, 0x72, 0x79,
  0x70, 0x74, 0x6f, 0x20, 0x70, 0x61, 0x63, 0x6b, 0x61, 0x67, 0x65, 0x20, 0x73, 0x68, 0x69, 0x70,
  0x73, 0x20, 0x62, 0x61, 0x73, 0x65, 0x36, 0x34, 0x2f, 0x75, 0x75, 0x69, 0x64, 0x20, 0x6f, 0x6e,
  0x6c, 0x79, 0x2e, 0x20, 0x43, 0x6f, 0x6e, 0x74, 0x65, 0x6e, 0x74, 0x20, 0x61, 0x64, 0x64, 0x72,
  0x65, 0x73, 0x73, 0x69, 0x6e, 0x67, 0x0a, 0x20, 0x2a, 0x20, 0x28, 0x63, 0x61, 0x63, 0x68, 0x65,
  0x2f, 0x62, 0x6c, 0x6f, 0x62, 0x73, 0x2f, 0x3c, 0x73, 0x68, 0x61, 0x32, 0x35, 0x36, 0x3e, 0x2c,
  0x20, 0x69, 0x6e, 0x74, 0x65, 0x67, 0x72, 0x69, 0x74, 0x79, 0x20, 0x6c, 0x65, 0x64, 0x67, 0x65,
  0x72, 0x73, 0x2c, 0x20, 0x72, 0x65, 0x63, 0x65, 0x69, 0x70, 0x74, 0x73, 0x29, 0x20, 0x6e, 0x65,
  0x65, 0x64, 0x73, 0x20, 0x73, 0x68, 0x61, 0x32, 0x35, 0x36, 0x20, 0x4e, 0x4f, 0x57, 0x2c, 0x20,
  0x61, 0x6e, 0x64, 0x20, 0x61, 0x0a, 0x20, 0x2a, 0x20, 0x7e, 0x39, 0x30, 0x2d, 0x6c, 0x69, 0x6e,
  0x65, 0x20, 0x64, 0x65, 0x70, 0x65, 0x6e, 0x64, 0x65, 0x6e, 0x63, 0x79, 0x2d, 0x66, 0x72, 0x65,
  0x65, 0x20, 0x69, 0x6d, 0x70, 0x6c, 0x65, 0x6d, 0x65, 0x6e, 0x74, 0x61, 0x74, 0x69, 0x6f, 0x6e,
  0x20, 0x6b, 0x65, 0x65, 0x70, 0x73, 0x20, 0x69, 0x6e, 0x73, 0x74, 0x61, 0x6c, 0x6c, 0x20, 0x61,
  0x20, 0x70, 0x75, 0x72, 0x65, 0x20, 0x64, 0x61, 0x74, 0x61, 0x0a, 0x20, 0x2a, 0x20, 0x6f, 0x70,
  0x65, 0x72, 0x61, 0x74, 0x69, 0x6f, 0x6e, 0x20, 0x6f, 0x76, 0x65, 0x72, 0x20, 0x74, 0x68, 0x65,
  0x20, 0x66, 0x73, 0x20, 0x70, 0x72, 0x69, 0x6d, 0x69, 0x74, 0x69, 0x76, 0x65, 0x73, 0x2e, 0x20,
  0x42, 0x79, 0x74, 0x65, 0x73, 0x20, 0x69, 0x6e, 0x20, 0x28, 0x55, 0x69, 0x6e, 0x74, 0x38, 0x41,
  0x72, 0x72, 0x61, 0x79, 0x29, 0x2c, 0x20, 0x6c, 0x6f, 0x77, 0x65, 0x72, 0x63, 0x61, 0x73, 0x65,
  0x20, 0x68, 0x65, 0x78, 0x20, 0x6f, 0x75, 0x74, 0x2e, 0x0a, 0x20, 0x2a, 0x2f, 0x0a, 0x63, 0x6f,
  0x6e, 0x73, 0x74, 0x20, 0x4b, 0x20, 0x3d, 0x20, 0x5b, 0x0a, 0x20, 0x20, 0x30, 0x78, 0x34, 0x32,
  0x38, 0x61, 0x32, 0x66, 0x39, 0x38, 0x2c, 0x20, 0x30, 0x78, 0x37, 0x31, 0x33, 0x37, 0x34, 0x34,
  0x39, 0x31, 0x2c, 0x20, 0x30, 0x78, 0x62, 0x35, 0x63, 0x30, 0x66, 0x62, 0x63, 0x66, 0x2c, 0x20,
  0x30, 0x78, 0x65, 0x39, 0x62, 0x35, 0x64, 0x62, 0x61, 0x35, 0x2c, 0x20, 0x30, 0x78, 0x33, 0x39,
  0x35, 0x36, 0x63, 0x32, 0x35, 0x62, 0x2c, 0x20, 0x30, 0x78, 0x35, 0x39, 0x66, 0x31, 0x31, 0x31,
  0x66, 0x31, 0x2c, 0x0a, 0x20, 0x20, 0x30, 0x78, 0x39, 0x32, 0x33, 0x66, 0x38, 0x32, 0x61, 0x34,
  0x2c, 0x20, 0x30, 0x78, 0x61, 0x62, 0x31, 0x63, 0x35, 0x65, 0x64, 0x35, 0x2c, 0x20, 0x30, 0x78,
  0x64, 0x38, 0x30, 0x37, 0x61, 0x61, 0x39, 0x38, 0x2c, 0x20, 0x30, 0x78, 0x31, 0x32, 0x38, 0x33,
  0x35, 0x62, 0x30, 0x31, 0x2c, 0x20, 0x30, 0x78, 0x32, 0x34, 0x33, 0x31, 0x38, 0x35, 0x62, 0x65,
  0x2c, 0x20, 0x30, 0x78, 0x35, 0x35, 0x30, 0x63, 0x37, 0x64, 0x63, 0x33, 0x2c, 0x0a, 0x20, 0x20,
  0x30, 0x78, 0x37, 0x32, 0x62, 0x65, 0x35, 0x64, 0x37, 0x34, 0x2c, 0x20, 0x30, 0x78, 0x38, 0x30,
  0x64, 0x65, 0x62, 0x31, 0x66, 0x65, 0x2c, 0x20, 0x30, 0x78, 0x39, 0x62, 0x64, 0x63, 0x30, 0x36,
  0x61, 0x37, 0x2c, 0x20, 0x30, 0x78, 0x63, 0x31, 0x39, 0x62, 0x66, 0x31, 0x37, 0x34, 0x2c, 0x20,
  0x30, 0x78, 0x65, 0x34, 0x39, 0x62, 0x36, 0x39, 0x63, 0x31, 0x2c, 0x20, 0x30, 0x78, 0x65, 0x66,
  0x62, 0x65, 0x34, 0x37, 0x38, 0x36, 0x2c, 0x0a, 0x20, 0x20, 0x30, 0x78, 0x30, 0x66, 0x63, 0x31,
  0x39, 0x64, 0x63, 0x36, 0x2c, 0x20, 0x30, 0x78, 0x32, 0x34, 0x30, 0x63, 0x61, 0x31, 0x63, 0x63,
  0x2c, 0x20, 0x30, 0x78, 0x32, 0x64, 0x65, 0x39, 0x32, 0x63, 0x36, 0x66, 0x2c, 0x20, 0x30, 0x78,
  0x34, 0x61, 0x37, 0x34, 0x38, 0x34, 0x61, 0x61, 0x2c, 0x20, 0x30, 0x78, 0x35, 0x63, 0x62, 0x30,
  0x61, 0x39, 0x64, 0x63, 0x2c, 0x20, 0x30, 0x78, 0x37, 0x36, 0x66, 0x39, 0x38, 0x38, 0x64, 0x61,
  0x2c, 0x0a, 0x20, 0x20, 0x30, 0x78, 0x39, 0x38, 0x33, 0x65, 0x35, 0x31, 0x35, 0x32, 0x2c, 0x20,
  0x30, 0x78, 0x61, 0x38, 0x33, 0x31, 0x63, 0x36, 0x36, 0x64, 0x2c, 0x20, 0x30, 0x78, 0x62, 0x30,
  0x30, 0x33, 0x32, 0x37, 0x63, 0x38, 0x2c, 0x20, 0x30, 0x78, 0x62, 0x66, 0x35, 0x39, 0x37, 0x66,
  0x63, 0x37, 0x2c, 0x20, 0x30, 0x78, 0x63, 0x36, 0x65, 0x30, 0x30, 0x62, 0x66, 0x33, 0x2c, 0x20,
  0x30, 0x78, 0x64, 0x35, 0x61, 0x37, 0x39, 0x31, 0x34, 0x37, 0x2c, 0x0a, 0x20, 0x20, 0x30, 0x78,
  0x30, 0x36, 0x63, 0x61, 0x36, 0x33, 0x35, 0x31, 0x2c, 0x20, 0x30, 0x78, 0x31, 0x34, 0x32, 0x39,
  0x32, 0x39, 0x36, 0x37, 0x2c, 0x20, 0x30, 0x78, 0x32, 0x37, 0x62, 0x37, 0x30, 0x61, 0x38, 0x35,
  0x2c, 0x20, 0x30, 0x78, 0x32, 0x65, 0x31, 0x62, 0x32, 0x31, 0x33, 0x38, 0x2c, 0x20, 0x30, 0x78,
  0x34, 0x64, 0x32, 0x63, 0x36, 0x64, 0x66, 0x63, 0x2c, 0x20, 0x30, 0x78, 0x35, 0x33, 0x33, 0x38,
  0x30, 0x64, 0x31, 0x33, 0x2c, 0x0a, 0x20, 0x20, 0x30, 0x78, 0x36, 0x35, 0x30, 0x61, 0x37, 0x33,
  0x35, 0x34, 0x2c, 0x20, 0x30, 0x78, 0x37, 0x36, 0x36, 0x61, 0x30, 0x61, 0x62, 0x62, 0x2c, 0x20,
  0x30, 0x78, 0x38, 0x31, 0x63, 0x32, 0x63, 0x39, 0x32, 0x65, 0x2c, 0x20, 0x30, 0x78, 0x39, 0x32,
  0x37, 0x32, 0x32, 0x63, 0x38, 0x35, 0x2c, 0x20, 0x30, 0x78, 0x61, 0x32, 0x62, 0x66, 0x65, 0x38,
  0x61, 0x31, 0x2c, 0x20, 0x30, 0x78, 0x61, 0x38, 0x31, 0x61, 0x36, 0x36, 0x34, 0x62, 0x2c, 0x0a,
  0x20, 0x20, 0x30, 0x78, 0x63, 0x32, 0x34, 0x62, 0x38, 0x62, 0x37, 0x30, 0x2c, 0x20, 0x30, 0x78,
  0x63, 0x37, 0x36, 0x63, 0x35, 0x31, 0x61, 0x33, 0x2c, 0x20, 0x30, 0x78, 0x64, 0x31, 0x39, 0x32,
  0x65, 0x38, 0x31, 0x39, 0x2c, 0x20, 0x30, 0x78, 0x64, 0x36, 0x39, 0x39, 0x30, 0x36, 0x32, 0x34,
  0x2c, 0x20, 0x30, 0x78, 0x66, 0x34, 0x30, 0x65, 0x33, 0x35, 0x38, 0x35, 0x2c, 0x20, 0x30, 0x78,
  0x31, 0x30, 0x36, 0x61, 0x61, 0x30, 0x37, 0x30, 0x2c, 0x0a, 0x20, 0x20, 0x30, 0x78, 0x31, 0x39,
  0x61, 0x34, 0x63, 0x31, 0x31, 0x36, 0x2c, 0x20, 0x30, 0x78, 0x31, 0x65, 0x33, 0x37, 0x36, 0x63,
  0x30, 0x38, 0x2c, 0x20, 0x30, 0x78, 0x32, 0x37, 0x34, 0x38, 0x37, 0x37, 0x34, 0x63, 0x2c, 0x20,
  0x30, 0x78, 0x33, 0x34, 0x62, 0x30, 0x62, 0x63, 0x62, 0x35, 0x2c, 0x20, 0x30, 0x78, 0x33, 0x39,
  0x31, 0x63, 0x30, 0x63, 0x62, 0x33, 0x2c, 0x20, 0x30, 0x78, 0x34, 0x65, 0x64, 0x38, 0x61, 0x61,
  0x34, 0x61, 0x2c, 0x0a, 0x20, 0x20, 0x30, 0x78, 0x35, 0x62, 0x39, 0x63, 0x63, 0x61, 0x34, 0x66,
  0x2c, 0x20, 0x30, 0x78, 0x36, 0x38, 0x32, 0x65, 0x36, 0x66, 0x66, 0x33, 0x2c, 0x20, 0x30, 0x78,
  0x37, 0x34, 0x38, 0x66, 0x38, 0x32, 0x65, 0x65, 0x2c, 0x20, 0x30, 0x78, 0x37, 0x38, 0x61, 0x35,
  0x36, 0x33, 0x36, 0x66, 0x2c, 0x20, 0x30, 0x78, 0x38, 0x34, 0x63, 0x38, 0x37, 0x38, 0x31, 0x34,
  0x2c, 0x20, 0x30, 0x78, 0x38, 0x63, 0x63, 0x37, 0x30, 0x32, 0x30, 0x38, 0x2c, 0x0a, 0x20, 0x20,
  0x30, 0x78, 0x39, 0x30, 0x62, 0x65, 0x66, 0x66, 0x66, 0x61, 0x2c, 0x20, 0x30, 0x78, 0x61, 0x34,
  0x35, 0x30, 0x36, 0x63, 0x65, 0x62, 0x2c, 0x20, 0x30, 0x78, 0x62, 0x65, 0x66, 0x39, 0x61, 0x33,
  0x66, 0x37, 0x2c, 0x20, 0x30, 0x78, 0x63, 0x36, 0x37, 0x31, 0x37, 0x38, 0x66, 0x32, 0x2c, 0x0a,
  0x5d, 0x3b, 0x0a, 0x0a, 0x63, 0x6f, 0x6e, 0x73, 0x74, 0x20, 0x72, 0x6f, 0x74, 0x72, 0x20, 0x3d,
  0x20, 0x28, 0x78, 0x2c, 0x20, 0x6e, 0x29, 0x20, 0x3d, 0x3e, 0x20, 0x28, 0x78, 0x20, 0x3e, 0x3e,
  0x3e, 0x20, 0x6e, 0x29, 0x20, 0x7c, 0x20, 0x28, 0x78, 0x20, 0x3c, 0x3c, 0x20, 0x28, 0x33, 0x32,
  0x20, 0x2d, 0x20, 0x6e, 0x29, 0x29, 0x3b, 0x0a, 0x0a, 0x2f, 0x2a, 0x2a, 0x20, 0x36, 0x34, 0x2d,
  0x62, 0x69, 0x74, 0x20, 0x62, 0x69, 0x67, 0x2d, 0x65, 0x6e, 0x64, 0x69, 0x61, 0x6e, 0x20, 0x62,
  0x69, 0x74, 0x20, 0x6c, 0x65, 0x6e, 0x67, 0x74, 0x68, 0x20, 0x69, 0x6e, 0x74, 0x6f, 0x20, 0x74,
  0x68, 0x65, 0x20, 0x62, 0x6c, 0x6f, 0x63, 0x6b, 0x20, 0x74, 0x61, 0x69, 0x6c, 0x2e, 0x20, 0x4a,
  0x53, 0x20, 0x73, 0x68, 0x69, 0x66, 0x74, 0x73, 0x20, 0x63, 0x6f, 0x75, 0x6e, 0x74, 0x20, 0x6d,
  0x6f, 0x64, 0x20, 0x33, 0x32, 0x2c, 0x0a, 0x20, 0x2a, 0x20, 0x73, 0x6f, 0x20, 0x74, 0x68, 0x65,
  0x20, 0x68, 0x69, 0x67, 0x68, 0x20, 0x77, 0x6f, 0x72, 0x64, 0x20, 0x63, 0x6f, 0x6d, 0x65, 0x73,
  0x20, 0x66, 0x72, 0x6f, 0x6d, 0x20, 0x64, 0x69, 0x76, 0x69, 0x73, 0x69, 0x6f, 0x6e, 0x20, 0xe2,
  0x80, 0x94, 0x20, 0x60, 0x62, 0x69, 0x74, 0x4c, 0x65, 0x6e, 0x20, 0x3e, 0x3e, 0x3e, 0x20, 0x33,
  0x32, 0x60, 0x20, 0x77, 0x6f, 0x75, 0x6c, 0x64, 0x20, 0x72, 0x65, 0x70, 0x65, 0x61, 0x74, 0x20,
  0x74, 0x68, 0x65, 0x0a, 0x20, 0x2a, 0x20, 0x6c, 0x6f, 0x77, 0x20, 0x77, 0x6f, 0x72, 0x64, 0x20,
  0x61, 0x6e, 0x64, 0x20, 0x63, 0x6f, 0x72, 0x72, 0x75, 0x70, 0x74, 0x20, 0x65, 0x76, 0x65, 0x72,
  0x79, 0x20, 0x38, 0x74, 0x68, 0x20, 0x73, 0x63, 0x68, 0x65, 0x64, 0x75, 0x6c, 0x65, 0x20, 0x77,
  0x6f, 0x72, 0x64, 0x2e, 0x20, 0x2a, 0x2f, 0x0a, 0x63, 0x6f, 0x6e, 0x73, 0x74, 0x20, 0x77, 0x72,
  0x69, 0x74, 0x65, 0x42, 0x69, 0x74, 0x4c, 0x65, 0x6e, 0x67, 0x74, 0x68, 0x20, 0x3d, 0x20, 0x28,
  0x62, 0x75, 0x66, 0x2c, 0x20, 0x62, 0x69, 0x74, 0x4c, 0x65, 0x6e, 0x29, 0x20, 0x3d, 0x3e, 0x20,
  0x7b, 0x0a, 0x20, 0x20, 0x63, 0x6f, 0x6e, 0x73, 0x74, 0x20, 0x68, 0x69, 0x20, 0x3d, 0x20, 0x4d,
  0x61, 0x74, 0x68, 0x2e, 0x66, 0x6c, 0x6f, 0x6f, 0x72, 0x28, 0x62, 0x69, 0x74, 0x4c, 0x65, 0x6e,
  0x20, 0x2f, 0x20, 0x30, 0x78, 0x31, 0x30, 0x30, 0x30, 0x30, 0x30, 0x30, 0x30, 0x30, 0x29, 0x3b,
  0x0a, 0x20, 0x20, 0x63, 0x6f, 0x6e, 0x73, 0x74, 0x20, 0x6c, 0x6f, 0x20, 0x3d, 0x20, 0x62, 0x69,
  0x74, 0x4c, 0x65, 0x6e, 0x20, 0x3e, 0x3e, 0x3e, 0x20, 0x30, 0x3b, 0x0a, 0x20, 0x20, 0x63, 0x6f,
  0x6e, 0x73, 0x74, 0x20, 0x61, 0x74, 0x20, 0x3d, 0x20, 0x62, 0x75, 0x66, 0x2e, 0x6c, 0x65, 0x6e,
  0x67, 0x74, 0x68, 0x20, 0x2d, 0x20, 0x38, 0x3b, 0x0a, 0x20, 0x20, 0x66, 0x6f, 0x72, 0x20, 0x28,
  0x6c, 0x65, 0x74, 0x20, 0x69, 0x20, 0x3d, 0x20, 0x30, 0x3b, 0x20, 0x69, 0x20, 0x3c, 0x20, 0x34,
  0x3b, 0x20, 0x69, 0x2b, 0x2b, 0x29, 0x20, 0x7b, 0x0a, 0x20, 0x20, 0x20, 0x20, 0x62, 0x75, 0x66,
  0x5b, 0x61, 0x74, 0x20, 0x2b, 0x20, 0x69, 0x5d, 0x20, 0x3d, 0x20, 0x28, 0x68, 0x69, 0x20, 0x3e,
  0x3e, 0x3e, 0x20, 0x28, 0x32, 0x34, 0x20, 0x2d, 0x20, 0x38, 0x20, 0x2a, 0x20, 0x69, 0x29, 0x29,
  0x20, 0x26, 0x20, 0x30, 0x78, 0x66, 0x66, 0x3b, 0x0a, 0x20, 0x20, 0x20, 0x20, 0x62, 0x75, 0x66,
  0x5b, 0x61, 0x74, 0x20, 0x2b, 0x20, 0x34, 0x20, 0x2b, 0x20, 0x69, 0x5d, 0x20, 0x3d, 0x20, 0x28,
  0x6c, 0x6f, 0x20, 0x3e, 0x3e, 0x3e, 0x20, 0x28, 0x32, 0x34, 0x20, 0x2d, 0x20, 0x38, 0x20, 0x2a,
  0x20, 0x69, 0x29, 0x29, 0x20, 0x26, 0x20, 0x30, 0x78, 0x66, 0x66, 0x3b, 0x0a, 0x20, 0x20, 0x7d,
  0x0a, 0x7d, 0x3b, 0x0a, 0x0a, 0x2f, 0x2a, 0x2a, 0x20, 0x53, 0x48, 0x41, 0x2d, 0x32, 0x35, 0x36,
  0x20, 0x6f, 0x66, 0x20, 0x60, 0x62, 0x79, 0x74, 0x65, 0x73, 0x60, 0x20, 0x61, 0x73, 0x20, 0x6c,
  0x6f, 0x77, 0x65, 0x72, 0x63, 0x61, 0x73, 0x65, 0x20, 0x68, 0x65, 0x78, 0x2e, 0x20, 0x2a, 0x2f,
  0x0a, 0x65, 0x78, 0x70, 0x6f, 0x72, 0x74, 0x20, 0x63, 0x6f, 0x6e, 0x73, 0x74, 0x20, 0x73, 0x68,
  0x61, 0x32, 0x35, 0x36, 0x48, 0x65, 0x78, 0x20, 0x3d, 0x20, 0x28, 0x62, 0x79, 0x74, 0x65, 0x73,
  0x29, 0x20, 0x3d, 0x3e, 0x20, 0x7b, 0x0a, 0x20, 0x20, 0x63, 0x6f, 0x6e, 0x73, 0x74, 0x20, 0x62,
  0x69, 0x74, 0x4c, 0x65, 0x6e, 0x20, 0x3d, 0x20, 0x62, 0x79, 0x74, 0x65, 0x73, 0x2e, 0x6c, 0x65,
  0x6e, 0x67, 0x74, 0x68, 0x20, 0x2a, 0x20, 0x38, 0x3b, 0x0a, 0x20, 0x20, 0x63, 0x6f, 0x6e, 0x73,
  0x74, 0x20, 0x70, 0x61, 0x64, 0x64, 0x65, 0x64, 0x20, 0x3d, 0x20, 0x28, 0x28, 0x62, 0x79, 0x74,
  0x65, 0x73, 0x2e, 0x6c, 0x65, 0x6e, 0x67, 0x74, 0x68, 0x20, 0x2b, 0x20, 0x39, 0x20, 0x2b, 0x20,
  0x36, 0x33, 0x29, 0x20, 0x3e, 0x3e, 0x20, 0x36, 0x29, 0x20, 0x3c, 0x3c, 0x20, 0x36, 0x3b, 0x0a,
  0x20, 0x20, 0x63, 0x6f, 0x6e, 0x73, 0x74, 0x20, 0x62, 0x75, 0x66, 0x20, 0x3d, 0x20, 0x6e, 0x65,
  0x77, 0x20, 0x55, 0x69, 0x6e, 0x74, 0x38, 0x41, 0x72, 0x72, 0x61, 0x79, 0x28, 0x70, 0x61, 0x64,
  0x64, 0x65, 0x64, 0x29, 0x3b, 0x0a, 0x20, 0x20, 0x62, 0x75, 0x66, 0x2e, 0x73, 0x65, 0x74, 0x28,
  0x62, 0x79, 0x74, 0x65, 0x73, 0x29, 0x3b, 0x0a, 0x20, 0x20, 0x62, 0x75, 0x66, 0x5b, 0x62, 0x79,
  0x74, 0x65, 0x73, 0x2e, 0x6c, 0x65, 0x6e, 0x67, 0x74, 0x68, 0x5d, 0x20, 0x3d, 0x20, 0x30, 0x78,
  0x38, 0x30, 0x3b, 0x0a, 0x20, 0x20, 0x77, 0x72, 0x69, 0x74, 0x65, 0x42, 0x69, 0x74, 0x4c, 0x65,
  0x6e, 0x67, 0x74, 0x68, 0x28, 0x62, 0x75, 0x66, 0x2c, 0x20, 0x62, 0x69, 0x74, 0x4c, 0x65, 0x6e,
  0x29, 0x3b, 0x0a, 0x20, 0x20, 0x63, 0x6f, 0x6e, 0x73, 0x74, 0x20, 0x77, 0x20, 0x3d, 0x20, 0x6e,
  0x65, 0x77, 0x20, 0x49, 0x6e, 0x74, 0x33, 0x32, 0x41, 0x72, 0x72, 0x61, 0x79, 0x28, 0x36, 0x34,
  0x29, 0x3b, 0x0a, 0x20, 0x20, 0x6c, 0x65, 0x74, 0x20, 0x68, 0x30, 0x20, 0x3d, 0x20, 0x30, 0x78,
  0x36, 0x61, 0x30, 0x39, 0x65, 0x36, 0x36, 0x37, 0x2c, 0x20, 0x68, 0x31, 0x20, 0x3d, 0x20, 0x30,
  0x78, 0x62, 0x62, 0x36, 0x37, 0x61, 0x65, 0x38, 0x35, 0x2c, 0x20, 0x68, 0x32, 0x20, 0x3d, 0x20,
  0x30, 0x78, 0x33, 0x63, 0x36, 0x65, 0x66, 0x33, 0x37, 0x32, 0x2c, 0x20, 0x68, 0x33, 0x20, 0x3d,
  0x20, 0x30, 0x78, 0x61, 0x35, 0x34, 0x66, 0x66, 0x35, 0x33, 0x61, 0x3b, 0x0a, 0x20, 0x20, 0x6c,
  0x65, 0x74, 0x20, 0x68, 0x34, 0x20, 0x3d, 0x20, 0x30, 0x78, 0x35, 0x31, 0x30, 0x65, 0x35, 0x32,
  0x37, 0x66, 0x2c, 0x20, 0x68, 0x35, 0x20, 0x3d, 0x20, 0x30, 0x78, 0x39, 0x62, 0x30, 0x35, 0x36,
  0x38, 0x38, 0x63, 0x2c, 0x20, 0x68, 0x36, 0x20, 0x3d, 0x20, 0x30, 0x78, 0x31, 0x66, 0x38, 0x33,
  0x64, 0x39, 0x61, 0x62, 0x2c, 0x20, 0x68, 0x37, 0x20, 0x3d, 0x20, 0x30, 0x78, 0x35, 0x62, 0x65,
  0x30, 0x63, 0x64, 0x31, 0x39, 0x3b, 0x0a, 0x20, 0x20, 0x66, 0x6f, 0x72, 0x20, 0x28, 0x6c, 0x65,
  0x74, 0x20, 0x6f, 0x66, 0x66, 0x20, 0x3d, 0x20, 0x30, 0x3b, 0x20, 0x6f, 0x66, 0x66, 0x20, 0x3c,
  0x20, 0x70, 0x61, 0x64, 0x64, 0x65, 0x64, 0x3b, 0x20, 0x6f, 0x66, 0x66, 0x20, 0x2b, 0x3d, 0x20,
  0x36, 0x34, 0x29, 0x20, 0x7b, 0x0a, 0x20, 0x20, 0x20, 0x20, 0x66, 0x6f, 0x72, 0x20, 0x28, 0x6c,
  0x65, 0x74, 0x20, 0x69, 0x20, 0x3d, 0x20, 0x30, 0x3b, 0x20, 0x69, 0x20, 0x3c, 0x20, 0x31, 0x36,
  0x3b, 0x20, 0x69, 0x2b, 0x2b, 0x29, 0x20, 0x7b, 0x0a, 0x20, 0x20, 0x20, 0x20, 0x20, 0x20, 0x63,
  0x6f, 0x6e, 0x73, 0x74, 0x20, 0x6a, 0x20, 0x3d, 0x20, 0x6f, 0x66, 0x66, 0x20, 0x2b, 0x20, 0x69,
  0x20, 0x2a, 0x20, 0x34, 0x3b, 0x0a, 0x20, 0x20, 0x20, 0x20, 0x20, 0x20, 0x77, 0x5b, 0x69, 0x5d,
  0x20, 0x3d, 0x20, 0x28, 0x62, 0x75, 0x66, 0x5b, 0x6a, 0x5d, 0x20, 0x3c, 0x3c, 0x20, 0x32, 0x34,
  0x29, 0x20, 0x7c, 0x20, 0x28, 0x62, 0x75, 0x66, 0x5b, 0x6a, 0x20, 0x2b, 0x20, 0x31, 0x5d, 0x20,
  0x3c, 0x3c, 0x20, 0x31, 0x36, 0x29, 0x20, 0x7c, 0x20, 0x28, 0x62, 0x75, 0x66, 0x5b, 0x6a, 0x20,
  0x2b, 0x20, 0x32, 0x5d, 0x20, 0x3c, 0x3c, 0x20, 0x38, 0x29, 0x20, 0x7c, 0x20, 0x62, 0x75, 0x66,
  0x5b, 0x6a, 0x20, 0x2b, 0x20, 0x33, 0x5d, 0x3b, 0x0a, 0x20, 0x20, 0x20, 0x20, 0x7d, 0x0a, 0x20,
  0x20, 0x20, 0x20, 0x66, 0x6f, 0x72, 0x20, 0x28, 0x6c, 0x65, 0x74, 0x20, 0x69, 0x20, 0x3d, 0x20,
  0x31, 0x36, 0x3b, 0x20, 0x69, 0x20, 0x3c, 0x20, 0x36, 0x34, 0x3b, 0x20, 0x69, 0x2b, 0x2b, 0x29,
  0x20, 0x7b, 0x0a, 0x20, 0x20, 0x20, 0x20, 0x20, 0x20, 0x63, 0x6f, 0x6e, 0x73, 0x74, 0x20, 0x73,
  0x30, 0x20, 0x3d, 0x20, 0x72, 0x6f, 0x74, 0x72, 0x28, 0x77, 0x5b, 0x69, 0x20, 0x2d, 0x20, 0x31,
  0x35, 0x5d, 0x2c, 0x20, 0x37, 0x29, 0x20, 0x5e, 0x20, 0x72, 0x6f, 0x74, 0x72, 0x28, 0x77, 0x5b,
  0x69, 0x20, 0x2d, 0x20, 0x31, 0x35, 0x5d, 0x2c, 0x20, 0x31, 0x38, 0x29, 0x20, 0x5e, 0x20, 0x28,
  0x77, 0x5b, 0x69, 0x20, 0x2d, 0x20, 0x31, 0x35, 0x5d, 0x20, 0x3e, 0x3e, 0x3e, 0x20, 0x33, 0x29,
  0x3b, 0x0a, 0x20, 0x20, 0x20, 0x20, 0x20, 0x20, 0x63, 0x6f, 0x6e, 0x73, 0x74, 0x20, 0x73, 0x31,
  0x20, 0x3d, 0x20, 0x72, 0x6f, 0x74, 0x72, 0x28, 0x77, 0x5b, 0x69, 0x20, 0x2d, 0x20, 0x32, 0x5d,
  0x2c, 0x20, 0x31, 0x37, 0x29, 0x20, 0x5e, 0x20, 0x72, 0x6f, 0x74, 0x72, 0x28, 0x77, 0x5b, 0x69,
  0x20, 0x2d, 0x20, 0x32, 0x5d, 0x2c, 0x20, 0x31, 0x39, 0x29, 0x20, 0x5e, 0x20, 0x28, 0x77, 0x5b,
  0x69, 0x20, 0x2d, 0x20, 0x32, 0x5d, 0x20, 0x3e, 0x3e, 0x3e, 0x20, 0x31, 0x30, 0x29, 0x3b, 0x0a,
  0x20, 0x20, 0x20, 0x20, 0x20, 0x20, 0x77, 0x5b, 0x69, 0x5d, 0x20, 0x3d, 0x20, 0x28, 0x77, 0x5b,
  0x69, 0x20, 0x2d, 0x20, 0x31, 0x36, 0x5d, 0x20, 0x2b, 0x20, 0x73, 0x30, 0x20, 0x2b, 0x20, 0x77,
  0x5b, 0x69, 0x20, 0x2d, 0x20, 0x37, 0x5d, 0x20, 0x2b, 0x20, 0x73, 0x31, 0x29, 0x20, 0x7c, 0x20,
  0x30, 0x3b, 0x0a, 0x20, 0x20, 0x20, 0x20, 0x7d, 0x0a, 0x20, 0x20, 0x20, 0x20, 0x6c, 0x65, 0x74,
  0x20, 0x61, 0x20, 0x3d, 0x20, 0x68, 0x30, 0x2c, 0x20, 0x62, 0x20, 0x3d, 0x20, 0x68, 0x31, 0x2c,
  0x20, 0x63, 0x20, 0x3d, 0x20, 0x68, 0x32, 0x2c, 0x20, 0x64, 0x20, 0x3d, 0x20, 0x68, 0x33, 0x2c,
  0x20, 0x65, 0x20, 0x3d, 0x20, 0x68, 0x34, 0x2c, 0x20, 0x66, 0x20, 0x3d, 0x20, 0x68, 0x35, 0x2c,
  0x20, 0x67, 0x20, 0x3d, 0x20, 0x68, 0x36, 0x2c, 0x20, 0x68, 0x20, 0x3d, 0x20, 0x68, 0x37, 0x3b,
  0x0a, 0x20, 0x20, 0x20, 0x20, 0x66, 0x6f, 0x72, 0x20, 0x28, 0x6c, 0x65, 0x74, 0x20, 0x69, 0x20,
  0x3d, 0x20, 0x30, 0x3b, 0x20, 0x69, 0x20, 0x3c, 0x20, 0x36, 0x34, 0x3b, 0x20, 0x69, 0x2b, 0x2b,
  0x29, 0x20, 0x7b, 0x0a, 0x20, 0x20, 0x20, 0x20, 0x20, 0x20, 0x63, 0x6f, 0x6e, 0x73, 0x74, 0x20,
  0x53, 0x31, 0x20, 0x3d, 0x20, 0x72, 0x6f, 0x74, 0x72, 0x28, 0x65, 0x2c, 0x20, 0x36, 0x29, 0x20,
  0x5e, 0x20, 0x72, 0x6f, 0x74, 0x72, 0x28, 0x65, 0x2c, 0x20, 0x31, 0x31, 0x29, 0x20, 0x5e, 0x20,
  0x72, 0x6f, 0x74, 0x72, 0x28, 0x65, 0x2c, 0x20, 0x32, 0x35, 0x29, 0x3b, 0x0a, 0x20, 0x20, 0x20,
  0x20, 0x20, 0x20, 0x63, 0x6f, 0x6e, 0x73, 0x74, 0x20, 0x63, 0x68, 0x20, 0x3d, 0x20, 0x28, 0x65,
  0x20, 0x26, 0x20, 0x66, 0x29, 0x20, 0x5e, 0x20, 0x28, 0x7e, 0x65, 0x20, 0x26, 0x20, 0x67, 0x29,
  0x3b, 0x0a, 0x20, 0x20, 0x20, 0x20, 0x20, 0x20, 0x63, 0x6f, 0x6e, 0x73, 0x74, 0x20, 0x74, 0x31,
  0x20, 0x3d, 0x20, 0x28, 0x68, 0x20, 0x2b, 0x20, 0x53, 0x31, 0x20, 0x2b, 0x20, 0x63, 0x68, 0x20,
  0x2b, 0x20, 0x4b, 0x5b, 0x69, 0x5d, 0x20, 0x2b, 0x20, 0x77, 0x5b, 0x69, 0x5d, 0x29, 0x20, 0x7c,
  0x20, 0x30, 0x3b, 0x0a, 0x20, 0x20, 0x20, 0x20, 0x20, 0x20, 0x63, 0x6f, 0x6e, 0x73, 0x74, 0x20,
  0x53, 0x30, 0x20, 0x3d, 0x20, 0x72, 0x6f, 0x74, 0x72, 0x28, 0x61, 0x2c, 0x20, 0x32, 0x29, 0x20,
  0x5e, 0x20, 0x72, 0x6f, 0x74, 0x72, 0x28, 0x61, 0x2c, 0x20, 0x31, 0x33, 0x29, 0x20, 0x5e, 0x20,
  0x72, 0x6f, 0x74, 0x72, 0x28, 0x61, 0x2c, 0x20, 0x32, 0x32, 0x29, 0x3b, 0x0a, 0x20, 0x20, 0x20,
  0x20, 0x20, 0x20, 0x63, 0x6f, 0x6e, 0x73, 0x74, 0x20, 0x6d, 0x61, 0x6a, 0x20, 0x3d, 0x20, 0x28,
  0x61, 0x20, 0x26, 0x20, 0x62, 0x29, 0x20, 0x5e, 0x20, 0x28, 0x61, 0x20, 0x26, 0x20, 0x63, 0x29,
  0x20, 0x5e, 0x20, 0x28, 0x62, 0x20, 0x26, 0x20, 0x63, 0x29, 0x3b, 0x0a, 0x20, 0x20, 0x20, 0x20,
  0x20, 0x20, 0x63, 0x6f, 0x6e, 0x73, 0x74, 0x20, 0x74, 0x32, 0x20, 0x3d, 0x20, 0x28, 0x53, 0x30,
  0x20, 0x2b, 0x20, 0x6d, 0x61, 0x6a, 0x29, 0x20, 0x7c, 0x20, 0x30, 0x3b, 0x0a, 0x20, 0x20, 0x20,
  0x20, 0x20, 0x20, 0x68, 0x20, 0x3d, 0x20, 0x67, 0x3b, 0x20, 0x67, 0x20, 0x3d, 0x20, 0x66, 0x3b,
  0x20, 0x66, 0x20, 0x3d, 0x20, 0x65, 0x3b, 0x20, 0x65, 0x20, 0x3d, 0x20, 0x28, 0x64, 0x20, 0x2b,
  0x20, 0x74, 0x31, 0x29, 0x20, 0x7c, 0x20, 0x30, 0x3b, 0x0a, 0x20, 0x20, 0x20, 0x20, 0x20, 0x20,
  0x64, 0x20, 0x3d, 0x20, 0x63, 0x3b, 0x20, 0x63, 0x20, 0x3d, 0x20, 0x62, 0x3b, 0x20, 0x62, 0x20,
  0x3d, 0x20, 0x61, 0x3b, 0x20, 0x61, 0x20, 0x3d, 0x20, 0x28, 0x74, 0x31, 0x20, 0x2b, 0x20, 0x74,
  0x32, 0x29, 0x20, 0x7c, 0x20, 0x30, 0x3b, 0x0a, 0x20, 0x20, 0x20, 0x20, 0x7d, 0x0a, 0x20, 0x20,
  0x20, 0x20, 0x68, 0x30, 0x20, 0x3d, 0x20, 0x28, 0x68, 0x30, 0x20, 0x2b, 0x20, 0x61, 0x29, 0x20,
  0x7c, 0x20, 0x30, 0x3b, 0x20, 0x68, 0x31, 0x20, 0x3d, 0x20, 0x28, 0x68, 0x31, 0x20, 0x2b, 0x20,
  0x62, 0x29, 0x20, 0x7c, 0x20, 0x30, 0x3b, 0x20, 0x68, 0x32, 0x20, 0x3d, 0x20, 0x28, 0x68, 0x32,
  0x20, 0x2b, 0x20, 0x63, 0x29, 0x20, 0x7c, 0x20, 0x30, 0x3b, 0x20, 0x68, 0x33, 0x20, 0x3d, 0x20,
  0x28, 0x68, 0x33, 0x20, 0x2b, 0x20, 0x64, 0x29, 0x20, 0x7c, 0x20, 0x30, 0x3b, 0x0a, 0x20, 0x20,
  0x20, 0x20, 0x68, 0x34, 0x20, 0x3d, 0x20, 0x28, 0x68, 0x34, 0x20, 0x2b, 0x20, 0x65, 0x29, 0x20,
  0x7c, 0x20, 0x30, 0x3b, 0x20, 0x68, 0x35, 0x20, 0x3d, 0x20, 0x28, 0x68, 0x35, 0x20, 0x2b, 0x20,
  0x66, 0x29, 0x20, 0x7c, 0x20, 0x30, 0x3b, 0x20, 0x68, 0x36, 0x20, 0x3d, 0x20, 0x28, 0x68, 0x36,
  0x20, 0x2b, 0x20, 0x67, 0x29, 0x20, 0x7c, 0x20, 0x30, 0x3b, 0x20, 0x68, 0x37, 0x20, 0x3d, 0x20,
  0x28, 0x68, 0x37, 0x20, 0x2b, 0x20, 0x68, 0x29, 0x20, 0x7c, 0x20, 0x30, 0x3b, 0x0a, 0x20, 0x20,
  0x7d, 0x0a, 0x20, 0x20, 0x72, 0x65, 0x74, 0x75, 0x72, 0x6e, 0x20, 0x5b, 0x68, 0x30, 0x2c, 0x20,
  0x68, 0x31, 0x2c, 0x20, 0x68, 0x32, 0x2c, 0x20, 0x68, 0x33, 0x2c, 0x20, 0x68, 0x34, 0x2c, 0x20,
  0x68, 0x35, 0x2c, 0x20, 0x68, 0x36, 0x2c, 0x20, 0x68, 0x37, 0x5d, 0x0a, 0x20, 0x20, 0x20, 0x20,
  0x2e, 0x6d, 0x61, 0x70, 0x28, 0x28, 0x78, 0x29, 0x20, 0x3d, 0x3e, 0x20, 0x28, 0x78, 0x20, 0x3e,
  0x3e, 0x3e, 0x20, 0x30, 0x29, 0x2e, 0x74, 0x6f, 0x53, 0x74, 0x72, 0x69, 0x6e, 0x67, 0x28, 0x31,
  0x36, 0x29, 0x2e, 0x70, 0x61, 0x64, 0x53, 0x74, 0x61, 0x72, 0x74, 0x28, 0x38, 0x2c, 0x20, 0x27,
  0x30, 0x27, 0x29, 0x29, 0x0a, 0x20, 0x20, 0x20, 0x20, 0x2e, 0x6a, 0x6f, 0x69, 0x6e, 0x28, 0x27,
  0x27, 0x29, 0x3b, 0x0a, 0x7d, 0x3b, 0x0a,
  0x00
};

/* runtime/spike/tar-mini.js (4907 bytes) */
static const unsigned char DSH_TAR_MINI_JS[] = {
  0x2f, 0x2a, 0x2a, 0x0a, 0x20, 0x2a, 0x20, 0x74, 0x61, 0x72, 0x2d, 0x6d, 0x69, 0x6e, 0x69, 0x20,
  0xe2, 0x80, 0x94, 0x20, 0x61, 0x20, 0x6d, 0x69, 0x6e, 0x69, 0x6d, 0x61, 0x6c, 0x20, 0x50, 0x4f,
  0x53, 0x49, 0x58, 0x20, 0x75, 0x73, 0x74, 0x61, 0x72, 0x20, 0x77, 0x72, 0x69, 0x74, 0x65, 0x72,
  0x20, 0x2b, 0x20, 0x72, 0x65, 0x61, 0x64, 0x65, 0x72, 0x20, 0x66, 0x6f, 0x72, 0x20, 0x74, 0x68,
  0x65, 0x20, 0x4d, 0x33, 0x20, 0x69, 0x6e, 0x73, 0x74, 0x61, 0x6c, 0x6c, 0x0a, 0x20, 0x2a, 0x20,
  0x70, 0x69, 0x70, 0x65, 0x6c, 0x69, 0x6e, 0x65, 0x20, 0x28, 0x74, 0x68, 0x65, 0x20, 0x73, 0x70,
  0x69, 0x6b, 0x65, 0x20, 0x70, 0x61, 0x63, 0x6b, 0x61, 0x67, 0x65, 0x20, 0x66, 0x6f, 0x72, 0x6d,
  0x61, 0x74, 0x29, 0x2e, 0x20, 0x55, 0x6e, 0x63, 0x6f, 0x6d, 0x70, 0x72, 0x65, 0x73, 0x73, 0x65,
  0x64, 0x20, 0x74, 0x61, 0x72, 0x2c, 0x20, 0x6f, 0x6e, 0x20, 0x70, 0x75, 0x72, 0x70, 0x6f, 0x73,
  0x65, 0x3a, 0x20, 0x61, 0x0a, 0x20, 0x2a, 0x20, 0x70, 0x61, 0x63, 0x6b, 0x61, 0x67, 0x65, 0x20,
  0x22, 0x74, 0x67, 0x7a, 0x22, 0x20, 0x69, 0x73, 0x20, 0x67, 0x7a, 0x69, 0x70, 0x2b, 0x74, 0x61,
  0x72, 0x20, 0x61, 0x6e, 0x64, 0x20, 0x74, 0x68, 0x65, 0x20, 0x66, 0x72, 0x6f, 0x7a, 0x65, 0x6e,
  0x20, 0x67, 0x61, 0x74, 0x65, 0x77, 0x61, 0x79, 0x20, 0x68, 0x61, 0x73, 0x20, 0x6e, 0x6f, 0x20,
  0x69, 0x6e, 0x66, 0x6c, 0x61, 0x74, 0x65, 0x20, 0x70, 0x72, 0x69, 0x6d, 0x69, 0x74, 0x69, 0x76,
  0x65, 0x0a, 0x20, 0x2a, 0x20, 0xe2, 0x80, 0x94, 0x20, 0x74, 0x68, 0x65, 0x20, 0x64, 0x69, 0x67,
  0x65, 0x73, 0x74, 0x2f, 0x76, 0x65, 0x72, 0x69, 0x66, 0x79, 0x2f, 0x75, 0x6e, 0x70, 0x61, 0x63,
  0x6b, 0x20, 0x73, 0x65, 0x6d, 0x61, 0x6e, 0x74, 0x69, 0x63, 0x73, 0x20, 0x75, 0x6e, 0x64, 0x65,
  0x72, 0x20, 0x74, 0x65, 0x73, 0x74, 0x20, 0x61, 0x72, 0x65, 0x20, 0x74, 0x68, 0x65, 0x20, 0x74,
  0x61, 0x72, 0x20, 0x6c, 0x61, 0x79, 0x65, 0x72, 0x2c, 0x20, 0x73, 0x6f, 0x20, 0x74, 0x68, 0x65,
  0x0a, 0x20, 0x2a, 0x20, 0x73, 0x70, 0x69, 0x6b, 0x65, 0x20, 0x73, 0x68, 0x69, 0x70, 0x73, 0x20,
  0x61, 0x6e, 0x20, 0x75, 0x6e, 0x63, 0x6f, 0x6d, 0x70, 0x72, 0x65, 0x73, 0x73, 0x65, 0x64, 0x20,
  0x61, 0x72, 0x63, 0x68, 0x69, 0x76, 0x65, 0x20, 0x61, 0x6e, 0x64, 0x20, 0x74, 0x68, 0x65, 0x20,
  0x67, 0x7a, 0x69, 0x70, 0x20, 0x74, 0x72, 0x61, 0x6e, 0x73, 0x70, 0x6f, 0x72, 0x74, 0x20, 0x63,
  0x6f, 0x64, 0x69, 0x6e, 0x67, 0x20, 0x6c, 0x61, 0x6e, 0x64, 0x73, 0x0a, 0x20, 0x2a, 0x20, 0x77,
  0x69, 0x74, 0x68, 0x20, 0x74, 0x68, 0x65, 0x20, 0x72, 0x65, 0x61, 0x6c, 0x20, 0x66, 0x65, 0x74,
  0x63, 0x68, 0x2d, 0x62, 0x61, 0x73, 0x65, 0x64, 0x20, 0x69, 0x6e, 0x73, 0x74, 0x61, 0x6c, 0x6c,
  0x65, 0x72, 0x2e, 0x20, 0x45, 0x76, 0x65, 0x72, 0x79, 0x74, 0x68, 0x69, 0x6e, 0x67, 0x20, 0x69,
  0x73, 0x20, 0x64, 0x65, 0x74, 0x65, 0x72, 0x6d, 0x69, 0x6e, 0x69, 0x73, 0x74, 0x69, 0x63, 0x0a,
  0x20, 0x2a, 0x20, 0x28, 0x6d, 0x74, 0x69, 0x6d, 0x65, 0x20, 0x30, 0x2c, 0x20, 0x75, 0x69, 0x64,
  0x2f, 0x67, 0x69, 0x64, 0x20, 0x30, 0x2c, 0x20, 0x65, 0x6d, 0x70, 0x74, 0x79, 0x20, 0x75, 0x6e,
  0x61, 0x6d, 0x65, 0x2f, 0x67, 0x6e, 0x61, 0x6d, 0x65, 0x29, 0x20, 0x73, 0x6f, 0x20, 0x66, 0x69,
  0x78, 0x74, 0x75, 0x72, 0x65, 0x20, 0x62, 0x79, 0x74, 0x65, 0x73, 0x20, 0xe2, 0x80, 0x94, 0x20,
  0x61, 0x6e, 0x64, 0x20, 0x74, 0x68, 0x65, 0x72, 0x65, 0x66, 0x6f, 0x72, 0x65, 0x0a, 0x20, 0x2a,
  0x20, 0x64, 0x69, 0x67, 0x65, 0x73, 0x74, 0x73, 0x20, 0xe2, 0x80, 0x94, 0x20, 0x61, 0x72, 0x65,
  0x20, 0x72, 0x65, 0x70, 0x72, 0x6f, 0x64, 0x75, 0x63, 0x69, 0x62, 0x6c, 0x65, 0x20, 0x72, 0x75,
  0x6e, 0x20, 0x74, 0x6f, 0x20, 0x72, 0x75, 0x6e, 0x2e, 0x0a, 0x20, 0x2a, 0x0a, 0x20, 0x2a, 0x20,
  0x52, 0x65, 0x61, 0x64, 0x65, 0x72, 0x20, 0x72, 0x65, 0x6a, 0x65, 0x63, 0x74, 0x73, 0x20, 0x28,
  0x66, 0x61, 0x69, 0x6c, 0x20, 0x6c, 0x6f, 0x75, 0x64, 0x29, 0x3a, 0x20, 0x62, 0x61, 0x64, 0x20,
  0x6d, 0x61, 0x67, 0x69, 0x63, 0x2f, 0x63, 0x68, 0x65, 0x63, 0x6b, 0x73, 0x75, 0x6d, 0x2c, 0x20,
  0x6e, 0x6f, 0x6e, 0x2d, 0x66, 0x69, 0x6c, 0x65, 0x20, 0x65, 0x6e, 0x74, 0x72, 0x79, 0x20, 0x74,
  0x79, 0x70, 0x65, 0x73, 0x2c, 0x20, 0x61, 0x6e, 0x64, 0x0a, 0x20, 0x2a, 0x20, 0x61, 0x6e, 0x79,
  0x20, 0x6d, 0x65, 0x6d, 0x62, 0x65, 0x72, 0x20, 0x70, 0x61, 0x74, 0x68, 0x20, 0x74, 0x68, 0x61,
  0x74, 0x20, 0x69, 0x73, 0x20, 0x61, 0x62, 0x73, 0x6f, 0x6c, 0x75, 0x74, 0x65, 0x20, 0x6f, 0x72,
  0x20, 0x63, 0x61, 0x72, 0x72, 0x69, 0x65, 0x73, 0x20, 0x61, 0x20, 0x60, 0x2e, 0x2e, 0x60, 0x20,
  0x73, 0x65, 0x67, 0x6d, 0x65, 0x6e, 0x74, 0x20, 0x28, 0x61, 0x20, 0x70, 0x61, 0x63, 0x6b, 0x61,
  0x67, 0x65, 0x20, 0x69, 0x73, 0x0a, 0x20, 0x2a, 0x20, 0x64, 0x61, 0x74, 0x61, 0x2c, 0x20, 0x62,
  0x75, 0x74, 0x20, 0x69, 0x74, 0x20, 0x69, 0x73, 0x20, 0x68, 0x6f, 0x73, 0x74, 0x69, 0x6c, 0x65,
  0x2d, 0x75, 0x6e, 0x74, 0x69, 0x6c, 0x2d, 0x76, 0x65, 0x72, 0x69, 0x66, 0x69, 0x65, 0x64, 0x20,
  0x64, 0x61, 0x74, 0x61, 0x29, 0x2e, 0x0a, 0x20, 0x2a, 0x2f, 0x0a, 0x69, 0x6d, 0x70, 0x6f, 0x72,
  0x74, 0x20, 0x7b, 0x20, 0x63, 0x72, 0x65, 0x61, 0x74, 0x65, 0x4c, 0x6f, 0x67, 0x67, 0x65, 0x72,
  0x20, 0x7d, 0x20, 0x66, 0x72, 0x6f, 0x6d, 0x20, 0x27, 0x6c, 0x6f, 0x67, 0x67, 0x65, 0x72, 0x2e,
  0x6a, 0x73, 0x27, 0x3b, 0x0a, 0x0a, 0x63, 0x6f, 0x6e, 0x73, 0x74, 0x20, 0x6c, 0x6f, 0x67, 0x20,
  0x3d, 0x20, 0x63, 0x72, 0x65, 0x61, 0x74, 0x65, 0x4c, 0x6f, 0x67, 0x67, 0x65, 0x72, 0x28, 0x27,
  0x64, 0x73, 0x68, 0x2e, 0x74, 0x61, 0x72, 0x2d, 0x6d, 0x69, 0x6e, 0x69, 0x27, 0x29, 0x3b, 0x0a,
  0x63, 0x6f, 0x6e, 0x73, 0x74, 0x20, 0x42, 0x4c, 0x4f, 0x43, 0x4b, 0x20, 0x3d, 0x20, 0x35, 0x31,
  0x32, 0x3b, 0x0a, 0x0a, 0x63, 0x6f, 0x6e, 0x73, 0x74, 0x20, 0x6f, 0x63, 0x74, 0x61, 0x6c, 0x20,
  0x3d, 0x20, 0x28, 0x76, 0x61, 0x6c, 0x75, 0x65, 0x2c, 0x20, 0x77, 0x69, 0x64, 0x74, 0x68, 0x29,
  0x20, 0x3d, 0x3e, 0x20, 0x7b, 0x0a, 0x20, 0x20, 0x6c, 0x6f, 0x67, 0x2e, 0x64, 0x65, 0x62, 0x75,
  0x67, 0x28, 0x27, 0x74, 0x61, 0x72, 0x20, 0x6f, 0x63, 0x74, 0x61, 0x6c, 0x20, 0x66, 0x69, 0x65,
  0x6c, 0x64, 0x27, 0x2c, 0x20, 0x7b, 0x20, 0x76, 0x61, 0x6c, 0x75, 0x65, 0x20, 0x7d, 0x29, 0x3b,
  0x0a, 0x20, 0x20, 0x63, 0x6f, 0x6e, 0x73, 0x74, 0x20, 0x64, 0x69, 0x67, 0x69, 0x74, 0x73, 0x20,
  0x3d, 0x20, 0x76, 0x61, 0x6c, 0x75, 0x65, 0x2e, 0x74, 0x6f, 0x53, 0x74, 0x72, 0x69, 0x6e, 0x67,
  0x28, 0x38, 0x29, 0x2e, 0x70, 0x61, 0x64, 0x53, 0x74, 0x61, 0x72, 0x74, 0x28, 0x77, 0x69, 0x64,
  0x74, 0x68, 0x20, 0x2d, 0x20, 0x31, 0x2c, 0x20, 0x27, 0x30, 0x27, 0x29, 0x3b, 0x0a, 0x20, 0x20,
  0x69, 0x66, 0x20, 0x28, 0x64, 0x69, 0x67, 0x69, 0x74, 0x73, 0x2e, 0x6c, 0x65, 0x6e, 0x67, 0x74,
  0x68, 0x20, 0x3e, 0x20, 0x77, 0x69, 0x64, 0x74, 0x68, 0x20, 0x2d, 0x20, 0x31, 0x29, 0x20, 0x74,
  0x68, 0x72, 0x6f, 0x77, 0x20, 0x6e, 0x65, 0x77, 0x20, 0x45, 0x72, 0x72, 0x6f, 0x72, 0x28, 0x60,
  0x74, 0x61, 0x72, 0x3a, 0x20, 0x66, 0x69, 0x65, 0x6c, 0x64, 0x20, 0x6f, 0x76, 0x65, 0x72, 0x66,
  0x6c, 0x6f, 0x77, 0x20, 0x28, 0x24, 0x7b, 0x76, 0x61, 0x6c, 0x75, 0x65, 0x7d, 0x29, 0x60, 0x29,
  0x3b, 0x0a, 0x20, 0x20, 0x72, 0x65, 0x74, 0x75, 0x72, 0x6e, 0x20, 0x64, 0x69, 0x67, 0x69, 0x74,
  0x73, 0x20, 0x2b, 0x20, 0x27, 0x5c, 0x30, 0x27, 0x3b, 0x0a, 0x7d, 0x3b, 0x0a, 0x0a, 0x63, 0x6f,
  0x6e, 0x73, 0x74, 0x20, 0x61, 0x73, 0x63, 0x69, 0x69, 0x42, 0x79, 0x74, 0x65, 0x73, 0x20, 0x3d,
  0x20, 0x28, 0x74, 0x65, 0x78, 0x74, 0x2c, 0x20, 0x6c, 0x65, 0x6e, 0x29, 0x20, 0x3d, 0x3e, 0x20,
  0x7b, 0x0a, 0x20, 0x20, 0x6c, 0x6f, 0x67, 0x2e, 0x64, 0x65, 0x62, 0x75, 0x67, 0x28, 0x27, 0x74,
  0x61, 0x72, 0x20, 0x61, 0x73, 0x63, 0x69, 0x69, 0x20, 0x66, 0x69, 0x65, 0x6c, 0x64, 0x27, 0x2c,
  0x20, 0x7b, 0x20, 0x63, 0x68, 0x61, 0x72, 0x73, 0x3a, 0x20, 0x4d, 0x61, 0x74, 0x68, 0x2e, 0x6d,
  0x69, 0x6e, 0x28, 0x74, 0x65, 0x78, 0x74, 0x2e, 0x6c, 0x65, 0x6e, 0x67, 0x74, 0x68, 0x2c, 0x20,
  0x6c, 0x65, 0x6e, 0x29, 0x20, 0x7d, 0x29, 0x3b, 0x0a, 0x20, 0x20, 0x63, 0x6f, 0x6e, 0x73, 0x74,
  0x20, 0x6f, 0x75, 0x74, 0x20, 0x3d, 0x20, 0x6e, 0x65, 0x77, 0x20, 0x55, 0x69, 0x6e, 0x74, 0x38,
  0x41, 0x72, 0x72, 0x61, 0x79, 0x28, 0x6c, 0x65, 0x6e, 0x29, 0x3b, 0x0a, 0x20, 0x20, 0x66, 0x6f,
  0x72, 0x20, 0x28, 0x6c, 0x65, 0x74, 0x20, 0x69, 0x20, 0x3d, 0x20, 0x30, 0x3b, 0x20, 0x69, 0x20,
  0x3c, 0x20, 0x4d, 0x61, 0x74, 0x68, 0x2e, 0x6d, 0x69, 0x6e, 0x28, 0x74, 0x65, 0x78, 0x74, 0x2e,
  0x6c, 0x65, 0x6e, 0x67, 0x74, 0x68, 0x2c, 0x20, 0x6c, 0x65, 0x6e, 0x29, 0x3b, 0x20, 0x69, 0x2b,
  0x2b, 0x29, 0x20, 0x6f, 0x75, 0x74, 0x5b, 0x69, 0x5d, 0x20, 0x3d, 0x20, 0x74, 0x65, 0x78, 0x74,
  0x2e, 0x63, 0x68, 0x61, 0x72, 0x43, 0x6f, 0x64, 0x65, 0x41, 0x74, 0x28, 0x69, 0x29, 0x3b, 0x0a,
  0x20, 0x20, 0x72, 0x65, 0x74, 0x75, 0x72, 0x6e, 0x20, 0x6f, 0x75, 0x74, 0x3b, 0x0a, 0x7d, 0x3b,
  0x0a, 0x0a, 0x63, 0x6f, 0x6e, 0x73, 0x74, 0x20, 0x70, 0x61, 0x64, 0x32, 0x20, 0x3d, 0x20, 0x28,
  0x62, 0x79, 0x74, 0x65, 0x73, 0x29, 0x20, 0x3d, 0x3e, 0x20, 0x7b, 0x0a, 0x20, 0x20, 0x6c, 0x6f,
  0x67, 0x2e, 0x64, 0x65, 0x62, 0x75, 0x67, 0x28, 0x27, 0x74, 0x61, 0x72, 0x20, 0x70, 0x61, 0x64,
  0x20, 0x62, 0x6c, 0x6f, 0x63, 0x6b, 0x27, 0x2c, 0x20, 0x7b, 0x20, 0x62, 0x79, 0x74, 0x65, 0x73,
  0x3a, 0x20, 0x62, 0x79, 0x74, 0x65, 0x73, 0x2e, 0x6c, 0x65, 0x6e, 0x67, 0x74, 0x68, 0x20, 0x7d,
  0x29, 0x3b, 0x0a, 0x20, 0x20, 0x63, 0x6f, 0x6e, 0x73, 0x74, 0x20, 0x72, 0x65, 0x73, 0x74, 0x20,
  0x3d, 0x20, 0x62, 0x79, 0x74, 0x65, 0x73, 0x2e, 0x6c, 0x65, 0x6e, 0x67, 0x74, 0x68, 0x20, 0x25,
  0x20, 0x42, 0x4c, 0x4f, 0x43, 0x4b, 0x3b, 0x0a, 0x20, 0x20, 0x69, 0x66, 0x20, 0x28, 0x72, 0x65,
  0x73, 0x74, 0x20, 0x3d, 0x3d, 0x3d, 0x20, 0x30, 0x29, 0x20, 0x72, 0x65, 0x74, 0x75, 0x72, 0x6e,
  0x20, 0x62, 0x79, 0x74, 0x65, 0x73, 0x3b, 0x0a, 0x20, 0x20, 0x63, 0x6f, 0x6e, 0x73, 0x74, 0x20,
  0x6f, 0x75, 0x74, 0x20, 0x3d, 0x20, 0x6e, 0x65, 0x77, 0x20, 0x55, 0x69, 0x6e, 0x74, 0x38, 0x41,
  0x72, 0x72, 0x61, 0x79, 0x28, 0x62, 0x79, 0x74, 0x65, 0x73, 0x2e, 0x6c, 0x65, 0x6e, 0x67, 0x74,
  0x68, 0x20, 0x2b, 0x20, 0x28, 0x42, 0x4c, 0x4f, 0x43, 0x4b, 0x20, 0x2d, 0x20, 0x72, 0x65, 0x73,
  0x74, 0x29, 0x29, 0x3b, 0x0a, 0x20, 0x20, 0x6f, 0x75, 0x74, 0x2e, 0x73, 0x65, 0x74, 0x28, 0x62,
  0x79, 0x74, 0x65, 0x73, 0x29, 0x3b, 0x0a, 0x20, 0x20, 0x72, 0x65, 0x74, 0x75, 0x72, 0x6e, 0x20,
  0x6f, 0x75, 0x74, 0x3b, 0x0a, 0x7d, 0x3b, 0x0a, 0x0a, 0x2f, 0x2a, 0x2a, 0x20, 0x4d, 0x65, 0x6d,
  0x62, 0x65, 0x72, 0x20, 0x70, 0x61, 0x74, 0x68, 0x20, 0x67, 0x75, 0x61, 0x72, 0x64, 0x2c, 0x20,
  0x73, 0x68, 0x61, 0x72, 0x65, 0x64, 0x20, 0x62, 0x79, 0x20, 0x77, 0x72, 0x69, 0x74, 0x65, 0x72,
  0x20, 0x61, 0x6e, 0x64, 0x20, 0x72, 0x65, 0x61, 0x64, 0x65, 0x72, 0x20, 0x28, 0x66, 0x61, 0x69,
  0x6c, 0x20, 0x6c, 0x6f, 0x75, 0x64, 0x20, 0x70, 0x65, 0x72, 0x20, 0x72, 0x75, 0x6c, 0x65, 0x20,
  0x35, 0x29, 0x2e, 0x20, 0x2a, 0x2f, 0x0a, 0x63, 0x6f, 0x6e, 0x73, 0x74, 0x20, 0x61, 0x73, 0x73,
  0x65, 0x72, 0x74, 0x4d, 0x65, 0x6d, 0x62, 0x65, 0x72, 0x50, 0x61, 0x74, 0x68, 0x20, 0x3d, 0x20,
  0x28, 0x70, 0x61, 0x74, 0x68, 0x29, 0x20, 0x3d, 0x3e, 0x20, 0x7b, 0x0a, 0x20, 0x20, 0x6c, 0x6f,
  0x67, 0x2e, 0x64, 0x65, 0x62, 0x75, 0x67, 0x28, 0x27, 0x6d, 0x65, 0x6d, 0x62, 0x65, 0x72, 0x20,
  0x70, 0x61, 0x74, 0x68, 0x20, 0x63, 0x68, 0x65, 0x63, 0x6b, 0x27, 0x2c, 0x20, 0x7b, 0x20, 0x70,
  0x61, 0x74, 0x68, 0x20, 0x7d, 0x29, 0x3b, 0x0a, 0x20, 0x20, 0x63, 0x6f, 0x6e, 0x73, 0x74, 0x20,
  0x62, 0x61, 0x64, 0x20, 0x3d, 0x20, 0x74, 0x79, 0x70, 0x65, 0x6f, 0x66, 0x20, 0x70, 0x61, 0x74,
  0x68, 0x20, 0x21, 0x3d, 0x3d, 0x20, 0x27, 0x73, 0x74, 0x72, 0x69, 0x6e, 0x67, 0x27, 0x20, 0x7c,
  0x7c, 0x20, 0x70, 0x61, 0x74, 0x68, 0x2e, 0x6c, 0x65, 0x6e, 0x67, 0x74, 0x68, 0x20, 0x3d, 0x3d,
  0x3d, 0x20, 0x30, 0x20, 0x7c, 0x7c, 0x20, 0x70, 0x61, 0x74, 0x68, 0x2e, 0x73, 0x74, 0x61, 0x72,
  0x74, 0x73, 0x57, 0x69, 0x74, 0x68, 0x28, 0x27, 0x2f, 0x27, 0x29, 0x0a, 0x20, 0x20, 0x20, 0x20,
  0x7c, 0x7c, 0x20, 0x70, 0x61, 0x74, 0x68, 0x2e, 0x73, 0x70, 0x6c, 0x69, 0x74, 0x28, 0x27, 0x2f,
  0x27, 0x29, 0x2e, 0x73, 0x6f, 0x6d, 0x65, 0x28, 0x28, 0x73, 0x65, 0x67, 0x29, 0x20, 0x3d, 0x3e,
  0x20, 0x73, 0x65, 0x67, 0x20, 0x3d, 0x3d, 0x3d, 0x20, 0x27, 0x27, 0x20, 0x7c, 0x7c, 0x20, 0x73,
  0x65, 0x67, 0x20, 0x3d, 0x3d, 0x3d, 0x20, 0x27, 0x2e, 0x2e, 0x27, 0x29, 0x3b, 0x0a, 0x20, 0x20,
  0x69, 0x66, 0x20, 0x28, 0x62, 0x61, 0x64, 0x29, 0x20, 0x74, 0x68, 0x72, 0x6f, 0x77, 0x20, 0x6e,
  0x65, 0x77, 0x20, 0x45, 0x72, 0x72, 0x6f, 0x72, 0x28, 0x60, 0x74, 0x61, 0x72, 0x3a, 0x20, 0x75,
  0x6e, 0x73, 0x61, 0x66, 0x65, 0x20, 0x6d, 0x65, 0x6d, 0x62, 0x65, 0x72, 0x20, 0x70, 0x61, 0x74,
  0x68, 0x3a, 0x20, 0x24, 0x7b, 0x70, 0x61, 0x74, 0x68, 0x7d, 0x60, 0x29, 0x3b, 0x0a, 0x7d, 0x3b,
  0x0a, 0x0a, 0x2f, 0x2a, 0x2a, 0x20, 0x53, 0x65, 0x72, 0x69, 0x61, 0x6c, 0x69, 0x7a, 0x65, 0x20,
  0x7b, 0x70, 0x61, 0x74, 0x68, 0x2c, 0x20, 0x62, 0x79, 0x74, 0x65, 0x73, 0x7d, 0x20, 0x6d, 0x65,
  0x6d, 0x62, 0x65, 0x72, 0x73, 0x20, 0x69, 0x6e, 0x74, 0x6f, 0x20, 0x6f, 0x6e, 0x65, 0x20, 0x75,
  0x73, 0x74, 0x61, 0x72, 0x20, 0x61, 0x72, 0x63, 0x68, 0x69, 0x76, 0x65, 0x20, 0x28, 0x74, 0x77,
  0x6f, 0x20, 0x7a, 0x65, 0x72, 0x6f, 0x20, 0x62, 0x6c, 0x6f, 0x63, 0x6b, 0x73, 0x0a, 0x20, 0x2a,
  0x20, 0x74, 0x65, 0x72, 0x6d, 0x69, 0x6e, 0x61, 0x74, 0x65, 0x20, 0x69, 0x74, 0x29, 0x2e, 0x20,
  0x2a, 0x2f, 0x0a, 0x65, 0x78, 0x70, 0x6f, 0x72, 0x74, 0x20, 0x63, 0x6f, 0x6e, 0x73, 0x74, 0x20,
  0x74, 0x61, 0x72, 0x57, 0x72, 0x69, 0x74, 0x65, 0x20, 0x3d, 0x20, 0x28, 0x6d, 0x65, 0x6d, 0x62,
  0x65, 0x72, 0x73, 0x29, 0x20, 0x3d, 0x3e, 0x20, 0x7b, 0x0a, 0x20, 0x20, 0x6c, 0x6f, 0x67, 0x2e,
  0x64, 0x65, 0x62, 0x75, 0x67, 0x28, 0x27, 0x74, 0x61, 0x72, 0x20, 0x77, 0x72, 0x69, 0x74, 0x65,
  0x27, 0x2c, 0x20, 0x7b, 0x20, 0x6d, 0x65, 0x6d, 0x62, 0x65, 0x72, 0x73, 0x3a, 0x20, 0x6d, 0x65,
  0x6d, 0x62, 0x65, 0x72, 0x73, 0x2e, 0x6c, 0x65, 0x6e, 0x67, 0x74, 0x68, 0x20, 0x7d, 0x29, 0x3b,
  0x0a, 0x20, 0x20, 0x63, 0x6f, 0x6e, 0x73, 0x74, 0x20, 0x63, 0x68, 0x75, 0x6e, 0x6b, 0x73, 0x20,
  0x3d, 0x20, 0x5b, 0x5d, 0x3b, 0x0a, 0x20, 0x20, 0x66, 0x6f, 0x72, 0x20, 0x28, 0x63, 0x6f, 0x6e,
  0x73, 0x74, 0x20, 0x7b, 0x20, 0x70, 0x61, 0x74, 0x68, 0x2c, 0x20, 0x62, 0x79, 0x74, 0x65, 0x73,
  0x20, 0x7d, 0x20, 0x6f, 0x66, 0x20, 0x6d, 0x65, 0x6d, 0x62, 0x65, 0x72, 0x73, 0x29, 0x20, 0x7b,
  0x0a, 0x20, 0x20, 0x20, 0x20, 0x61, 0x73, 0x73, 0x65, 0x72, 0x74, 0x4d, 0x65, 0x6d, 0x62, 0x65,
  0x72, 0x50, 0x61, 0x74, 0x68, 0x28, 0x70, 0x61, 0x74, 0x68, 0x29, 0x3b, 0x0a, 0x20, 0x20, 0x20,
  0x20, 0x63, 0x6f, 0x6e, 0x73, 0x74, 0x20, 0x68, 0x65, 0x61, 0x64, 0x20, 0x3d, 0x20, 0x6e, 0x65,
  0x77, 0x20, 0x55, 0x69, 0x6e, 0x74, 0x38, 0x41, 0x72, 0x72, 0x61, 0x79, 0x28, 0x42, 0x4c, 0x4f,
  0x43, 0x4b, 0x29, 0x3b, 0x0a, 0x20, 0x20, 0x20, 0x20, 0x63, 0x6f, 0x6e, 0x73, 0x74, 0x20, 0x70,
  0x75, 0x74, 0x20, 0x3d, 0x20, 0x28, 0x66, 0x69, 0x65, 0x6c, 0x64, 0x2c, 0x20, 0x76, 0x61, 0x6c,
  0x75, 0x65, 0x29, 0x20, 0x3d, 0x3e, 0x20, 0x68, 0x65, 0x61, 0x64, 0x2e, 0x73, 0x65, 0x74, 0x28,
  0x61, 0x73, 0x63, 0x69, 0x69, 0x42, 0x79, 0x74, 0x65, 0x73, 0x28, 0x76, 0x61, 0x6c, 0x75, 0x65,
  0x2c, 0x20, 0x66, 0x69, 0x65, 0x6c, 0x64, 0x2e, 0x6c, 0x65, 0x6e, 0x29, 0x2c, 0x20, 0x66, 0x69,
  0x65, 0x6c, 0x64, 0x2e, 0x61, 0x74, 0x29, 0x3b, 0x0a, 0x20, 0x20, 0x20, 0x20, 0x70, 0x75, 0x74,
  0x28, 0x7b, 0x20, 0x61, 0x74, 0x3a, 0x20, 0x30, 0x2c, 0x20, 0x6c, 0x65, 0x6e, 0x3a, 0x20, 0x31,
  0x30, 0x30, 0x20, 0x7d, 0x2c, 0x20, 0x70, 0x61, 0x74, 0x68, 0x29, 0x3b, 0x0a, 0x20, 0x20, 0x20,
  0x20, 0x70, 0x75, 0x74, 0x28, 0x7b, 0x20, 0x61, 0x74, 0x3a, 0x20, 0x31, 0x30, 0x30, 0x2c, 0x20,
  0x6c, 0x65, 0x6e, 0x3a, 0x20, 0x38, 0x20, 0x7d, 0x2c, 0x20, 0x6f, 0x63, 0x74, 0x61, 0x6c, 0x28,
  0x30, 0x6f, 0x36, 0x34, 0x34, 0x2c, 0x20, 0x38, 0x29, 0x29, 0x3b, 0x20, 0x2f, 0x2f, 0x20, 0x6d,
  0x6f, 0x64, 0x65, 0x0a, 0x20, 0x20, 0x20, 0x20, 0x70, 0x75, 0x74, 0x28, 0x7b, 0x20, 0x61, 0x74,
  0x3a, 0x20, 0x31, 0x30, 0x38, 0x2c, 0x20, 0x6c, 0x65, 0x6e, 0x3a, 0x20, 0x38, 0x20, 0x7d, 0x2c,
  0x20, 0x6f, 0x63, 0x74, 0x61, 0x6c, 0x28, 0x30, 0x2c, 0x20, 0x38, 0x29, 0x29, 0x3b, 0x20, 0x2f,
  0x2f, 0x20, 0x75, 0x69, 0x64, 0x0a, 0x20, 0x20, 0x20, 0x20, 0x70, 0x75, 0x74, 0x28, 0x7b, 0x20,
  0x61, 0x74, 0x3a, 0x20, 0x31, 0x31, 0x36, 0x2c, 0x20, 0x6c, 0x65, 0x6e, 0x3a, 0x20, 0x38, 0x20,
  0x7d, 0x2c, 0x20, 0x6f, 0x63, 0x74, 0x61, 0x6c, 0x28, 0x30, 0x2c, 0x20, 0x38, 0x29, 0x29, 0x3b,
  0x20, 0x2f, 0x2f, 0x20, 0x67, 0x69, 0x64, 0x0a, 0x20, 0x20, 0x20, 0x20, 0x70, 0x75, 0x74, 0x28,
  0x7b, 0x20, 0x61, 0x74, 0x3a, 0x20, 0x31, 0x32, 0x34, 0x2c, 0x20, 0x6c, 0x65, 0x6e, 0x3a, 0x20,
  0x31, 0x32, 0x20, 0x7d, 0x2c, 0x20, 0x6f, 0x63, 0x74, 0x61, 0x6c, 0x28, 0x62, 0x79, 0x74, 0x65,
  0x73, 0x2e, 0x6c, 0x65, 0x6e, 0x67, 0x74, 0x68, 0x2c, 0x20, 0x31, 0x32, 0x29, 0x29, 0x3b, 0x20,
  0x2f, 0x2f, 0x20, 0x73, 0x69, 0x7a, 0x65, 0x0a, 0x20, 0x20, 0x20, 0x20, 0x70, 0x75, 0x74, 0x28,
  0x7b, 0x20, 0x61, 0x74, 0x3a, 0x20, 0x31, 0x33, 0x36, 0x2c, 0x20, 0x6c, 0x65, 0x6e, 0x3a, 0x20,
  0x31, 0x32, 0x20, 0x7d, 0x2c, 0x20, 0x6f, 0x63, 0x74, 0x61, 0x6c, 0x28, 0x30, 0x2c, 0x20, 0x31,
  0x32, 0x29, 0x29, 0x3b, 0x20, 0x2f, 0x2f, 0x20, 0x6d, 0x74, 0x69, 0x6d, 0x65, 0x20, 0x30, 0x20,
  0xe2, 0x80, 0x94, 0x20, 0x64, 0x65, 0x74, 0x65, 0x72, 0x6d, 0x69, 0x6e, 0x69, 0x73, 0x74, 0x69,
  0x63, 0x0a, 0x20, 0x20, 0x20, 0x20, 0x68, 0x65, 0x61, 0x64, 0x5b, 0x31, 0x35, 0x36, 0x5d, 0x20,
  0x3d, 0x20, 0x27, 0x30, 0x27, 0x2e, 0x63, 0x68, 0x61, 0x72, 0x43, 0x6f, 0x64, 0x65, 0x41, 0x74,
  0x28, 0x30, 0x29, 0x3b, 0x20, 0x2f, 0x2f, 0x20, 0x74, 0x79, 0x70, 0x65, 0x66, 0x6c, 0x61, 0x67,
  0x3a, 0x20, 0x72, 0x65, 0x67, 0x75, 0x6c, 0x61, 0x72, 0x20, 0x66, 0x69, 0x6c, 0x65, 0x0a, 0x20,
  0x20, 0x20, 0x20, 0x70, 0x75, 0x74, 0x28, 0x7b, 0x20, 0x61, 0x74, 0x3a, 0x20, 0x32, 0x35, 0x37,
  0x2c, 0x20, 0x6c, 0x65, 0x6e, 0x3a, 0x20, 0x36, 0x20, 0x7d, 0x2c, 0x20, 0x27, 0x75, 0x73, 0x74,
  0x61, 0x72, 0x5c, 0x30, 0x27, 0x29, 0x3b, 0x20, 0x2f, 0x2f, 0x20, 0x6d, 0x61, 0x67, 0x69, 0x63,
  0x20, 0x28, 0x50, 0x4f, 0x53, 0x49, 0x58, 0x20, 0x75, 0x73, 0x74, 0x61, 0x72, 0x2c, 0x20, 0x6e,
  0x6f, 0x74, 0x20, 0x47, 0x4e, 0x55, 0x29, 0x0a, 0x20, 0x20, 0x20, 0x20, 0x70, 0x75, 0x74, 0x28,
  0x7b, 0x20, 0x61, 0x74, 0x3a, 0x20, 0x32, 0x36, 0x33, 0x2c, 0x20, 0x6c, 0x65, 0x6e, 0x3a, 0x20,
  0x32, 0x20, 0x7d, 0x2c, 0x20, 0x27, 0x30, 0x30, 0x27, 0x29, 0x3b, 0x20, 0x2f, 0x2f, 0x20, 0x76,
  0x65, 0x72, 0x73, 0x69, 0x6f, 0x6e, 0x0a, 0x20, 0x20, 0x20, 0x20, 0x6c, 0x65, 0x74, 0x20, 0x73,
  0x75, 0x6d, 0x20, 0x3d, 0x20, 0x30, 0x3b, 0x0a, 0x20, 0x20, 0x20, 0x20, 0x66, 0x6f, 0x72, 0x20,
  0x28, 0x6c, 0x65, 0x74, 0x20, 0x69, 0x20, 0x3d, 0x20, 0x30, 0x3b, 0x20, 0x69, 0x20, 0x3c, 0x20,
  0x42, 0x4c, 0x4f, 0x43, 0x4b, 0x3b, 0x20, 0x69, 0x2b, 0x2b, 0x29, 0x20, 0x73, 0x75, 0x6d, 0x20,
  0x2b, 0x3d, 0x20, 0x69, 0x20, 0x3c, 0x20, 0x31, 0x34, 0x38, 0x20, 0x7c, 0x7c, 0x20, 0x69, 0x20,
  0x3e, 0x3d, 0x20, 0x31, 0x35, 0x36, 0x20, 0x3f, 0x20, 0x68, 0x65, 0x61, 0x64, 0x5b, 0x69, 0x5d,
  0x20, 0x3a, 0x20, 0x33, 0x32, 0x3b, 0x0a, 0x20, 0x20, 0x20, 0x20, 0x63, 0x6f, 0x6e, 0x73, 0x74,
  0x20, 0x63, 0x68, 0x6b, 0x20, 0x3d, 0x20, 0x73, 0x75, 0x6d, 0x2e, 0x74, 0x6f, 0x53, 0x74, 0x72,
  0x69, 0x6e, 0x67, 0x28, 0x38, 0x29, 0x2e, 0x70, 0x61, 0x64, 0x53, 0x74, 0x61, 0x72, 0x74, 0x28,
  0x36, 0x2c, 0x20, 0x27, 0x30, 0x27, 0x29, 0x3b, 0x0a, 0x20, 0x20, 0x20, 0x20, 0x68, 0x65, 0x61,
  0x64, 0x2e, 0x73, 0x65, 0x74, 0x28, 0x61, 0x73, 0x63, 0x69, 0x69, 0x42, 0x79, 0x74, 0x65, 0x73,
  0x28, 0x63, 0x68, 0x6b, 0x20, 0x2b, 0x20, 0x27, 0x5c, 0x30, 0x20, 0x27, 0x2c, 0x20, 0x38, 0x29,
  0x2c, 0x20, 0x31, 0x34, 0x38, 0x29, 0x3b, 0x0a, 0x20, 0x20, 0x20, 0x20, 0x63, 0x68, 0x75, 0x6e,
  0x6b, 0x73, 0x2e, 0x70, 0x75, 0x73, 0x68, 0x28, 0x68, 0x65, 0x61, 0x64, 0x2c, 0x20, 0x70, 0x61,
  0x64, 0x32, 0x28, 0x62, 0x79, 0x74, 0x65, 0x73, 0x29, 0x29, 0x3b, 0x0a, 0x20, 0x20, 0x7d, 0x0a,
  0x20, 0x20, 0x63, 0x68, 0x75, 0x6e, 0x6b, 0x73, 0x2e, 0x70, 0x75, 0x73, 0x68, 0x28, 0x6e, 0x65,
  0x77, 0x20, 0x55, 0x69, 0x6e, 0x74, 0x38, 0x41, 0x72, 0x72, 0x61, 0x79, 0x28, 0x42, 0x4c, 0x4f,
  0x43, 0x4b, 0x20, 0x2a, 0x20, 0x32, 0x29, 0x29, 0x3b, 0x20, 0x2f, 0x2f, 0x20, 0x61, 0x72, 0x63,
  0x68, 0x69, 0x76, 0x65, 0x20, 0x74, 0x65, 0x72, 0x6d, 0x69, 0x6e, 0x61, 0x74, 0x6f, 0x72, 0x0a,
  0x20, 0x20, 0x63, 0x6f, 0x6e, 0x73, 0x74, 0x20, 0x74, 0x6f, 0x74, 0x61, 0x6c, 0x20, 0x3d, 0x20,
  0x63, 0x68, 0x75, 0x6e, 0x6b, 0x73, 0x2e, 0x72, 0x65, 0x64, 0x75, 0x63, 0x65, 0x28, 0x28, 0x6e,
  0x2c, 0x20, 0x63, 0x29, 0x20, 0x3d, 0x3e, 0x20, 0x6e, 0x20, 0x2b, 0x20, 0x63, 0x2e, 0x6c, 0x65,
  0x6e, 0x67, 0x74, 0x68, 0x2c, 0x20, 0x30, 0x29, 0x3b, 0x0a, 0x20, 0x20, 0x63, 0x6f, 0x6e, 0x73,
  0x74, 0x20, 0x6f, 0x75, 0x74, 0x20, 0x3d, 0x20, 0x6e, 0x65, 0x77, 0x20, 0x55, 0x69, 0x6e, 0x74,
  0x38, 0x41, 0x72, 0x72, 0x61, 0x79, 0x28, 0x74, 0x6f, 0x74, 0x61, 0x6c, 0x29, 0x3b, 0x0a, 0x20,
  0x20, 0x6c, 0x65, 0x74, 0x20, 0x61, 0x74, 0x20, 0x3d, 0x20, 0x30, 0x3b, 0x0a, 0x20, 0x20, 0x66,
  0x6f, 0x72, 0x20, 0x28, 0x63, 0x6f, 0x6e, 0x73, 0x74, 0x20, 0x63, 0x20, 0x6f, 0x66, 0x20, 0x63,
  0x68, 0x75, 0x6e, 0x6b, 0x73, 0x29, 0x20, 0x7b, 0x20, 0x6f, 0x75, 0x74, 0x2e, 0x73, 0x65, 0x74,
  0x28, 0x63, 0x2c, 0x20, 0x61, 0x74, 0x29, 0x3b, 0x20, 0x61, 0x74, 0x20, 0x2b, 0x3d, 0x20, 0x63,
  0x2e, 0x6c, 0x65, 0x6e, 0x67, 0x74, 0x68, 0x3b, 0x20, 0x7d, 0x0a, 0x20, 0x20, 0x72, 0x65, 0x74,
  0x75, 0x72, 0x6e, 0x20, 0x6f, 0x75, 0x74, 0x3b, 0x0a, 0x7d, 0x3b, 0x0a, 0x0a, 0x2f, 0x2a, 0x2a,
  0x20, 0x50, 0x61, 0x72, 0x73, 0x65, 0x20, 0x61, 0x20, 0x75, 0x73, 0x74, 0x61, 0x72, 0x20, 0x61,
  0x72, 0x63, 0x68, 0x69, 0x76, 0x65, 0x20, 0x62, 0x61, 0x63, 0x6b, 0x20, 0x69, 0x6e, 0x74, 0x6f,
  0x20, 0x5b, 0x7b, 0x70, 0x61, 0x74, 0x68, 0x2c, 0x20, 0x62, 0x79, 0x74, 0x65, 0x73, 0x7d, 0x5d,
  0x20, 0x28, 0x72, 0x65, 0x67, 0x75, 0x6c, 0x61, 0x72, 0x20, 0x66, 0x69, 0x6c, 0x65, 0x73, 0x20,
  0x6f, 0x6e, 0x6c, 0x79, 0x29, 0x2e, 0x20, 0x2a, 0x2f, 0x0a, 0x65, 0x78, 0x70, 0x6f, 0x72, 0x74,
  0x20, 0x63, 0x6f, 0x6e, 0x73, 0x74, 0x20, 0x74, 0x61, 0x72, 0x52, 0x65, 0x61, 0x64, 0x20, 0x3d,
  0x20, 0x28, 0x62, 0x79, 0x74, 0x65, 0x73, 0x29, 0x20, 0x3d, 0x3e, 0x20, 0x7b, 0x0a, 0x20, 0x20,
  0x6c, 0x6f, 0x67, 0x2e, 0x64, 0x65, 0x62, 0x75, 0x67, 0x28, 0x27, 0x74, 0x61, 0x72, 0x20, 0x72,
  0x65, 0x61, 0x64, 0x27, 0x2c, 0x20, 0x7b, 0x20, 0x62, 0x79, 0x74, 0x65, 0x73, 0x3a, 0x20, 0x62,
  0x79, 0x74, 0x65, 0x73, 0x2e, 0x6c, 0x65, 0x6e, 0x67, 0x74, 0x68, 0x20, 0x7d, 0x29, 0x3b, 0x0a,
  0x20, 0x20, 0x69, 0x66, 0x20, 0x28, 0x62, 0x79, 0x74, 0x65, 0x73, 0x2e, 0x6c, 0x65, 0x6e, 0x67,
  0x74, 0x68, 0x20, 0x25, 0x20, 0x42, 0x4c, 0x4f, 0x43, 0x4b, 0x20, 0x21, 0x3d, 0x3d, 0x20, 0x30,
  0x29, 0x20, 0x74, 0x68, 0x72, 0x6f, 0x77, 0x20, 0x6e, 0x65, 0x77, 0x20, 0x45, 0x72, 0x72, 0x6f,
  0x72, 0x28, 0x27, 0x74, 0x61, 0x72, 0x3a, 0x20, 0x73, 0x69, 0x7a, 0x65, 0x20, 0x69, 0x73, 0x20,
  0x6e, 0x6f, 0x74, 0x20, 0x62, 0x6c, 0x6f, 0x63, 0x6b, 0x2d, 0x61, 0x6c, 0x69, 0x67, 0x6e, 0x65,
  0x64, 0x27, 0x29, 0x3b, 0x0a, 0x20, 0x20, 0x63, 0x6f, 0x6e, 0x73, 0x74, 0x20, 0x6d, 0x65, 0x6d,
  0x62, 0x65, 0x72, 0x73, 0x20, 0x3d, 0x20, 0x5b, 0x5d, 0x3b, 0x0a, 0x20, 0x20, 0x6c, 0x65, 0x74,
  0x20, 0x61, 0x74, 0x20, 0x3d, 0x20, 0x30, 0x3b, 0x0a, 0x20, 0x20, 0x77, 0x68, 0x69, 0x6c, 0x65,
  0x20, 0x28, 0x61, 0x74, 0x20, 0x2b, 0x20, 0x42, 0x4c, 0x4f, 0x43, 0x4b, 0x20, 0x3c, 0x3d, 0x20,
  0x62, 0x79, 0x74, 0x65, 0x73, 0x2e, 0x6c, 0x65, 0x6e, 0x67, 0x74, 0x68, 0x29, 0x20, 0x7b, 0x0a,
  0x20, 0x20, 0x20, 0x20, 0x63, 0x6f, 0x6e, 0x73, 0x74, 0x20, 0x68, 0x65, 0x61, 0x64, 0x20, 0x3d,
  0x20, 0x62, 0x79, 0x74, 0x65, 0x73, 0x2e, 0x73, 0x75, 0x62, 0x61, 0x72, 0x72, 0x61, 0x79, 0x28,
  0x61, 0x74, 0x2c, 0x20, 0x61, 0x74, 0x20, 0x2b, 0x20, 0x42, 0x4c, 0x4f, 0x43, 0x4b, 0x29, 0x3b,
  0x0a, 0x20, 0x20, 0x20, 0x20, 0x69, 0x66, 0x20, 0x28, 0x68, 0x65, 0x61, 0x64, 0x2e, 0x65, 0x76,
  0x65, 0x72, 0x79, 0x28, 0x28, 0x62, 0x29, 0x20, 0x3d, 0x3e, 0x20, 0x62, 0x20, 0x3d, 0x3d, 0x3d,
  0x20, 0x30, 0x29, 0x29, 0x20, 0x62, 0x72, 0x65, 0x61, 0x6b, 0x3b, 0x20, 0x2f, 0x2f, 0x20, 0x74,
  0x65, 0x72, 0x6d, 0x69, 0x6e, 0x61, 0x74, 0x6f, 0x72, 0x20, 0x62, 0x6c, 0x6f, 0x63, 0x6b, 0x0a,
  0x20, 0x20, 0x20, 0x20, 0x6c, 0x65, 0x74, 0x20, 0x73, 0x74, 0x6f, 0x72, 0x65, 0x64, 0x20, 0x3d,
  0x20, 0x30, 0x3b, 0x0a, 0x20, 0x20, 0x20, 0x20, 0x66, 0x6f, 0x72, 0x20, 0x28, 0x6c, 0x65, 0x74,
  0x20, 0x69, 0x20, 0x3d, 0x20, 0x30, 0x3b, 0x20, 0x69, 0x20, 0x3c, 0x20, 0x42, 0x4c, 0x4f, 0x43,
  0x4b, 0x3b, 0x20, 0x69, 0x2b, 0x2b, 0x29, 0x20, 0x73, 0x74, 0x6f, 0x72, 0x65, 0x64, 0x20, 0x2b,
  0x3d, 0x20, 0x69, 0x20, 0x3c, 0x20, 0x31, 0x34, 0x38, 0x20, 0x7c, 0x7c, 0x20, 0x69, 0x20, 0x3e,
  0x3d, 0x20, 0x31, 0x35, 0x36, 0x20, 0x3f, 0x20, 0x68, 0x65, 0x61, 0x64, 0x5b, 0x69, 0x5d, 0x20,
  0x3a, 0x20, 0x33, 0x32, 0x3b, 0x0a, 0x20, 0x20, 0x20, 0x20, 0x63, 0x6f, 0x6e, 0x73, 0x74, 0x20,
  0x63, 0x6c, 0x61, 0x69, 0x6d, 0x65, 0x64, 0x20, 0x3d, 0x20, 0x70, 0x61, 0x72, 0x73, 0x65, 0x49,
  0x6e, 0x74, 0x28, 0x53, 0x74, 0x72, 0x69, 0x6e, 0x67, 0x2e, 0x66, 0x72, 0x6f, 0x6d, 0x43, 0x68,
  0x61, 0x72, 0x43, 0x6f, 0x64, 0x65, 0x28, 0x2e, 0x2e, 0x2e, 0x68, 0x65, 0x61, 0x64, 0x2e, 0x73,
  0x75, 0x62, 0x61, 0x72, 0x72, 0x61, 0x79, 0x28, 0x31, 0x34, 0x38, 0x2c, 0x20, 0x31, 0x35, 0x34,
  0x29, 0x29, 0x2c, 0x20, 0x38, 0x29, 0x3b, 0x0a, 0x20, 0x20, 0x20, 0x20, 0x69, 0x66, 0x20, 0x28,
  0x73, 0x74, 0x6f, 0x72, 0x65, 0x64, 0x20, 0x21, 0x3d, 0x3d, 0x20, 0x63, 0x6c, 0x61, 0x69, 0x6d,
  0x65, 0x64, 0x29, 0x20, 0x74, 0x68, 0x72, 0x6f, 0x77, 0x20, 0x6e, 0x65, 0x77, 0x20, 0x45, 0x72,
  0x72, 0x6f, 0x72, 0x28, 0x60, 0x74, 0x61, 0x72, 0x3a, 0x20, 0x63, 0x68, 0x65, 0x63, 0x6b, 0x73,
  0x75, 0x6d, 0x20, 0x64, 0x72, 0x69, 0x66, 0x74, 0x20, 0x61, 0x74, 0x20, 0x6f, 0x66, 0x66, 0x73,
  0x65, 0x74, 0x20, 0x24, 0x7b, 0x61, 0x74, 0x7d, 0x60, 0x29, 0x3b, 0x0a, 0x20, 0x20, 0x20, 0x20,
  0x69, 0x66, 0x20, 0x28, 0x53, 0x74, 0x72, 0x69, 0x6e, 0x67, 0x2e, 0x66, 0x72, 0x6f, 0x6d, 0x43,
  0x68, 0x61, 0x72, 0x43, 0x6f, 0x64, 0x65, 0x28, 0x2e, 0x2e, 0x2e, 0x68, 0x65, 0x61, 0x64, 0x2e,
  0x73, 0x75, 0x62, 0x61, 0x72, 0x72, 0x61, 0x79, 0x28, 0x32, 0x35, 0x37, 0x2c, 0x20, 0x32, 0x36,
  0x32, 0x29, 0x29, 0x20, 0x21, 0x3d, 0x3d, 0x20, 0x27, 0x75, 0x73, 0x74, 0x61, 0x72, 0x27, 0x29,
  0x20, 0x7b, 0x0a, 0x20, 0x20, 0x20, 0x20, 0x20, 0x20, 0x74, 0x68, 0x72, 0x6f, 0x77, 0x20, 0x6e,
  0x65, 0x77, 0x20, 0x45, 0x72, 0x72, 0x6f, 0x72, 0x28, 0x27, 0x74, 0x61, 0x72, 0x3a, 0x20, 0x6e,
  0x6f, 0x74, 0x20, 0x61, 0x20, 0x75, 0x73, 0x74, 0x61, 0x72, 0x20, 0x61, 0x72, 0x63, 0x68, 0x69,
  0x76, 0x65, 0x27, 0x29, 0x3b, 0x0a, 0x20, 0x20, 0x20, 0x20, 0x7d, 0x0a, 0x20, 0x20, 0x20, 0x20,
  0x63, 0x6f, 0x6e, 0x73, 0x74, 0x20, 0x74, 0x79, 0x70, 0x65, 0x20, 0x3d, 0x20, 0x53, 0x74, 0x72,
  0x69, 0x6e, 0x67, 0x2e, 0x66, 0x72, 0x6f, 0x6d, 0x43, 0x68, 0x61, 0x72, 0x43, 0x6f, 0x64, 0x65,
  0x28, 0x68, 0x65, 0x61, 0x64, 0x5b, 0x31, 0x35, 0x36, 0x5d, 0x29, 0x3b, 0x0a, 0x20, 0x20, 0x20,
  0x20, 0x69, 0x66, 0x20, 0x28, 0x74, 0x79, 0x70, 0x65, 0x20, 0x21, 0x3d, 0x3d, 0x20, 0x27, 0x30,
  0x27, 0x20, 0x26, 0x26, 0x20, 0x74, 0x79, 0x70, 0x65, 0x20, 0x21, 0x3d, 0x3d, 0x20, 0x27, 0x5c,
  0x30, 0x27, 0x29, 0x20, 0x7b, 0x0a, 0x20, 0x20, 0x20, 0x20, 0x20, 0x20, 0x74, 0x68, 0x72, 0x6f,
  0x77, 0x20, 0x6e, 0x65, 0x77, 0x20, 0x45, 0x72, 0x72, 0x6f, 0x72, 0x28, 0x60, 0x74, 0x61, 0x72,
  0x3a, 0x20, 0x75, 0x6e, 0x73, 0x75, 0x70, 0x70, 0x6f, 0x72, 0x74, 0x65, 0x64, 0x20, 0x6d, 0x65,
  0x6d, 0x62, 0x65, 0x72, 0x20, 0x74, 0x79, 0x70, 0x65, 0x3a, 0x20, 0x24, 0x7b, 0x74, 0x79, 0x70,
  0x65, 0x7d, 0x60, 0x29, 0x3b, 0x0a, 0x20, 0x20, 0x20, 0x20, 0x7d, 0x0a, 0x20, 0x20, 0x20, 0x20,
  0x6c, 0x65, 0x74, 0x20, 0x70, 0x61, 0x74, 0x68, 0x20, 0x3d, 0x20, 0x27, 0x27, 0x3b, 0x0a, 0x20,
  0x20, 0x20, 0x20, 0x66, 0x6f, 0x72, 0x20, 0x28, 0x6c, 0x65, 0x74, 0x20, 0x69, 0x20, 0x3d, 0x20,
  0x30, 0x3b, 0x20, 0x69, 0x20, 0x3c, 0x20, 0x31, 0x30, 0x30, 0x20, 0x26, 0x26, 0x20, 0x68, 0x65,
  0x61, 0x64, 0x5b, 0x69, 0x5d, 0x20, 0x21, 0x3d, 0x3d, 0x20, 0x30, 0x3b, 0x20, 0x69, 0x2b, 0x2b,
  0x29, 0x20, 0x70, 0x61, 0x74, 0x68, 0x20, 0x2b, 0x3d, 0x20, 0x53, 0x74, 0x72, 0x69, 0x6e, 0x67,
  0x2e, 0x66, 0x72, 0x6f, 0x6d, 0x43, 0x68, 0x61, 0x72, 0x43, 0x6f, 0x64, 0x65, 0x28, 0x68, 0x65,
  0x61, 0x64, 0x5b, 0x69, 0x5d, 0x29, 0x3b, 0x0a, 0x20, 0x20, 0x20, 0x20, 0x63, 0x6f, 0x6e, 0x73,
  0x74, 0x20, 0x73, 0x69, 0x7a, 0x65, 0x20, 0x3d, 0x20, 0x70, 0x61, 0x72, 0x73, 0x65, 0x49, 0x6e,
  0x74, 0x28, 0x53, 0x74, 0x72, 0x69, 0x6e, 0x67, 0x2e, 0x66, 0x72, 0x6f, 0x6d, 0x43, 0x68, 0x61,
  0x72, 0x43, 0x6f, 0x64, 0x65, 0x28, 0x2e, 0x2e, 0x2e, 0x68, 0x65, 0x61, 0x64, 0x2e, 0x73, 0x75,
  0x62, 0x61, 0x72, 0x72, 0x61, 0x79, 0x28, 0x31, 0x32, 0x34, 0x2c, 0x20, 0x31, 0x33, 0x36, 0x29,
  0x29, 0x2e, 0x72, 0x65, 0x70, 0x6c, 0x61, 0x63, 0x65, 0x28, 0x2f, 0x5c, 0x30, 0x2e, 0x2a, 0x24,
  0x2f, 0x2c, 0x20, 0x27, 0x27, 0x29, 0x2c, 0x20, 0x38, 0x29, 0x3b, 0x0a, 0x20, 0x20, 0x20, 0x20,
  0x61, 0x73, 0x73, 0x65, 0x72, 0x74, 0x4d, 0x65, 0x6d, 0x62, 0x65, 0x72, 0x50, 0x61, 0x74, 0x68,
  0x28, 0x70, 0x61, 0x74, 0x68, 0x29, 0x3b, 0x0a, 0x20, 0x20, 0x20, 0x20, 0x63, 0x6f, 0x6e, 0x73,
  0x74, 0x20, 0x64, 0x61, 0x74, 0x61, 0x20, 0x3d, 0x20, 0x62, 0x79, 0x74, 0x65, 0x73, 0x2e, 0x73,
  0x75, 0x62, 0x61, 0x72, 0x72, 0x61, 0x79, 0x28, 0x61, 0x74, 0x20, 0x2b, 0x20, 0x42, 0x4c, 0x4f,
  0x43, 0x4b, 0x2c, 0x20, 0x61, 0x74, 0x20, 0x2b, 0x20, 0x42, 0x4c, 0x4f, 0x43, 0x4b, 0x20, 0x2b,
  0x20, 0x73, 0x69, 0x7a, 0x65, 0x29, 0x3b, 0x0a, 0x20, 0x20, 0x20, 0x20, 0x6d, 0x65, 0x6d, 0x62,
  0x65, 0x72, 0x73, 0x2e, 0x70, 0x75, 0x73, 0x68, 0x28, 0x7b, 0x20, 0x70, 0x61, 0x74, 0x68, 0x2c,
  0x20, 0x62, 0x79, 0x74, 0x65, 0x73, 0x3a, 0x20, 0x6e, 0x65, 0x77, 0x20, 0x55, 0x69, 0x6e, 0x74,
  0x38, 0x41, 0x72, 0x72, 0x61, 0x79, 0x28, 0x64, 0x61, 0x74, 0x61, 0x29, 0x20, 0x7d, 0x29, 0x3b,
  0x0a, 0x20, 0x20, 0x20, 0x20, 0x61, 0x74, 0x20, 0x2b, 0x3d, 0x20, 0x42, 0x4c, 0x4f, 0x43, 0x4b,
  0x20, 0x2b, 0x20, 0x70, 0x61, 0x64, 0x32, 0x28, 0x6e, 0x65, 0x77, 0x20, 0x55, 0x69, 0x6e, 0x74,
  0x38, 0x41, 0x72, 0x72, 0x61, 0x79, 0x28, 0x73, 0x69, 0x7a, 0x65, 0x29, 0x29, 0x2e, 0x6c, 0x65,
  0x6e, 0x67, 0x74, 0x68, 0x3b, 0x0a, 0x20, 0x20, 0x7d, 0x0a, 0x20, 0x20, 0x69, 0x66, 0x20, 0x28,
  0x6d, 0x65, 0x6d, 0x62, 0x65, 0x72, 0x73, 0x2e, 0x6c, 0x65, 0x6e, 0x67, 0x74, 0x68, 0x20, 0x3d,
  0x3d, 0x3d, 0x20, 0x30, 0x29, 0x20, 0x74, 0x68, 0x72, 0x6f, 0x77, 0x20, 0x6e, 0x65, 0x77, 0x20,
  0x45, 0x72, 0x72, 0x6f, 0x72, 0x28, 0x27, 0x74, 0x61, 0x72, 0x3a, 0x20, 0x61, 0x72, 0x63, 0x68,
  0x69, 0x76, 0x65, 0x20, 0x68, 0x61, 0x73, 0x20, 0x6e, 0x6f, 0x20, 0x6d, 0x65, 0x6d, 0x62, 0x65,
  0x72, 0x73, 0x27, 0x29, 0x3b, 0x0a, 0x20, 0x20, 0x72, 0x65, 0x74, 0x75, 0x72, 0x6e, 0x20, 0x6d,
  0x65, 0x6d, 0x62, 0x65, 0x72, 0x73, 0x3b, 0x0a, 0x7d, 0x3b, 0x0a,
  0x00
};

/* runtime/spike/manifest.json (290 bytes) */
static const unsigned char DSH_MANIFEST_JSON[] = {
  0x7b, 0x22, 0x73, 0x63, 0x68, 0x65, 0x6d, 0x61, 0x56, 0x65, 0x72, 0x73, 0x69, 0x6f, 0x6e, 0x22,
  0x3a, 0x31, 0x2c, 0x22, 0x69, 0x64, 0x22, 0x3a, 0x22, 0x64, 0x73, 0x68, 0x2e, 0x73, 0x70, 0x69,
  0x6b, 0x65, 0x2e, 0x73, 0x63, 0x65, 0x6e, 0x61, 0x72, 0x69, 0x6f, 0x22, 0x2c, 0x22, 0x76, 0x65,
  0x72, 0x73, 0x69, 0x6f, 0x6e, 0x22, 0x3a, 0x22, 0x30, 0x2e, 0x31, 0x2e, 0x30, 0x22, 0x2c, 0x22,
  0x74, 0x79, 0x70, 0x65, 0x22, 0x3a, 0x22, 0x73, 0x65, 0x72, 0x76, 0x69, 0x63, 0x65, 0x22, 0x2c,
  0x22, 0x65, 0x6e, 0x74, 0x72, 0x79, 0x22, 0x3a, 0x22, 0x73, 0x63, 0x65, 0x6e, 0x61, 0x72, 0x69,
  0x6f, 0x2f, 0x6d, 0x32, 0x2d, 0x67, 0x61, 0x74, 0x65, 0x77, 0x61, 0x79, 0x2d, 0x62, 0x69, 0x6e,
  0x64, 0x69, 0x6e, 0x67, 0x2e, 0x6a, 0x73, 0x22, 0x2c, 0x22, 0x63, 0x61, 0x70, 0x61, 0x62, 0x69,
  0x6c, 0x69, 0x74, 0x69, 0x65, 0x73, 0x22, 0x3a, 0x7b, 0x22, 0x72, 0x65, 0x71, 0x75, 0x69, 0x72,
  0x65, 0x64, 0x22, 0x3a, 0x5b, 0x22, 0x67, 0x61, 0x74, 0x65, 0x77, 0x61, 0x79, 0x40, 0x31, 0x22,
  0x2c, 0x22, 0x66, 0x73, 0x52, 0x65, 0x61, 0x64, 0x22, 0x2c, 0x22, 0x66, 0x73, 0x57, 0x72, 0x69,
  0x74, 0x65, 0x22, 0x2c, 0x22, 0x66, 0x73, 0x53, 0x63, 0x6f, 0x70, 0x65, 0x22, 0x2c, 0x22, 0x68,
  0x74, 0x74, 0x70, 0x46, 0x65, 0x74, 0x63, 0x68, 0x22, 0x2c, 0x22, 0x6e, 0x6f, 0x74, 0x69, 0x66,
  0x79, 0x22, 0x2c, 0x22, 0x70, 0x72, 0x65, 0x73, 0x65, 0x6e, 0x74, 0x41, 0x70, 0x70, 0x72, 0x6f,
  0x76, 0x61, 0x6c, 0x22, 0x2c, 0x22, 0x70, 0x72, 0x65, 0x73, 0x65, 0x6e, 0x74, 0x50, 0x69, 0x63,
  0x6b, 0x65, 0x72, 0x22, 0x2c, 0x22, 0x6b, 0x65, 0x79, 0x63, 0x68, 0x61, 0x69, 0x6e, 0x47, 0x65,
  0x74, 0x22, 0x2c, 0x22, 0x6b, 0x65, 0x79, 0x63, 0x68, 0x61, 0x69, 0x6e, 0x53, 0x65, 0x74, 0x22,
  0x5d, 0x2c, 0x22, 0x6f, 0x70, 0x74, 0x69, 0x6f, 0x6e, 0x61, 0x6c, 0x22, 0x3a, 0x5b, 0x5d, 0x7d,
  0x7d, 0x0a,
  0x00
};

/* runtime/spike/scenario/m1-spike-boot.js (2113 bytes) */
static const unsigned char DSH_SCENARIO_JS[] = {
  0x2f, 0x2a, 0x2a, 0x0a, 0x20, 0x2a, 0x20, 0x4d, 0x31, 0x20, 0x73, 0x70, 0x69, 0x6b, 0x65, 0x20,
  0x73, 0x63, 0x65, 0x6e, 0x61, 0x72, 0x69, 0x6f, 0x20, 0x60, 0x6d, 0x31, 0x2e, 0x73, 0x70, 0x69,
  0x6b, 0x65, 0x2e, 0x62, 0x6f, 0x6f, 0x74, 0x60, 0x20, 0xe2, 0x80, 0x94, 0x20, 0x74, 0x68, 0x65,
  0x20, 0x45, 0x32, 0x45, 0x20, 0x63, 0x6f, 0x6e, 0x74, 0x72, 0x61, 0x63, 0x74, 0x20, 0x6c, 0x69,
  0x76, 0x65, 0x73, 0x20, 0x68, 0x65, 0x72, 0x65, 0x3a, 0x20, 0x65, 0x76, 0x65, 0x72, 0x79, 0x0a,
  0x20, 0x2a, 0x20, 0x65, 0x78, 0x70, 0x65, 0x63, 0x74, 0x65, 0x64, 0x20, 0x65, 0x76, 0x65, 0x6e,
  0x74, 0x20, 0x65, 0x6d, 0x69, 0x74, 0x73, 0x20, 0x65, 0x78, 0x61, 0x63, 0x74, 0x6c, 0x79, 0x20,
  0x6f, 0x6e, 0x65, 0x20, 0x73, 0x74, 0x72, 0x75, 0x63, 0x74, 0x75, 0x72, 0x65, 0x64, 0x20, 0x6c,
  0x6f, 0x67, 0x20, 0x65, 0x6e, 0x74, 0x72, 0x79, 0x20, 0x74, 0x68, 0x72, 0x6f, 0x75, 0x67, 0x68,
  0x20, 0x74, 0x68, 0x65, 0x20, 0x75, 0x6e, 0x69, 0x66, 0x69, 0x65, 0x64, 0x0a, 0x20, 0x2a, 0x20,
  0x6c, 0x6f, 0x67, 0x67, 0x65, 0x72, 0x2c, 0x20, 0x69, 0x6e, 0x20, 0x74, 0x68, 0x65, 0x20, 0x6f,
  0x72, 0x64, 0x65, 0x72, 0x20, 0x64, 0x65, 0x63, 0x6c, 0x61, 0x72, 0x65, 0x64, 0x20, 0x62, 0x79,
  0x20, 0x74, 0x6f, 0x6f, 0x6c, 0x73, 0x2f, 0x65, 0x32, 0x65, 0x2f, 0x73, 0x63, 0x65, 0x6e, 0x61,
  0x72, 0x69, 0x6f, 0x73, 0x2f, 0x6d, 0x31, 0x2d, 0x73, 0x70, 0x69, 0x6b, 0x65, 0x2d, 0x62, 0x6f,
  0x6f, 0x74, 0x2e, 0x6a, 0x73, 0x6f, 0x6e, 0x2e, 0x0a, 0x20, 0x2a, 0x20, 0x54, 0x68, 0x65, 0x20,
  0x76, 0x65, 0x72, 0x64, 0x69, 0x63, 0x74, 0x20, 0x69, 0x73, 0x20, 0x61, 0x20, 0x6f, 0x6e, 0x65,
  0x2d, 0x74, 0x6f, 0x2d, 0x6f, 0x6e, 0x65, 0x20, 0x65, 0x78, 0x70, 0x65, 0x63, 0x74, 0x65, 0x64,
  0x3c, 0x2d, 0x3e, 0x6c, 0x6f, 0x67, 0x67, 0x65, 0x64, 0x20, 0x6d, 0x61, 0x74, 0x63, 0x68, 0x20,
  0x6f, 0x6e, 0x20, 0x74, 0x68, 0x65, 0x73, 0x65, 0x20, 0x6c, 0x69, 0x6e, 0x65, 0x73, 0x20, 0x6f,
  0x6e, 0x6c, 0x79, 0x3b, 0x0a, 0x20, 0x2a, 0x20, 0x73, 0x63, 0x72, 0x65, 0x65, 0x6e, 0x73, 0x68,
  0x6f, 0x74, 0x73, 0x20, 0x61, 0x72, 0x65, 0x20, 0x6c, 0x6f, 0x63, 0x61, 0x6c, 0x2d, 0x64, 0x65,
  0x62, 0x75, 0x67, 0x67, 0x69, 0x6e, 0x67, 0x20, 0x65, 0x78, 0x74, 0x72, 0x61, 0x73, 0x2c, 0x20,
  0x6e, 0x65, 0x76, 0x65, 0x72, 0x20, 0x74, 0x68, 0x65, 0x20, 0x61, 0x73, 0x73, 0x65, 0x72, 0x74,
  0x69, 0x6f, 0x6e, 0x2e, 0x0a, 0x20, 0x2a, 0x0a, 0x20, 0x2a, 0x20, 0x50, 0x72, 0x6f, 0x76, 0x65,
  0x73, 0x2c, 0x20, 0x6f, 0x6e, 0x20, 0x61, 0x6e, 0x79, 0x20, 0x70, 0x6c, 0x61, 0x74, 0x66, 0x6f,
  0x72, 0x6d, 0x20, 0x74, 0x68, 0x61, 0x74, 0x20, 0x65, 0x6d, 0x62, 0x65, 0x64, 0x73, 0x20, 0x72,
  0x75, 0x6e, 0x74, 0x69, 0x6d, 0x65, 0x2f, 0x73, 0x70, 0x69, 0x6b, 0x65, 0x2f, 0x68, 0x6f, 0x73,
  0x74, 0x3a, 0x20, 0x74, 0x68, 0x65, 0x20, 0x45, 0x53, 0x4d, 0x20, 0x6c, 0x6f, 0x61, 0x64, 0x65,
  0x72, 0x0a, 0x20, 0x2a, 0x20, 0x72, 0x65, 0x73, 0x6f, 0x6c, 0x76, 0x69, 0x6e, 0x67, 0x20, 0x61,
  0x20, 0x76, 0x65, 0x6e, 0x64, 0x6f, 0x72, 0x65, 0x64, 0x20, 0x75, 0x70, 0x73, 0x74, 0x72, 0x65,
  0x61, 0x6d, 0x20, 0x70, 0x75, 0x72, 0x65, 0x2d, 0x6c, 0x6f, 0x67, 0x69, 0x63, 0x20, 0x70, 0x61,
  0x63, 0x6b, 0x61, 0x67, 0x65, 0x20, 0x28, 0x44, 0x36, 0x3a, 0x20, 0x70, 0x69, 0x6e, 0x6e, 0x65,
  0x64, 0x2c, 0x20, 0x75, 0x6e, 0x6d, 0x6f, 0x64, 0x69, 0x66, 0x69, 0x65, 0x64, 0x29, 0x2c, 0x0a,
  0x20, 0x2a, 0x20, 0x74, 0x68, 0x65, 0x20, 0x68, 0x6f, 0x73, 0x74, 0x2d, 0x70, 0x72, 0x6f, 0x76,
  0x69, 0x64, 0x65, 0x64, 0x20, 0x57, 0x65, 0x62, 0x2d, 0x41, 0x50, 0x49, 0x20, 0x73, 0x65, 0x61,
  0x6d, 0x73, 0x20, 0x28, 0x63, 0x72, 0x79, 0x70, 0x74, 0x6f, 0x2e, 0x67, 0x65, 0x74, 0x52, 0x61,
  0x6e, 0x64, 0x6f, 0x6d, 0x56, 0x61, 0x6c, 0x75, 0x65, 0x73, 0x2c, 0x20, 0x62, 0x74, 0x6f, 0x61,
  0x29, 0x2c, 0x20, 0x61, 0x6e, 0x64, 0x0a, 0x20, 0x2a, 0x20, 0x67, 0x61, 0x74, 0x65, 0x77, 0x61,
  0x79, 0x20, 0x6e, 0x65, 0x67, 0x6f, 0x74, 0x69, 0x61, 0x74, 0x69, 0x6f, 0x6e, 0x20, 0x28, 0x67,
  0x61, 0x74, 0x65, 0x77, 0x61, 0x79, 0x40, 0x31, 0x29, 0x2e, 0x20, 0x54, 0x68, 0x65, 0x20, 0x4d,
  0x31, 0x20, 0x63, 0x61, 0x6e, 0x6e, 0x65, 0x64, 0x20, 0x67, 0x61, 0x74, 0x65, 0x77, 0x61, 0x79,
  0x2d, 0x63, 0x61, 0x6c, 0x6c, 0x20, 0x62, 0x6c, 0x6f, 0x63, 0x6b, 0x73, 0x20, 0x61, 0x72, 0x65,
  0x0a, 0x20, 0x2a, 0x20, 0x47, 0x4f, 0x4e, 0x45, 0x20, 0xe2, 0x80, 0x94, 0x20, 0x72, 0x65, 0x61,
  0x6c, 0x20, 0x70, 0x72, 0x69, 0x6d, 0x69, 0x74, 0x69, 0x76, 0x65, 0x20, 0x64, 0x69, 0x73, 0x70,
  0x61, 0x74, 0x63, 0x68, 0x20, 0x6e, 0x6f, 0x77, 0x20, 0x6c, 0x69, 0x76, 0x65, 0x73, 0x20, 0x69,
  0x6e, 0x20, 0x74, 0x68, 0x65, 0x20, 0x6d, 0x32, 0x20, 0x73, 0x63, 0x65, 0x6e, 0x61, 0x72, 0x69,
  0x6f, 0x73, 0x20, 0x6f, 0x76, 0x65, 0x72, 0x20, 0x74, 0x68, 0x65, 0x0a, 0x20, 0x2a, 0x20, 0x64,
  0x73, 0x68, 0x5f, 0x73, 0x70, 0x69, 0x6b, 0x65, 0x5f, 0x73, 0x65, 0x74, 0x5f, 0x67, 0x61, 0x74,
  0x65, 0x77, 0x61, 0x79, 0x5f, 0x64, 0x69, 0x73, 0x70, 0x61, 0x74, 0x63, 0x68, 0x20, 0x62, 0x72,
  0x69, 0x64, 0x67, 0x65, 0x20, 0x28, 0x6d, 0x32, 0x2e, 0x62, 0x72, 0x69, 0x64, 0x67, 0x65, 0x2e,
  0x73, 0x6d, 0x6f, 0x6b, 0x65, 0x20, 0x6f, 0x6e, 0x20, 0x74, 0x68, 0x65, 0x20, 0x64, 0x65, 0x73,
  0x6b, 0x74, 0x6f, 0x70, 0x0a, 0x20, 0x2a, 0x20, 0x43, 0x4c, 0x49, 0x2c, 0x20, 0x6d, 0x32, 0x2e,
  0x67, 0x61, 0x74, 0x65, 0x77, 0x61, 0x79, 0x2e, 0x62, 0x69, 0x6e, 0x64, 0x69, 0x6e, 0x67, 0x20,
  0x6f, 0x6e, 0x20, 0x74, 0x68, 0x65, 0x20, 0x66, 0x75, 0x6c, 0x6c, 0x20, 0x65, 0x6d, 0x62, 0x65,
  0x64, 0x64, 0x65, 0x72, 0x29, 0x2e, 0x0a, 0x20, 0x2a, 0x2f, 0x0a, 0x69, 0x6d, 0x70, 0x6f, 0x72,
  0x74, 0x20, 0x7b, 0x20, 0x63, 0x72, 0x65, 0x61, 0x74, 0x65, 0x4c, 0x6f, 0x67, 0x67, 0x65, 0x72,
  0x20, 0x7d, 0x20, 0x66, 0x72, 0x6f, 0x6d, 0x20, 0x27, 0x2e, 0x2e, 0x2f, 0x6c, 0x6f, 0x67, 0x67,
  0x65, 0x72, 0x2e, 0x6a, 0x73, 0x27, 0x3b, 0x0a, 0x69, 0x6d, 0x70, 0x6f, 0x72, 0x74, 0x20, 0x7b,
  0x20, 0x72, 0x61, 0x6e, 0x64, 0x6f, 0x6d, 0x55, 0x55, 0x49, 0x44, 0x2c, 0x20, 0x62, 0x79, 0x74,
  0x65, 0x73, 0x54, 0x6f, 0x42, 0x61, 0x73, 0x65, 0x36, 0x34, 0x20, 0x7d, 0x20, 0x66, 0x72, 0x6f,
  0x6d, 0x20, 0x27, 0x64, 0x73, 0x68, 0x3a, 0x75, 0x74, 0x69, 0x6c, 0x2d, 0x63, 0x72, 0x79, 0x70,
  0x74, 0x6f, 0x27, 0x3b, 0x0a, 0x0a, 0x63, 0x6f, 0x6e, 0x73, 0x74, 0x20, 0x53, 0x43, 0x45, 0x4e,
  0x41, 0x52, 0x49, 0x4f, 0x20, 0x3d, 0x20, 0x27, 0x6d, 0x31, 0x2e, 0x73, 0x70, 0x69, 0x6b, 0x65,
  0x2e, 0x62, 0x6f, 0x6f, 0x74, 0x27, 0x3b, 0x0a, 0x63, 0x6f, 0x6e, 0x73, 0x74, 0x20, 0x6c, 0x6f,
  0x67, 0x20, 0x3d, 0x20, 0x63, 0x72, 0x65, 0x61, 0x74, 0x65, 0x4c, 0x6f, 0x67, 0x67, 0x65, 0x72,
  0x28, 0x27, 0x6d, 0x31, 0x2e, 0x73, 0x70, 0x69, 0x6b, 0x65, 0x27, 0x29, 0x3b, 0x0a, 0x63, 0x6f,
  0x6e, 0x73, 0x74, 0x20, 0x65, 0x6d, 0x69, 0x74, 0x20, 0x3d, 0x20, 0x28, 0x65, 0x76, 0x65, 0x6e,
  0x74, 0x2c, 0x20, 0x66, 0x69, 0x65, 0x6c, 0x64, 0x73, 0x20, 0x3d, 0x20, 0x7b, 0x7d, 0x29, 0x20,
  0x3d, 0x3e, 0x20, 0x6c, 0x6f, 0x67, 0x2e, 0x69, 0x6e, 0x66, 0x6f, 0x28, 0x27, 0x65, 0x32, 0x65,
  0x27, 0x2c, 0x20, 0x7b, 0x20, 0x73, 0x63, 0x65, 0x6e, 0x61, 0x72, 0x69, 0x6f, 0x3a, 0x20, 0x53,
  0x43, 0x45, 0x4e, 0x41, 0x52, 0x49, 0x4f, 0x2c, 0x20, 0x65, 0x76, 0x65, 0x6e, 0x74, 0x2c, 0x20,
  0x2e, 0x2e, 0x2e, 0x66, 0x69, 0x65, 0x6c, 0x64, 0x73, 0x20, 0x7d, 0x29, 0x3b, 0x0a, 0x63, 0x6f,
  0x6e, 0x73, 0x74, 0x20, 0x66, 0x61, 0x69, 0x6c, 0x20, 0x3d, 0x20, 0x28, 0x72, 0x65, 0x61, 0x73,
  0x6f, 0x6e, 0x29, 0x20, 0x3d, 0x3e, 0x20, 0x7b, 0x0a, 0x20, 0x20, 0x6c, 0x6f, 0x67, 0x2e, 0x64,
  0x65, 0x62, 0x75, 0x67, 0x28, 0x27, 0x73, 0x63, 0x65, 0x6e, 0x61, 0x72, 0x69, 0x6f, 0x20, 0x66,
  0x61, 0x69, 0x6c, 0x65, 0x64, 0x27, 0x2c, 0x20, 0x7b, 0x20, 0x72, 0x65, 0x61, 0x73, 0x6f, 0x6e,
  0x20, 0x7d, 0x29, 0x3b, 0x0a, 0x20, 0x20, 0x65, 0x6d, 0x69, 0x74, 0x28, 0x27, 0x73, 0x63, 0x65,
  0x6e, 0x61, 0x72, 0x69, 0x6f, 0x2e, 0x66, 0x61, 0x69, 0x6c, 0x65, 0x64, 0x27, 0x2c, 0x20, 0x7b,
  0x20, 0x72, 0x65, 0x61, 0x73, 0x6f, 0x6e, 0x20, 0x7d, 0x29, 0x3b, 0x0a, 0x20, 0x20, 0x67, 0x6c,
  0x6f, 0x62, 0x61, 0x6c, 0x54, 0x68, 0x69, 0x73, 0x2e, 0x5f, 0x5f, 0x64, 0x73, 0x68, 0x43, 0x6f,
  0x6d, 0x70, 0x6c, 0x65, 0x74, 0x65, 0x28, 0x66, 0x61, 0x6c, 0x73, 0x65, 0x2c, 0x20, 0x72, 0x65,
  0x61, 0x73, 0x6f, 0x6e, 0x29, 0x3b, 0x0a, 0x7d, 0x3b, 0x0a, 0x0a, 0x63, 0x6f, 0x6e, 0x73, 0x74,
  0x20, 0x65, 0x6e, 0x67, 0x69, 0x6e, 0x65, 0x20, 0x3d, 0x20, 0x67, 0x6c, 0x6f, 0x62, 0x61, 0x6c,
  0x54, 0x68, 0x69, 0x73, 0x2e, 0x5f, 0x5f, 0x64, 0x73, 0x68, 0x45, 0x6e, 0x67, 0x69, 0x6e, 0x65,
  0x49, 0x6e, 0x66, 0x6f, 0x28, 0x29, 0x3b, 0x0a, 0x65, 0x6d, 0x69, 0x74, 0x28, 0x27, 0x72, 0x75,
  0x6e, 0x74, 0x69, 0x6d, 0x65, 0x2e, 0x63, 0x72, 0x65, 0x61, 0x74, 0x65, 0x64, 0x27, 0x2c, 0x20,
  0x7b, 0x20, 0x65, 0x6e, 0x67, 0x69, 0x6e, 0x65, 0x3a, 0x20, 0x65, 0x6e, 0x67, 0x69, 0x6e, 0x65,
  0x2e, 0x6e, 0x61, 0x6d, 0x65, 0x2c, 0x20, 0x65, 0x6e, 0x67, 0x69, 0x6e, 0x65, 0x56, 0x65, 0x72,
  0x73, 0x69, 0x6f, 0x6e, 0x3a, 0x20, 0x65, 0x6e, 0x67, 0x69, 0x6e, 0x65, 0x2e, 0x76, 0x65, 0x72,
  0x73, 0x69, 0x6f, 0x6e, 0x20, 0x7d, 0x29, 0x3b, 0x0a, 0x65, 0x6d, 0x69, 0x74, 0x28, 0x27, 0x73,
  0x69, 0x6e, 0x6b, 0x2e, 0x62, 0x6f, 0x75, 0x6e, 0x64, 0x27, 0x2c, 0x20, 0x7b, 0x7d, 0x29, 0x3b,
  0x0a, 0x0a, 0x69, 0x66, 0x20, 0x28, 0x21, 0x67, 0x6c, 0x6f, 0x62, 0x61, 0x6c, 0x54, 0x68, 0x69,
  0x73, 0x2e, 0x5f, 0x5f, 0x64, 0x73, 0x68, 0x47, 0x61, 0x74, 0x65, 0x77, 0x61, 0x79, 0x4e, 0x65,
  0x67, 0x6f, 0x74, 0x69, 0x61, 0x74, 0x65, 0x28, 0x27, 0x67, 0x61, 0x74, 0x65, 0x77, 0x61, 0x79,
  0x40, 0x31, 0x27, 0x29, 0x29, 0x20, 0x7b, 0x0a, 0x20, 0x20, 0x66, 0x61, 0x69, 0x6c, 0x28, 0x27,
  0x67, 0x61, 0x74, 0x65, 0x77, 0x61, 0x79, 0x20, 0x6e, 0x65, 0x67, 0x6f, 0x74, 0x69, 0x61, 0x74,
  0x69, 0x6f, 0x6e, 0x20, 0x66, 0x61, 0x69, 0x6c, 0x65, 0x64, 0x27, 0x29, 0x3b, 0x0a, 0x7d, 0x20,
  0x65, 0x6c, 0x73, 0x65, 0x20, 0x7b, 0x0a, 0x20, 0x20, 0x65, 0x6d, 0x69, 0x74, 0x28, 0x27, 0x67,
  0x61, 0x74, 0x65, 0x77, 0x61, 0x79, 0x2e, 0x6e, 0x65, 0x67, 0x6f, 0x74, 0x69, 0x61, 0x74, 0x65,
  0x64, 0x27, 0x2c, 0x20, 0x7b, 0x20, 0x76, 0x65, 0x72, 0x73, 0x69, 0x6f, 0x6e, 0x3a, 0x20, 0x27,
  0x67, 0x61, 0x74, 0x65, 0x77, 0x61, 0x79, 0x40, 0x31, 0x27, 0x20, 0x7d, 0x29, 0x3b, 0x0a, 0x20,
  0x20, 0x65, 0x6d, 0x69, 0x74, 0x28, 0x27, 0x70, 0x61, 0x63, 0x6b, 0x61, 0x67, 0x65, 0x2e, 0x6c,
  0x6f, 0x61, 0x64, 0x65, 0x64, 0x27, 0x2c, 0x20, 0x7b, 0x20, 0x6e, 0x61, 0x6d, 0x65, 0x3a, 0x20,
  0x27, 0x40, 0x64, 0x65, 0x65, 0x70, 0x73, 0x65, 0x65, 0x6b, 0x2d, 0x61, 0x69, 0x2f, 0x64, 0x73,
  0x68, 0x2d, 0x75, 0x74, 0x69, 0x6c, 0x2d, 0x63, 0x72, 0x79, 0x70, 0x74, 0x6f, 0x27, 0x2c, 0x20,
  0x76, 0x65, 0x72, 0x73, 0x69, 0x6f, 0x6e, 0x3a, 0x20, 0x27, 0x30, 0x2e, 0x31, 0x2e, 0x36, 0x2d,
  0x61, 0x6c, 0x70, 0x68, 0x61, 0x2e, 0x31, 0x27, 0x20, 0x7d, 0x29, 0x3b, 0x0a, 0x0a, 0x20, 0x20,
  0x63, 0x6f, 0x6e, 0x73, 0x74, 0x20, 0x75, 0x75, 0x69, 0x64, 0x20, 0x3d, 0x20, 0x72, 0x61, 0x6e,
  0x64, 0x6f, 0x6d, 0x55, 0x55, 0x49, 0x44, 0x28, 0x29, 0x3b, 0x0a, 0x20, 0x20, 0x63, 0x6f, 0x6e,
  0x73, 0x74, 0x20, 0x76, 0x34, 0x20, 0x3d, 0x20, 0x2f, 0x5e, 0x5b, 0x30, 0x2d, 0x39, 0x61, 0x2d,
  0x66, 0x5d, 0x7b, 0x38, 0x7d, 0x2d, 0x5b, 0x30, 0x2d, 0x39, 0x61, 0x2d, 0x66, 0x5d, 0x7b, 0x34,
  0x7d, 0x2d, 0x34, 0x5b, 0x30, 0x2d, 0x39, 0x61, 0x2d, 0x66, 0x5d, 0x7b, 0x33, 0x7d, 0x2d, 0x5b,
  0x38, 0x39, 0x61, 0x62, 0x5d, 0x5b, 0x30, 0x2d, 0x39, 0x61, 0x2d, 0x66, 0x5d, 0x7b, 0x33, 0x7d,
  0x2d, 0x5b, 0x30, 0x2d, 0x39, 0x61, 0x2d, 0x66, 0x5d, 0x7b, 0x31, 0x32, 0x7d, 0x24, 0x2f, 0x2e,
  0x74, 0x65, 0x73, 0x74, 0x28, 0x75, 0x75, 0x69, 0x64, 0x29, 0x3b, 0x0a, 0x20, 0x20, 0x65, 0x6d,
  0x69, 0x74, 0x28, 0x27, 0x63, 0x72, 0x79, 0x70, 0x74, 0x6f, 0x2e, 0x73, 0x68, 0x69, 0x6d, 0x2e,
  0x6f, 0x6b, 0x27, 0x2c, 0x20, 0x7b, 0x20, 0x75, 0x75, 0x69, 0x64, 0x2c, 0x20, 0x76, 0x34, 0x20,
  0x7d, 0x29, 0x3b, 0x0a, 0x0a, 0x20, 0x20, 0x63, 0x6f, 0x6e, 0x73, 0x74, 0x20, 0x62, 0x79, 0x74,
  0x65, 0x73, 0x20, 0x3d, 0x20, 0x55, 0x69, 0x6e, 0x74, 0x38, 0x41, 0x72, 0x72, 0x61, 0x79, 0x2e,
  0x66, 0x72, 0x6f, 0x6d, 0x28, 0x5b, 0x31, 0x30, 0x34, 0x2c, 0x20, 0x31, 0x30, 0x31, 0x2c, 0x20,
  0x31, 0x30, 0x38, 0x2c, 0x20, 0x31, 0x30, 0x38, 0x2c, 0x20, 0x31, 0x31, 0x31, 0x5d, 0x29, 0x3b,
  0x20, 0x2f, 0x2f, 0x20, 0x22, 0x68, 0x65, 0x6c, 0x6c, 0x6f, 0x22, 0x0a, 0x20, 0x20, 0x65, 0x6d,
  0x69, 0x74, 0x28, 0x27, 0x62, 0x61, 0x73, 0x65, 0x36, 0x34, 0x2e, 0x73, 0x68, 0x69, 0x6d, 0x2e,
  0x6f, 0x6b, 0x27, 0x2c, 0x20, 0x7b, 0x20, 0x69, 0x6e, 0x70, 0x75, 0x74, 0x3a, 0x20, 0x27, 0x68,
  0x65, 0x6c, 0x6c, 0x6f, 0x27, 0x2c, 0x20, 0x62, 0x36, 0x34, 0x3a, 0x20, 0x62, 0x79, 0x74, 0x65,
  0x73, 0x54, 0x6f, 0x42, 0x61, 0x73, 0x65, 0x36, 0x34, 0x28, 0x62, 0x79, 0x74, 0x65, 0x73, 0x29,
  0x20, 0x7d, 0x29, 0x3b, 0x0a, 0x0a, 0x20, 0x20, 0x65, 0x6d, 0x69, 0x74, 0x28, 0x27, 0x73, 0x63,
  0x65, 0x6e, 0x61, 0x72, 0x69, 0x6f, 0x2e, 0x63, 0x6f, 0x6d, 0x70, 0x6c, 0x65, 0x74, 0x65, 0x27,
  0x2c, 0x20, 0x7b, 0x20, 0x73, 0x74, 0x61, 0x74, 0x75, 0x73, 0x3a, 0x20, 0x27, 0x70, 0x61, 0x73,
  0x73, 0x27, 0x20, 0x7d, 0x29, 0x3b, 0x0a, 0x20, 0x20, 0x67, 0x6c, 0x6f, 0x62, 0x61, 0x6c, 0x54,
  0x68, 0x69, 0x73, 0x2e, 0x5f, 0x5f, 0x64, 0x73, 0x68, 0x43, 0x6f, 0x6d, 0x70, 0x6c, 0x65, 0x74,
  0x65, 0x28, 0x74, 0x72, 0x75, 0x65, 0x2c, 0x20, 0x27, 0x6f, 0x6b, 0x27, 0x29, 0x3b, 0x0a, 0x7d,
  0x0a,
  0x00
};

/* runtime/spike/scenario/m2-gateway-binding.js (5974 bytes) */
static const unsigned char DSH_SCENARIO_M2_JS[] = {
  0x2f, 0x2a, 0x2a, 0x0a, 0x20, 0x2a, 0x20, 0x4d, 0x32, 0x20, 0x67, 0x61, 0x74, 0x65, 0x77, 0x61,
  0x79, 0x2d, 0x62, 0x69, 0x6e, 0x64, 0x69, 0x6e, 0x67, 0x20, 0x73, 0x63, 0x65, 0x6e, 0x61, 0x72,
  0x69, 0x6f, 0x20, 0x60, 0x6d, 0x32, 0x2e, 0x67, 0x61, 0x74, 0x65, 0x77, 0x61, 0x79, 0x2e, 0x62,
  0x69, 0x6e, 0x64, 0x69, 0x6e, 0x67, 0x60, 0x20, 0xe2, 0x80, 0x94, 0x20, 0x72, 0x75, 0x6e, 0x73,
  0x20, 0x6f, 0x6e, 0x20, 0x69, 0x4f, 0x53, 0x20, 0x77, 0x68, 0x65, 0x72, 0x65, 0x20, 0x74, 0x68,
  0x65, 0x0a, 0x20, 0x2a, 0x20, 0x53, 0x77, 0x69, 0x66, 0x74, 0x20, 0x65, 0x6d, 0x62, 0x65, 0x64,
  0x64, 0x65, 0x72, 0x20, 0x61, 0x6e, 0x73, 0x77, 0x65, 0x72, 0x73, 0x20, 0x74, 0x68, 0x65, 0x20,
  0x72, 0x65, 0x61, 0x6c, 0x20, 0x64, 0x69, 0x73, 0x70, 0x61, 0x74, 0x63, 0x68, 0x20, 0x62, 0x72,
  0x69, 0x64, 0x67, 0x65, 0x20, 0x77, 0x69, 0x74, 0x68, 0x20, 0x61, 0x6c, 0x6c, 0x20, 0x6e, 0x69,
  0x6e, 0x65, 0x20, 0x70, 0x72, 0x69, 0x6d, 0x69, 0x74, 0x69, 0x76, 0x65, 0x73, 0x2e, 0x0a, 0x20,
  0x2a, 0x20, 0x45, 0x76, 0x65, 0x72, 0x79, 0x20, 0x65, 0x78, 0x70, 0x65, 0x63, 0x74, 0x65, 0x64,
  0x20, 0x65, 0x76, 0x65, 0x6e, 0x74, 0x20, 0x65, 0x6d, 0x69, 0x74, 0x73, 0x20, 0x65, 0x78, 0x61,
  0x63, 0x74, 0x6c, 0x79, 0x20, 0x6f, 0x6e, 0x65, 0x20, 0x73, 0x74, 0x72, 0x75, 0x63, 0x74, 0x75,
  0x72, 0x65, 0x64, 0x20, 0x6c, 0x6f, 0x67, 0x20, 0x65, 0x6e, 0x74, 0x72, 0x79, 0x20, 0x74, 0x68,
  0x72, 0x6f, 0x75, 0x67, 0x68, 0x20, 0x74, 0x68, 0x65, 0x0a, 0x20, 0x2a, 0x20, 0x75, 0x6e, 0x69,
  0x66, 0x69, 0x65, 0x64, 0x20, 0x6c, 0x6f, 0x67, 0x67, 0x65, 0x72, 0x2c, 0x20, 0x69, 0x6e, 0x20,
  0x74, 0x68, 0x65, 0x20, 0x6f, 0x72, 0x64, 0x65, 0x72, 0x20, 0x64, 0x65, 0x63, 0x6c, 0x61, 0x72,
  0x65, 0x64, 0x20, 0x62, 0x79, 0x0a, 0x20, 0x2a, 0x20, 0x74, 0x6f, 0x6f, 0x6c, 0x73, 0x2f, 0x65,
  0x32, 0x65, 0x2f, 0x73, 0x63, 0x65, 0x6e, 0x61, 0x72, 0x69, 0x6f, 0x73, 0x2f, 0x6d, 0x32, 0x2d,
  0x67, 0x61, 0x74, 0x65, 0x77, 0x61, 0x79, 0x2d, 0x62, 0x69, 0x6e, 0x64, 0x69, 0x6e, 0x67, 0x2e,
  0x6a, 0x73, 0x6f, 0x6e, 0x2e, 0x0a, 0x20, 0x2a, 0x0a, 0x20, 0x2a, 0x20, 0x44, 0x72, 0x69, 0x76,
  0x65, 0x73, 0x20, 0x74, 0x68, 0x65, 0x20, 0x66, 0x72, 0x6f, 0x7a, 0x65, 0x6e, 0x20, 0x31, 0x39,
  0x2d, 0x65, 0x76, 0x65, 0x6e, 0x74, 0x20, 0x6c, 0x69, 0x73, 0x74, 0x20, 0x69, 0x6e, 0x20, 0x6f,
  0x72, 0x64, 0x65, 0x72, 0x3a, 0x20, 0x64, 0x65, 0x73, 0x63, 0x72, 0x69, 0x70, 0x74, 0x6f, 0x72,
  0x20, 0x63, 0x6f, 0x6e, 0x66, 0x6f, 0x72, 0x6d, 0x61, 0x6e, 0x63, 0x65, 0x2c, 0x20, 0x66, 0x73,
  0x0a, 0x20, 0x2a, 0x20, 0x72, 0x6f, 0x75, 0x6e, 0x64, 0x74, 0x72, 0x69, 0x70, 0x20, 0x2b, 0x20,
  0x75, 0x6e, 0x67, 0x72, 0x61, 0x6e, 0x74, 0x65, 0x64, 0x2d, 0x73, 0x63, 0x6f, 0x70, 0x65, 0x20,
  0x64, 0x65, 0x6e, 0x69, 0x61, 0x6c, 0x2c, 0x20, 0x63, 0x68, 0x75, 0x6e, 0x6b, 0x65, 0x64, 0x20,
  0x68, 0x74, 0x74, 0x70, 0x46, 0x65, 0x74, 0x63, 0x68, 0x20, 0x62, 0x6f, 0x64, 0x79, 0x20, 0x2b,
  0x20, 0x61, 0x62, 0x6f, 0x72, 0x74, 0x2c, 0x0a, 0x20, 0x2a, 0x20, 0x70, 0x69, 0x63, 0x6b, 0x65,
  0x72, 0x20, 0x67, 0x72, 0x61, 0x6e, 0x74, 0x20, 0xe2, 0x86, 0x92, 0x20, 0x66, 0x73, 0x53, 0x63,
  0x6f, 0x70, 0x65, 0x20, 0x70, 0x65, 0x72, 0x73, 0x69, 0x73, 0x74, 0x2f, 0x72, 0x65, 0x73, 0x6f,
  0x6c, 0x76, 0x65, 0x20, 0x72, 0x6f, 0x75, 0x6e, 0x64, 0x74, 0x72, 0x69, 0x70, 0x2c, 0x20, 0x61,
  0x70, 0x70, 0x72, 0x6f, 0x76, 0x61, 0x6c, 0x20, 0x64, 0x69, 0x61, 0x6c, 0x6f, 0x67, 0x2c, 0x0a,
  0x20, 0x2a, 0x20, 0x6b, 0x65, 0x79, 0x63, 0x68, 0x61, 0x69, 0x6e, 0x20, 0x73, 0x65, 0x74, 0x2f,
  0x67, 0x65, 0x74, 0x2f, 0x64, 0x65, 0x6c, 0x65, 0x74, 0x65, 0x20, 0x72, 0x6f, 0x75, 0x6e, 0x64,
  0x74, 0x72, 0x69, 0x70, 0x2c, 0x20, 0x61, 0x6e, 0x64, 0x20, 0x74, 0x68, 0x65, 0x20, 0x6e, 0x6f,
  0x74, 0x69, 0x66, 0x69, 0x63, 0x61, 0x74, 0x69, 0x6f, 0x6e, 0x20, 0xe2, 0x86, 0x92, 0x20, 0x62,
  0x61, 0x63, 0x6b, 0x67, 0x72, 0x6f, 0x75, 0x6e, 0x64, 0x20, 0xe2, 0x86, 0x92, 0x0a, 0x20, 0x2a,
  0x20, 0x6e, 0x6f, 0x74, 0x69, 0x66, 0x79, 0x2e, 0x72, 0x65, 0x73, 0x70, 0x6f, 0x6e, 0x73, 0x65,
  0x20, 0xe2, 0x86, 0x92, 0x20, 0x66, 0x6f, 0x72, 0x65, 0x67, 0x72, 0x6f, 0x75, 0x6e, 0x64, 0x20,
  0x6c, 0x69, 0x66, 0x65, 0x63, 0x79, 0x63, 0x6c, 0x65, 0x20, 0x28, 0x74, 0x68, 0x65, 0x20, 0x65,
  0x6d, 0x62, 0x65, 0x64, 0x64, 0x65, 0x72, 0x20, 0x64, 0x65, 0x6c, 0x69, 0x76, 0x65, 0x72, 0x73,
  0x20, 0x74, 0x68, 0x6f, 0x73, 0x65, 0x0a, 0x20, 0x2a, 0x20, 0x62, 0x72, 0x69, 0x64, 0x67, 0x65,
  0x20, 0x65, 0x76, 0x65, 0x6e, 0x74, 0x73, 0x20, 0x69, 0x6e, 0x20, 0x6f, 0x72, 0x64, 0x65, 0x72,
  0x20, 0x74, 0x68, 0x72, 0x6f, 0x75, 0x67, 0x68, 0x20, 0x64, 0x73, 0x68, 0x5f, 0x73, 0x70, 0x69,
  0x6b, 0x65, 0x5f, 0x67, 0x61, 0x74, 0x65, 0x77, 0x61, 0x79, 0x5f, 0x65, 0x76, 0x65, 0x6e, 0x74,
  0x29, 0x2e, 0x0a, 0x20, 0x2a, 0x2f, 0x0a, 0x69, 0x6d, 0x70, 0x6f, 0x72, 0x74, 0x20, 0x7b, 0x20,
  0x63, 0x72, 0x65, 0x61, 0x74, 0x65, 0x4c, 0x6f, 0x67, 0x67, 0x65, 0x72, 0x20, 0x7d, 0x20, 0x66,
  0x72, 0x6f, 0x6d, 0x20, 0x27, 0x2e, 0x2e, 0x2f, 0x6c, 0x6f, 0x67, 0x67, 0x65, 0x72, 0x2e, 0x6a,
  0x73, 0x27, 0x3b, 0x0a, 0x69, 0x6d, 0x70, 0x6f, 0x72, 0x74, 0x20, 0x7b, 0x0a, 0x20, 0x20, 0x66,
  0x73, 0x52, 0x65, 0x61, 0x64, 0x2c, 0x0a, 0x20, 0x20, 0x66, 0x73, 0x53, 0x63, 0x6f, 0x70, 0x65,
  0x2c, 0x0a, 0x20, 0x20, 0x66, 0x73, 0x57, 0x72, 0x69, 0x74, 0x65, 0x2c, 0x0a, 0x20, 0x20, 0x68,
  0x74, 0x74, 0x70, 0x46, 0x65, 0x74, 0x63, 0x68, 0x2c, 0x0a, 0x20, 0x20, 0x6b, 0x65, 0x79, 0x63,
  0x68, 0x61, 0x69, 0x6e, 0x47, 0x65, 0x74, 0x2c, 0x0a, 0x20, 0x20, 0x6b, 0x65, 0x79, 0x63, 0x68,
  0x61, 0x69, 0x6e, 0x53, 0x65, 0x74, 0x2c, 0x0a, 0x20, 0x20, 0x6e, 0x6f, 0x74, 0x69, 0x66, 0x79,
  0x2c, 0x0a, 0x20, 0x20, 0x6f, 0x6e, 0x45, 0x76, 0x65, 0x6e, 0x74, 0x2c, 0x0a, 0x20, 0x20, 0x70,
  0x72, 0x65, 0x73, 0x65, 0x6e, 0x74, 0x41, 0x70, 0x70, 0x72, 0x6f, 0x76, 0x61, 0x6c, 0x2c, 0x0a,
  0x20, 0x20, 0x70, 0x72, 0x65, 0x73, 0x65, 0x6e, 0x74, 0x50, 0x69, 0x63, 0x6b, 0x65, 0x72, 0x2c,
  0x0a, 0x7d, 0x20, 0x66, 0x72, 0x6f, 0x6d, 0x20, 0x27, 0x2e, 0x2e, 0x2f, 0x67, 0x61, 0x74, 0x65,
  0x77, 0x61, 0x79, 0x2e, 0x6a, 0x73, 0x27, 0x3b, 0x0a, 0x0a, 0x63, 0x6f, 0x6e, 0x73, 0x74, 0x20,
  0x53, 0x43, 0x45, 0x4e, 0x41, 0x52, 0x49, 0x4f, 0x20, 0x3d, 0x20, 0x27, 0x6d, 0x32, 0x2e, 0x67,
  0x61, 0x74, 0x65, 0x77, 0x61, 0x79, 0x2e, 0x62, 0x69, 0x6e, 0x64, 0x69, 0x6e, 0x67, 0x27, 0x3b,
  0x0a, 0x63, 0x6f, 0x6e, 0x73, 0x74, 0x20, 0x6c, 0x6f, 0x67, 0x20, 0x3d, 0x20, 0x63, 0x72, 0x65,
  0x61, 0x74, 0x65, 0x4c, 0x6f, 0x67, 0x67, 0x65, 0x72, 0x28, 0x27, 0x6d, 0x32, 0x2e, 0x73, 0x70,
  0x69, 0x6b, 0x65, 0x27, 0x29, 0x3b, 0x0a, 0x63, 0x6f, 0x6e, 0x73, 0x74, 0x20, 0x65, 0x6d, 0x69,
  0x74, 0x20, 0x3d, 0x20, 0x28, 0x65, 0x76, 0x65, 0x6e, 0x74, 0x2c, 0x20, 0x66, 0x69, 0x65, 0x6c,
  0x64, 0x73, 0x20, 0x3d, 0x20, 0x7b, 0x7d, 0x29, 0x20, 0x3d, 0x3e, 0x20, 0x6c, 0x6f, 0x67, 0x2e,
  0x69, 0x6e, 0x66, 0x6f, 0x28, 0x27, 0x65, 0x32, 0x65, 0x27, 0x2c, 0x20, 0x7b, 0x20, 0x73, 0x63,
  0x65, 0x6e, 0x61, 0x72, 0x69, 0x6f, 0x3a, 0x20, 0x53, 0x43, 0x45, 0x4e, 0x41, 0x52, 0x49, 0x4f,
  0x2c, 0x20, 0x65, 0x76, 0x65, 0x6e, 0x74, 0x2c, 0x20, 0x2e, 0x2e, 0x2e, 0x66, 0x69, 0x65, 0x6c,
  0x64, 0x73, 0x20, 0x7d, 0x29, 0x3b, 0x0a, 0x63, 0x6f, 0x6e, 0x73, 0x74, 0x20, 0x66, 0x61, 0x69,
  0x6c, 0x20, 0x3d, 0x20, 0x28, 0x72, 0x65, 0x61, 0x73, 0x6f, 0x6e, 0x29, 0x20, 0x3d, 0x3e, 0x20,
  0x7b, 0x0a, 0x20, 0x20, 0x6c, 0x6f, 0x67, 0x2e, 0x64, 0x65, 0x62, 0x75, 0x67, 0x28, 0x27, 0x73,
  0x63, 0x65, 0x6e, 0x61, 0x72, 0x69, 0x6f, 0x20, 0x66, 0x61, 0x69, 0x6c, 0x65, 0x64, 0x27, 0x2c,
  0x20, 0x7b, 0x20, 0x72, 0x65, 0x61, 0x73, 0x6f, 0x6e, 0x20, 0x7d, 0x29, 0x3b, 0x0a, 0x20, 0x20,
  0x65, 0x6d, 0x69, 0x74, 0x28, 0x27, 0x73, 0x63, 0x65, 0x6e, 0x61, 0x72, 0x69, 0x6f, 0x2e, 0x66,
  0x61, 0x69, 0x6c, 0x65, 0x64, 0x27, 0x2c, 0x20, 0x7b, 0x20, 0x72, 0x65, 0x61, 0x73, 0x6f, 0x6e,
  0x20, 0x7d, 0x29, 0x3b, 0x0a, 0x20, 0x20, 0x67, 0x6c, 0x6f, 0x62, 0x61, 0x6c, 0x54, 0x68, 0x69,
  0x73, 0x2e, 0x5f, 0x5f, 0x64, 0x73, 0x68, 0x43, 0x6f, 0x6d, 0x70, 0x6c, 0x65, 0x74, 0x65, 0x28,
  0x66, 0x61, 0x6c, 0x73, 0x65, 0x2c, 0x20, 0x72, 0x65, 0x61, 0x73, 0x6f, 0x6e, 0x29, 0x3b, 0x0a,
  0x7d, 0x3b, 0x0a, 0x63, 0x6f, 0x6e, 0x73, 0x74, 0x20, 0x64, 0x65, 0x6d, 0x61, 0x6e, 0x64, 0x20,
  0x3d, 0x20, 0x28, 0x63, 0x6f, 0x6e, 0x64, 0x2c, 0x20, 0x72, 0x65, 0x61, 0x73, 0x6f, 0x6e, 0x29,
  0x20, 0x3d, 0x3e, 0x20, 0x7b, 0x0a, 0x20, 0x20, 0x69, 0x66, 0x20, 0x28, 0x63, 0x6f, 0x6e, 0x64,
  0x29, 0x20, 0x72, 0x65, 0x74, 0x75, 0x72, 0x6e, 0x3b, 0x0a, 0x20, 0x20, 0x6c, 0x6f, 0x67, 0x2e,
  0x64, 0x65, 0x62, 0x75, 0x67, 0x28, 0x27, 0x64, 0x65, 0x6d, 0x61, 0x6e, 0x64, 0x20, 0x66, 0x61,
  0x69, 0x6c, 0x65, 0x64, 0x27, 0x2c, 0x20, 0x7b, 0x20, 0x72, 0x65, 0x61, 0x73, 0x6f, 0x6e, 0x20,
  0x7d, 0x29, 0x3b, 0x0a, 0x20, 0x20, 0x66, 0x61, 0x69, 0x6c, 0x28, 0x72, 0x65, 0x61, 0x73, 0x6f,
  0x6e, 0x29, 0x3b, 0x0a, 0x20, 0x20, 0x74, 0x68, 0x72, 0x6f, 0x77, 0x20, 0x6e, 0x65, 0x77, 0x20,
  0x45, 0x72, 0x72, 0x6f, 0x72, 0x28, 0x72, 0x65, 0x61, 0x73, 0x6f, 0x6e, 0x29, 0x3b, 0x0a, 0x7d,
  0x3b, 0x0a, 0x0a, 0x63, 0x6f, 0x6e, 0x73, 0x74, 0x20, 0x50, 0x52, 0x4f, 0x42, 0x45, 0x20, 0x3d,
  0x20, 0x27, 0x64, 0x73, 0x68, 0x2d, 0x67, 0x61, 0x74, 0x65, 0x77, 0x61, 0x79, 0x2d, 0x70, 0x72,
  0x6f, 0x62, 0x65, 0x27, 0x3b, 0x20, 0x2f, 0x2f, 0x20, 0x65, 0x78, 0x61, 0x63, 0x74, 0x6c, 0x79,
  0x20, 0x31, 0x37, 0x20, 0x41, 0x53, 0x43, 0x49, 0x49, 0x20, 0x62, 0x79, 0x74, 0x65, 0x73, 0x0a,
  0x63, 0x6f, 0x6e, 0x73, 0x74, 0x20, 0x70, 0x72, 0x6f, 0x62, 0x65, 0x42, 0x79, 0x74, 0x65, 0x73,
  0x20, 0x3d, 0x20, 0x28, 0x29, 0x20, 0x3d, 0x3e, 0x20, 0x55, 0x69, 0x6e, 0x74, 0x38, 0x41, 0x72,
  0x72, 0x61, 0x79, 0x2e, 0x66, 0x72, 0x6f, 0x6d, 0x28, 0x5b, 0x2e, 0x2e, 0x2e, 0x50, 0x52, 0x4f,
  0x42, 0x45, 0x5d, 0x2e, 0x6d, 0x61, 0x70, 0x28, 0x28, 0x63, 0x29, 0x20, 0x3d, 0x3e, 0x20, 0x63,
  0x2e, 0x63, 0x68, 0x61, 0x72, 0x43, 0x6f, 0x64, 0x65, 0x41, 0x74, 0x28, 0x30, 0x29, 0x29, 0x29,
  0x3b, 0x0a, 0x63, 0x6f, 0x6e, 0x73, 0x74, 0x20, 0x62, 0x79, 0x74, 0x65, 0x73, 0x45, 0x71, 0x75,
  0x61, 0x6c, 0x20, 0x3d, 0x20, 0x28, 0x61, 0x2c, 0x20, 0x62, 0x29, 0x20, 0x3d, 0x3e, 0x20, 0x61,
  0x2e, 0x6c, 0x65, 0x6e, 0x67, 0x74, 0x68, 0x20, 0x3d, 0x3d, 0x3d, 0x20, 0x62, 0x2e, 0x6c, 0x65,
  0x6e, 0x67, 0x74, 0x68, 0x20, 0x26, 0x26, 0x20, 0x5b, 0x2e, 0x2e, 0x2e, 0x61, 0x5d, 0x2e, 0x65,
  0x76, 0x65, 0x72, 0x79, 0x28, 0x28, 0x76, 0x2c, 0x20, 0x69, 0x29, 0x20, 0x3d, 0x3e, 0x20, 0x76,
  0x20, 0x3d, 0x3d, 0x3d, 0x20, 0x62, 0x5b, 0x69, 0x5d, 0x29, 0x3b, 0x0a, 0x0a, 0x2f, 0x2a, 0x20,
  0x42, 0x72, 0x69, 0x64, 0x67, 0x65, 0x20, 0x65, 0x76, 0x65, 0x6e, 0x74, 0x73, 0x20, 0x61, 0x72,
  0x72, 0x69, 0x76, 0x65, 0x20, 0x69, 0x6e, 0x20, 0x65, 0x6d, 0x62, 0x65, 0x64, 0x64, 0x65, 0x72,
  0x20, 0x6f, 0x72, 0x64, 0x65, 0x72, 0x3b, 0x20, 0x74, 0x68, 0x65, 0x20, 0x73, 0x63, 0x65, 0x6e,
  0x61, 0x72, 0x69, 0x6f, 0x20, 0x63, 0x6f, 0x6e, 0x73, 0x75, 0x6d, 0x65, 0x73, 0x20, 0x74, 0x68,
  0x65, 0x6d, 0x20, 0x62, 0x79, 0x0a, 0x20, 0x2a, 0x20, 0x6e, 0x61, 0x6d, 0x65, 0x2c, 0x20, 0x62,
  0x75, 0x66, 0x66, 0x65, 0x72, 0x69, 0x6e, 0x67, 0x20, 0x61, 0x6e, 0x79, 0x74, 0x68, 0x69, 0x6e,
  0x67, 0x20, 0x74, 0x68, 0x61, 0x74, 0x20, 0x61, 0x72, 0x72, 0x69, 0x76, 0x65, 0x73, 0x20, 0x77,
  0x68, 0x69, 0x6c, 0x65, 0x20, 0x69, 0x74, 0x20, 0x77, 0x61, 0x69, 0x74, 0x73, 0x20, 0x66, 0x6f,
  0x72, 0x20, 0x61, 0x6e, 0x6f, 0x74, 0x68, 0x65, 0x72, 0x20, 0x6b, 0x69, 0x6e, 0x64, 0x2e, 0x20,
  0x2a, 0x2f, 0x0a, 0x63, 0x6f, 0x6e, 0x73, 0x74, 0x20, 0x62, 0x75, 0x66, 0x66, 0x65, 0x72, 0x65,
  0x64, 0x20, 0x3d, 0x20, 0x5b, 0x5d, 0x3b, 0x0a, 0x63, 0x6f, 0x6e, 0x73, 0x74, 0x20, 0x77, 0x61,
  0x69, 0x74, 0x65, 0x72, 0x73, 0x20, 0x3d, 0x20, 0x5b, 0x5d, 0x3b, 0x0a, 0x6f, 0x6e, 0x45, 0x76,
  0x65, 0x6e, 0x74, 0x28, 0x28, 0x65, 0x76, 0x29, 0x20, 0x3d, 0x3e, 0x20, 0x7b, 0x0a, 0x20, 0x20,
  0x63, 0x6f, 0x6e, 0x73, 0x74, 0x20, 0x77, 0x61, 0x6b, 0x65, 0x20, 0x3d, 0x20, 0x77, 0x61, 0x69,
  0x74, 0x65, 0x72, 0x73, 0x2e, 0x73, 0x68, 0x69, 0x66, 0x74, 0x28, 0x29, 0x3b, 0x0a, 0x20, 0x20,
  0x69, 0x66, 0x20, 0x28, 0x77, 0x61, 0x6b, 0x65, 0x29, 0x20, 0x77, 0x61, 0x6b, 0x65, 0x28, 0x65,
  0x76, 0x29, 0x3b, 0x0a, 0x20, 0x20, 0x65, 0x6c, 0x73, 0x65, 0x20, 0x62, 0x75, 0x66, 0x66, 0x65,
  0x72, 0x65, 0x64, 0x2e, 0x70, 0x75, 0x73, 0x68, 0x28, 0x65, 0x76, 0x29, 0x3b, 0x0a, 0x7d, 0x29,
  0x3b, 0x0a, 0x63, 0x6f, 0x6e, 0x73, 0x74, 0x20, 0x6e, 0x65, 0x78, 0x74, 0x45, 0x76, 0x65, 0x6e,
  0x74, 0x20, 0x3d, 0x20, 0x61, 0x73, 0x79, 0x6e, 0x63, 0x20, 0x28, 0x6e, 0x61, 0x6d, 0x65, 0x29,
  0x20, 0x3d, 0x3e, 0x20, 0x7b, 0x0a, 0x20, 0x20, 0x6c, 0x6f, 0x67, 0x2e, 0x64, 0x65, 0x62, 0x75,
  0x67, 0x28, 0x27, 0x77, 0x61, 0x69, 0x74, 0x20, 0x66, 0x6f, 0x72, 0x20, 0x65, 0x76, 0x65, 0x6e,
  0x74, 0x27, 0x2c, 0x20, 0x7b, 0x20, 0x6e, 0x61, 0x6d, 0x65, 0x20, 0x7d, 0x29, 0x3b, 0x0a, 0x20,
  0x20, 0x66, 0x6f, 0x72, 0x20, 0x28, 0x3b, 0x3b, 0x29, 0x20, 0x7b, 0x0a, 0x20, 0x20, 0x20, 0x20,
  0x63, 0x6f, 0x6e, 0x73, 0x74, 0x20, 0x61, 0x74, 0x20, 0x3d, 0x20, 0x62, 0x75, 0x66, 0x66, 0x65,
  0x72, 0x65, 0x64, 0x2e, 0x66, 0x69, 0x6e, 0x64, 0x49, 0x6e, 0x64, 0x65, 0x78, 0x28, 0x28, 0x65,
  0x76, 0x29, 0x20, 0x3d, 0x3e, 0x20, 0x65, 0x76, 0x2e, 0x65, 0x76, 0x65, 0x6e, 0x74, 0x20, 0x3d,
  0x3d, 0x3d, 0x20, 0x6e, 0x61, 0x6d, 0x65, 0x29, 0x3b, 0x0a, 0x20, 0x20, 0x20, 0x20, 0x69, 0x66,
  0x20, 0x28, 0x61, 0x74, 0x20, 0x3e, 0x3d, 0x20, 0x30, 0x29, 0x20, 0x72, 0x65, 0x74, 0x75, 0x72,
  0x6e, 0x20, 0x62, 0x75, 0x66, 0x66, 0x65, 0x72, 0x65, 0x64, 0x2e, 0x73, 0x70, 0x6c, 0x69, 0x63,
  0x65, 0x28, 0x61, 0x74, 0x2c, 0x20, 0x31, 0x29, 0x5b, 0x30, 0x5d, 0x3b, 0x0a, 0x20, 0x20, 0x20,
  0x20, 0x63, 0x6f, 0x6e, 0x73, 0x74, 0x20, 0x65, 0x76, 0x20, 0x3d, 0x20, 0x61, 0x77, 0x61, 0x69,
  0x74, 0x20, 0x6e, 0x65, 0x77, 0x20, 0x50, 0x72, 0x6f, 0x6d, 0x69, 0x73, 0x65, 0x28, 0x28, 0x72,
  0x65, 0x73, 0x6f, 0x6c, 0x76, 0x65, 0x29, 0x20, 0x3d, 0x3e, 0x20, 0x77, 0x61, 0x69, 0x74, 0x65,
  0x72, 0x73, 0x2e, 0x70, 0x75, 0x73, 0x68, 0x28, 0x72, 0x65, 0x73, 0x6f, 0x6c, 0x76, 0x65, 0x29,
  0x29, 0x3b, 0x0a, 0x20, 0x20, 0x20, 0x20, 0x62, 0x75, 0x66, 0x66, 0x65, 0x72, 0x65, 0x64, 0x2e,
  0x70, 0x75, 0x73, 0x68, 0x28, 0x65, 0x76, 0x29, 0x3b, 0x0a, 0x20, 0x20, 0x7d, 0x0a, 0x7d, 0x3b,
  0x0a, 0x0a, 0x69, 0x66, 0x20, 0x28, 0x21, 0x67, 0x6c, 0x6f, 0x62, 0x61, 0x6c, 0x54, 0x68, 0x69,
  0x73, 0x2e, 0x5f, 0x5f, 0x64, 0x73, 0x68, 0x47, 0x61, 0x74, 0x65, 0x77, 0x61, 0x79, 0x4e, 0x65,
  0x67, 0x6f, 0x74, 0x69, 0x61, 0x74, 0x65, 0x28, 0x27, 0x67, 0x61, 0x74, 0x65, 0x77, 0x61, 0x79,
  0x40, 0x31, 0x27, 0x29, 0x29, 0x20, 0x7b, 0x0a, 0x20, 0x20, 0x66, 0x61, 0x69, 0x6c, 0x28, 0x27,
  0x67, 0x61, 0x74, 0x65, 0x77, 0x61, 0x79, 0x20, 0x6e, 0x65, 0x67, 0x6f, 0x74, 0x69, 0x61, 0x74,
  0x69, 0x6f, 0x6e, 0x20, 0x66, 0x61, 0x69, 0x6c, 0x65, 0x64, 0x27, 0x29, 0x3b, 0x0a, 0x7d, 0x20,
  0x65, 0x6c, 0x73, 0x65, 0x20, 0x7b, 0x0a, 0x20, 0x20, 0x65, 0x6d, 0x69, 0x74, 0x28, 0x27, 0x67,
  0x61, 0x74, 0x65, 0x77, 0x61, 0x79, 0x2e, 0x6e, 0x65, 0x67, 0x6f, 0x74, 0x69, 0x61, 0x74, 0x65,
  0x64, 0x27, 0x2c, 0x20, 0x7b, 0x20, 0x76, 0x65, 0x72, 0x73, 0x69, 0x6f, 0x6e, 0x3a, 0x20, 0x27,
  0x67, 0x61, 0x74, 0x65, 0x77, 0x61, 0x79, 0x40, 0x31, 0x27, 0x20, 0x7d, 0x29, 0x3b, 0x0a, 0x0a,
  0x20, 0x20, 0x63, 0x6f, 0x6e, 0x73, 0x74, 0x20, 0x64, 0x65, 0x73, 0x63, 0x72, 0x69, 0x70, 0x74,
  0x6f, 0x72, 0x20, 0x3d, 0x20, 0x4a, 0x53, 0x4f, 0x4e, 0x2e, 0x70, 0x61, 0x72, 0x73, 0x65, 0x28,
  0x67, 0x6c, 0x6f, 0x62, 0x61, 0x6c, 0x54, 0x68, 0x69, 0x73, 0x2e, 0x5f, 0x5f, 0x64, 0x73, 0x68,
  0x47, 0x61, 0x74, 0x65, 0x77, 0x61, 0x79, 0x44, 0x65, 0x73, 0x63, 0x72, 0x69, 0x70, 0x74, 0x6f,
  0x72, 0x28, 0x29, 0x29, 0x3b, 0x0a, 0x20, 0x20, 0x64, 0x65, 0x6d, 0x61, 0x6e, 0x64, 0x28, 0x0a,
  0x20, 0x20, 0x20, 0x20, 0x64, 0x65, 0x73, 0x63, 0x72, 0x69, 0x70, 0x74, 0x6f, 0x72, 0x2e, 0x75,
  0x6e, 0x61, 0x76, 0x61, 0x69, 0x6c, 0x61, 0x62, 0x6c, 0x65, 0x2e, 0x6c, 0x65, 0x6e, 0x67, 0x74,
  0x68, 0x20, 0x3d, 0x3d, 0x3d, 0x20, 0x30, 0x2c, 0x0a, 0x20, 0x20, 0x20, 0x20, 0x60, 0x68, 0x6f,
  0x73, 0x74, 0x20, 0x64, 0x65, 0x63, 0x6c, 0x61, 0x72, 0x65, 0x64, 0x20, 0x75, 0x6e, 0x61, 0x76,
  0x61, 0x69, 0x6c, 0x61, 0x62, 0x6c, 0x65, 0x20, 0x70, 0x72, 0x69, 0x6d, 0x69, 0x74, 0x69, 0x76,
  0x65, 0x73, 0x3a, 0x20, 0x24, 0x7b, 0x64, 0x65, 0x73, 0x63, 0x72, 0x69, 0x70, 0x74, 0x6f, 0x72,
  0x2e, 0x75, 0x6e, 0x61, 0x76, 0x61, 0x69, 0x6c, 0x61, 0x62, 0x6c, 0x65, 0x2e, 0x6a, 0x6f, 0x69,
  0x6e, 0x28, 0x27, 0x2c, 0x27, 0x29, 0x7d, 0x60, 0x2c, 0x0a, 0x20, 0x20, 0x29, 0x3b, 0x0a, 0x20,
  0x20, 0x65, 0x6d, 0x69, 0x74, 0x28, 0x27, 0x64, 0x65, 0x73, 0x63, 0x72, 0x69, 0x70, 0x74, 0x6f,
  0x72, 0x2e, 0x64, 0x65, 0x63, 0x6c, 0x61, 0x72, 0x65, 0x64, 0x27, 0x2c, 0x20, 0x7b, 0x0a, 0x20,
  0x20, 0x20, 0x20, 0x61, 0x76, 0x61, 0x69, 0x6c, 0x61, 0x62, 0x6c, 0x65, 0x3a, 0x20, 0x64, 0x65,
  0x73, 0x63, 0x72, 0x69, 0x70, 0x74, 0x6f, 0x72, 0x2e, 0x61, 0x76, 0x61, 0x69, 0x6c, 0x61, 0x62,
  0x6c, 0x65, 0x2e, 0x6c, 0x65, 0x6e, 0x67, 0x74, 0x68, 0x2c, 0x0a, 0x20, 0x20, 0x20, 0x20, 0x75,
  0x6e, 0x61, 0x76, 0x61, 0x69, 0x6c, 0x61, 0x62, 0x6c, 0x65, 0x3a, 0x20, 0x64, 0x65, 0x73, 0x63,
  0x72, 0x69, 0x70, 0x74, 0x6f, 0x72, 0x2e, 0x75, 0x6e, 0x61, 0x76, 0x61, 0x69, 0x6c, 0x61, 0x62,
  0x6c, 0x65, 0x2e, 0x6c, 0x65, 0x6e, 0x67, 0x74, 0x68, 0x2c, 0x0a, 0x20, 0x20, 0x7d, 0x29, 0x3b,
  0x0a, 0x0a, 0x20, 0x20, 0x2f, 0x2f, 0x20, 0x68, 0x6f, 0x73, 0x74, 0x2e, 0x69, 0x6e, 0x66, 0x6f,
  0x20, 0x7b, 0x22, 0x65, 0x76, 0x65, 0x6e, 0x74, 0x22, 0x3a, 0x22, 0x68, 0x6f, 0x73, 0x74, 0x2e,
  0x69, 0x6e, 0x66, 0x6f, 0x22, 0x2c, 0x22, 0x70, 0x6f, 0x72, 0x74, 0x22, 0x3a, 0x4e, 0x7d, 0x20,
  0xe2, 0x80, 0x94, 0x20, 0x64, 0x65, 0x6c, 0x69, 0x76, 0x65, 0x72, 0x65, 0x64, 0x20, 0x62, 0x79,
  0x20, 0x74, 0x68, 0x65, 0x20, 0x65, 0x6d, 0x62, 0x65, 0x64, 0x64, 0x65, 0x72, 0x2e, 0x0a, 0x20,
  0x20, 0x63, 0x6f, 0x6e, 0x73, 0x74, 0x20, 0x68, 0x6f, 0x73, 0x74, 0x49, 0x6e, 0x66, 0x6f, 0x20,
  0x3d, 0x20, 0x61, 0x77, 0x61, 0x69, 0x74, 0x20, 0x6e, 0x65, 0x78, 0x74, 0x45, 0x76, 0x65, 0x6e,
  0x74, 0x28, 0x27, 0x68, 0x6f, 0x73, 0x74, 0x2e, 0x69, 0x6e, 0x66, 0x6f, 0x27, 0x29, 0x3b, 0x0a,
  0x20, 0x20, 0x63, 0x6f, 0x6e, 0x73, 0x74, 0x20, 0x62, 0x61, 0x73, 0x65, 0x20, 0x3d, 0x20, 0x60,
  0x68, 0x74, 0x74, 0x70, 0x3a, 0x2f, 0x2f, 0x31, 0x32, 0x37, 0x2e, 0x30, 0x2e, 0x30, 0x2e, 0x31,
  0x3a, 0x24, 0x7b, 0x68, 0x6f, 0x73, 0x74, 0x49, 0x6e, 0x66, 0x6f, 0x2e, 0x70, 0x6f, 0x72, 0x74,
  0x7d, 0x60, 0x3b, 0x0a, 0x0a, 0x20, 0x20, 0x63, 0x6f, 0x6e, 0x73, 0x74, 0x20, 0x77, 0x72, 0x69,
  0x74, 0x74, 0x65, 0x6e, 0x20, 0x3d, 0x20, 0x61, 0x77, 0x61, 0x69, 0x74, 0x20, 0x66, 0x73, 0x57,
  0x72, 0x69, 0x74, 0x65, 0x28, 0x27, 0x61, 0x70, 0x70, 0x27, 0x2c, 0x20, 0x27, 0x70, 0x72, 0x6f,
  0x62, 0x65, 0x2e, 0x74, 0x78, 0x74, 0x27, 0x2c, 0x20, 0x70, 0x72, 0x6f, 0x62, 0x65, 0x42, 0x79,
  0x74, 0x65, 0x73, 0x28, 0x29, 0x29, 0x3b, 0x0a, 0x20, 0x20, 0x65, 0x6d, 0x69, 0x74, 0x28, 0x27,
  0x66, 0x73, 0x2e, 0x77, 0x72, 0x69, 0x74, 0x65, 0x2e, 0x6f, 0x6b, 0x27, 0x2c, 0x20, 0x7b, 0x20,
  0x77, 0x72, 0x69, 0x74, 0x74, 0x65, 0x6e, 0x3a, 0x20, 0x77, 0x72, 0x69, 0x74, 0x74, 0x65, 0x6e,
  0x2e, 0x77, 0x72, 0x69, 0x74, 0x74, 0x65, 0x6e, 0x20, 0x7d, 0x29, 0x3b, 0x0a, 0x0a, 0x20, 0x20,
  0x63, 0x6f, 0x6e, 0x73, 0x74, 0x20, 0x65, 0x78, 0x70, 0x65, 0x63, 0x74, 0x65, 0x64, 0x20, 0x3d,
  0x20, 0x70, 0x72, 0x6f, 0x62, 0x65, 0x42, 0x79, 0x74, 0x65, 0x73, 0x28, 0x29, 0x3b, 0x0a, 0x20,
  0x20, 0x63, 0x6f, 0x6e, 0x73, 0x74, 0x20, 0x72, 0x65, 0x61, 0x64, 0x20, 0x3d, 0x20, 0x61, 0x77,
  0x61, 0x69, 0x74, 0x20, 0x66, 0x73, 0x52, 0x65, 0x61, 0x64, 0x28, 0x27, 0x61, 0x70, 0x70, 0x27,
  0x2c, 0x20, 0x27, 0x70, 0x72, 0x6f, 0x62, 0x65, 0x2e, 0x74, 0x78, 0x74, 0x27, 0x29, 0x3b, 0x0a,
  0x20, 0x20, 0x65, 0x6d, 0x69, 0x74, 0x28, 0x27, 0x66, 0x73, 0x2e, 0x72, 0x65, 0x61, 0x64, 0x2e,
  0x6f, 0x6b, 0x27, 0x2c, 0x20, 0x7b, 0x20, 0x62, 0x79, 0x74, 0x65, 0x73, 0x3a, 0x20, 0x72, 0x65,
  0x61, 0x64, 0x2e, 0x62, 0x79, 0x74, 0x65, 0x73, 0x2e, 0x6c, 0x65, 0x6e, 0x67, 0x74, 0x68, 0x2c,
  0x20, 0x6d, 0x61, 0x74, 0x63, 0x68, 0x65, 0x73, 0x3a, 0x20, 0x62, 0x79, 0x74, 0x65, 0x73, 0x45,
  0x71, 0x75, 0x61, 0x6c, 0x28, 0x72, 0x65, 0x61, 0x64, 0x2e, 0x62, 0x79, 0x74, 0x65, 0x73, 0x2c,
  0x20, 0x65, 0x78, 0x70, 0x65, 0x63, 0x74, 0x65, 0x64, 0x29, 0x20, 0x7d, 0x29, 0x3b, 0x0a, 0x0a,
  0x20, 0x20, 0x74, 0x72, 0x79, 0x20, 0x7b, 0x0a, 0x20, 0x20, 0x20, 0x20, 0x61, 0x77, 0x61, 0x69,
  0x74, 0x20, 0x66, 0x73, 0x52, 0x65, 0x61, 0x64, 0x28, 0x27, 0x75, 0x73, 0x65, 0x72, 0x3a, 0x6e,
  0x6f, 0x77, 0x68, 0x65, 0x72, 0x65, 0x27, 0x2c, 0x20, 0x27, 0x78, 0x27, 0x29, 0x3b, 0x20, 0x2f,
  0x2f, 0x20, 0x75, 0x6e, 0x67, 0x72, 0x61, 0x6e, 0x74, 0x65, 0x64, 0x20, 0x73, 0x63, 0x6f, 0x70,
  0x65, 0x20, 0x6d, 0x75, 0x73, 0x74, 0x20, 0x64, 0x65, 0x6e, 0x79, 0x0a, 0x20, 0x20, 0x20, 0x20,
  0x64, 0x65, 0x6d, 0x61, 0x6e, 0x64, 0x28, 0x66, 0x61, 0x6c, 0x73, 0x65, 0x2c, 0x20, 0x27, 0x75,
  0x6e, 0x67, 0x72, 0x61, 0x6e, 0x74, 0x65, 0x64, 0x20, 0x73, 0x63, 0x6f, 0x70, 0x65, 0x20, 0x73,
  0x68, 0x6f, 0x75, 0x6c, 0x64, 0x20, 0x72, 0x65, 0x6a, 0x65, 0x63, 0x74, 0x20, 0x64, 0x65, 0x6e,
  0x69, 0x65, 0x64, 0x27, 0x29, 0x3b, 0x0a, 0x20, 0x20, 0x7d, 0x20, 0x63, 0x61, 0x74, 0x63, 0x68,
  0x20, 0x28, 0x65, 0x72, 0x72, 0x29, 0x20, 0x7b, 0x0a, 0x20, 0x20, 0x20, 0x20, 0x65, 0x6d, 0x69,
  0x74, 0x28, 0x27, 0x66, 0x73, 0x2e, 0x64, 0x65, 0x6e, 0x69, 0x65, 0x64, 0x27, 0x2c, 0x20, 0x7b,
  0x20, 0x63, 0x6f, 0x64, 0x65, 0x3a, 0x20, 0x65, 0x72, 0x72, 0x2e, 0x63, 0x6f, 0x64, 0x65, 0x20,
  0x7d, 0x29, 0x3b, 0x0a, 0x20, 0x20, 0x7d, 0x0a, 0x0a, 0x20, 0x20, 0x63, 0x6f, 0x6e, 0x73, 0x74,
  0x20, 0x62, 0x79, 0x74, 0x65, 0x73, 0x52, 0x65, 0x73, 0x20, 0x3d, 0x20, 0x61, 0x77, 0x61, 0x69,
  0x74, 0x20, 0x68, 0x74, 0x74, 0x70, 0x46, 0x65, 0x74, 0x63, 0x68, 0x28, 0x60, 0x24, 0x7b, 0x62,
  0x61, 0x73, 0x65, 0x7d, 0x2f, 0x67, 0x61, 0x74, 0x65, 0x77, 0x61, 0x79, 0x2d, 0x65, 0x32, 0x65,
  0x2f, 0x62, 0x79, 0x74, 0x65, 0x73, 0x60, 0x29, 0x3b, 0x0a, 0x20, 0x20, 0x65, 0x6d, 0x69, 0x74,
  0x28, 0x27, 0x68, 0x74, 0x74, 0x70, 0x2e, 0x73, 0x74, 0x61, 0x74, 0x75, 0x73, 0x27, 0x2c, 0x20,
  0x7b, 0x20, 0x73, 0x74, 0x61, 0x74, 0x75, 0x73, 0x3a, 0x20, 0x62, 0x79, 0x74, 0x65, 0x73, 0x52,
  0x65, 0x73, 0x2e, 0x73, 0x74, 0x61, 0x74, 0x75, 0x73, 0x2c, 0x20, 0x6c, 0x6f, 0x6f, 0x70, 0x62,
  0x61, 0x63, 0x6b, 0x3a, 0x20, 0x62, 0x61, 0x73, 0x65, 0x2e, 0x73, 0x74, 0x61, 0x72, 0x74, 0x73,
  0x57, 0x69, 0x74, 0x68, 0x28, 0x27, 0x68, 0x74, 0x74, 0x70, 0x3a, 0x2f, 0x2f, 0x31, 0x32, 0x37,
  0x2e, 0x30, 0x2e, 0x30, 0x2e, 0x31, 0x3a, 0x27, 0x29, 0x20, 0x7d, 0x29, 0x3b, 0x0a, 0x0a, 0x20,
  0x20, 0x6c, 0x65, 0x74, 0x20, 0x63, 0x68, 0x75, 0x6e, 0x6b, 0x73, 0x20, 0x3d, 0x20, 0x30, 0x3b,
  0x0a, 0x20, 0x20, 0x6c, 0x65, 0x74, 0x20, 0x74, 0x6f, 0x74, 0x61, 0x6c, 0x42, 0x79, 0x74, 0x65,
  0x73, 0x20, 0x3d, 0x20, 0x30, 0x3b, 0x0a, 0x20, 0x20, 0x66, 0x6f, 0x72, 0x20, 0x61, 0x77, 0x61,
  0x69, 0x74, 0x20, 0x28, 0x63, 0x6f, 0x6e, 0x73, 0x74, 0x20, 0x63, 0x68, 0x75, 0x6e, 0x6b, 0x20,
  0x6f, 0x66, 0x20, 0x62, 0x79, 0x74, 0x65, 0x73, 0x52, 0x65, 0x73, 0x2e, 0x62, 0x6f, 0x64, 0x79,
  0x29, 0x20, 0x7b, 0x0a, 0x20, 0x20, 0x20, 0x20, 0x63, 0x68, 0x75, 0x6e, 0x6b, 0x73, 0x20, 0x2b,
  0x3d, 0x20, 0x31, 0x3b, 0x0a, 0x20, 0x20, 0x20, 0x20, 0x74, 0x6f, 0x74, 0x61, 0x6c, 0x42, 0x79,
  0x74, 0x65, 0x73, 0x20, 0x2b, 0x3d, 0x20, 0x63, 0x68, 0x75, 0x6e, 0x6b, 0x2e, 0x6c, 0x65, 0x6e,
  0x67, 0x74, 0x68, 0x3b, 0x0a, 0x20, 0x20, 0x7d, 0x0a, 0x20, 0x20, 0x65, 0x6d, 0x69, 0x74, 0x28,
  0x27, 0x68, 0x74, 0x74, 0x70, 0x2e, 0x62, 0x6f, 0x64, 0x79, 0x27, 0x2c, 0x20, 0x7b, 0x20, 0x63,
  0x68, 0x75, 0x6e, 0x6b, 0x73, 0x2c, 0x20, 0x74, 0x6f, 0x74, 0x61, 0x6c, 0x42, 0x79, 0x74, 0x65,
  0x73, 0x20, 0x7d, 0x29, 0x3b, 0x0a, 0x0a, 0x20, 0x20, 0x63, 0x6f, 0x6e, 0x73, 0x74, 0x20, 0x73,
  0x6c, 0x6f, 0x77, 0x20, 0x3d, 0x20, 0x61, 0x77, 0x61, 0x69, 0x74, 0x20, 0x68, 0x74, 0x74, 0x70,
  0x46, 0x65, 0x74, 0x63, 0x68, 0x28, 0x60, 0x24, 0x7b, 0x62, 0x61, 0x73, 0x65, 0x7d, 0x2f, 0x67,
  0x61, 0x74, 0x65, 0x77, 0x61, 0x79, 0x2d, 0x65, 0x32, 0x65, 0x2f, 0x73, 0x6c, 0x6f, 0x77, 0x60,
  0x29, 0x3b, 0x0a, 0x20, 0x20, 0x6c, 0x65, 0x74, 0x20, 0x73, 0x65, 0x65, 0x6e, 0x20, 0x3d, 0x20,
  0x30, 0x3b, 0x0a, 0x20, 0x20, 0x74, 0x72, 0x79, 0x20, 0x7b, 0x0a, 0x20, 0x20, 0x20, 0x20, 0x66,
  0x6f, 0x72, 0x20, 0x61, 0x77, 0x61, 0x69, 0x74, 0x20, 0x28, 0x63, 0x6f, 0x6e, 0x73, 0x74, 0x20,
  0x63, 0x68, 0x75, 0x6e, 0x6b, 0x20, 0x6f, 0x66, 0x20, 0x73, 0x6c, 0x6f, 0x77, 0x2e, 0x62, 0x6f,
  0x64, 0x79, 0x29, 0x20, 0x7b, 0x0a, 0x20, 0x20, 0x20, 0x20, 0x20, 0x20, 0x73, 0x65, 0x65, 0x6e,
  0x20, 0x2b, 0x3d, 0x20, 0x31, 0x3b, 0x0a, 0x20, 0x20, 0x20, 0x20, 0x20, 0x20, 0x69, 0x66, 0x20,
  0x28, 0x73, 0x65, 0x65, 0x6e, 0x20, 0x3d, 0x3d, 0x3d, 0x20, 0x31, 0x29, 0x20, 0x73, 0x6c, 0x6f,
  0x77, 0x2e, 0x61, 0x62, 0x6f, 0x72, 0x74, 0x28, 0x29, 0x3b, 0x20, 0x2f, 0x2f, 0x20, 0x61, 0x62,
  0x6f, 0x72, 0x74, 0x20, 0x61, 0x66, 0x74, 0x65, 0x72, 0x20, 0x74, 0x68, 0x65, 0x20, 0x66, 0x69,
  0x72, 0x73, 0x74, 0x20, 0x63, 0x68, 0x75, 0x6e, 0x6b, 0x0a, 0x20, 0x20, 0x20, 0x20, 0x7d, 0x0a,
  0x20, 0x20, 0x20, 0x20, 0x64, 0x65, 0x6d, 0x61, 0x6e, 0x64, 0x28, 0x66, 0x61, 0x6c, 0x73, 0x65,
  0x2c, 0x20, 0x27, 0x61, 0x62, 0x6f, 0x72, 0x74, 0x65, 0x64, 0x20, 0x62, 0x6f, 0x64, 0x79, 0x20,
  0x73, 0x68, 0x6f, 0x75, 0x6c, 0x64, 0x20, 0x74, 0x68, 0x72, 0x6f, 0x77, 0x20, 0x63, 0x61, 0x6e,
  0x63, 0x65, 0x6c, 0x6c, 0x65, 0x64, 0x27, 0x29, 0x3b, 0x0a, 0x20, 0x20, 0x7d, 0x20, 0x63, 0x61,
  0x74, 0x63, 0x68, 0x20, 0x28, 0x65, 0x72, 0x72, 0x29, 0x20, 0x7b, 0x0a, 0x20, 0x20, 0x20, 0x20,
  0x65, 0x6d, 0x69, 0x74, 0x28, 0x27, 0x68, 0x74, 0x74, 0x70, 0x2e, 0x61, 0x62, 0x6f, 0x72, 0x74,
  0x65, 0x64, 0x27, 0x2c, 0x20, 0x7b, 0x20, 0x63, 0x6f, 0x64, 0x65, 0x3a, 0x20, 0x65, 0x72, 0x72,
  0x2e, 0x63, 0x6f, 0x64, 0x65, 0x20, 0x7d, 0x29, 0x3b, 0x0a, 0x20, 0x20, 0x7d, 0x0a, 0x0a, 0x20,
  0x20, 0x63, 0x6f, 0x6e, 0x73, 0x74, 0x20, 0x70, 0x69, 0x63, 0x6b, 0x65, 0x64, 0x20, 0x3d, 0x20,
  0x61, 0x77, 0x61, 0x69, 0x74, 0x20, 0x70, 0x72, 0x65, 0x73, 0x65, 0x6e, 0x74, 0x50, 0x69, 0x63,
  0x6b, 0x65, 0x72, 0x28, 0x7b, 0x20, 0x6d, 0x6f, 0x64, 0x65, 0x3a, 0x20, 0x27, 0x66, 0x69, 0x6c,
  0x65, 0x27, 0x20, 0x7d, 0x29, 0x3b, 0x0a, 0x20, 0x20, 0x64, 0x65, 0x6d, 0x61, 0x6e, 0x64, 0x28,
  0x70, 0x69, 0x63, 0x6b, 0x65, 0x64, 0x2c, 0x20, 0x27, 0x70, 0x69, 0x63, 0x6b, 0x65, 0x72, 0x20,
  0x64, 0x69, 0x73, 0x6d, 0x69, 0x73, 0x73, 0x61, 0x6c, 0x20, 0x69, 0x73, 0x20, 0x6e, 0x6f, 0x74,
  0x20, 0x61, 0x6e, 0x20, 0x45, 0x32, 0x45, 0x20, 0x70, 0x61, 0x74, 0x68, 0x20, 0x28, 0x74, 0x68,
  0x65, 0x20, 0x64, 0x72, 0x69, 0x76, 0x65, 0x72, 0x20, 0x67, 0x72, 0x61, 0x6e, 0x74, 0x73, 0x20,
  0x6e, 0x6f, 0x74, 0x65, 0x73, 0x2e, 0x74, 0x78, 0x74, 0x29, 0x27, 0x29, 0x3b, 0x0a, 0x20, 0x20,
  0x65, 0x6d, 0x69, 0x74, 0x28, 0x27, 0x70, 0x69, 0x63, 0x6b, 0x65, 0x72, 0x2e, 0x67, 0x72, 0x61,
  0x6e, 0x74, 0x65, 0x64, 0x27, 0x2c, 0x20, 0x7b, 0x0a, 0x20, 0x20, 0x20, 0x20, 0x6d, 0x6f, 0x64,
  0x65, 0x3a, 0x20, 0x27, 0x66, 0x69, 0x6c, 0x65, 0x27, 0x2c, 0x0a, 0x20, 0x20, 0x20, 0x20, 0x70,
  0x61, 0x74, 0x68, 0x3a, 0x20, 0x70, 0x69, 0x63, 0x6b, 0x65, 0x64, 0x2e, 0x70, 0x61, 0x74, 0x68,
  0x2c, 0x0a, 0x20, 0x20, 0x20, 0x20, 0x73, 0x63, 0x6f, 0x70, 0x65, 0x4f, 0x70, 0x61, 0x71, 0x75,
  0x65, 0x3a, 0x20, 0x70, 0x69, 0x63, 0x6b, 0x65, 0x64, 0x2e, 0x73, 0x63, 0x6f, 0x70, 0x65, 0x2e,
  0x73, 0x74, 0x61, 0x72, 0x74, 0x73, 0x57, 0x69, 0x74, 0x68, 0x28, 0x27, 0x75, 0x73, 0x65, 0x72,
  0x3a, 0x27, 0x29, 0x2c, 0x0a, 0x20, 0x20, 0x7d, 0x29, 0x3b, 0x0a, 0x0a, 0x20, 0x20, 0x63, 0x6f,
  0x6e, 0x73, 0x74, 0x20, 0x70, 0x65, 0x72, 0x73, 0x69, 0x73, 0x74, 0x65, 0x64, 0x20, 0x3d, 0x20,
  0x61, 0x77, 0x61, 0x69, 0x74, 0x20, 0x66, 0x73, 0x53, 0x63, 0x6f, 0x70, 0x65, 0x2e, 0x70, 0x65,
  0x72, 0x73, 0x69, 0x73, 0x74, 0x28, 0x70, 0x69, 0x63, 0x6b, 0x65, 0x64, 0x2e, 0x73, 0x63, 0x6f,
  0x70, 0x65, 0x29, 0x3b, 0x0a, 0x20, 0x20, 0x65, 0x6d, 0x69, 0x74, 0x28, 0x27, 0x66, 0x73, 0x2e,
  0x73, 0x63, 0x6f, 0x70, 0x65, 0x2e, 0x70, 0x65, 0x72, 0x73, 0x69, 0x73, 0x74, 0x27, 0x2c, 0x20,
  0x7b, 0x20, 0x72, 0x65, 0x66, 0x4f, 0x70, 0x61, 0x71, 0x75, 0x65, 0x3a, 0x20, 0x70, 0x65, 0x72,
  0x73, 0x69, 0x73, 0x74, 0x65, 0x64, 0x2e, 0x72, 0x65, 0x66, 0x2e, 0x73, 0x74, 0x61, 0x72, 0x74,
  0x73, 0x57, 0x69, 0x74, 0x68, 0x28, 0x27, 0x62, 0x6b, 0x6d, 0x3a, 0x27, 0x29, 0x20, 0x7d, 0x29,
  0x3b, 0x0a, 0x0a, 0x20, 0x20, 0x63, 0x6f, 0x6e, 0x73, 0x74, 0x20, 0x72, 0x65, 0x73, 0x6f, 0x6c,
  0x76, 0x65, 0x64, 0x20, 0x3d, 0x20, 0x61, 0x77, 0x61, 0x69, 0x74, 0x20, 0x66, 0x73, 0x53, 0x63,
  0x6f, 0x70, 0x65, 0x2e, 0x72, 0x65, 0x73, 0x6f, 0x6c, 0x76, 0x65, 0x28, 0x70, 0x65, 0x72, 0x73,
  0x69, 0x73, 0x74, 0x65, 0x64, 0x2e, 0x72, 0x65, 0x66, 0x29, 0x3b, 0x0a, 0x20, 0x20, 0x63, 0x6f,
  0x6e, 0x73, 0x74, 0x20, 0x72, 0x65, 0x61, 0x64, 0x42, 0x61, 0x63, 0x6b, 0x20, 0x3d, 0x20, 0x61,
  0x77, 0x61, 0x69, 0x74, 0x20, 0x66, 0x73, 0x52, 0x65, 0x61, 0x64, 0x28, 0x72, 0x65, 0x73, 0x6f,
  0x6c, 0x76, 0x65, 0x64, 0x2e, 0x73, 0x63, 0x6f, 0x70, 0x65, 0x2c, 0x20, 0x70, 0x69, 0x63, 0x6b,
  0x65, 0x64, 0x2e, 0x70, 0x61, 0x74, 0x68, 0x29, 0x3b, 0x0a, 0x20, 0x20, 0x65, 0x6d, 0x69, 0x74,
  0x28, 0x27, 0x66, 0x73, 0x2e, 0x73, 0x63, 0x6f, 0x70, 0x65, 0x2e, 0x72, 0x65, 0x73, 0x6f, 0x6c,
  0x76, 0x65, 0x27, 0x2c, 0x20, 0x7b, 0x0a, 0x20, 0x20, 0x20, 0x20, 0x73, 0x63, 0x6f, 0x70, 0x65,
  0x4f, 0x70, 0x61, 0x71, 0x75, 0x65, 0x3a, 0x20, 0x72, 0x65, 0x73, 0x6f, 0x6c, 0x76, 0x65, 0x64,
  0x2e, 0x73, 0x63, 0x6f, 0x70, 0x65, 0x2e, 0x73, 0x74, 0x61, 0x72, 0x74, 0x73, 0x57, 0x69, 0x74,
  0x68, 0x28, 0x27, 0x75, 0x73, 0x65, 0x72, 0x3a, 0x27, 0x29, 0x2c, 0x0a, 0x20, 0x20, 0x20, 0x20,
  0x72, 0x65, 0x61, 0x64, 0x73, 0x3a, 0x20, 0x72, 0x65, 0x61, 0x64, 0x42, 0x61, 0x63, 0x6b, 0x2e,
  0x62, 0x79, 0x74, 0x65, 0x73, 0x2e, 0x6c, 0x65, 0x6e, 0x67, 0x74, 0x68, 0x20, 0x3e, 0x20, 0x30,
  0x2c, 0x0a, 0x20, 0x20, 0x7d, 0x29, 0x3b, 0x0a, 0x0a, 0x20, 0x20, 0x63, 0x6f, 0x6e, 0x73, 0x74,
  0x20, 0x61, 0x70, 0x70, 0x72, 0x6f, 0x76, 0x61, 0x6c, 0x20, 0x3d, 0x20, 0x61, 0x77, 0x61, 0x69,
  0x74, 0x20, 0x70, 0x72, 0x65, 0x73, 0x65, 0x6e, 0x74, 0x41, 0x70, 0x70, 0x72, 0x6f, 0x76, 0x61,
  0x6c, 0x28, 0x7b, 0x20, 0x74, 0x69, 0x74, 0x6c, 0x65, 0x3a, 0x20, 0x27, 0x45, 0x32, 0x45, 0x20,
  0x61, 0x70, 0x70, 0x72, 0x6f, 0x76, 0x61, 0x6c, 0x27, 0x20, 0x7d, 0x29, 0x3b, 0x0a, 0x20, 0x20,
  0x65, 0x6d, 0x69, 0x74, 0x28, 0x27, 0x61, 0x70, 0x70, 0x72, 0x6f, 0x76, 0x61, 0x6c, 0x2e, 0x61,
  0x70, 0x70, 0x72, 0x6f, 0x76, 0x65, 0x64, 0x27, 0x2c, 0x20, 0x7b, 0x20, 0x61, 0x70, 0x70, 0x72,
  0x6f, 0x76, 0x65, 0x64, 0x3a, 0x20, 0x61, 0x70, 0x70, 0x72, 0x6f, 0x76, 0x61, 0x6c, 0x2e, 0x61,
  0x70, 0x70, 0x72, 0x6f, 0x76, 0x65, 0x64, 0x2c, 0x20, 0x72, 0x65, 0x6d, 0x65, 0x6d, 0x62, 0x65,
  0x72, 0x3a, 0x20, 0x61, 0x70, 0x70, 0x72, 0x6f, 0x76, 0x61, 0x6c, 0x2e, 0x72, 0x65, 0x6d, 0x65,
  0x6d, 0x62, 0x65, 0x72, 0x20, 0x3f, 0x3f, 0x20, 0x66, 0x61, 0x6c, 0x73, 0x65, 0x20, 0x7d, 0x29,
  0x3b, 0x0a, 0x0a, 0x20, 0x20, 0x63, 0x6f, 0x6e, 0x73, 0x74, 0x20, 0x73, 0x65, 0x63, 0x72, 0x65,
  0x74, 0x20, 0x3d, 0x20, 0x67, 0x6c, 0x6f, 0x62, 0x61, 0x6c, 0x54, 0x68, 0x69, 0x73, 0x2e, 0x63,
  0x72, 0x79, 0x70, 0x74, 0x6f, 0x2e, 0x67, 0x65, 0x74, 0x52, 0x61, 0x6e, 0x64, 0x6f, 0x6d, 0x56,
  0x61, 0x6c, 0x75, 0x65, 0x73, 0x28, 0x6e, 0x65, 0x77, 0x20, 0x55, 0x69, 0x6e, 0x74, 0x38, 0x41,
  0x72, 0x72, 0x61, 0x79, 0x28, 0x33, 0x32, 0x29, 0x29, 0x3b, 0x0a, 0x20, 0x20, 0x61, 0x77, 0x61,
  0x69, 0x74, 0x20, 0x6b, 0x65, 0x79, 0x63, 0x68, 0x61, 0x69, 0x6e, 0x53, 0x65, 0x74, 0x28, 0x27,
  0x64, 0x73, 0x68, 0x2e, 0x73, 0x70, 0x69, 0x6b, 0x65, 0x2f, 0x63, 0x72, 0x65, 0x64, 0x27, 0x2c,
  0x20, 0x73, 0x65, 0x63, 0x72, 0x65, 0x74, 0x29, 0x3b, 0x0a, 0x20, 0x20, 0x63, 0x6f, 0x6e, 0x73,
  0x74, 0x20, 0x73, 0x74, 0x6f, 0x72, 0x65, 0x64, 0x20, 0x3d, 0x20, 0x61, 0x77, 0x61, 0x69, 0x74,
  0x20, 0x6b, 0x65, 0x79, 0x63, 0x68, 0x61, 0x69, 0x6e, 0x47, 0x65, 0x74, 0x28, 0x27, 0x64, 0x73,
  0x68, 0x2e, 0x73, 0x70, 0x69, 0x6b, 0x65, 0x2f, 0x63, 0x72, 0x65, 0x64, 0x27, 0x29, 0x3b, 0x0a,
  0x20, 0x20, 0x65, 0x6d, 0x69, 0x74, 0x28, 0x27, 0x6b, 0x65, 0x79, 0x63, 0x68, 0x61, 0x69, 0x6e,
  0x2e, 0x72, 0x6f, 0x75, 0x6e, 0x64, 0x74, 0x72, 0x69, 0x70, 0x27, 0x2c, 0x20, 0x7b, 0x20, 0x73,
  0x65, 0x74, 0x3a, 0x20, 0x74, 0x72, 0x75, 0x65, 0x2c, 0x20, 0x6d, 0x61, 0x74, 0x63, 0x68, 0x3a,
  0x20, 0x21, 0x21, 0x73, 0x74, 0x6f, 0x72, 0x65, 0x64, 0x20, 0x26, 0x26, 0x20, 0x62, 0x79, 0x74,
  0x65, 0x73, 0x45, 0x71, 0x75, 0x61, 0x6c, 0x28, 0x73, 0x74, 0x6f, 0x72, 0x65, 0x64, 0x2e, 0x73,
  0x65, 0x63, 0x72, 0x65, 0x74, 0x2c, 0x20, 0x73, 0x65, 0x63, 0x72, 0x65, 0x74, 0x29, 0x20, 0x7d,
  0x29, 0x3b, 0x0a, 0x0a, 0x20, 0x20, 0x61, 0x77, 0x61, 0x69, 0x74, 0x20, 0x6b, 0x65, 0x79, 0x63,
  0x68, 0x61, 0x69, 0x6e, 0x53, 0x65, 0x74, 0x28, 0x27, 0x64, 0x73, 0x68, 0x2e, 0x73, 0x70, 0x69,
  0x6b, 0x65, 0x2f, 0x63, 0x72, 0x65, 0x64, 0x27, 0x2c, 0x20, 0x6e, 0x75, 0x6c, 0x6c, 0x29, 0x3b,
  0x0a, 0x20, 0x20, 0x63, 0x6f, 0x6e, 0x73, 0x74, 0x20, 0x67, 0x6f, 0x6e, 0x65, 0x20, 0x3d, 0x20,
  0x61, 0x77, 0x61, 0x69, 0x74, 0x20, 0x6b, 0x65, 0x79, 0x63, 0x68, 0x61, 0x69, 0x6e, 0x47, 0x65,
  0x74, 0x28, 0x27, 0x64, 0x73, 0x68, 0x2e, 0x73, 0x70, 0x69, 0x6b, 0x65, 0x2f, 0x63, 0x72, 0x65,
  0x64, 0x27, 0x29, 0x3b, 0x0a, 0x20, 0x20, 0x65, 0x6d, 0x69, 0x74, 0x28, 0x27, 0x6b, 0x65, 0x79,
  0x63, 0x68, 0x61, 0x69, 0x6e, 0x2e, 0x64, 0x65, 0x6c, 0x65, 0x74, 0x65, 0x64, 0x27, 0x2c, 0x20,
  0x7b, 0x20, 0x67, 0x6f, 0x6e, 0x65, 0x3a, 0x20, 0x67, 0x6f, 0x6e, 0x65, 0x20, 0x3d, 0x3d, 0x3d,
  0x20, 0x6e, 0x75, 0x6c, 0x6c, 0x20, 0x7d, 0x29, 0x3b, 0x0a, 0x0a, 0x20, 0x20, 0x63, 0x6f, 0x6e,
  0x73, 0x74, 0x20, 0x6e, 0x6f, 0x74, 0x69, 0x66, 0x69, 0x63, 0x61, 0x74, 0x69, 0x6f, 0x6e, 0x20,
  0x3d, 0x20, 0x61, 0x77, 0x61, 0x69, 0x74, 0x20, 0x6e, 0x6f, 0x74, 0x69, 0x66, 0x79, 0x28, 0x7b,
  0x20, 0x74, 0x69, 0x74, 0x6c, 0x65, 0x3a, 0x20, 0x27, 0x44, 0x53, 0x48, 0x20, 0x45, 0x32, 0x45,
  0x27, 0x2c, 0x20, 0x62, 0x6f, 0x64, 0x79, 0x3a, 0x20, 0x27, 0x67, 0x61, 0x74, 0x65, 0x77, 0x61,
  0x79, 0x20, 0x62, 0x69, 0x6e, 0x64, 0x69, 0x6e, 0x67, 0x27, 0x20, 0x7d, 0x29, 0x3b, 0x0a, 0x20,
  0x20, 0x65, 0x6d, 0x69, 0x74, 0x28, 0x27, 0x6e, 0x6f, 0x74, 0x69, 0x66, 0x79, 0x2e, 0x73, 0x63,
  0x68, 0x65, 0x64, 0x75, 0x6c, 0x65, 0x64, 0x27, 0x2c, 0x20, 0x7b, 0x20, 0x69, 0x64, 0x4f, 0x70,
  0x61, 0x71, 0x75, 0x65, 0x3a, 0x20, 0x6e, 0x6f, 0x74, 0x69, 0x66, 0x69, 0x63, 0x61, 0x74, 0x69,
  0x6f, 0x6e, 0x2e, 0x69, 0x64, 0x2e, 0x73, 0x74, 0x61, 0x72, 0x74, 0x73, 0x57, 0x69, 0x74, 0x68,
  0x28, 0x27, 0x6e, 0x3a, 0x27, 0x29, 0x20, 0x7d, 0x29, 0x3b, 0x0a, 0x0a, 0x20, 0x20, 0x63, 0x6f,
  0x6e, 0x73, 0x74, 0x20, 0x62, 0x61, 0x63, 0x6b, 0x67, 0x72, 0x6f, 0x75, 0x6e, 0x64, 0x20, 0x3d,
  0x20, 0x61, 0x77, 0x61, 0x69, 0x74, 0x20, 0x6e, 0x65, 0x78, 0x74, 0x45, 0x76, 0x65, 0x6e, 0x74,
  0x28, 0x27, 0x61, 0x70, 0x70, 0x2e, 0x73, 0x74, 0x61, 0x74, 0x65, 0x27, 0x29, 0x3b, 0x0a, 0x20,
  0x20, 0x65, 0x6d, 0x69, 0x74, 0x28, 0x27, 0x61, 0x70, 0x70, 0x2e, 0x73, 0x74, 0x61, 0x74, 0x65,
  0x27, 0x2c, 0x20, 0x7b, 0x20, 0x73, 0x74, 0x61, 0x74, 0x65, 0x3a, 0x20, 0x62, 0x61, 0x63, 0x6b,
  0x67, 0x72, 0x6f, 0x75, 0x6e, 0x64, 0x2e, 0x73, 0x74, 0x61, 0x74, 0x65, 0x20, 0x7d, 0x29, 0x3b,
  0x0a, 0x0a, 0x20, 0x20, 0x63, 0x6f, 0x6e, 0x73, 0x74, 0x20, 0x72, 0x65, 0x73, 0x70, 0x6f, 0x6e,
  0x73, 0x65, 0x20, 0x3d, 0x20, 0x61, 0x77, 0x61, 0x69, 0x74, 0x20, 0x6e, 0x65, 0x78, 0x74, 0x45,
  0x76, 0x65, 0x6e, 0x74, 0x28, 0x27, 0x6e, 0x6f, 0x74, 0x69, 0x66, 0x79, 0x2e, 0x72, 0x65, 0x73,
  0x70, 0x6f, 0x6e, 0x73, 0x65, 0x27, 0x29, 0x3b, 0x0a, 0x20, 0x20, 0x65, 0x6d, 0x69, 0x74, 0x28,
  0x27, 0x6e, 0x6f, 0x74, 0x69, 0x66, 0x79, 0x2e, 0x72, 0x65, 0x73, 0x70, 0x6f, 0x6e, 0x73, 0x65,
  0x27, 0x2c, 0x20, 0x7b, 0x20, 0x69, 0x64, 0x4d, 0x61, 0x74, 0x63, 0x68, 0x65, 0x73, 0x3a, 0x20,
  0x72, 0x65, 0x73, 0x70, 0x6f, 0x6e, 0x73, 0x65, 0x2e, 0x69, 0x64, 0x20, 0x3d, 0x3d, 0x3d, 0x20,
  0x6e, 0x6f, 0x74, 0x69, 0x66, 0x69, 0x63, 0x61, 0x74, 0x69, 0x6f, 0x6e, 0x2e, 0x69, 0x64, 0x20,
  0x7d, 0x29, 0x3b, 0x0a, 0x0a, 0x20, 0x20, 0x63, 0x6f, 0x6e, 0x73, 0x74, 0x20, 0x66, 0x6f, 0x72,
  0x65, 0x67, 0x72, 0x6f, 0x75, 0x6e, 0x64, 0x20, 0x3d, 0x20, 0x61, 0x77, 0x61, 0x69, 0x74, 0x20,
  0x6e, 0x65, 0x78, 0x74, 0x45, 0x76, 0x65, 0x6e, 0x74, 0x28, 0x27, 0x61, 0x70, 0x70, 0x2e, 0x73,
  0x74, 0x61, 0x74, 0x65, 0x27, 0x29, 0x3b, 0x0a, 0x20, 0x20, 0x65, 0x6d, 0x69, 0x74, 0x28, 0x27,
  0x61, 0x70, 0x70, 0x2e, 0x73, 0x74, 0x61, 0x74, 0x65, 0x27, 0x2c, 0x20, 0x7b, 0x20, 0x73, 0x74,
  0x61, 0x74, 0x65, 0x3a, 0x20, 0x66, 0x6f, 0x72, 0x65, 0x67, 0x72, 0x6f, 0x75, 0x6e, 0x64, 0x2e,
  0x73, 0x74, 0x61, 0x74, 0x65, 0x20, 0x7d, 0x29, 0x3b, 0x0a, 0x0a, 0x20, 0x20, 0x65, 0x6d, 0x69,
  0x74, 0x28, 0x27, 0x73, 0x63, 0x65, 0x6e, 0x61, 0x72, 0x69, 0x6f, 0x2e, 0x63, 0x6f, 0x6d, 0x70,
  0x6c, 0x65, 0x74, 0x65, 0x27, 0x2c, 0x20, 0x7b, 0x20, 0x73, 0x74, 0x61, 0x74, 0x75, 0x73, 0x3a,
  0x20, 0x27, 0x70, 0x61, 0x73, 0x73, 0x27, 0x20, 0x7d, 0x29, 0x3b, 0x0a, 0x20, 0x20, 0x67, 0x6c,
  0x6f, 0x62, 0x61, 0x6c, 0x54, 0x68, 0x69, 0x73, 0x2e, 0x5f, 0x5f, 0x64, 0x73, 0x68, 0x43, 0x6f,
  0x6d, 0x70, 0x6c, 0x65, 0x74, 0x65, 0x28, 0x74, 0x72, 0x75, 0x65, 0x2c, 0x20, 0x27, 0x6f, 0x6b,
  0x27, 0x29, 0x3b, 0x0a, 0x7d, 0x0a,
  0x00
};

/* runtime/spike/scenario/m2-bridge-smoke.js (2290 bytes) */
static const unsigned char DSH_SCENARIO_M2_SMOKE_JS[] = {
  0x2f, 0x2a, 0x2a, 0x0a, 0x20, 0x2a, 0x20, 0x4d, 0x32, 0x20, 0x62, 0x72, 0x69, 0x64, 0x67, 0x65,
  0x20, 0x73, 0x6d, 0x6f, 0x6b, 0x65, 0x20, 0x73, 0x63, 0x65, 0x6e, 0x61, 0x72, 0x69, 0x6f, 0x20,
  0x60, 0x6d, 0x32, 0x2e, 0x62, 0x72, 0x69, 0x64, 0x67, 0x65, 0x2e, 0x73, 0x6d, 0x6f, 0x6b, 0x65,
  0x60, 0x20, 0xe2, 0x80, 0x94, 0x20, 0x72, 0x75, 0x6e, 0x73, 0x20, 0x68, 0x65, 0x61, 0x64, 0x6c,
  0x65, 0x73, 0x73, 0x20, 0x6f, 0x6e, 0x20, 0x74, 0x68, 0x65, 0x20, 0x64, 0x65, 0x73, 0x6b, 0x74,
  0x6f, 0x70, 0x0a, 0x20, 0x2a, 0x20, 0x43, 0x4c, 0x49, 0x20, 0x28, 0x6d, 0x61, 0x69, 0x6e, 0x5f,
  0x63, 0x6c, 0x69, 0x2e, 0x63, 0x27, 0x73, 0x20, 0x73, 0x6d, 0x6f, 0x6b, 0x65, 0x20, 0x62, 0x61,
  0x63, 0x6b, 0x65, 0x6e, 0x64, 0x20, 0x61, 0x6e, 0x73, 0x77, 0x65, 0x72, 0x73, 0x20, 0x74, 0x68,
  0x65, 0x20, 0x72, 0x65, 0x61, 0x6c, 0x20, 0x64, 0x69, 0x73, 0x70, 0x61, 0x74, 0x63, 0x68, 0x20,
  0x62, 0x72, 0x69, 0x64, 0x67, 0x65, 0x29, 0x2e, 0x20, 0x45, 0x76, 0x65, 0x72, 0x79, 0x0a, 0x20,
  0x2a, 0x20, 0x65, 0x78, 0x70, 0x65, 0x63, 0x74, 0x65, 0x64, 0x20, 0x65, 0x76, 0x65, 0x6e, 0x74,
  0x20, 0x65, 0x6d, 0x69, 0x74, 0x73, 0x20, 0x65, 0x78, 0x61, 0x63, 0x74, 0x6c, 0x79, 0x20, 0x6f,
  0x6e, 0x65, 0x20, 0x73, 0x74, 0x72, 0x75, 0x63, 0x74, 0x75, 0x72, 0x65, 0x64, 0x20, 0x6c, 0x6f,
  0x67, 0x20, 0x65, 0x6e, 0x74, 0x72, 0x79, 0x20, 0x74, 0x68, 0x72, 0x6f, 0x75, 0x67, 0x68, 0x20,
  0x74, 0x68, 0x65, 0x20, 0x75, 0x6e, 0x69, 0x66, 0x69, 0x65, 0x64, 0x0a, 0x20, 0x2a, 0x20, 0x6c,
  0x6f, 0x67, 0x67, 0x65, 0x72, 0x2c, 0x20, 0x69, 0x6e, 0x20, 0x74, 0x68, 0x65, 0x20, 0x6f, 0x72,
  0x64, 0x65, 0x72, 0x20, 0x64, 0x65, 0x63, 0x6c, 0x61, 0x72, 0x65, 0x64, 0x20, 0x62, 0x79, 0x20,
  0x74, 0x6f, 0x6f, 0x6c, 0x73, 0x2f, 0x65, 0x32, 0x65, 0x2f, 0x73, 0x63, 0x65, 0x6e, 0x61, 0x72,
  0x69, 0x6f, 0x73, 0x2f, 0x6d, 0x32, 0x2d, 0x62, 0x72, 0x69, 0x64, 0x67, 0x65, 0x2d, 0x73, 0x6d,
  0x6f, 0x6b, 0x65, 0x2e, 0x6a, 0x73, 0x6f, 0x6e, 0x2e, 0x0a, 0x20, 0x2a, 0x0a, 0x20, 0x2a, 0x20,
  0x50, 0x72, 0x6f, 0x76, 0x65, 0x73, 0x20, 0x74, 0x68, 0x65, 0x20, 0x62, 0x72, 0x69, 0x64, 0x67,
  0x65, 0x20, 0x65, 0x6e, 0x64, 0x20, 0x74, 0x6f, 0x20, 0x65, 0x6e, 0x64, 0x20, 0x77, 0x69, 0x74,
  0x68, 0x6f, 0x75, 0x74, 0x20, 0x61, 0x20, 0x70, 0x6c, 0x61, 0x74, 0x66, 0x6f, 0x72, 0x6d, 0x20,
  0x65, 0x6d, 0x62, 0x65, 0x64, 0x64, 0x65, 0x72, 0x3a, 0x20, 0x64, 0x65, 0x66, 0x65, 0x72, 0x72,
  0x65, 0x64, 0x0a, 0x20, 0x2a, 0x20, 0x73, 0x65, 0x74, 0x74, 0x6c, 0x65, 0x6d, 0x65, 0x6e, 0x74,
  0x20, 0x28, 0x63, 0x61, 0x6c, 0x6c, 0x73, 0x20, 0x71, 0x75, 0x65, 0x75, 0x65, 0x20, 0x69, 0x6e,
  0x20, 0x6f, 0x6e, 0x5f, 0x63, 0x61, 0x6c, 0x6c, 0x20, 0x61, 0x6e, 0x64, 0x20, 0x73, 0x65, 0x74,
  0x74, 0x6c, 0x65, 0x20, 0x6f, 0x6e, 0x20, 0x61, 0x20, 0x6c, 0x61, 0x74, 0x65, 0x72, 0x20, 0x74,
  0x69, 0x63, 0x6b, 0x20, 0x61, 0x66, 0x74, 0x65, 0x72, 0x20, 0x74, 0x68, 0x65, 0x0a, 0x20, 0x2a,
  0x20, 0x70, 0x75, 0x6d, 0x70, 0x20, 0x70, 0x61, 0x73, 0x73, 0x29, 0x2c, 0x20, 0x74, 0x6d, 0x70,
  0x64, 0x69, 0x72, 0x2d, 0x62, 0x61, 0x63, 0x6b, 0x65, 0x64, 0x20, 0x66, 0x73, 0x20, 0x70, 0x72,
  0x69, 0x6d, 0x69, 0x74, 0x69, 0x76, 0x65, 0x73, 0x20, 0x63, 0x61, 0x72, 0x72, 0x79, 0x69, 0x6e,
  0x67, 0x20, 0x62, 0x61, 0x73, 0x65, 0x36, 0x34, 0x20, 0x62, 0x79, 0x74, 0x65, 0x20, 0x70, 0x61,
  0x79, 0x6c, 0x6f, 0x61, 0x64, 0x73, 0x2c, 0x0a, 0x20, 0x2a, 0x20, 0x74, 0x68, 0x65, 0x20, 0x73,
  0x63, 0x6f, 0x70, 0x65, 0x2d, 0x65, 0x73, 0x63, 0x61, 0x70, 0x65, 0x20, 0x22, 0x69, 0x6e, 0x76,
  0x61, 0x6c, 0x69, 0x64, 0x22, 0x20, 0x70, 0x61, 0x74, 0x68, 0x2c, 0x20, 0x61, 0x6e, 0x64, 0x20,
  0x74, 0x68, 0x65, 0x20, 0x64, 0x65, 0x63, 0x6c, 0x61, 0x72, 0x65, 0x64, 0x2d, 0x75, 0x6e, 0x61,
  0x76, 0x61, 0x69, 0x6c, 0x61, 0x62, 0x6c, 0x65, 0x20, 0x63, 0x6f, 0x6e, 0x66, 0x6f, 0x72, 0x6d,
  0x61, 0x6e, 0x63, 0x65, 0x0a, 0x20, 0x2a, 0x20, 0x70, 0x61, 0x74, 0x68, 0x20, 0x28, 0x6b, 0x65,
  0x79, 0x63, 0x68, 0x61, 0x69, 0x6e, 0x47, 0x65, 0x74, 0x29, 0x20, 0x70, 0x65, 0x72, 0x20, 0x74,
  0x68, 0x65, 0x20, 0x62, 0x61, 0x63, 0x6b, 0x65, 0x6e, 0x64, 0x27, 0x73, 0x20, 0x52, 0x75, 0x6e,
  0x74, 0x69, 0x6d, 0x65, 0x44, 0x65, 0x73, 0x63, 0x72, 0x69, 0x70, 0x74, 0x6f, 0x72, 0x2e, 0x0a,
  0x20, 0x2a, 0x2f, 0x0a, 0x69, 0x6d, 0x70, 0x6f, 0x72, 0x74, 0x20, 0x7b, 0x20, 0x63, 0x72, 0x65,
  0x61, 0x74, 0x65, 0x4c, 0x6f, 0x67, 0x67, 0x65, 0x72, 0x20, 0x7d, 0x20, 0x66, 0x72, 0x6f, 0x6d,
  0x20, 0x27, 0x2e, 0x2e, 0x2f, 0x6c, 0x6f, 0x67, 0x67, 0x65, 0x72, 0x2e, 0x6a, 0x73, 0x27, 0x3b,
  0x0a, 0x69, 0x6d, 0x70, 0x6f, 0x72, 0x74, 0x20, 0x7b, 0x20, 0x66, 0x73, 0x52, 0x65, 0x61, 0x64,
  0x2c, 0x20, 0x66, 0x73, 0x57, 0x72, 0x69, 0x74, 0x65, 0x2c, 0x20, 0x6b, 0x65, 0x79, 0x63, 0x68,
  0x61, 0x69, 0x6e, 0x47, 0x65, 0x74, 0x20, 0x7d, 0x20, 0x66, 0x72, 0x6f, 0x6d, 0x20, 0x27, 0x2e,
  0x2e, 0x2f, 0x67, 0x61, 0x74, 0x65, 0x77, 0x61, 0x79, 0x2e, 0x6a, 0x73, 0x27, 0x3b, 0x0a, 0x0a,
  0x63, 0x6f, 0x6e, 0x73, 0x74, 0x20, 0x53, 0x43, 0x45, 0x4e, 0x41, 0x52, 0x49, 0x4f, 0x20, 0x3d,
  0x20, 0x27, 0x6d, 0x32, 0x2e, 0x62, 0x72, 0x69, 0x64, 0x67, 0x65, 0x2e, 0x73, 0x6d, 0x6f, 0x6b,
  0x65, 0x27, 0x3b, 0x0a, 0x63, 0x6f, 0x6e, 0x73, 0x74, 0x20, 0x6c, 0x6f, 0x67, 0x20, 0x3d, 0x20,
  0x63, 0x72, 0x65, 0x61, 0x74, 0x65, 0x4c, 0x6f, 0x67, 0x67, 0x65, 0x72, 0x28, 0x27, 0x6d, 0x32,
  0x2e, 0x73, 0x70, 0x69, 0x6b, 0x65, 0x27, 0x29, 0x3b, 0x0a, 0x63, 0x6f, 0x6e, 0x73, 0x74, 0x20,
  0x65, 0x6d, 0x69, 0x74, 0x20, 0x3d, 0x20, 0x28, 0x65, 0x76, 0x65, 0x6e, 0x74, 0x2c, 0x20, 0x66,
  0x69, 0x65, 0x6c, 0x64, 0x73, 0x20, 0x3d, 0x20, 0x7b, 0x7d, 0x29, 0x20, 0x3d, 0x3e, 0x20, 0x6c,
  0x6f, 0x67, 0x2e, 0x69, 0x6e, 0x66, 0x6f, 0x28, 0x27, 0x65, 0x32, 0x65, 0x27, 0x2c, 0x20, 0x7b,
  0x20, 0x73, 0x63, 0x65, 0x6e, 0x61, 0x72, 0x69, 0x6f, 0x3a, 0x20, 0x53, 0x43, 0x45, 0x4e, 0x41,
  0x52, 0x49, 0x4f, 0x2c, 0x20, 0x65, 0x76, 0x65, 0x6e, 0x74, 0x2c, 0x20, 0x2e, 0x2e, 0x2e, 0x66,
  0x69, 0x65, 0x6c, 0x64, 0x73, 0x20, 0x7d, 0x29, 0x3b, 0x0a, 0x63, 0x6f, 0x6e, 0x73, 0x74, 0x20,
  0x66, 0x61, 0x69, 0x6c, 0x20, 0x3d, 0x20, 0x28, 0x72, 0x65, 0x61, 0x73, 0x6f, 0x6e, 0x29, 0x20,
  0x3d, 0x3e, 0x20, 0x7b, 0x0a, 0x20, 0x20, 0x6c, 0x6f, 0x67, 0x2e, 0x64, 0x65, 0x62, 0x75, 0x67,
  0x28, 0x27, 0x73, 0x63, 0x65, 0x6e, 0x61, 0x72, 0x69, 0x6f, 0x20, 0x66, 0x61, 0x69, 0x6c, 0x65,
  0x64, 0x27, 0x2c, 0x20, 0x7b, 0x20, 0x72, 0x65, 0x61, 0x73, 0x6f, 0x6e, 0x20, 0x7d, 0x29, 0x3b,
  0x0a, 0x20, 0x20, 0x65, 0x6d, 0x69, 0x74, 0x28, 0x27, 0x73, 0x63, 0x65, 0x6e, 0x61, 0x72, 0x69,
  0x6f, 0x2e, 0x66, 0x61, 0x69, 0x6c, 0x65, 0x64, 0x27, 0x2c, 0x20, 0x7b, 0x20, 0x72, 0x65, 0x61,
  0x73, 0x6f, 0x6e, 0x20, 0x7d, 0x29, 0x3b, 0x0a, 0x20, 0x20, 0x67, 0x6c, 0x6f, 0x62, 0x61, 0x6c,
  0x54, 0x68, 0x69, 0x73, 0x2e, 0x5f, 0x5f, 0x64, 0x73, 0x68, 0x43, 0x6f, 0x6d, 0x70, 0x6c, 0x65,
  0x74, 0x65, 0x28, 0x66, 0x61, 0x6c, 0x73, 0x65, 0x2c, 0x20, 0x72, 0x65, 0x61, 0x73, 0x6f, 0x6e,
  0x29, 0x3b, 0x0a, 0x7d, 0x3b, 0x0a, 0x0a, 0x63, 0x6f, 0x6e, 0x73, 0x74, 0x20, 0x50, 0x52, 0x4f,
  0x42, 0x45, 0x20, 0x3d, 0x20, 0x27, 0x64, 0x73, 0x68, 0x2d, 0x67, 0x61, 0x74, 0x65, 0x77, 0x61,
  0x79, 0x2d, 0x70, 0x72, 0x6f, 0x62, 0x65, 0x27, 0x3b, 0x20, 0x2f, 0x2f, 0x20, 0x65, 0x78, 0x61,
  0x63, 0x74, 0x6c, 0x79, 0x20, 0x31, 0x37, 0x20, 0x41, 0x53, 0x43, 0x49, 0x49, 0x20, 0x62, 0x79,
  0x74, 0x65, 0x73, 0x0a, 0x63, 0x6f, 0x6e, 0x73, 0x74, 0x20, 0x70, 0x72, 0x6f, 0x62, 0x65, 0x42,
  0x79, 0x74, 0x65, 0x73, 0x20, 0x3d, 0x20, 0x28, 0x29, 0x20, 0x3d, 0x3e, 0x20, 0x55, 0x69, 0x6e,
  0x74, 0x38, 0x41, 0x72, 0x72, 0x61, 0x79, 0x2e, 0x66, 0x72, 0x6f, 0x6d, 0x28, 0x5b, 0x2e, 0x2e,
  0x2e, 0x50, 0x52, 0x4f, 0x42, 0x45, 0x5d, 0x2e, 0x6d, 0x61, 0x70, 0x28, 0x28, 0x63, 0x29, 0x20,
  0x3d, 0x3e, 0x20, 0x63, 0x2e, 0x63, 0x68, 0x61, 0x72, 0x43, 0x6f, 0x64, 0x65, 0x41, 0x74, 0x28,
  0x30, 0x29, 0x29, 0x29, 0x3b, 0x0a, 0x63, 0x6f, 0x6e, 0x73, 0x74, 0x20, 0x62, 0x79, 0x74, 0x65,
  0x73, 0x45, 0x71, 0x75, 0x61, 0x6c, 0x20, 0x3d, 0x20, 0x28, 0x61, 0x2c, 0x20, 0x62, 0x29, 0x20,
  0x3d, 0x3e, 0x20, 0x61, 0x2e, 0x6c, 0x65, 0x6e, 0x67, 0x74, 0x68, 0x20, 0x3d, 0x3d, 0x3d, 0x20,
  0x62, 0x2e, 0x6c, 0x65, 0x6e, 0x67, 0x74, 0x68, 0x20, 0x26, 0x26, 0x20, 0x5b, 0x2e, 0x2e, 0x2e,
  0x61, 0x5d, 0x2e, 0x65, 0x76, 0x65, 0x72, 0x79, 0x28, 0x28, 0x76, 0x2c, 0x20, 0x69, 0x29, 0x20,
  0x3d, 0x3e, 0x20, 0x76, 0x20, 0x3d, 0x3d, 0x3d, 0x20, 0x62, 0x5b, 0x69, 0x5d, 0x29, 0x3b, 0x0a,
  0x0a, 0x69, 0x66, 0x20, 0x28, 0x21, 0x67, 0x6c, 0x6f, 0x62, 0x61, 0x6c, 0x54, 0x68, 0x69, 0x73,
  0x2e, 0x5f, 0x5f, 0x64, 0x73, 0x68, 0x47, 0x61, 0x74, 0x65, 0x77, 0x61, 0x79, 0x4e, 0x65, 0x67,
  0x6f, 0x74, 0x69, 0x61, 0x74, 0x65, 0x28, 0x27, 0x67, 0x61, 0x74, 0x65, 0x77, 0x61, 0x79, 0x40,
  0x31, 0x27, 0x29, 0x29, 0x20, 0x7b, 0x0a, 0x20, 0x20, 0x66, 0x61, 0x69, 0x6c, 0x28, 0x27, 0x67,
  0x61, 0x74, 0x65, 0x77, 0x61, 0x79, 0x20, 0x6e, 0x65, 0x67, 0x6f, 0x74, 0x69, 0x61, 0x74, 0x69,
  0x6f, 0x6e, 0x20, 0x66, 0x61, 0x69, 0x6c, 0x65, 0x64, 0x27, 0x29, 0x3b, 0x0a, 0x7d, 0x20, 0x65,
  0x6c, 0x73, 0x65, 0x20, 0x7b, 0x0a, 0x20, 0x20, 0x65, 0x6d, 0x69, 0x74, 0x28, 0x27, 0x67, 0x61,
  0x74, 0x65, 0x77, 0x61, 0x79, 0x2e, 0x6e, 0x65, 0x67, 0x6f, 0x74, 0x69, 0x61, 0x74, 0x65, 0x64,
  0x27, 0x2c, 0x20, 0x7b, 0x20, 0x76, 0x65, 0x72, 0x73, 0x69, 0x6f, 0x6e, 0x3a, 0x20, 0x27, 0x67,
  0x61, 0x74, 0x65, 0x77, 0x61, 0x79, 0x40, 0x31, 0x27, 0x20, 0x7d, 0x29, 0x3b, 0x0a, 0x0a, 0x20,
  0x20, 0x63, 0x6f, 0x6e, 0x73, 0x74, 0x20, 0x77, 0x72, 0x69, 0x74, 0x74, 0x65, 0x6e, 0x20, 0x3d,
  0x20, 0x61, 0x77, 0x61, 0x69, 0x74, 0x20, 0x66, 0x73, 0x57, 0x72, 0x69, 0x74, 0x65, 0x28, 0x27,
  0x61, 0x70, 0x70, 0x27, 0x2c, 0x20, 0x27, 0x70, 0x72, 0x6f, 0x62, 0x65, 0x2e, 0x74, 0x78, 0x74,
  0x27, 0x2c, 0x20, 0x70, 0x72, 0x6f, 0x62, 0x65, 0x42, 0x79, 0x74, 0x65, 0x73, 0x28, 0x29, 0x29,
  0x3b, 0x0a, 0x20, 0x20, 0x65, 0x6d, 0x69, 0x74, 0x28, 0x27, 0x66, 0x73, 0x2e, 0x77, 0x72, 0x69,
  0x74, 0x65, 0x2e, 0x6f, 0x6b, 0x27, 0x2c, 0x20, 0x7b, 0x20, 0x77, 0x72, 0x69, 0x74, 0x74, 0x65,
  0x6e, 0x3a, 0x20, 0x77, 0x72, 0x69, 0x74, 0x74, 0x65, 0x6e, 0x2e, 0x77, 0x72, 0x69, 0x74, 0x74,
  0x65, 0x6e, 0x20, 0x7d, 0x29, 0x3b, 0x0a, 0x0a, 0x20, 0x20, 0x63, 0x6f, 0x6e, 0x73, 0x74, 0x20,
  0x65, 0x78, 0x70, 0x65, 0x63, 0x74, 0x65, 0x64, 0x20, 0x3d, 0x20, 0x70, 0x72, 0x6f, 0x62, 0x65,
  0x42, 0x79, 0x74, 0x65, 0x73, 0x28, 0x29, 0x3b, 0x0a, 0x20, 0x20, 0x63, 0x6f, 0x6e, 0x73, 0x74,
  0x20, 0x72, 0x65, 0x61, 0x64, 0x20, 0x3d, 0x20, 0x61, 0x77, 0x61, 0x69, 0x74, 0x20, 0x66, 0x73,
  0x52, 0x65, 0x61, 0x64, 0x28, 0x27, 0x61, 0x70, 0x70, 0x27, 0x2c, 0x20, 0x27, 0x70, 0x72, 0x6f,
  0x62, 0x65, 0x2e, 0x74, 0x78, 0x74, 0x27, 0x29, 0x3b, 0x0a, 0x20, 0x20, 0x65, 0x6d, 0x69, 0x74,
  0x28, 0x27, 0x66, 0x73, 0x2e, 0x72, 0x65, 0x61, 0x64, 0x2e, 0x6f, 0x6b, 0x27, 0x2c, 0x20, 0x7b,
  0x20, 0x62, 0x79, 0x74, 0x65, 0x73, 0x3a, 0x20, 0x72, 0x65, 0x61, 0x64, 0x2e, 0x62, 0x79, 0x74,
  0x65, 0x73, 0x2e, 0x6c, 0x65, 0x6e, 0x67, 0x74, 0x68, 0x2c, 0x20, 0x6d, 0x61, 0x74, 0x63, 0x68,
  0x65, 0x73, 0x3a, 0x20, 0x62, 0x79, 0x74, 0x65, 0x73, 0x45, 0x71, 0x75, 0x61, 0x6c, 0x28, 0x72,
  0x65, 0x61, 0x64, 0x2e, 0x62, 0x79, 0x74, 0x65, 0x73, 0x2c, 0x20, 0x65, 0x78, 0x70, 0x65, 0x63,
  0x74, 0x65, 0x64, 0x29, 0x20, 0x7d, 0x29, 0x3b, 0x0a, 0x0a, 0x20, 0x20, 0x74, 0x72, 0x79, 0x20,
  0x7b, 0x0a, 0x20, 0x20, 0x20, 0x20, 0x61, 0x77, 0x61, 0x69, 0x74, 0x20, 0x66, 0x73, 0x52, 0x65,
  0x61, 0x64, 0x28, 0x27, 0x61, 0x70, 0x70, 0x27, 0x2c, 0x20, 0x27, 0x2e, 0x2e, 0x2f, 0x65, 0x73,
  0x63, 0x61, 0x70, 0x65, 0x27, 0x29, 0x3b, 0x0a, 0x20, 0x20, 0x20, 0x20, 0x66, 0x61, 0x69, 0x6c,
  0x28, 0x27, 0x73, 0x63, 0x6f, 0x70, 0x65, 0x2d, 0x65, 0x73, 0x63, 0x61, 0x70, 0x69, 0x6e, 0x67,
  0x20, 0x70, 0x61, 0x74, 0x68, 0x20, 0x73, 0x68, 0x6f, 0x75, 0x6c, 0x64, 0x20, 0x72, 0x65, 0x6a,
  0x65, 0x63, 0x74, 0x20, 0x69, 0x6e, 0x76, 0x61, 0x6c, 0x69, 0x64, 0x27, 0x29, 0x3b, 0x0a, 0x20,
  0x20, 0x7d, 0x20, 0x63, 0x61, 0x74, 0x63, 0x68, 0x20, 0x28, 0x65, 0x72, 0x72, 0x29, 0x20, 0x7b,
  0x0a, 0x20, 0x20, 0x20, 0x20, 0x65, 0x6d, 0x69, 0x74, 0x28, 0x27, 0x66, 0x73, 0x2e, 0x72, 0x65,
  0x61, 0x64, 0x2e, 0x69, 0x6e, 0x76, 0x61, 0x6c, 0x69, 0x64, 0x27, 0x2c, 0x20, 0x7b, 0x20, 0x63,
  0x6f, 0x64, 0x65, 0x3a, 0x20, 0x65, 0x72, 0x72, 0x2e, 0x63, 0x6f, 0x64, 0x65, 0x20, 0x7d, 0x29,
  0x3b, 0x0a, 0x20, 0x20, 0x7d, 0x0a, 0x0a, 0x20, 0x20, 0x74, 0x72, 0x79, 0x20, 0x7b, 0x0a, 0x20,
  0x20, 0x20, 0x20, 0x61, 0x77, 0x61, 0x69, 0x74, 0x20, 0x6b, 0x65, 0x79, 0x63, 0x68, 0x61, 0x69,
  0x6e, 0x47, 0x65, 0x74, 0x28, 0x27, 0x64, 0x73, 0x68, 0x2e, 0x73, 0x70, 0x69, 0x6b, 0x65, 0x2f,
  0x63, 0x72, 0x65, 0x64, 0x27, 0x29, 0x3b, 0x0a, 0x20, 0x20, 0x20, 0x20, 0x66, 0x61, 0x69, 0x6c,
  0x28, 0x27, 0x6b, 0x65, 0x79, 0x63, 0x68, 0x61, 0x69, 0x6e, 0x47, 0x65, 0x74, 0x20, 0x73, 0x68,
  0x6f, 0x75, 0x6c, 0x64, 0x20, 0x62, 0x65, 0x20, 0x64, 0x65, 0x63, 0x6c, 0x61, 0x72, 0x65, 0x64,
  0x20, 0x75, 0x6e, 0x61, 0x76, 0x61, 0x69, 0x6c, 0x61, 0x62, 0x6c, 0x65, 0x20, 0x62, 0x79, 0x20,
  0x74, 0x68, 0x65, 0x20, 0x73, 0x6d, 0x6f, 0x6b, 0x65, 0x20, 0x62, 0x61, 0x63, 0x6b, 0x65, 0x6e,
  0x64, 0x27, 0x29, 0x3b, 0x0a, 0x20, 0x20, 0x7d, 0x20, 0x63, 0x61, 0x74, 0x63, 0x68, 0x20, 0x28,
  0x65, 0x72, 0x72, 0x29, 0x20, 0x7b, 0x0a, 0x20, 0x20, 0x20, 0x20, 0x65, 0x6d, 0x69, 0x74, 0x28,
  0x27, 0x6b, 0x65, 0x79, 0x63, 0x68, 0x61, 0x69, 0x6e, 0x2e, 0x75, 0x6e, 0x61, 0x76, 0x61, 0x69,
  0x6c, 0x61, 0x62, 0x6c, 0x65, 0x27, 0x2c, 0x20, 0x7b, 0x20, 0x6e, 0x61, 0x6d, 0x65, 0x3a, 0x20,
  0x65, 0x72, 0x72, 0x2e, 0x70, 0x72, 0x69, 0x6d, 0x69, 0x74, 0x69, 0x76, 0x65, 0x2c, 0x20, 0x63,
  0x6f, 0x64, 0x65, 0x3a, 0x20, 0x65, 0x72, 0x72, 0x2e, 0x63, 0x6f, 0x64, 0x65, 0x20, 0x7d, 0x29,
  0x3b, 0x0a, 0x20, 0x20, 0x7d, 0x0a, 0x0a, 0x20, 0x20, 0x65, 0x6d, 0x69, 0x74, 0x28, 0x27, 0x73,
  0x63, 0x65, 0x6e, 0x61, 0x72, 0x69, 0x6f, 0x2e, 0x63, 0x6f, 0x6d, 0x70, 0x6c, 0x65, 0x74, 0x65,
  0x27, 0x2c, 0x20, 0x7b, 0x20, 0x73, 0x74, 0x61, 0x74, 0x75, 0x73, 0x3a, 0x20, 0x27, 0x70, 0x61,
  0x73, 0x73, 0x27, 0x20, 0x7d, 0x29, 0x3b, 0x0a, 0x20, 0x20, 0x67, 0x6c, 0x6f, 0x62, 0x61, 0x6c,
  0x54, 0x68, 0x69, 0x73, 0x2e, 0x5f, 0x5f, 0x64, 0x73, 0x68, 0x43, 0x6f, 0x6d, 0x70, 0x6c, 0x65,
  0x74, 0x65, 0x28, 0x74, 0x72, 0x75, 0x65, 0x2c, 0x20, 0x27, 0x6f, 0x6b, 0x27, 0x29, 0x3b, 0x0a,
  0x7d, 0x0a,
  0x00
};

/* runtime/spike/scenario/m2-session.js (9116 bytes) */
static const unsigned char DSH_SCENARIO_M2_SESSION_JS[] = {
  0x2f, 0x2a, 0x2a, 0x0a, 0x20, 0x2a, 0x20, 0x4d, 0x32, 0x20, 0x73, 0x65, 0x73, 0x73, 0x69, 0x6f,
  0x6e, 0x20, 0x73, 0x63, 0x65, 0x6e, 0x61, 0x72, 0x69, 0x6f, 0x20, 0x60, 0x6d, 0x32, 0x2e, 0x73,
  0x65, 0x73, 0x73, 0x69, 0x6f, 0x6e, 0x60, 0x20, 0xe2, 0x80, 0x94, 0x20, 0x74, 0x68, 0x65, 0x20,
  0x66, 0x69, 0x72, 0x73, 0x74, 0x20, 0x4d, 0x49, 0x4e, 0x49, 0x20, 0x61, 0x67, 0x65, 0x6e, 0x74,
  0x20, 0x73, 0x65, 0x73, 0x73, 0x69, 0x6f, 0x6e, 0x20, 0x6f, 0x76, 0x65, 0x72, 0x20, 0x74, 0x68,
  0x65, 0x0a, 0x20, 0x2a, 0x20, 0x73, 0x79, 0x73, 0x74, 0x65, 0x6d, 0x20, 0x69, 0x6d, 0x70, 0x6c,
  0x65, 0x6d, 0x65, 0x6e, 0x74, 0x61, 0x74, 0x69, 0x6f, 0x6e, 0x20, 0x70, 0x6c, 0x75, 0x67, 0x69,
  0x6e, 0x73, 0x2e, 0x20, 0x31, 0x30, 0x30, 0x25, 0x20, 0x70, 0x6c, 0x61, 0x74, 0x66, 0x6f, 0x72,
  0x6d, 0x2d, 0x6e, 0x65, 0x75, 0x74, 0x72, 0x61, 0x6c, 0x3a, 0x20, 0x69, 0x74, 0x20, 0x69, 0x6d,
  0x70, 0x6f, 0x72, 0x74, 0x73, 0x20, 0x6f, 0x6e, 0x6c, 0x79, 0x20, 0x74, 0x68, 0x65, 0x0a, 0x20,
  0x2a, 0x20, 0x67, 0x61, 0x74, 0x65, 0x77, 0x61, 0x79, 0x20, 0x73, 0x68, 0x69, 0x6d, 0x2c, 0x20,
  0x74, 0x68, 0x65, 0x20, 0x75, 0x6e, 0x69, 0x66, 0x69, 0x65, 0x64, 0x20, 0x6c, 0x6f, 0x67, 0x67,
  0x65, 0x72, 0x2c, 0x20, 0x74, 0x68, 0x65, 0x20, 0x73, 0x65, 0x72, 0x76, 0x69, 0x63, 0x65, 0x20,
  0x72, 0x65, 0x67, 0x69, 0x73, 0x74, 0x72, 0x79, 0x2c, 0x20, 0x61, 0x6e, 0x64, 0x20, 0x74, 0x68,
  0x65, 0x20, 0x74, 0x68, 0x72, 0x65, 0x65, 0x0a, 0x20, 0x2a, 0x20, 0x73, 0x79, 0x73, 0x74, 0x65,
  0x6d, 0x20, 0x70, 0x6c, 0x75, 0x67, 0x69, 0x6e, 0x73, 0x20, 0x28, 0x62, 0x75, 0x6e, 0x64, 0x6c,
  0x65, 0x2d, 0x72, 0x6f, 0x6f, 0x74, 0x2d, 0x72, 0x65, 0x6c, 0x61, 0x74, 0x69, 0x76, 0x65, 0x20,
  0x60, 0x73, 0x79, 0x73, 0x74, 0x65, 0x6d, 0x2d, 0x70, 0x6c, 0x75, 0x67, 0x69, 0x6e, 0x73, 0x2f,
  0x2e, 0x2e, 0x2e, 0x60, 0x2c, 0x20, 0x70, 0x72, 0x65, 0x73, 0x65, 0x6e, 0x74, 0x20, 0x69, 0x6e,
  0x0a, 0x20, 0x2a, 0x20, 0x65, 0x76, 0x65, 0x72, 0x79, 0x20, 0x62, 0x75, 0x6e, 0x64, 0x6c, 0x65,
  0x20, 0x6c, 0x61, 0x79, 0x6f, 0x75, 0x74, 0x29, 0x3b, 0x20, 0x6e, 0x6f, 0x20, 0x57, 0x53, 0x2c,
  0x20, 0x6e, 0x6f, 0x20, 0x55, 0x49, 0x2c, 0x20, 0x6e, 0x6f, 0x20, 0x68, 0x6f, 0x73, 0x74, 0x2d,
  0x73, 0x70, 0x65, 0x63, 0x69, 0x66, 0x69, 0x63, 0x20, 0x73, 0x65, 0x61, 0x6d, 0x2e, 0x0a, 0x20,
  0x2a, 0x0a, 0x20, 0x2a, 0x20, 0x46, 0x6c, 0x6f, 0x77, 0x3a, 0x20, 0x72, 0x65, 0x67, 0x69, 0x73,
  0x74, 0x72, 0x79, 0x20, 0x62, 0x6f, 0x6f, 0x74, 0x73, 0x20, 0x61, 0x6e, 0x64, 0x20, 0x69, 0x6e,
  0x73, 0x74, 0x61, 0x6c, 0x6c, 0x73, 0x20, 0x64, 0x73, 0x68, 0x2d, 0x66, 0x73, 0x20, 0x2f, 0x20,
  0x64, 0x73, 0x68, 0x2d, 0x73, 0x75, 0x62, 0x70, 0x72, 0x6f, 0x63, 0x65, 0x73, 0x73, 0x2d, 0x71,
  0x75, 0x69, 0x63, 0x6b, 0x6a, 0x73, 0x20, 0x2f, 0x20, 0x64, 0x73, 0x68, 0x2d, 0x75, 0x69, 0x0a,
  0x20, 0x2a, 0x20, 0xe2, 0x86, 0x92, 0x20, 0x74, 0x68, 0x65, 0x20, 0x68, 0x6f, 0x73, 0x74, 0x20,
  0x72, 0x65, 0x61, 0x64, 0x69, 0x6e, 0x65, 0x73, 0x73, 0x20, 0x73, 0x69, 0x67, 0x6e, 0x61, 0x6c,
  0x20, 0x28, 0x68, 0x6f, 0x73, 0x74, 0x2e, 0x69, 0x6e, 0x66, 0x6f, 0x20, 0x67, 0x61, 0x74, 0x65,
  0x77, 0x61, 0x79, 0x20, 0x65, 0x76, 0x65, 0x6e, 0x74, 0x3a, 0x20, 0x70, 0x6f, 0x72, 0x74, 0x20,
  0x30, 0x20, 0x6f, 0x6e, 0x20, 0x74, 0x68, 0x65, 0x20, 0x43, 0x4c, 0x49, 0x0a, 0x20, 0x2a, 0x20,
  0x62, 0x61, 0x63, 0x6b, 0x65, 0x6e, 0x64, 0x2c, 0x20, 0x74, 0x68, 0x65, 0x20, 0x63, 0x61, 0x72,
  0x72, 0x69, 0x65, 0x72, 0x20, 0x70, 0x6f, 0x72, 0x74, 0x20, 0x62, 0x65, 0x68, 0x69, 0x6e, 0x64,
  0x20, 0x61, 0x20, 0x6d, 0x6f, 0x75, 0x6e, 0x74, 0x65, 0x64, 0x20, 0x57, 0x65, 0x62, 0x20, 0x43,
  0x6c, 0x69, 0x65, 0x6e, 0x74, 0x29, 0x20, 0xe2, 0x86, 0x92, 0x20, 0x73, 0x65, 0x73, 0x73, 0x69,
  0x6f, 0x6e, 0x20, 0x63, 0x72, 0x65, 0x61, 0x74, 0x65, 0x64, 0x20, 0xe2, 0x86, 0x92, 0x0a, 0x20,
  0x2a, 0x20, 0x6d, 0x6f, 0x63, 0x6b, 0x2d, 0x4c, 0x4c, 0x4d, 0x20, 0x73, 0x74, 0x72, 0x65, 0x61,
  0x6d, 0x73, 0x20, 0x74, 0x6f, 0x6b, 0x65, 0x6e, 0x20, 0x64, 0x65, 0x6c, 0x74, 0x61, 0x73, 0x20,
  0x61, 0x73, 0x20, 0x61, 0x6e, 0x20, 0x65, 0x76, 0x65, 0x6e, 0x74, 0x20, 0x73, 0x65, 0x71, 0x75,
  0x65, 0x6e, 0x63, 0x65, 0x20, 0x28, 0x44, 0x38, 0x29, 0x20, 0xe2, 0x86, 0x92, 0x20, 0x6f, 0x6e,
  0x65, 0x20, 0x74, 0x6f, 0x6f, 0x6c, 0x20, 0x63, 0x61, 0x6c, 0x6c, 0x0a, 0x20, 0x2a, 0x20, 0x72,
  0x6f, 0x75, 0x74, 0x65, 0x64, 0x20, 0x74, 0x68, 0x72, 0x6f, 0x75, 0x67, 0x68, 0x20, 0x74, 0x68,
  0x65, 0x20, 0x73, 0x75, 0x62, 0x70, 0x72, 0x6f, 0x63, 0x65, 0x73, 0x73, 0x20, 0x70, 0x6c, 0x75,
  0x67, 0x69, 0x6e, 0x2c, 0x20, 0x77, 0x68, 0x6f, 0x73, 0x65, 0x20, 0x74, 0x61, 0x73, 0x6b, 0x20,
  0x70, 0x65, 0x72, 0x73, 0x69, 0x73, 0x74, 0x73, 0x20, 0x69, 0x74, 0x73, 0x20, 0x72, 0x65, 0x73,
  0x75, 0x6c, 0x74, 0x20, 0x76, 0x69, 0x61, 0x0a, 0x20, 0x2a, 0x20, 0x74, 0x68, 0x65, 0x20, 0x66,
  0x73, 0x20, 0x73, 0x65, 0x72, 0x76, 0x69, 0x63, 0x65, 0x20, 0x75, 0x6e, 0x64, 0x65, 0x72, 0x20,
  0x73, 0x63, 0x6f, 0x70, 0x65, 0x20, 0x22, 0x61, 0x70, 0x70, 0x22, 0x20, 0xe2, 0x86, 0x92, 0x20,
  0x73, 0x65, 0x73, 0x73, 0x69, 0x6f, 0x6e, 0x20, 0x63, 0x6f, 0x6d, 0x70, 0x6c, 0x65, 0x74, 0x65,
  0x73, 0x20, 0x77, 0x69, 0x74, 0x68, 0x20, 0x74, 0x68, 0x65, 0x20, 0x74, 0x72, 0x61, 0x6e, 0x73,
  0x63, 0x72, 0x69, 0x70, 0x74, 0x2e, 0x0a, 0x20, 0x2a, 0x20, 0x45, 0x76, 0x65, 0x72, 0x79, 0x20,
  0x65, 0x78, 0x70, 0x65, 0x63, 0x74, 0x65, 0x64, 0x20, 0x65, 0x76, 0x65, 0x6e, 0x74, 0x20, 0x65,
  0x6d, 0x69, 0x74, 0x73, 0x20, 0x65, 0x78, 0x61, 0x63, 0x74, 0x6c, 0x79, 0x20, 0x6f, 0x6e, 0x65,
  0x20, 0x73, 0x74, 0x72, 0x75, 0x63, 0x74, 0x75, 0x72, 0x65, 0x64, 0x20, 0x6c, 0x6f, 0x67, 0x20,
  0x65, 0x6e, 0x74, 0x72, 0x79, 0x2c, 0x20, 0x69, 0x6e, 0x20, 0x74, 0x68, 0x65, 0x20, 0x6f, 0x72,
  0x64, 0x65, 0x72, 0x0a, 0x20, 0x2a, 0x20, 0x64, 0x65, 0x63, 0x6c, 0x61, 0x72, 0x65, 0x64, 0x20,
  0x62, 0x79, 0x20, 0x74, 0x6f, 0x6f, 0x6c, 0x73, 0x2f, 0x65, 0x32, 0x65, 0x2f, 0x73, 0x63, 0x65,
  0x6e, 0x61, 0x72, 0x69, 0x6f, 0x73, 0x2f, 0x6d, 0x32, 0x2d, 0x73, 0x65, 0x73, 0x73, 0x69, 0x6f,
  0x6e, 0x2e, 0x6a, 0x73, 0x6f, 0x6e, 0x2e, 0x0a, 0x20, 0x2a, 0x2f, 0x0a, 0x69, 0x6d, 0x70, 0x6f,
  0x72, 0x74, 0x20, 0x7b, 0x20, 0x63, 0x72, 0x65, 0x61, 0x74, 0x65, 0x4c, 0x6f, 0x67, 0x67, 0x65,
  0x72, 0x20, 0x7d, 0x20, 0x66, 0x72, 0x6f, 0x6d, 0x20, 0x27, 0x6c, 0x6f, 0x67, 0x67, 0x65, 0x72,
  0x2e, 0x6a, 0x73, 0x27, 0x3b, 0x0a, 0x69, 0x6d, 0x70, 0x6f, 0x72, 0x74, 0x20, 0x7b, 0x20, 0x6f,
  0x6e, 0x45, 0x76, 0x65, 0x6e, 0x74, 0x20, 0x7d, 0x20, 0x66, 0x72, 0x6f, 0x6d, 0x20, 0x27, 0x67,
  0x61, 0x74, 0x65, 0x77, 0x61, 0x79, 0x2e, 0x6a, 0x73, 0x27, 0x3b, 0x0a, 0x69, 0x6d, 0x70, 0x6f,
  0x72, 0x74, 0x20, 0x7b, 0x20, 0x63, 0x72, 0x65, 0x61, 0x74, 0x65, 0x52, 0x65, 0x67, 0x69, 0x73,
  0x74, 0x72, 0x79, 0x20, 0x7d, 0x20, 0x66, 0x72, 0x6f, 0x6d, 0x20, 0x27, 0x72, 0x65, 0x67, 0x69,
  0x73, 0x74, 0x72, 0x79, 0x2e, 0x6a, 0x73, 0x27, 0x3b, 0x0a, 0x69, 0x6d, 0x70, 0x6f, 0x72, 0x74,
  0x20, 0x7b, 0x20, 0x69, 0x6e, 0x73, 0x74, 0x61, 0x6c, 0x6c, 0x50, 0x61, 0x63, 0x6b, 0x61, 0x67,
  0x65, 0x20, 0x7d, 0x20, 0x66, 0x72, 0x6f, 0x6d, 0x20, 0x27, 0x69, 0x6e, 0x73, 0x74, 0x61, 0x6c,
  0x6c, 0x2d, 0x70, 0x69, 0x70, 0x65, 0x6c, 0x69, 0x6e, 0x65, 0x2e, 0x6a, 0x73, 0x27, 0x3b, 0x0a,
  0x69, 0x6d, 0x70, 0x6f, 0x72, 0x74, 0x20, 0x7b, 0x20, 0x73, 0x68, 0x61, 0x32, 0x35, 0x36, 0x48,
  0x65, 0x78, 0x20, 0x7d, 0x20, 0x66, 0x72, 0x6f, 0x6d, 0x20, 0x27, 0x73, 0x68, 0x61, 0x32, 0x35,
  0x36, 0x2e, 0x6a, 0x73, 0x27, 0x3b, 0x0a, 0x69, 0x6d, 0x70, 0x6f, 0x72, 0x74, 0x20, 0x7b, 0x20,
  0x62, 0x75, 0x69, 0x6c, 0x64, 0x4e, 0x6f, 0x74, 0x65, 0x73, 0x54, 0x67, 0x7a, 0x2c, 0x20, 0x4e,
  0x4f, 0x54, 0x45, 0x53, 0x5f, 0x4d, 0x41, 0x4e, 0x49, 0x46, 0x45, 0x53, 0x54, 0x5f, 0x42, 0x59,
  0x54, 0x45, 0x53, 0x20, 0x7d, 0x20, 0x66, 0x72, 0x6f, 0x6d, 0x20, 0x27, 0x66, 0x69, 0x78, 0x74,
  0x75, 0x72, 0x65, 0x73, 0x2f, 0x64, 0x73, 0x68, 0x2d, 0x6e, 0x6f, 0x74, 0x65, 0x73, 0x2e, 0x6a,
  0x73, 0x27, 0x3b, 0x0a, 0x69, 0x6d, 0x70, 0x6f, 0x72, 0x74, 0x20, 0x2a, 0x20, 0x61, 0x73, 0x20,
  0x66, 0x73, 0x50, 0x6c, 0x75, 0x67, 0x69, 0x6e, 0x20, 0x66, 0x72, 0x6f, 0x6d, 0x20, 0x27, 0x73,
  0x79, 0x73, 0x74, 0x65, 0x6d, 0x2d, 0x70, 0x6c, 0x75, 0x67, 0x69, 0x6e, 0x73, 0x2f, 0x64, 0x73,
  0x68, 0x2d, 0x66, 0x73, 0x2f, 0x69, 0x6e, 0x64, 0x65, 0x78, 0x2e, 0x6a, 0x73, 0x27, 0x3b, 0x0a,
  0x69, 0x6d, 0x70, 0x6f, 0x72, 0x74, 0x20, 0x2a, 0x20, 0x61, 0x73, 0x20, 0x73, 0x75, 0x62, 0x70,
  0x72, 0x6f, 0x63, 0x65, 0x73, 0x73, 0x50, 0x6c, 0x75, 0x67, 0x69, 0x6e, 0x20, 0x66, 0x72, 0x6f,
  0x6d, 0x20, 0x27, 0x73, 0x79, 0x73, 0x74, 0x65, 0x6d, 0x2d, 0x70, 0x6c, 0x75, 0x67, 0x69, 0x6e,
  0x73, 0x2f, 0x64, 0x73, 0x68, 0x2d, 0x73, 0x75, 0x62, 0x70, 0x72, 0x6f, 0x63, 0x65, 0x73, 0x73,
  0x2d, 0x71, 0x75, 0x69, 0x63, 0x6b, 0x6a, 0x73, 0x2f, 0x69, 0x6e, 0x64, 0x65, 0x78, 0x2e, 0x6a,
  0x73, 0x27, 0x3b, 0x0a, 0x69, 0x6d, 0x70, 0x6f, 0x72, 0x74, 0x20, 0x2a, 0x20, 0x61, 0x73, 0x20,
  0x75, 0x69, 0x50, 0x6c, 0x75, 0x67, 0x69, 0x6e, 0x20, 0x66, 0x72, 0x6f, 0x6d, 0x20, 0x27, 0x73,
  0x79, 0x73, 0x74, 0x65, 0x6d, 0x2d, 0x70, 0x6c, 0x75, 0x67, 0x69, 0x6e, 0x73, 0x2f, 0x64, 0x73,
  0x68, 0x2d, 0x75, 0x69, 0x2f, 0x69, 0x6e, 0x64, 0x65, 0x78, 0x2e, 0x6a, 0x73, 0x27, 0x3b, 0x0a,
  0x0a, 0x63, 0x6f, 0x6e, 0x73, 0x74, 0x20, 0x53, 0x43, 0x45, 0x4e, 0x41, 0x52, 0x49, 0x4f, 0x20,
  0x3d, 0x20, 0x27, 0x6d, 0x32, 0x2e, 0x73, 0x65, 0x73, 0x73, 0x69, 0x6f, 0x6e, 0x27, 0x3b, 0x0a,
  0x63, 0x6f, 0x6e, 0x73, 0x74, 0x20, 0x6c, 0x6f, 0x67, 0x20, 0x3d, 0x20, 0x63, 0x72, 0x65, 0x61,
  0x74, 0x65, 0x4c, 0x6f, 0x67, 0x67, 0x65, 0x72, 0x28, 0x27, 0x6d, 0x32, 0x2e, 0x73, 0x70, 0x69,
  0x6b, 0x65, 0x27, 0x29, 0x3b, 0x0a, 0x63, 0x6f, 0x6e, 0x73, 0x74, 0x20, 0x65, 0x6d, 0x69, 0x74,
  0x20, 0x3d, 0x20, 0x28, 0x65, 0x76, 0x65, 0x6e, 0x74, 0x2c, 0x20, 0x66, 0x69, 0x65, 0x6c, 0x64,
  0x73, 0x20, 0x3d, 0x20, 0x7b, 0x7d, 0x29, 0x20, 0x3d, 0x3e, 0x20, 0x6c, 0x6f, 0x67, 0x2e, 0x69,
  0x6e, 0x66, 0x6f, 0x28, 0x27, 0x65, 0x32, 0x65, 0x27, 0x2c, 0x20, 0x7b, 0x20, 0x73, 0x63, 0x65,
  0x6e, 0x61, 0x72, 0x69, 0x6f, 0x3a, 0x20, 0x53, 0x43, 0x45, 0x4e, 0x41, 0x52, 0x49, 0x4f, 0x2c,
  0x20, 0x65, 0x76, 0x65, 0x6e, 0x74, 0x2c, 0x20, 0x2e, 0x2e, 0x2e, 0x66, 0x69, 0x65, 0x6c, 0x64,
  0x73, 0x20, 0x7d, 0x29, 0x3b, 0x0a, 0x63, 0x6f, 0x6e, 0x73, 0x74, 0x20, 0x66, 0x61, 0x69, 0x6c,
  0x20, 0x3d, 0x20, 0x28, 0x72, 0x65, 0x61, 0x73, 0x6f, 0x6e, 0x29, 0x20, 0x3d, 0x3e, 0x20, 0x7b,
  0x0a, 0x20, 0x20, 0x6c, 0x6f, 0x67, 0x2e, 0x64, 0x65, 0x62, 0x75, 0x67, 0x28, 0x27, 0x73, 0x63,
  0x65, 0x6e, 0x61, 0x72, 0x69, 0x6f, 0x20, 0x66, 0x61, 0x69, 0x6c, 0x65, 0x64, 0x27, 0x2c, 0x20,
  0x7b, 0x20, 0x72, 0x65, 0x61, 0x73, 0x6f, 0x6e, 0x20, 0x7d, 0x29, 0x3b, 0x0a, 0x20, 0x20, 0x65,
  0x6d, 0x69, 0x74, 0x28, 0x27, 0x73, 0x63, 0x65, 0x6e, 0x61, 0x72, 0x69, 0x6f, 0x2e, 0x66, 0x61,
  0x69, 0x6c, 0x65, 0x64, 0x27, 0x2c, 0x20, 0x7b, 0x20, 0x72, 0x65, 0x61, 0x73, 0x6f, 0x6e, 0x20,
  0x7d, 0x29, 0x3b, 0x0a, 0x20, 0x20, 0x67, 0x6c, 0x6f, 0x62, 0x61, 0x6c, 0x54, 0x68, 0x69, 0x73,
  0x2e, 0x5f, 0x5f, 0x64, 0x73, 0x68, 0x43, 0x6f, 0x6d, 0x70, 0x6c, 0x65, 0x74, 0x65, 0x28, 0x66,
  0x61, 0x6c, 0x73, 0x65, 0x2c, 0x20, 0x72, 0x65, 0x61, 0x73, 0x6f, 0x6e, 0x29, 0x3b, 0x0a, 0x7d,
  0x3b, 0x0a, 0x63, 0x6f, 0x6e, 0x73, 0x74, 0x20, 0x64, 0x65, 0x6d, 0x61, 0x6e, 0x64, 0x20, 0x3d,
  0x20, 0x28, 0x63, 0x6f, 0x6e, 0x64, 0x2c, 0x20, 0x72, 0x65, 0x61, 0x73, 0x6f, 0x6e, 0x29, 0x20,
  0x3d, 0x3e, 0x20, 0x7b, 0x0a, 0x20, 0x20, 0x69, 0x66, 0x20, 0x28, 0x63, 0x6f, 0x6e, 0x64, 0x29,
  0x20, 0x72, 0x65, 0x74, 0x75, 0x72, 0x6e, 0x3b, 0x0a, 0x20, 0x20, 0x6c, 0x6f, 0x67, 0x2e, 0x64,
  0x65, 0x62, 0x75, 0x67, 0x28, 0x27, 0x64, 0x65, 0x6d, 0x61, 0x6e, 0x64, 0x20, 0x66, 0x61, 0x69,
  0x6c, 0x65, 0x64, 0x27, 0x2c, 0x20, 0x7b, 0x20, 0x72, 0x65, 0x61, 0x73, 0x6f, 0x6e, 0x20, 0x7d,
  0x29, 0x3b, 0x0a, 0x20, 0x20, 0x66, 0x61, 0x69, 0x6c, 0x28, 0x72, 0x65, 0x61, 0x73, 0x6f, 0x6e,
  0x29, 0x3b, 0x0a, 0x20, 0x20, 0x74, 0x68, 0x72, 0x6f, 0x77, 0x20, 0x6e, 0x65, 0x77, 0x20, 0x45,
  0x72, 0x72, 0x6f, 0x72, 0x28, 0x72, 0x65, 0x61, 0x73, 0x6f, 0x6e, 0x29, 0x3b, 0x0a, 0x7d, 0x3b,
  0x0a, 0x0a, 0x2f, 0x2a, 0x20, 0x42, 0x72, 0x69, 0x64, 0x67, 0x65, 0x20, 0x65, 0x76, 0x65, 0x6e,
  0x74, 0x73, 0x20, 0x61, 0x72, 0x72, 0x69, 0x76, 0x65, 0x20, 0x69, 0x6e, 0x20, 0x68, 0x6f, 0x73,
  0x74, 0x20, 0x6f, 0x72, 0x64, 0x65, 0x72, 0x3b, 0x20, 0x74, 0x68, 0x65, 0x20, 0x73, 0x63, 0x65,
  0x6e, 0x61, 0x72, 0x69, 0x6f, 0x20, 0x63, 0x6f, 0x6e, 0x73, 0x75, 0x6d, 0x65, 0x73, 0x20, 0x74,
  0x68, 0x65, 0x6d, 0x20, 0x62, 0x79, 0x20, 0x6e, 0x61, 0x6d, 0x65, 0x2c, 0x0a, 0x20, 0x2a, 0x20,
  0x62, 0x75, 0x66, 0x66, 0x65, 0x72, 0x69, 0x6e, 0x67, 0x20, 0x61, 0x6e, 0x79, 0x74, 0x68, 0x69,
  0x6e, 0x67, 0x20, 0x74, 0x68, 0x61, 0x74, 0x20, 0x61, 0x72, 0x72, 0x69, 0x76, 0x65, 0x73, 0x20,
  0x77, 0x68, 0x69, 0x6c, 0x65, 0x20, 0x69, 0x74, 0x20, 0x77, 0x61, 0x69, 0x74, 0x73, 0x20, 0x66,
  0x6f, 0x72, 0x20, 0x61, 0x6e, 0x6f, 0x74, 0x68, 0x65, 0x72, 0x20, 0x6b, 0x69, 0x6e, 0x64, 0x2e,
  0x20, 0x2a, 0x2f, 0x0a, 0x63, 0x6f, 0x6e, 0x73, 0x74, 0x20, 0x62, 0x75, 0x66, 0x66, 0x65, 0x72,
  0x65, 0x64, 0x20, 0x3d, 0x20, 0x5b, 0x5d, 0x3b, 0x0a, 0x63, 0x6f, 0x6e, 0x73, 0x74, 0x20, 0x77,
  0x61, 0x69, 0x74, 0x65, 0x72, 0x73, 0x20, 0x3d, 0x20, 0x5b, 0x5d, 0x3b, 0x0a, 0x6f, 0x6e, 0x45,
  0x76, 0x65, 0x6e, 0x74, 0x28, 0x28, 0x65, 0x76, 0x29, 0x20, 0x3d, 0x3e, 0x20, 0x7b, 0x0a, 0x20,
  0x20, 0x63, 0x6f, 0x6e, 0x73, 0x74, 0x20, 0x77, 0x61, 0x6b, 0x65, 0x20, 0x3d, 0x20, 0x77, 0x61,
  0x69, 0x74, 0x65, 0x72, 0x73, 0x2e, 0x73, 0x68, 0x69, 0x66, 0x74, 0x28, 0x29, 0x3b, 0x0a, 0x20,
  0x20, 0x69, 0x66, 0x20, 0x28, 0x77, 0x61, 0x6b, 0x65, 0x29, 0x20, 0x77, 0x61, 0x6b, 0x65, 0x28,
  0x65, 0x76, 0x29, 0x3b, 0x0a, 0x20, 0x20, 0x65, 0x6c, 0x73, 0x65, 0x20, 0x62, 0x75, 0x66, 0x66,
  0x65, 0x72, 0x65, 0x64, 0x2e, 0x70, 0x75, 0x73, 0x68, 0x28, 0x65, 0x76, 0x29, 0x3b, 0x0a, 0x7d,
  0x29, 0x3b, 0x0a, 0x63, 0x6f, 0x6e, 0x73, 0x74, 0x20, 0x6e, 0x65, 0x78, 0x74, 0x45, 0x76, 0x65,
  0x6e, 0x74, 0x20, 0x3d, 0x20, 0x61, 0x73, 0x79, 0x6e, 0x63, 0x20, 0x28, 0x6e, 0x61, 0x6d, 0x65,
  0x29, 0x20, 0x3d, 0x3e, 0x20, 0x7b, 0x0a, 0x20, 0x20, 0x6c, 0x6f, 0x67, 0x2e, 0x64, 0x65, 0x62,
  0x75, 0x67, 0x28, 0x27, 0x77, 0x61, 0x69, 0x74, 0x20, 0x66, 0x6f, 0x72, 0x20, 0x65, 0x76, 0x65,
  0x6e, 0x74, 0x27, 0x2c, 0x20, 0x7b, 0x20, 0x6e, 0x61, 0x6d, 0x65, 0x20, 0x7d, 0x29, 0x3b, 0x0a,
  0x20, 0x20, 0x66, 0x6f, 0x72, 0x20, 0x28, 0x3b, 0x3b, 0x29, 0x20, 0x7b, 0x0a, 0x20, 0x20, 0x20,
  0x20, 0x63, 0x6f, 0x6e, 0x73, 0x74, 0x20, 0x61, 0x74, 0x20, 0x3d, 0x20, 0x62, 0x75, 0x66, 0x66,
  0x65, 0x72, 0x65, 0x64, 0x2e, 0x66, 0x69, 0x6e, 0x64, 0x49, 0x6e, 0x64, 0x65, 0x78, 0x28, 0x28,
  0x65, 0x76, 0x29, 0x20, 0x3d, 0x3e, 0x20, 0x65, 0x76, 0x2e, 0x65, 0x76, 0x65, 0x6e, 0x74, 0x20,
  0x3d, 0x3d, 0x3d, 0x20, 0x6e, 0x61, 0x6d, 0x65, 0x29, 0x3b, 0x0a, 0x20, 0x20, 0x20, 0x20, 0x69,
  0x66, 0x20, 0x28, 0x61, 0x74, 0x20, 0x3e, 0x3d, 0x20, 0x30, 0x29, 0x20, 0x72, 0x65, 0x74, 0x75,
  0x72, 0x6e, 0x20, 0x62, 0x75, 0x66, 0x66, 0x65, 0x72, 0x65, 0x64, 0x2e, 0x73, 0x70, 0x6c, 0x69,
  0x63, 0x65, 0x28, 0x61, 0x74, 0x2c, 0x20, 0x31, 0x29, 0x5b, 0x30, 0x5d, 0x3b, 0x0a, 0x20, 0x20,
  0x20, 0x20, 0x63, 0x6f, 0x6e, 0x73, 0x74, 0x20, 0x65, 0x76, 0x20, 0x3d, 0x20, 0x61, 0x77, 0x61,
  0x69, 0x74, 0x20, 0x6e, 0x65, 0x77, 0x20, 0x50, 0x72, 0x6f, 0x6d, 0x69, 0x73, 0x65, 0x28, 0x28,
  0x72, 0x65, 0x73, 0x6f, 0x6c, 0x76, 0x65, 0x29, 0x20, 0x3d, 0x3e, 0x20, 0x77, 0x61, 0x69, 0x74,
  0x65, 0x72, 0x73, 0x2e, 0x70, 0x75, 0x73, 0x68, 0x28, 0x72, 0x65, 0x73, 0x6f, 0x6c, 0x76, 0x65,
  0x29, 0x29, 0x3b, 0x0a, 0x20, 0x20, 0x20, 0x20, 0x62, 0x75, 0x66, 0x66, 0x65, 0x72, 0x65, 0x64,
  0x2e, 0x70, 0x75, 0x73, 0x68, 0x28, 0x65, 0x76, 0x29, 0x3b, 0x0a, 0x20, 0x20, 0x7d, 0x0a, 0x7d,
  0x3b, 0x0a, 0x0a, 0x2f, 0x2a, 0x2a, 0x20, 0x53, 0x65, 0x73, 0x73, 0x69, 0x6f, 0x6e, 0x20, 0x70,
  0x72, 0x6f, 0x6a, 0x65, 0x63, 0x74, 0x69, 0x6f, 0x6e, 0x20, 0x70, 0x75, 0x73, 0x68, 0x20, 0x28,
  0x73, 0x65, 0x73, 0x73, 0x69, 0x6f, 0x6e, 0x2d, 0x70, 0x72, 0x6f, 0x6a, 0x65, 0x63, 0x74, 0x69,
  0x6f, 0x6e, 0x40, 0x30, 0x29, 0x3a, 0x20, 0x6f, 0x6e, 0x65, 0x20, 0x4a, 0x53, 0x4f, 0x4e, 0x20,
  0x6c, 0x69, 0x6e, 0x65, 0x20, 0x6f, 0x76, 0x65, 0x72, 0x20, 0x74, 0x68, 0x65, 0x0a, 0x20, 0x2a,
  0x20, 0x62, 0x75, 0x73, 0x20, 0x73, 0x65, 0x61, 0x6d, 0x2c, 0x20, 0x73, 0x68, 0x75, 0x74, 0x74,
  0x6c, 0x65, 0x64, 0x20, 0x68, 0x6f, 0x73, 0x74, 0x2d, 0x73, 0x69, 0x64, 0x65, 0x20, 0x74, 0x6f,
  0x20, 0x74, 0x68, 0x65, 0x20, 0x63, 0x61, 0x72, 0x72, 0x69, 0x65, 0x72, 0x20, 0x57, 0x53, 0x20,
  0x61, 0x6e, 0x64, 0x20, 0x72, 0x65, 0x6e, 0x64, 0x65, 0x72, 0x65, 0x64, 0x20, 0x62, 0x79, 0x20,
  0x74, 0x68, 0x65, 0x20, 0x61, 0x63, 0x74, 0x69, 0x76, 0x65, 0x0a, 0x20, 0x2a, 0x20, 0x57, 0x65,
  0x62, 0x20, 0x43, 0x6c, 0x69, 0x65, 0x6e, 0x74, 0x2e, 0x20, 0x48, 0x6f, 0x73, 0x74, 0x73, 0x20,
  0x77, 0x69, 0x74, 0x68, 0x6f, 0x75, 0x74, 0x20, 0x61, 0x20, 0x62, 0x75, 0x73, 0x20, 0x73, 0x69,
  0x6e, 0x6b, 0x20, 0x64, 0x72, 0x6f, 0x70, 0x20, 0x69, 0x74, 0x20, 0x73, 0x69, 0x6c, 0x65, 0x6e,
  0x74, 0x6c, 0x79, 0x20, 0x28, 0x74, 0x68, 0x65, 0x20, 0x43, 0x4c, 0x49, 0x20, 0x62, 0x61, 0x63,
  0x6b, 0x65, 0x6e, 0x64, 0x29, 0x2c, 0x0a, 0x20, 0x2a, 0x20, 0x73, 0x6f, 0x20, 0x74, 0x68, 0x65,
  0x20, 0x45, 0x32, 0x45, 0x20, 0x6c, 0x6f, 0x67, 0x20, 0x73, 0x74, 0x72, 0x65, 0x61, 0x6d, 0x20,
  0x69, 0x73, 0x20, 0x69, 0x64, 0x65, 0x6e, 0x74, 0x69, 0x63, 0x61, 0x6c, 0x20, 0x65, 0x76, 0x65,
  0x72, 0x79, 0x77, 0x68, 0x65, 0x72, 0x65, 0x2e, 0x20, 0x2a, 0x2f, 0x0a, 0x63, 0x6f, 0x6e, 0x73,
  0x74, 0x20, 0x70, 0x72, 0x6f, 0x6a, 0x65, 0x63, 0x74, 0x20, 0x3d, 0x20, 0x28, 0x65, 0x76, 0x65,
  0x6e, 0x74, 0x29, 0x20, 0x3d, 0x3e, 0x20, 0x7b, 0x0a, 0x20, 0x20, 0x6c, 0x6f, 0x67, 0x2e, 0x64,
  0x65, 0x62, 0x75, 0x67, 0x28, 0x27, 0x70, 0x72, 0x6f, 0x6a, 0x65, 0x63, 0x74, 0x69, 0x6f, 0x6e,
  0x20, 0x70, 0x75, 0x73, 0x68, 0x27, 0x2c, 0x20, 0x7b, 0x20, 0x6b, 0x69, 0x6e, 0x64, 0x3a, 0x20,
  0x65, 0x76, 0x65, 0x6e, 0x74, 0x2e, 0x6b, 0x69, 0x6e, 0x64, 0x20, 0x7d, 0x29, 0x3b, 0x0a, 0x20,
  0x20, 0x67, 0x6c, 0x6f, 0x62, 0x61, 0x6c, 0x54, 0x68, 0x69, 0x73, 0x2e, 0x5f, 0x5f, 0x64, 0x73,
  0x68, 0x42, 0x75, 0x73, 0x50, 0x6f, 0x73, 0x74, 0x3f, 0x2e, 0x28, 0x4a, 0x53, 0x4f, 0x4e, 0x2e,
  0x73, 0x74, 0x72, 0x69, 0x6e, 0x67, 0x69, 0x66, 0x79, 0x28, 0x7b, 0x20, 0x74, 0x79, 0x70, 0x65,
  0x3a, 0x20, 0x27, 0x77, 0x73, 0x2e, 0x73, 0x65, 0x6e, 0x64, 0x27, 0x2c, 0x20, 0x70, 0x61, 0x79,
  0x6c, 0x6f, 0x61, 0x64, 0x3a, 0x20, 0x65, 0x76, 0x65, 0x6e, 0x74, 0x20, 0x7d, 0x29, 0x29, 0x3b,
  0x0a, 0x7d, 0x3b, 0x0a, 0x0a, 0x63, 0x6f, 0x6e, 0x73, 0x74, 0x20, 0x53, 0x45, 0x53, 0x53, 0x49,
  0x4f, 0x4e, 0x5f, 0x49, 0x44, 0x20, 0x3d, 0x20, 0x27, 0x73, 0x2d, 0x6d, 0x32, 0x2d, 0x30, 0x30,
  0x30, 0x31, 0x27, 0x3b, 0x0a, 0x63, 0x6f, 0x6e, 0x73, 0x74, 0x20, 0x52, 0x45, 0x53, 0x55, 0x4c,
  0x54, 0x5f, 0x50, 0x41, 0x54, 0x48, 0x20, 0x3d, 0x20, 0x27, 0x6d, 0x32, 0x2d, 0x73, 0x65, 0x73,
  0x73, 0x69, 0x6f, 0x6e, 0x2f, 0x72, 0x65, 0x73, 0x75, 0x6c, 0x74, 0x2e, 0x74, 0x78, 0x74, 0x27,
  0x3b, 0x0a, 0x63, 0x6f, 0x6e, 0x73, 0x74, 0x20, 0x52, 0x45, 0x53, 0x55, 0x4c, 0x54, 0x5f, 0x54,
  0x45, 0x58, 0x54, 0x20, 0x3d, 0x20, 0x27, 0x6d, 0x32, 0x2d, 0x73, 0x65, 0x73, 0x73, 0x69, 0x6f,
  0x6e, 0x20, 0x72, 0x65, 0x73, 0x75, 0x6c, 0x74, 0x3a, 0x20, 0x35, 0x20, 0x64, 0x65, 0x6c, 0x74,
  0x61, 0x73, 0x27, 0x3b, 0x20, 0x2f, 0x2f, 0x20, 0x32, 0x37, 0x20, 0x41, 0x53, 0x43, 0x49, 0x49,
  0x20, 0x62, 0x79, 0x74, 0x65, 0x73, 0x0a, 0x63, 0x6f, 0x6e, 0x73, 0x74, 0x20, 0x54, 0x55, 0x52,
  0x4e, 0x5f, 0x4f, 0x4e, 0x45, 0x20, 0x3d, 0x20, 0x5b, 0x27, 0x48, 0x65, 0x6c, 0x6c, 0x6f, 0x27,
  0x2c, 0x20, 0x27, 0x20, 0x66, 0x72, 0x6f, 0x6d, 0x27, 0x2c, 0x20, 0x27, 0x20, 0x44, 0x53, 0x48,
  0x27, 0x5d, 0x3b, 0x0a, 0x63, 0x6f, 0x6e, 0x73, 0x74, 0x20, 0x54, 0x55, 0x52, 0x4e, 0x5f, 0x54,
  0x57, 0x4f, 0x20, 0x3d, 0x20, 0x5b, 0x27, 0x20, 0x53, 0x61, 0x76, 0x65, 0x64, 0x27, 0x2c, 0x20,
  0x27, 0x20, 0x6f, 0x6b, 0x27, 0x5d, 0x3b, 0x0a, 0x63, 0x6f, 0x6e, 0x73, 0x74, 0x20, 0x74, 0x6f,
  0x54, 0x65, 0x78, 0x74, 0x20, 0x3d, 0x20, 0x28, 0x62, 0x79, 0x74, 0x65, 0x73, 0x29, 0x20, 0x3d,
  0x3e, 0x20, 0x5b, 0x2e, 0x2e, 0x2e, 0x62, 0x79, 0x74, 0x65, 0x73, 0x5d, 0x2e, 0x6d, 0x61, 0x70,
  0x28, 0x28, 0x63, 0x29, 0x20, 0x3d, 0x3e, 0x20, 0x53, 0x74, 0x72, 0x69, 0x6e, 0x67, 0x2e, 0x66,
  0x72, 0x6f, 0x6d, 0x43, 0x68, 0x61, 0x72, 0x43, 0x6f, 0x64, 0x65, 0x28, 0x63, 0x29, 0x29, 0x2e,
  0x6a, 0x6f, 0x69, 0x6e, 0x28, 0x27, 0x27, 0x29, 0x3b, 0x0a, 0x0a, 0x2f, 0x2a, 0x2a, 0x20, 0x4d,
  0x33, 0x3a, 0x20, 0x74, 0x68, 0x65, 0x20, 0x64, 0x73, 0x68, 0x2d, 0x6e, 0x6f, 0x74, 0x65, 0x73,
  0x20, 0x70, 0x6c, 0x75, 0x67, 0x69, 0x6e, 0x20, 0x41, 0x52, 0x52, 0x49, 0x56, 0x45, 0x53, 0x20,
  0x74, 0x68, 0x72, 0x6f, 0x75, 0x67, 0x68, 0x20, 0x74, 0x68, 0x65, 0x20, 0x69, 0x6e, 0x73, 0x74,
  0x61, 0x6c, 0x6c, 0x20, 0x70, 0x69, 0x70, 0x65, 0x6c, 0x69, 0x6e, 0x65, 0x20, 0x28, 0x61, 0x20,
  0x66, 0x75, 0x6c, 0x6c, 0x0a, 0x20, 0x2a, 0x20, 0x72, 0x65, 0x63, 0x65, 0x69, 0x70, 0x74, 0x20,
  0x74, 0x72, 0x61, 0x6e, 0x73, 0x61, 0x63, 0x74, 0x69, 0x6f, 0x6e, 0x20, 0x6f, 0x76, 0x65, 0x72,
  0x20, 0x74, 0x68, 0x65, 0x20, 0x66, 0x73, 0x20, 0x70, 0x72, 0x69, 0x6d, 0x69, 0x74, 0x69, 0x76,
  0x65, 0x73, 0x20, 0xe2, 0x80, 0x94, 0x20, 0x69, 0x6e, 0x73, 0x74, 0x61, 0x6c, 0x6c, 0x2d, 0x70,
  0x69, 0x70, 0x65, 0x6c, 0x69, 0x6e, 0x65, 0x2e, 0x6a, 0x73, 0x29, 0x2c, 0x20, 0x69, 0x73, 0x0a,
  0x20, 0x2a, 0x20, 0x6c, 0x6f, 0x61, 0x64, 0x65, 0x64, 0x20, 0x66, 0x72, 0x6f, 0x6d, 0x20, 0x69,
  0x74, 0x73, 0x20, 0x69, 0x6e, 0x73, 0x74, 0x61, 0x6c, 0x6c, 0x65, 0x64, 0x20, 0x65, 0x6e, 0x74,
  0x72, 0x79, 0x2c, 0x20, 0x61, 0x63, 0x74, 0x69, 0x76, 0x61, 0x74, 0x65, 0x64, 0x20, 0x76, 0x69,
  0x61, 0x20, 0x74, 0x68, 0x65, 0x20, 0x72, 0x65, 0x67, 0x69, 0x73, 0x74, 0x72, 0x79, 0x2c, 0x20,
  0x61, 0x6e, 0x64, 0x20, 0x70, 0x72, 0x6f, 0x6a, 0x65, 0x63, 0x74, 0x73, 0x0a, 0x20, 0x2a, 0x20,
  0x69, 0x74, 0x73, 0x20, 0x74, 0x6f, 0x6f, 0x6c, 0x62, 0x61, 0x72, 0x20, 0x73, 0x6c, 0x6f, 0x74,
  0x20, 0x69, 0x6e, 0x74, 0x6f, 0x20, 0x74, 0x68, 0x65, 0x20, 0x61, 0x63, 0x74, 0x69, 0x76, 0x65,
  0x20, 0x57, 0x65, 0x62, 0x20, 0x43, 0x6c, 0x69, 0x65, 0x6e, 0x74, 0x20, 0x42, 0x45, 0x46, 0x4f,
  0x52, 0x45, 0x20, 0x74, 0x68, 0x65, 0x20, 0x73, 0x65, 0x73, 0x73, 0x69, 0x6f, 0x6e, 0x20, 0x73,
  0x74, 0x61, 0x72, 0x74, 0x73, 0x20, 0xe2, 0x80, 0x94, 0x0a, 0x20, 0x2a, 0x20, 0x74, 0x68, 0x65,
  0x20, 0x70, 0x72, 0x6f, 0x6a, 0x65, 0x63, 0x74, 0x69, 0x6f, 0x6e, 0x20, 0x69, 0x73, 0x20, 0x62,
  0x75, 0x66, 0x66, 0x65, 0x72, 0x65, 0x64, 0x20, 0x68, 0x6f, 0x73, 0x74, 0x2d, 0x73, 0x69, 0x64,
  0x65, 0x20, 0x61, 0x6e, 0x64, 0x20, 0x72, 0x65, 0x70, 0x6c, 0x61, 0x79, 0x65, 0x64, 0x20, 0x74,
  0x6f, 0x20, 0x74, 0x68, 0x65, 0x20, 0x70, 0x61, 0x67, 0x65, 0x20, 0x6f, 0x6e, 0x20, 0x63, 0x6f,
  0x6e, 0x6e, 0x65, 0x63, 0x74, 0x2c, 0x0a, 0x20, 0x2a, 0x20, 0x73, 0x6f, 0x20, 0x74, 0x68, 0x65,
  0x20, 0x73, 0x6c, 0x6f, 0x74, 0x20, 0x69, 0x73, 0x20, 0x72, 0x65, 0x6e, 0x64, 0x65, 0x72, 0x65,
  0x64, 0x20, 0x28, 0x61, 0x6e, 0x64, 0x20, 0x61, 0x63, 0x6b, 0x65, 0x64, 0x29, 0x20, 0x61, 0x68,
  0x65, 0x61, 0x64, 0x20, 0x6f, 0x66, 0x20, 0x74, 0x68, 0x65, 0x20, 0x66, 0x69, 0x72, 0x73, 0x74,
  0x20, 0x74, 0x6f, 0x6b, 0x65, 0x6e, 0x20, 0x64, 0x65, 0x6c, 0x74, 0x61, 0x2e, 0x20, 0x2a, 0x2f,
  0x0a, 0x63, 0x6f, 0x6e, 0x73, 0x74, 0x20, 0x69, 0x6e, 0x73, 0x74, 0x61, 0x6c, 0x6c, 0x4e, 0x6f,
  0x74, 0x65, 0x73, 0x20, 0x3d, 0x20, 0x61, 0x73, 0x79, 0x6e, 0x63, 0x20, 0x28, 0x72, 0x65, 0x67,
  0x69, 0x73, 0x74, 0x72, 0x79, 0x29, 0x20, 0x3d, 0x3e, 0x20, 0x7b, 0x0a, 0x20, 0x20, 0x6c, 0x6f,
  0x67, 0x2e, 0x64, 0x65, 0x62, 0x75, 0x67, 0x28, 0x27, 0x6e, 0x6f, 0x74, 0x65, 0x73, 0x20, 0x69,
  0x6e, 0x73, 0x74, 0x61, 0x6c, 0x6c, 0x20, 0x62, 0x65, 0x67, 0x69, 0x6e, 0x27, 0x29, 0x3b, 0x0a,
  0x20, 0x20, 0x63, 0x6f, 0x6e, 0x73, 0x74, 0x20, 0x70, 0x61, 0x63, 0x6b, 0x61, 0x67, 0x65, 0x42,
  0x79, 0x74, 0x65, 0x73, 0x20, 0x3d, 0x20, 0x62, 0x75, 0x69, 0x6c, 0x64, 0x4e, 0x6f, 0x74, 0x65,
  0x73, 0x54, 0x67, 0x7a, 0x28, 0x29, 0x3b, 0x0a, 0x20, 0x20, 0x63, 0x6f, 0x6e, 0x73, 0x74, 0x20,
  0x72, 0x65, 0x73, 0x75, 0x6c, 0x74, 0x20, 0x3d, 0x20, 0x61, 0x77, 0x61, 0x69, 0x74, 0x20, 0x69,
  0x6e, 0x73, 0x74, 0x61, 0x6c, 0x6c, 0x50, 0x61, 0x63, 0x6b, 0x61, 0x67, 0x65, 0x28, 0x7b, 0x0a,
  0x20, 0x20, 0x20, 0x20, 0x69, 0x64, 0x3a, 0x20, 0x27, 0x64, 0x73, 0x68, 0x2d, 0x6e, 0x6f, 0x74,
  0x65, 0x73, 0x27, 0x2c, 0x0a, 0x20, 0x20, 0x20, 0x20, 0x62, 0x79, 0x74, 0x65, 0x73, 0x3a, 0x20,
  0x70, 0x61, 0x63, 0x6b, 0x61, 0x67, 0x65, 0x42, 0x79, 0x74, 0x65, 0x73, 0x2c, 0x0a, 0x20, 0x20,
  0x20, 0x20, 0x74, 0x72, 0x75, 0x73, 0x74, 0x3a, 0x20, 0x7b, 0x0a, 0x20, 0x20, 0x20, 0x20, 0x20,
  0x20, 0x62, 0x6c, 0x6f, 0x62, 0x53, 0x68, 0x61, 0x32, 0x35, 0x36, 0x3a, 0x20, 0x73, 0x68, 0x61,
  0x32, 0x35, 0x36, 0x48, 0x65, 0x78, 0x28, 0x70, 0x61, 0x63, 0x6b, 0x61, 0x67, 0x65, 0x42, 0x79,
  0x74, 0x65, 0x73, 0x29, 0x2c, 0x0a, 0x20, 0x20, 0x20, 0x20, 0x20, 0x20, 0x6d, 0x61, 0x6e, 0x69,
  0x66, 0x65, 0x73, 0x74, 0x53, 0x68, 0x61, 0x32, 0x35, 0x36, 0x3a, 0x20, 0x73, 0x68, 0x61, 0x32,
  0x35, 0x36, 0x48, 0x65, 0x78, 0x28, 0x4e, 0x4f, 0x54, 0x45, 0x53, 0x5f, 0x4d, 0x41, 0x4e, 0x49,
  0x46, 0x45, 0x53, 0x54, 0x5f, 0x42, 0x59, 0x54, 0x45, 0x53, 0x29, 0x2c, 0x0a, 0x20, 0x20, 0x20,
  0x20, 0x7d, 0x2c, 0x0a, 0x20, 0x20, 0x20, 0x20, 0x74, 0x78, 0x49, 0x64, 0x3a, 0x20, 0x27, 0x6d,
  0x32, 0x2d, 0x73, 0x65, 0x73, 0x73, 0x69, 0x6f, 0x6e, 0x2d, 0x30, 0x30, 0x30, 0x31, 0x27, 0x2c,
  0x0a, 0x20, 0x20, 0x20, 0x20, 0x6f, 0x6e, 0x3a, 0x20, 0x28, 0x29, 0x20, 0x3d, 0x3e, 0x20, 0x7b,
  0x7d, 0x2c, 0x0a, 0x20, 0x20, 0x7d, 0x29, 0x3b, 0x0a, 0x20, 0x20, 0x67, 0x6c, 0x6f, 0x62, 0x61,
  0x6c, 0x54, 0x68, 0x69, 0x73, 0x2e, 0x5f, 0x5f, 0x64, 0x73, 0x68, 0x4d, 0x6f, 0x64, 0x75, 0x6c,
  0x65, 0x44, 0x65, 0x66, 0x69, 0x6e, 0x65, 0x28, 0x72, 0x65, 0x73, 0x75, 0x6c, 0x74, 0x2e, 0x6d,
  0x6f, 0x64, 0x75, 0x6c, 0x65, 0x49, 0x64, 0x2c, 0x20, 0x74, 0x6f, 0x54, 0x65, 0x78, 0x74, 0x28,
  0x72, 0x65, 0x73, 0x75, 0x6c, 0x74, 0x2e, 0x65, 0x6e, 0x74, 0x72, 0x79, 0x53, 0x6f, 0x75, 0x72,
  0x63, 0x65, 0x29, 0x29, 0x3b, 0x0a, 0x20, 0x20, 0x72, 0x65, 0x67, 0x69, 0x73, 0x74, 0x72, 0x79,
  0x2e, 0x69, 0x6e, 0x73, 0x74, 0x61, 0x6c, 0x6c, 0x28, 0x7b, 0x20, 0x6d, 0x61, 0x6e, 0x69, 0x66,
  0x65, 0x73, 0x74, 0x3a, 0x20, 0x72, 0x65, 0x73, 0x75, 0x6c, 0x74, 0x2e, 0x6d, 0x61, 0x6e, 0x69,
  0x66, 0x65, 0x73, 0x74, 0x2c, 0x20, 0x6d, 0x6f, 0x64, 0x75, 0x6c, 0x65, 0x3a, 0x20, 0x61, 0x77,
  0x61, 0x69, 0x74, 0x20, 0x69, 0x6d, 0x70, 0x6f, 0x72, 0x74, 0x28, 0x72, 0x65, 0x73, 0x75, 0x6c,
  0x74, 0x2e, 0x6d, 0x6f, 0x64, 0x75, 0x6c, 0x65, 0x49, 0x64, 0x29, 0x20, 0x7d, 0x29, 0x3b, 0x0a,
  0x20, 0x20, 0x72, 0x65, 0x67, 0x69, 0x73, 0x74, 0x72, 0x79, 0x2e, 0x73, 0x65, 0x72, 0x76, 0x69,
  0x63, 0x65, 0x28, 0x27, 0x6e, 0x6f, 0x74, 0x65, 0x73, 0x27, 0x29, 0x3b, 0x20, 0x2f, 0x2f, 0x20,
  0x66, 0x61, 0x69, 0x6c, 0x20, 0x6c, 0x6f, 0x75, 0x64, 0x20, 0x75, 0x6e, 0x6c, 0x65, 0x73, 0x73,
  0x20, 0x61, 0x63, 0x74, 0x69, 0x76, 0x61, 0x74, 0x69, 0x6f, 0x6e, 0x20, 0x72, 0x65, 0x67, 0x69,
  0x73, 0x74, 0x65, 0x72, 0x65, 0x64, 0x20, 0x69, 0x74, 0x0a, 0x20, 0x20, 0x65, 0x6d, 0x69, 0x74,
  0x28, 0x27, 0x6e, 0x6f, 0x74, 0x65, 0x73, 0x2e, 0x69, 0x6e, 0x73, 0x74, 0x61, 0x6c, 0x6c, 0x65,
  0x64, 0x27, 0x2c, 0x20, 0x7b, 0x0a, 0x20, 0x20, 0x20, 0x20, 0x70, 0x6b, 0x67, 0x3a, 0x20, 0x72,
  0x65, 0x73, 0x75, 0x6c, 0x74, 0x2e, 0x6d, 0x61, 0x6e, 0x69, 0x66, 0x65, 0x73, 0x74, 0x2e, 0x69,
  0x64, 0x2c, 0x20, 0x76, 0x65, 0x72, 0x73, 0x69, 0x6f, 0x6e, 0x3a, 0x20, 0x72, 0x65, 0x73, 0x75,
  0x6c, 0x74, 0x2e, 0x6d, 0x61, 0x6e, 0x69, 0x66, 0x65, 0x73, 0x74, 0x2e, 0x76, 0x65, 0x72, 0x73,
  0x69, 0x6f, 0x6e, 0x2c, 0x0a, 0x20, 0x20, 0x20, 0x20, 0x73, 0x74, 0x61, 0x74, 0x75, 0x73, 0x3a,
  0x20, 0x72, 0x65, 0x73, 0x75, 0x6c, 0x74, 0x2e, 0x72, 0x65, 0x63, 0x65, 0x69, 0x70, 0x74, 0x2e,
  0x73, 0x74, 0x61, 0x74, 0x75, 0x73, 0x2c, 0x0a, 0x20, 0x20, 0x7d, 0x29, 0x3b, 0x0a, 0x20, 0x20,
  0x70, 0x72, 0x6f, 0x6a, 0x65, 0x63, 0x74, 0x28, 0x7b, 0x20, 0x6b, 0x69, 0x6e, 0x64, 0x3a, 0x20,
  0x27, 0x73, 0x6c, 0x6f, 0x74, 0x2e, 0x72, 0x65, 0x67, 0x69, 0x73, 0x74, 0x65, 0x72, 0x27, 0x2c,
  0x20, 0x69, 0x64, 0x3a, 0x20, 0x27, 0x6e, 0x6f, 0x74, 0x65, 0x73, 0x2e, 0x74, 0x6f, 0x6f, 0x6c,
  0x62, 0x61, 0x72, 0x27, 0x2c, 0x20, 0x6c, 0x61, 0x62, 0x65, 0x6c, 0x3a, 0x20, 0x27, 0x6e, 0x6f,
  0x74, 0x65, 0x73, 0x27, 0x2c, 0x20, 0x62, 0x79, 0x3a, 0x20, 0x27, 0x64, 0x73, 0x68, 0x2d, 0x6e,
  0x6f, 0x74, 0x65, 0x73, 0x27, 0x20, 0x7d, 0x29, 0x3b, 0x0a, 0x7d, 0x3b, 0x0a, 0x0a, 0x2f, 0x2a,
  0x2a, 0x20, 0x54, 0x61, 0x73, 0x6b, 0x20, 0x73, 0x74, 0x65, 0x70, 0x20, 0x31, 0x20, 0x28, 0x70,
  0x75, 0x72, 0x65, 0x20, 0x63, 0x6f, 0x6d, 0x70, 0x75, 0x74, 0x65, 0x29, 0x3a, 0x20, 0x61, 0x20,
  0x74, 0x69, 0x6e, 0x79, 0x20, 0x77, 0x6f, 0x72, 0x6b, 0x20, 0x75, 0x6e, 0x69, 0x74, 0x20, 0x6f,
  0x6e, 0x20, 0x74, 0x68, 0x65, 0x20, 0x72, 0x75, 0x6e, 0x74, 0x69, 0x6d, 0x65, 0x20, 0x71, 0x75,
  0x65, 0x75, 0x65, 0x2e, 0x20, 0x2a, 0x2f, 0x0a, 0x63, 0x6f, 0x6e, 0x73, 0x74, 0x20, 0x63, 0x6f,
  0x6d, 0x70, 0x75, 0x74, 0x65, 0x53, 0x74, 0x65, 0x70, 0x20, 0x3d, 0x20, 0x61, 0x73, 0x79, 0x6e,
  0x63, 0x20, 0x28, 0x63, 0x74, 0x78, 0x29, 0x20, 0x3d, 0x3e, 0x20, 0x7b, 0x0a, 0x20, 0x20, 0x63,
  0x74, 0x78, 0x2e, 0x72, 0x65, 0x70, 0x6f, 0x72, 0x74, 0x28, 0x27, 0x63, 0x6f, 0x6d, 0x70, 0x75,
  0x74, 0x65, 0x64, 0x27, 0x29, 0x3b, 0x0a, 0x20, 0x20, 0x6c, 0x6f, 0x67, 0x2e, 0x64, 0x65, 0x62,
  0x75, 0x67, 0x28, 0x27, 0x74, 0x61, 0x73, 0x6b, 0x20, 0x63, 0x6f, 0x6d, 0x70, 0x75, 0x74, 0x65,
  0x20, 0x73, 0x74, 0x65, 0x70, 0x20, 0x64, 0x6f, 0x6e, 0x65, 0x27, 0x29, 0x3b, 0x0a, 0x20, 0x20,
  0x72, 0x65, 0x74, 0x75, 0x72, 0x6e, 0x20, 0x27, 0x64, 0x65, 0x6c, 0x74, 0x61, 0x73, 0x3d, 0x35,
  0x27, 0x3b, 0x0a, 0x7d, 0x3b, 0x0a, 0x0a, 0x2f, 0x2a, 0x2a, 0x20, 0x54, 0x61, 0x73, 0x6b, 0x20,
  0x73, 0x74, 0x65, 0x70, 0x20, 0x32, 0x20, 0x28, 0x70, 0x65, 0x72, 0x73, 0x69, 0x73, 0x74, 0x29,
  0x3a, 0x20, 0x72, 0x6f, 0x75, 0x74, 0x65, 0x73, 0x20, 0x74, 0x68, 0x65, 0x20, 0x74, 0x61, 0x73,
  0x6b, 0x27, 0x73, 0x20, 0x72, 0x65, 0x73, 0x75, 0x6c, 0x74, 0x20, 0x74, 0x68, 0x72, 0x6f, 0x75,
  0x67, 0x68, 0x20, 0x64, 0x73, 0x68, 0x2d, 0x66, 0x73, 0x20, 0x75, 0x6e, 0x64, 0x65, 0x72, 0x20,
  0x74, 0x68, 0x65, 0x0a, 0x20, 0x2a, 0x20, 0x73, 0x65, 0x73, 0x73, 0x69, 0x6f, 0x6e, 0x27, 0x73,
  0x20, 0x67, 0x72, 0x61, 0x6e, 0x74, 0x65, 0x64, 0x20, 0x73, 0x63, 0x6f, 0x70, 0x65, 0x20, 0xe2,
  0x80, 0x94, 0x20, 0x74, 0x68, 0x65, 0x20, 0x74, 0x6f, 0x6f, 0x6c, 0x20, 0x72, 0x65, 0x73, 0x75,
  0x6c, 0x74, 0x20, 0x6c, 0x61, 0x6e, 0x64, 0x73, 0x20, 0x69, 0x6e, 0x20, 0x61, 0x70, 0x70, 0x20,
  0x73, 0x74, 0x6f, 0x72, 0x61, 0x67, 0x65, 0x2e, 0x20, 0x2a, 0x2f, 0x0a, 0x63, 0x6f, 0x6e, 0x73,
  0x74, 0x20, 0x70, 0x65, 0x72, 0x73, 0x69, 0x73, 0x74, 0x53, 0x74, 0x65, 0x70, 0x20, 0x3d, 0x20,
  0x61, 0x73, 0x79, 0x6e, 0x63, 0x20, 0x28, 0x63, 0x74, 0x78, 0x29, 0x20, 0x3d, 0x3e, 0x20, 0x7b,
  0x0a, 0x20, 0x20, 0x6c, 0x6f, 0x67, 0x2e, 0x64, 0x65, 0x62, 0x75, 0x67, 0x28, 0x27, 0x74, 0x61,
  0x73, 0x6b, 0x20, 0x70, 0x65, 0x72, 0x73, 0x69, 0x73, 0x74, 0x20, 0x73, 0x74, 0x65, 0x70, 0x20,
  0x62, 0x65, 0x67, 0x69, 0x6e, 0x27, 0x2c, 0x20, 0x7b, 0x20, 0x70, 0x61, 0x74, 0x68, 0x3a, 0x20,
  0x52, 0x45, 0x53, 0x55, 0x4c, 0x54, 0x5f, 0x50, 0x41, 0x54, 0x48, 0x20, 0x7d, 0x29, 0x3b, 0x0a,
  0x20, 0x20, 0x72, 0x65, 0x74, 0x75, 0x72, 0x6e, 0x20, 0x61, 0x77, 0x61, 0x69, 0x74, 0x20, 0x63,
  0x74, 0x78, 0x2e, 0x66, 0x73, 0x2e, 0x77, 0x72, 0x69, 0x74, 0x65, 0x54, 0x65, 0x78, 0x74, 0x28,
  0x27, 0x61, 0x70, 0x70, 0x27, 0x2c, 0x20, 0x52, 0x45, 0x53, 0x55, 0x4c, 0x54, 0x5f, 0x50, 0x41,
  0x54, 0x48, 0x2c, 0x20, 0x52, 0x45, 0x53, 0x55, 0x4c, 0x54, 0x5f, 0x54, 0x45, 0x58, 0x54, 0x29,
  0x3b, 0x0a, 0x7d, 0x3b, 0x0a, 0x0a, 0x2f, 0x2a, 0x2a, 0x20, 0x53, 0x74, 0x72, 0x65, 0x61, 0x6d,
  0x73, 0x20, 0x6f, 0x6e, 0x65, 0x20, 0x6d, 0x6f, 0x63, 0x6b, 0x2d, 0x4c, 0x4c, 0x4d, 0x20, 0x74,
  0x75, 0x72, 0x6e, 0x3a, 0x20, 0x74, 0x6f, 0x6b, 0x65, 0x6e, 0x20, 0x64, 0x65, 0x6c, 0x74, 0x61,
  0x73, 0x20, 0x61, 0x73, 0x20, 0x61, 0x6e, 0x20, 0x65, 0x76, 0x65, 0x6e, 0x74, 0x20, 0x73, 0x65,
  0x71, 0x75, 0x65, 0x6e, 0x63, 0x65, 0x2e, 0x20, 0x52, 0x65, 0x74, 0x75, 0x72, 0x6e, 0x73, 0x0a,
  0x20, 0x2a, 0x20, 0x74, 0x68, 0x65, 0x20, 0x66, 0x75, 0x6c, 0x6c, 0x20, 0x74, 0x65, 0x78, 0x74,
  0x20, 0x73, 0x6f, 0x20, 0x74, 0x68, 0x65, 0x20, 0x74, 0x72, 0x61, 0x6e, 0x73, 0x63, 0x72, 0x69,
  0x70, 0x74, 0x20, 0x61, 0x73, 0x73, 0x65, 0x6d, 0x62, 0x6c, 0x65, 0x73, 0x20, 0x66, 0x72, 0x6f,
  0x6d, 0x20, 0x77, 0x68, 0x61, 0x74, 0x20, 0x61, 0x63, 0x74, 0x75, 0x61, 0x6c, 0x6c, 0x79, 0x20,
  0x73, 0x74, 0x72, 0x65, 0x61, 0x6d, 0x65, 0x64, 0x2e, 0x20, 0x2a, 0x2f, 0x0a, 0x63, 0x6f, 0x6e,
  0x73, 0x74, 0x20, 0x73, 0x74, 0x72, 0x65, 0x61, 0x6d, 0x54, 0x75, 0x72, 0x6e, 0x20, 0x3d, 0x20,
  0x61, 0x73, 0x79, 0x6e, 0x63, 0x20, 0x28, 0x74, 0x75, 0x72, 0x6e, 0x2c, 0x20, 0x74, 0x6f, 0x6b,
  0x65, 0x6e, 0x73, 0x2c, 0x20, 0x73, 0x74, 0x61, 0x72, 0x74, 0x49, 0x6e, 0x64, 0x65, 0x78, 0x29,
  0x20, 0x3d, 0x3e, 0x20, 0x7b, 0x0a, 0x20, 0x20, 0x6c, 0x6f, 0x67, 0x2e, 0x64, 0x65, 0x62, 0x75,
  0x67, 0x28, 0x27, 0x73, 0x74, 0x72, 0x65, 0x61, 0x6d, 0x20, 0x74, 0x75, 0x72, 0x6e, 0x27, 0x2c,
  0x20, 0x7b, 0x20, 0x74, 0x75, 0x72, 0x6e, 0x2c, 0x20, 0x74, 0x6f, 0x6b, 0x65, 0x6e, 0x73, 0x3a,
  0x20, 0x74, 0x6f, 0x6b, 0x65, 0x6e, 0x73, 0x2e, 0x6c, 0x65, 0x6e, 0x67, 0x74, 0x68, 0x20, 0x7d,
  0x29, 0x3b, 0x0a, 0x20, 0x20, 0x65, 0x6d, 0x69, 0x74, 0x28, 0x27, 0x6c, 0x6c, 0x6d, 0x2e, 0x73,
  0x74, 0x72, 0x65, 0x61, 0x6d, 0x2e, 0x73, 0x74, 0x61, 0x72, 0x74, 0x65, 0x64, 0x27, 0x2c, 0x20,
  0x7b, 0x20, 0x74, 0x75, 0x72, 0x6e, 0x20, 0x7d, 0x29, 0x3b, 0x0a, 0x20, 0x20, 0x6c, 0x65, 0x74,
  0x20, 0x74, 0x65, 0x78, 0x74, 0x20, 0x3d, 0x20, 0x27, 0x27, 0x3b, 0x0a, 0x20, 0x20, 0x66, 0x6f,
  0x72, 0x20, 0x28, 0x6c, 0x65, 0x74, 0x20, 0x69, 0x20, 0x3d, 0x20, 0x30, 0x3b, 0x20, 0x69, 0x20,
  0x3c, 0x20, 0x74, 0x6f, 0x6b, 0x65, 0x6e, 0x73, 0x2e, 0x6c, 0x65, 0x6e, 0x67, 0x74, 0x68, 0x3b,
  0x20, 0x69, 0x2b, 0x2b, 0x29, 0x20, 0x7b, 0x0a, 0x20, 0x20, 0x20, 0x20, 0x61, 0x77, 0x61, 0x69,
  0x74, 0x20, 0x6e, 0x75, 0x6c, 0x6c, 0x3b, 0x20, 0x2f, 0x2f, 0x20, 0x65, 0x61, 0x63, 0x68, 0x20,
  0x64, 0x65, 0x6c, 0x74, 0x61, 0x20, 0x73, 0x65, 0x74, 0x74, 0x6c, 0x65, 0x73, 0x20, 0x6f, 0x6e,
  0x20, 0x69, 0x74, 0x73, 0x20, 0x6f, 0x77, 0x6e, 0x20, 0x72, 0x75, 0x6e, 0x74, 0x69, 0x6d, 0x65,
  0x2d, 0x71, 0x75, 0x65, 0x75, 0x65, 0x20, 0x74, 0x69, 0x63, 0x6b, 0x0a, 0x20, 0x20, 0x20, 0x20,
  0x74, 0x65, 0x78, 0x74, 0x20, 0x2b, 0x3d, 0x20, 0x74, 0x6f, 0x6b, 0x65, 0x6e, 0x73, 0x5b, 0x69,
  0x5d, 0x3b, 0x0a, 0x20, 0x20, 0x20, 0x20, 0x65, 0x6d, 0x69, 0x74, 0x28, 0x27, 0x6c, 0x6c, 0x6d,
  0x2e, 0x64, 0x65, 0x6c, 0x74, 0x61, 0x27, 0x2c, 0x20, 0x7b, 0x20, 0x69, 0x6e, 0x64, 0x65, 0x78,
  0x3a, 0x20, 0x73, 0x74, 0x61, 0x72, 0x74, 0x49, 0x6e, 0x64, 0x65, 0x78, 0x20, 0x2b, 0x20, 0x69,
  0x2c, 0x20, 0x74, 0x65, 0x78, 0x74, 0x3a, 0x20, 0x74, 0x6f, 0x6b, 0x65, 0x6e, 0x73, 0x5b, 0x69,
  0x5d, 0x20, 0x7d, 0x29, 0x3b, 0x0a, 0x20, 0x20, 0x20, 0x20, 0x70, 0x72, 0x6f, 0x6a, 0x65, 0x63,
  0x74, 0x28, 0x7b, 0x20, 0x6b, 0x69, 0x6e, 0x64, 0x3a, 0x20, 0x27, 0x74, 0x6f, 0x6b, 0x65, 0x6e,
  0x2d, 0x64, 0x65, 0x6c, 0x74, 0x61, 0x27, 0x2c, 0x20, 0x69, 0x6e, 0x64, 0x65, 0x78, 0x3a, 0x20,
  0x73, 0x74, 0x61, 0x72, 0x74, 0x49, 0x6e, 0x64, 0x65, 0x78, 0x20, 0x2b, 0x20, 0x69, 0x2c, 0x20,
  0x74, 0x65, 0x78, 0x74, 0x3a, 0x20, 0x74, 0x6f, 0x6b, 0x65, 0x6e, 0x73, 0x5b, 0x69, 0x5d, 0x20,
  0x7d, 0x29, 0x3b, 0x0a, 0x20, 0x20, 0x7d, 0x0a, 0x20, 0x20, 0x72, 0x65, 0x74, 0x75, 0x72, 0x6e,
  0x20, 0x74, 0x65, 0x78, 0x74, 0x3b, 0x0a, 0x7d, 0x3b, 0x0a, 0x0a, 0x69, 0x66, 0x20, 0x28, 0x21,
  0x67, 0x6c, 0x6f, 0x62, 0x61, 0x6c, 0x54, 0x68, 0x69, 0x73, 0x2e, 0x5f, 0x5f, 0x64, 0x73, 0x68,
  0x47, 0x61, 0x74, 0x65, 0x77, 0x61, 0x79, 0x4e, 0x65, 0x67, 0x6f, 0x74, 0x69, 0x61, 0x74, 0x65,
  0x28, 0x27, 0x67, 0x61, 0x74, 0x65, 0x77, 0x61, 0x79, 0x40, 0x31, 0x27, 0x29, 0x29, 0x20, 0x7b,
  0x0a, 0x20, 0x20, 0x66, 0x61, 0x69, 0x6c, 0x28, 0x27, 0x67, 0x61, 0x74, 0x65, 0x77, 0x61, 0x79,
  0x20, 0x6e, 0x65, 0x67, 0x6f, 0x74, 0x69, 0x61, 0x74, 0x69, 0x6f, 0x6e, 0x20, 0x66, 0x61, 0x69,
  0x6c, 0x65, 0x64, 0x27, 0x29, 0x3b, 0x0a, 0x7d, 0x20, 0x65, 0x6c, 0x73, 0x65, 0x20, 0x7b, 0x0a,
  0x20, 0x20, 0x65, 0x6d, 0x69, 0x74, 0x28, 0x27, 0x67, 0x61, 0x74, 0x65, 0x77, 0x61, 0x79, 0x2e,
  0x6e, 0x65, 0x67, 0x6f, 0x74, 0x69, 0x61, 0x74, 0x65, 0x64, 0x27, 0x2c, 0x20, 0x7b, 0x20, 0x76,
  0x65, 0x72, 0x73, 0x69, 0x6f, 0x6e, 0x3a, 0x20, 0x27, 0x67, 0x61, 0x74, 0x65, 0x77, 0x61, 0x79,
  0x40, 0x31, 0x27, 0x20, 0x7d, 0x29, 0x3b, 0x0a, 0x0a, 0x20, 0x20, 0x63, 0x6f, 0x6e, 0x73, 0x74,
  0x20, 0x72, 0x65, 0x67, 0x69, 0x73, 0x74, 0x72, 0x79, 0x20, 0x3d, 0x20, 0x63, 0x72, 0x65, 0x61,
  0x74, 0x65, 0x52, 0x65, 0x67, 0x69, 0x73, 0x74, 0x72, 0x79, 0x28, 0x29, 0x3b, 0x0a, 0x20, 0x20,
  0x72, 0x65, 0x67, 0x69, 0x73, 0x74, 0x72, 0x79, 0x2e, 0x69, 0x6e, 0x73, 0x74, 0x61, 0x6c, 0x6c,
  0x28, 0x7b, 0x20, 0x6d, 0x61, 0x6e, 0x69, 0x66, 0x65, 0x73, 0x74, 0x3a, 0x20, 0x66, 0x73, 0x50,
  0x6c, 0x75, 0x67, 0x69, 0x6e, 0x2e, 0x6d, 0x61, 0x6e, 0x69, 0x66, 0x65, 0x73, 0x74, 0x2c, 0x20,
  0x6d, 0x6f, 0x64, 0x75, 0x6c, 0x65, 0x3a, 0x20, 0x66, 0x73, 0x50, 0x6c, 0x75, 0x67, 0x69, 0x6e,
  0x20, 0x7d, 0x29, 0x3b, 0x0a, 0x20, 0x20, 0x72, 0x65, 0x67, 0x69, 0x73, 0x74, 0x72, 0x79, 0x2e,
  0x69, 0x6e, 0x73, 0x74, 0x61, 0x6c, 0x6c, 0x28, 0x7b, 0x20, 0x6d, 0x61, 0x6e, 0x69, 0x66, 0x65,
  0x73, 0x74, 0x3a, 0x20, 0x73, 0x75, 0x62, 0x70, 0x72, 0x6f, 0x63, 0x65, 0x73, 0x73, 0x50, 0x6c,
  0x75, 0x67, 0x69, 0x6e, 0x2e, 0x6d, 0x61, 0x6e, 0x69, 0x66, 0x65, 0x73, 0x74, 0x2c, 0x20, 0x6d,
  0x6f, 0x64, 0x75, 0x6c, 0x65, 0x3a, 0x20, 0x73, 0x75, 0x62, 0x70, 0x72, 0x6f, 0x63, 0x65, 0x73,
  0x73, 0x50, 0x6c, 0x75, 0x67, 0x69, 0x6e, 0x20, 0x7d, 0x29, 0x3b, 0x0a, 0x20, 0x20, 0x72, 0x65,
  0x67, 0x69, 0x73, 0x74, 0x72, 0x79, 0x2e, 0x69, 0x6e, 0x73, 0x74, 0x61, 0x6c, 0x6c, 0x28, 0x7b,
  0x20, 0x6d, 0x61, 0x6e, 0x69, 0x66, 0x65, 0x73, 0x74, 0x3a, 0x20, 0x75, 0x69, 0x50, 0x6c, 0x75,
  0x67, 0x69, 0x6e, 0x2e, 0x6d, 0x61, 0x6e, 0x69, 0x66, 0x65, 0x73, 0x74, 0x2c, 0x20, 0x6d, 0x6f,
  0x64, 0x75, 0x6c, 0x65, 0x3a, 0x20, 0x75, 0x69, 0x50, 0x6c, 0x75, 0x67, 0x69, 0x6e, 0x20, 0x7d,
  0x29, 0x3b, 0x0a, 0x20, 0x20, 0x65, 0x6d, 0x69, 0x74, 0x28, 0x27, 0x70, 0x6c, 0x75, 0x67, 0x69,
  0x6e, 0x73, 0x2e, 0x69, 0x6e, 0x73, 0x74, 0x61, 0x6c, 0x6c, 0x65, 0x64, 0x27, 0x2c, 0x20, 0x7b,
  0x20, 0x63, 0x6f, 0x75, 0x6e, 0x74, 0x3a, 0x20, 0x72, 0x65, 0x67, 0x69, 0x73, 0x74, 0x72, 0x79,
  0x2e, 0x70, 0x6c, 0x75, 0x67, 0x69, 0x6e, 0x49, 0x64, 0x73, 0x28, 0x29, 0x2e, 0x6c, 0x65, 0x6e,
  0x67, 0x74, 0x68, 0x2c, 0x20, 0x73, 0x65, 0x72, 0x76, 0x69, 0x63, 0x65, 0x73, 0x3a, 0x20, 0x27,
  0x66, 0x73, 0x2c, 0x73, 0x75, 0x62, 0x70, 0x72, 0x6f, 0x63, 0x65, 0x73, 0x73, 0x2c, 0x75, 0x69,
  0x27, 0x20, 0x7d, 0x29, 0x3b, 0x0a, 0x0a, 0x20, 0x20, 0x2f, 0x2f, 0x20, 0x48, 0x6f, 0x73, 0x74,
  0x20, 0x72, 0x65, 0x61, 0x64, 0x69, 0x6e, 0x65, 0x73, 0x73, 0x3a, 0x20, 0x74, 0x68, 0x65, 0x20,
  0x43, 0x4c, 0x49, 0x20, 0x62, 0x61, 0x63, 0x6b, 0x65, 0x6e, 0x64, 0x20, 0x73, 0x69, 0x67, 0x6e,
  0x61, 0x6c, 0x73, 0x20, 0x62, 0x65, 0x66, 0x6f, 0x72, 0x65, 0x20, 0x74, 0x68, 0x65, 0x20, 0x70,
  0x75, 0x6d, 0x70, 0x20, 0x6c, 0x6f, 0x6f, 0x70, 0x3b, 0x20, 0x63, 0x61, 0x72, 0x72, 0x69, 0x65,
  0x72, 0x0a, 0x20, 0x20, 0x2f, 0x2f, 0x20, 0x68, 0x6f, 0x73, 0x74, 0x73, 0x20, 0x73, 0x69, 0x67,
  0x6e, 0x61, 0x6c, 0x20, 0x6f, 0x6e, 0x63, 0x65, 0x20, 0x74, 0x68, 0x65, 0x20, 0x6d, 0x6f, 0x75,
  0x6e, 0x74, 0x65, 0x64, 0x20, 0x70, 0x61, 0x67, 0x65, 0x20, 0x63, 0x6f, 0x6e, 0x6e, 0x65, 0x63,
  0x74, 0x65, 0x64, 0x20, 0x41, 0x4e, 0x44, 0x20, 0x61, 0x63, 0x6b, 0x65, 0x64, 0x20, 0x74, 0x68,
  0x65, 0x20, 0x73, 0x6c, 0x6f, 0x74, 0x20, 0x28, 0x73, 0x6f, 0x20, 0x74, 0x68, 0x65, 0x0a, 0x20,
  0x20, 0x2f, 0x2f, 0x20, 0x64, 0x65, 0x6c, 0x74, 0x61, 0x73, 0x20, 0x61, 0x6c, 0x77, 0x61, 0x79,
  0x73, 0x20, 0x73, 0x74, 0x72, 0x65, 0x61, 0x6d, 0x20, 0x69, 0x6e, 0x74, 0x6f, 0x20, 0x61, 0x20,
  0x66, 0x75, 0x6c, 0x6c, 0x79, 0x20, 0x72, 0x65, 0x6e, 0x64, 0x65, 0x72, 0x65, 0x64, 0x20, 0x63,
  0x6c, 0x69, 0x65, 0x6e, 0x74, 0x29, 0x2e, 0x20, 0x50, 0x72, 0x6f, 0x6a, 0x65, 0x63, 0x74, 0x69,
  0x6f, 0x6e, 0x73, 0x20, 0x70, 0x75, 0x73, 0x68, 0x65, 0x64, 0x0a, 0x20, 0x20, 0x2f, 0x2f, 0x20,
  0x62, 0x65, 0x66, 0x6f, 0x72, 0x65, 0x20, 0x74, 0x68, 0x65, 0x20, 0x70, 0x61, 0x67, 0x65, 0x20,
  0x63, 0x6f, 0x6e, 0x6e, 0x65, 0x63, 0x74, 0x73, 0x20, 0x28, 0x73, 0x6c, 0x6f, 0x74, 0x2e, 0x72,
  0x65, 0x67, 0x69, 0x73, 0x74, 0x65, 0x72, 0x29, 0x20, 0x72, 0x65, 0x70, 0x6c, 0x61, 0x79, 0x20,
  0x74, 0x6f, 0x20, 0x69, 0x74, 0x20, 0x6f, 0x6e, 0x20, 0x63, 0x6f, 0x6e, 0x6e, 0x65, 0x63, 0x74,
  0x2e, 0x0a, 0x20, 0x20, 0x61, 0x77, 0x61, 0x69, 0x74, 0x20, 0x69, 0x6e, 0x73, 0x74, 0x61, 0x6c,
  0x6c, 0x4e, 0x6f, 0x74, 0x65, 0x73, 0x28, 0x72, 0x65, 0x67, 0x69, 0x73, 0x74, 0x72, 0x79, 0x29,
  0x3b, 0x0a, 0x20, 0x20, 0x61, 0x77, 0x61, 0x69, 0x74, 0x20, 0x6e, 0x65, 0x78, 0x74, 0x45, 0x76,
  0x65, 0x6e, 0x74, 0x28, 0x27, 0x68, 0x6f, 0x73, 0x74, 0x2e, 0x69, 0x6e, 0x66, 0x6f, 0x27, 0x29,
  0x3b, 0x0a, 0x20, 0x20, 0x65, 0x6d, 0x69, 0x74, 0x28, 0x27, 0x68, 0x6f, 0x73, 0x74, 0x2e, 0x72,
  0x65, 0x61, 0x64, 0x79, 0x27, 0x2c, 0x20, 0x7b, 0x20, 0x73, 0x69, 0x67, 0x6e, 0x61, 0x6c, 0x6c,
  0x65, 0x64, 0x3a, 0x20, 0x74, 0x72, 0x75, 0x65, 0x20, 0x7d, 0x29, 0x3b, 0x0a, 0x0a, 0x20, 0x20,
  0x63, 0x6f, 0x6e, 0x73, 0x74, 0x20, 0x66, 0x73, 0x20, 0x3d, 0x20, 0x72, 0x65, 0x67, 0x69, 0x73,
  0x74, 0x72, 0x79, 0x2e, 0x73, 0x65, 0x72, 0x76, 0x69, 0x63, 0x65, 0x28, 0x27, 0x66, 0x73, 0x27,
  0x29, 0x3b, 0x0a, 0x20, 0x20, 0x63, 0x6f, 0x6e, 0x73, 0x74, 0x20, 0x73, 0x75, 0x62, 0x70, 0x72,
  0x6f, 0x63, 0x65, 0x73, 0x73, 0x20, 0x3d, 0x20, 0x72, 0x65, 0x67, 0x69, 0x73, 0x74, 0x72, 0x79,
  0x2e, 0x73, 0x65, 0x72, 0x76, 0x69, 0x63, 0x65, 0x28, 0x27, 0x73, 0x75, 0x62, 0x70, 0x72, 0x6f,
  0x63, 0x65, 0x73, 0x73, 0x27, 0x29, 0x3b, 0x0a, 0x20, 0x20, 0x63, 0x6f, 0x6e, 0x73, 0x74, 0x20,
  0x73, 0x65, 0x73, 0x73, 0x69, 0x6f, 0x6e, 0x20, 0x3d, 0x20, 0x7b, 0x20, 0x69, 0x64, 0x3a, 0x20,
  0x53, 0x45, 0x53, 0x53, 0x49, 0x4f, 0x4e, 0x5f, 0x49, 0x44, 0x2c, 0x20, 0x74, 0x72, 0x61, 0x6e,
  0x73, 0x63, 0x72, 0x69, 0x70, 0x74, 0x3a, 0x20, 0x5b, 0x5d, 0x2c, 0x20, 0x64, 0x65, 0x6c, 0x74,
  0x61, 0x73, 0x3a, 0x20, 0x30, 0x2c, 0x20, 0x74, 0x6f, 0x6f, 0x6c, 0x43, 0x61, 0x6c, 0x6c, 0x73,
  0x3a, 0x20, 0x30, 0x20, 0x7d, 0x3b, 0x0a, 0x20, 0x20, 0x65, 0x6d, 0x69, 0x74, 0x28, 0x27, 0x73,
  0x65, 0x73, 0x73, 0x69, 0x6f, 0x6e, 0x2e, 0x63, 0x72, 0x65, 0x61, 0x74, 0x65, 0x64, 0x27, 0x2c,
  0x20, 0x7b, 0x20, 0x73, 0x65, 0x73, 0x73, 0x69, 0x6f, 0x6e, 0x49, 0x64, 0x3a, 0x20, 0x73, 0x65,
  0x73, 0x73, 0x69, 0x6f, 0x6e, 0x2e, 0x69, 0x64, 0x2c, 0x20, 0x73, 0x63, 0x6f, 0x70, 0x65, 0x3a,
  0x20, 0x27, 0x61, 0x70, 0x70, 0x27, 0x20, 0x7d, 0x29, 0x3b, 0x0a, 0x20, 0x20, 0x70, 0x72, 0x6f,
  0x6a, 0x65, 0x63, 0x74, 0x28, 0x7b, 0x20, 0x6b, 0x69, 0x6e, 0x64, 0x3a, 0x20, 0x27, 0x73, 0x65,
  0x73, 0x73, 0x69, 0x6f, 0x6e, 0x27, 0x2c, 0x20, 0x69, 0x64, 0x3a, 0x20, 0x73, 0x65, 0x73, 0x73,
  0x69, 0x6f, 0x6e, 0x2e, 0x69, 0x64, 0x2c, 0x20, 0x73, 0x63, 0x6f, 0x70, 0x65, 0x3a, 0x20, 0x27,
  0x61, 0x70, 0x70, 0x27, 0x20, 0x7d, 0x29, 0x3b, 0x0a, 0x20, 0x20, 0x65, 0x6d, 0x69, 0x74, 0x28,
  0x27, 0x61, 0x67, 0x65, 0x6e, 0x74, 0x2e, 0x73, 0x74, 0x61, 0x72, 0x74, 0x65, 0x64, 0x27, 0x2c,
  0x20, 0x7b, 0x20, 0x6d, 0x6f, 0x64, 0x65, 0x6c, 0x3a, 0x20, 0x27, 0x6d, 0x6f, 0x63, 0x6b, 0x2d,
  0x6d, 0x69, 0x6e, 0x69, 0x27, 0x2c, 0x20, 0x74, 0x6f, 0x6f, 0x6c, 0x73, 0x3a, 0x20, 0x31, 0x20,
  0x7d, 0x29, 0x3b, 0x0a, 0x20, 0x20, 0x70, 0x72, 0x6f, 0x6a, 0x65, 0x63, 0x74, 0x28, 0x7b, 0x20,
  0x6b, 0x69, 0x6e, 0x64, 0x3a, 0x20, 0x27, 0x61, 0x67, 0x65, 0x6e, 0x74, 0x27, 0x2c, 0x20, 0x6d,
  0x6f, 0x64, 0x65, 0x6c, 0x3a, 0x20, 0x27, 0x6d, 0x6f, 0x63, 0x6b, 0x2d, 0x6d, 0x69, 0x6e, 0x69,
  0x27, 0x2c, 0x20, 0x74, 0x6f, 0x6f, 0x6c, 0x73, 0x3a, 0x20, 0x31, 0x20, 0x7d, 0x29, 0x3b, 0x0a,
  0x0a, 0x20, 0x20, 0x63, 0x6f, 0x6e, 0x73, 0x74, 0x20, 0x74, 0x75, 0x72, 0x6e, 0x31, 0x20, 0x3d,
  0x20, 0x61, 0x77, 0x61, 0x69, 0x74, 0x20, 0x73, 0x74, 0x72, 0x65, 0x61, 0x6d, 0x54, 0x75, 0x72,
  0x6e, 0x28, 0x31, 0x2c, 0x20, 0x54, 0x55, 0x52, 0x4e, 0x5f, 0x4f, 0x4e, 0x45, 0x2c, 0x20, 0x30,
  0x29, 0x3b, 0x0a, 0x20, 0x20, 0x73, 0x65, 0x73, 0x73, 0x69, 0x6f, 0x6e, 0x2e, 0x74, 0x72, 0x61,
  0x6e, 0x73, 0x63, 0x72, 0x69, 0x70, 0x74, 0x2e, 0x70, 0x75, 0x73, 0x68, 0x28, 0x74, 0x75, 0x72,
  0x6e, 0x31, 0x29, 0x3b, 0x0a, 0x20, 0x20, 0x73, 0x65, 0x73, 0x73, 0x69, 0x6f, 0x6e, 0x2e, 0x64,
  0x65, 0x6c, 0x74, 0x61, 0x73, 0x20, 0x2b, 0x3d, 0x20, 0x54, 0x55, 0x52, 0x4e, 0x5f, 0x4f, 0x4e,
  0x45, 0x2e, 0x6c, 0x65, 0x6e, 0x67, 0x74, 0x68, 0x3b, 0x0a, 0x20, 0x20, 0x73, 0x65, 0x73, 0x73,
  0x69, 0x6f, 0x6e, 0x2e, 0x74, 0x6f, 0x6f, 0x6c, 0x43, 0x61, 0x6c, 0x6c, 0x73, 0x20, 0x2b, 0x3d,
  0x20, 0x31, 0x3b, 0x0a, 0x20, 0x20, 0x65, 0x6d, 0x69, 0x74, 0x28, 0x27, 0x6c, 0x6c, 0x6d, 0x2e,
  0x73, 0x74, 0x72, 0x65, 0x61, 0x6d, 0x2e, 0x63, 0x6f, 0x6d, 0x70, 0x6c, 0x65, 0x74, 0x65, 0x64,
  0x27, 0x2c, 0x20, 0x7b, 0x20, 0x74, 0x75, 0x72, 0x6e, 0x3a, 0x20, 0x31, 0x2c, 0x20, 0x64, 0x65,
  0x6c, 0x74, 0x61, 0x73, 0x3a, 0x20, 0x54, 0x55, 0x52, 0x4e, 0x5f, 0x4f, 0x4e, 0x45, 0x2e, 0x6c,
  0x65, 0x6e, 0x67, 0x74, 0x68, 0x2c, 0x20, 0x74, 0x6f, 0x6f, 0x6c, 0x43, 0x61, 0x6c, 0x6c, 0x73,
  0x3a, 0x20, 0x31, 0x20, 0x7d, 0x29, 0x3b, 0x0a, 0x0a, 0x20, 0x20, 0x65, 0x6d, 0x69, 0x74, 0x28,
  0x27, 0x74, 0x6f, 0x6f, 0x6c, 0x2e, 0x69, 0x6e, 0x76, 0x6f, 0x6b, 0x65, 0x64, 0x27, 0x2c, 0x20,
  0x7b, 0x20, 0x6e, 0x61, 0x6d, 0x65, 0x3a, 0x20, 0x27, 0x6e, 0x6f, 0x74, 0x65, 0x73, 0x2e, 0x70,
  0x65, 0x72, 0x73, 0x69, 0x73, 0x74, 0x27, 0x2c, 0x20, 0x63, 0x61, 0x6c, 0x6c, 0x3a, 0x20, 0x27,
  0x74, 0x2d, 0x31, 0x27, 0x20, 0x7d, 0x29, 0x3b, 0x0a, 0x20, 0x20, 0x70, 0x72, 0x6f, 0x6a, 0x65,
  0x63, 0x74, 0x28, 0x7b, 0x20, 0x6b, 0x69, 0x6e, 0x64, 0x3a, 0x20, 0x27, 0x74, 0x6f, 0x6f, 0x6c,
  0x27, 0x2c, 0x20, 0x6e, 0x61, 0x6d, 0x65, 0x3a, 0x20, 0x27, 0x6e, 0x6f, 0x74, 0x65, 0x73, 0x2e,
  0x70, 0x65, 0x72, 0x73, 0x69, 0x73, 0x74, 0x27, 0x2c, 0x20, 0x70, 0x68, 0x61, 0x73, 0x65, 0x3a,
  0x20, 0x27, 0x69, 0x6e, 0x76, 0x6f, 0x6b, 0x65, 0x27, 0x20, 0x7d, 0x29, 0x3b, 0x0a, 0x20, 0x20,
  0x6c, 0x65, 0x74, 0x20, 0x73, 0x74, 0x65, 0x70, 0x4e, 0x6f, 0x20, 0x3d, 0x20, 0x30, 0x3b, 0x0a,
  0x20, 0x20, 0x63, 0x6f, 0x6e, 0x73, 0x74, 0x20, 0x68, 0x61, 0x6e, 0x64, 0x6c, 0x65, 0x20, 0x3d,
  0x20, 0x73, 0x75, 0x62, 0x70, 0x72, 0x6f, 0x63, 0x65, 0x73, 0x73, 0x2e, 0x73, 0x70, 0x61, 0x77,
  0x6e, 0x28, 0x7b, 0x0a, 0x20, 0x20, 0x20, 0x20, 0x69, 0x64, 0x3a, 0x20, 0x27, 0x74, 0x61, 0x73,
  0x6b, 0x2d, 0x31, 0x27, 0x2c, 0x0a, 0x20, 0x20, 0x20, 0x20, 0x63, 0x6f, 0x6e, 0x74, 0x65, 0x78,
  0x74, 0x3a, 0x20, 0x7b, 0x20, 0x66, 0x73, 0x20, 0x7d, 0x2c, 0x0a, 0x20, 0x20, 0x20, 0x20, 0x73,
  0x74, 0x65, 0x70, 0x73, 0x3a, 0x20, 0x5b, 0x63, 0x6f, 0x6d, 0x70, 0x75, 0x74, 0x65, 0x53, 0x74,
  0x65, 0x70, 0x2c, 0x20, 0x70, 0x65, 0x72, 0x73, 0x69, 0x73, 0x74, 0x53, 0x74, 0x65, 0x70, 0x5d,
  0x2c, 0x0a, 0x20, 0x20, 0x7d, 0x29, 0x3b, 0x0a, 0x20, 0x20, 0x65, 0x6d, 0x69, 0x74, 0x28, 0x27,
  0x73, 0x75, 0x62, 0x70, 0x72, 0x6f, 0x63, 0x65, 0x73, 0x73, 0x2e, 0x73, 0x70, 0x61, 0x77, 0x6e,
  0x65, 0x64, 0x27, 0x2c, 0x20, 0x7b, 0x20, 0x74, 0x61, 0x73, 0x6b, 0x49, 0x64, 0x3a, 0x20, 0x68,
  0x61, 0x6e, 0x64, 0x6c, 0x65, 0x2e, 0x69, 0x64, 0x2c, 0x20, 0x73, 0x74, 0x65, 0x70, 0x73, 0x3a,
  0x20, 0x32, 0x20, 0x7d, 0x29, 0x3b, 0x0a, 0x20, 0x20, 0x68, 0x61, 0x6e, 0x64, 0x6c, 0x65, 0x2e,
  0x6f, 0x6e, 0x28, 0x27, 0x70, 0x72, 0x6f, 0x67, 0x72, 0x65, 0x73, 0x73, 0x27, 0x2c, 0x20, 0x28,
  0x65, 0x76, 0x29, 0x20, 0x3d, 0x3e, 0x20, 0x7b, 0x0a, 0x20, 0x20, 0x20, 0x20, 0x69, 0x66, 0x20,
  0x28, 0x74, 0x79, 0x70, 0x65, 0x6f, 0x66, 0x20, 0x65, 0x76, 0x2e, 0x73, 0x74, 0x65, 0x70, 0x20,
  0x21, 0x3d, 0x3d, 0x20, 0x27, 0x6e, 0x75, 0x6d, 0x62, 0x65, 0x72, 0x27, 0x29, 0x20, 0x72, 0x65,
  0x74, 0x75, 0x72, 0x6e, 0x3b, 0x20, 0x2f, 0x2f, 0x20, 0x6c, 0x61, 0x62, 0x65, 0x6c, 0x2d, 0x6f,
  0x6e, 0x6c, 0x79, 0x20, 0x72, 0x65, 0x70, 0x6f, 0x72, 0x74, 0x73, 0x20, 0x73, 0x74, 0x61, 0x79,
  0x20, 0x69, 0x6e, 0x74, 0x65, 0x72, 0x6e, 0x61, 0x6c, 0x0a, 0x20, 0x20, 0x20, 0x20, 0x73, 0x74,
  0x65, 0x70, 0x4e, 0x6f, 0x20, 0x3d, 0x20, 0x65, 0x76, 0x2e, 0x73, 0x74, 0x65, 0x70, 0x3b, 0x0a,
  0x20, 0x20, 0x20, 0x20, 0x65, 0x6d, 0x69, 0x74, 0x28, 0x27, 0x73, 0x75, 0x62, 0x70, 0x72, 0x6f,
  0x63, 0x65, 0x73, 0x73, 0x2e, 0x70, 0x72, 0x6f, 0x67, 0x72, 0x65, 0x73, 0x73, 0x27, 0x2c, 0x20,
  0x7b, 0x20, 0x74, 0x61, 0x73, 0x6b, 0x49, 0x64, 0x3a, 0x20, 0x68, 0x61, 0x6e, 0x64, 0x6c, 0x65,
  0x2e, 0x69, 0x64, 0x2c, 0x20, 0x73, 0x74, 0x65, 0x70, 0x3a, 0x20, 0x65, 0x76, 0x2e, 0x73, 0x74,
  0x65, 0x70, 0x20, 0x7d, 0x29, 0x3b, 0x0a, 0x20, 0x20, 0x7d, 0x29, 0x3b, 0x0a, 0x20, 0x20, 0x63,
  0x6f, 0x6e, 0x73, 0x74, 0x20, 0x6f, 0x75, 0x74, 0x63, 0x6f, 0x6d, 0x65, 0x20, 0x3d, 0x20, 0x61,
  0x77, 0x61, 0x69, 0x74, 0x20, 0x68, 0x61, 0x6e, 0x64, 0x6c, 0x65, 0x2e, 0x64, 0x6f, 0x6e, 0x65,
  0x3b, 0x0a, 0x20, 0x20, 0x64, 0x65, 0x6d, 0x61, 0x6e, 0x64, 0x28, 0x6f, 0x75, 0x74, 0x63, 0x6f,
  0x6d, 0x65, 0x2e, 0x6f, 0x6b, 0x2c, 0x20, 0x60, 0x73, 0x75, 0x62, 0x70, 0x72, 0x6f, 0x63, 0x65,
  0x73, 0x73, 0x20, 0x74, 0x61, 0x73, 0x6b, 0x20, 0x66, 0x61, 0x69, 0x6c, 0x65, 0x64, 0x3a, 0x20,
  0x24, 0x7b, 0x6f, 0x75, 0x74, 0x63, 0x6f, 0x6d, 0x65, 0x2e, 0x65, 0x72, 0x72, 0x6f, 0x72, 0x7d,
  0x60, 0x29, 0x3b, 0x0a, 0x20, 0x20, 0x64, 0x65, 0x6d, 0x61, 0x6e, 0x64, 0x28, 0x73, 0x74, 0x65,
  0x70, 0x4e, 0x6f, 0x20, 0x3d, 0x3d, 0x3d, 0x20, 0x32, 0x2c, 0x20, 0x60, 0x74, 0x61, 0x73, 0x6b,
  0x20, 0x72, 0x65, 0x70, 0x6f, 0x72, 0x74, 0x65, 0x64, 0x20, 0x24, 0x7b, 0x73, 0x74, 0x65, 0x70,
  0x4e, 0x6f, 0x7d, 0x20, 0x73, 0x74, 0x65, 0x70, 0x73, 0x2c, 0x20, 0x65, 0x78, 0x70, 0x65, 0x63,
  0x74, 0x65, 0x64, 0x20, 0x32, 0x60, 0x29, 0x3b, 0x0a, 0x20, 0x20, 0x65, 0x6d, 0x69, 0x74, 0x28,
  0x27, 0x66, 0x73, 0x2e, 0x77, 0x72, 0x69, 0x74, 0x65, 0x2e, 0x6f, 0x6b, 0x27, 0x2c, 0x20, 0x7b,
  0x20, 0x77, 0x72, 0x69, 0x74, 0x74, 0x65, 0x6e, 0x3a, 0x20, 0x6f, 0x75, 0x74, 0x63, 0x6f, 0x6d,
  0x65, 0x2e, 0x72, 0x65, 0x73, 0x75, 0x6c, 0x74, 0x2e, 0x77, 0x72, 0x69, 0x74, 0x74, 0x65, 0x6e,
  0x2c, 0x20, 0x70, 0x61, 0x74, 0x68, 0x3a, 0x20, 0x52, 0x45, 0x53, 0x55, 0x4c, 0x54, 0x5f, 0x50,
  0x41, 0x54, 0x48, 0x20, 0x7d, 0x29, 0x3b, 0x0a, 0x20, 0x20, 0x64, 0x65, 0x6d, 0x61, 0x6e, 0x64,
  0x28, 0x6f, 0x75, 0x74, 0x63, 0x6f, 0x6d, 0x65, 0x2e, 0x72, 0x65, 0x73, 0x75, 0x6c, 0x74, 0x2e,
  0x77, 0x72, 0x69, 0x74, 0x74, 0x65, 0x6e, 0x20, 0x3d, 0x3d, 0x3d, 0x20, 0x52, 0x45, 0x53, 0x55,
  0x4c, 0x54, 0x5f, 0x54, 0x45, 0x58, 0x54, 0x2e, 0x6c, 0x65, 0x6e, 0x67, 0x74, 0x68, 0x2c, 0x20,
  0x27, 0x70, 0x65, 0x72, 0x73, 0x69, 0x73, 0x74, 0x65, 0x64, 0x20, 0x62, 0x79, 0x74, 0x65, 0x20,
  0x63, 0x6f, 0x75, 0x6e, 0x74, 0x20, 0x64, 0x72, 0x69, 0x66, 0x74, 0x65, 0x64, 0x27, 0x29, 0x3b,
  0x0a, 0x20, 0x20, 0x65, 0x6d, 0x69, 0x74, 0x28, 0x27, 0x73, 0x75, 0x62, 0x70, 0x72, 0x6f, 0x63,
  0x65, 0x73, 0x73, 0x2e, 0x63, 0x6f, 0x6d, 0x70, 0x6c, 0x65, 0x74, 0x65, 0x64, 0x27, 0x2c, 0x20,
  0x7b, 0x20, 0x74, 0x61, 0x73, 0x6b, 0x49, 0x64, 0x3a, 0x20, 0x68, 0x61, 0x6e, 0x64, 0x6c, 0x65,
  0x2e, 0x69, 0x64, 0x2c, 0x20, 0x6f, 0x6b, 0x3a, 0x20, 0x6f, 0x75, 0x74, 0x63, 0x6f, 0x6d, 0x65,
  0x2e, 0x6f, 0x6b, 0x20, 0x7d, 0x29, 0x3b, 0x0a, 0x20, 0x20, 0x65, 0x6d, 0x69, 0x74, 0x28, 0x27,
  0x74, 0x6f, 0x6f, 0x6c, 0x2e, 0x72, 0x65, 0x73, 0x75, 0x6c, 0x74, 0x27, 0x2c, 0x20, 0x7b, 0x20,
  0x6e, 0x61, 0x6d, 0x65, 0x3a, 0x20, 0x27, 0x6e, 0x6f, 0x74, 0x65, 0x73, 0x2e, 0x70, 0x65, 0x72,
  0x73, 0x69, 0x73, 0x74, 0x27, 0x2c, 0x20, 0x63, 0x61, 0x6c, 0x6c, 0x3a, 0x20, 0x27, 0x74, 0x2d,
  0x31, 0x27, 0x2c, 0x20, 0x6f, 0x6b, 0x3a, 0x20, 0x6f, 0x75, 0x74, 0x63, 0x6f, 0x6d, 0x65, 0x2e,
  0x6f, 0x6b, 0x20, 0x7d, 0x29, 0x3b, 0x0a, 0x20, 0x20, 0x70, 0x72, 0x6f, 0x6a, 0x65, 0x63, 0x74,
  0x28, 0x7b, 0x20, 0x6b, 0x69, 0x6e, 0x64, 0x3a, 0x20, 0x27, 0x74, 0x6f, 0x6f, 0x6c, 0x27, 0x2c,
  0x20, 0x6e, 0x61, 0x6d, 0x65, 0x3a, 0x20, 0x27, 0x6e, 0x6f, 0x74, 0x65, 0x73, 0x2e, 0x70, 0x65,
  0x72, 0x73, 0x69, 0x73, 0x74, 0x27, 0x2c, 0x20, 0x70, 0x68, 0x61, 0x73, 0x65, 0x3a, 0x20, 0x27,
  0x72, 0x65, 0x73, 0x75, 0x6c, 0x74, 0x27, 0x2c, 0x20, 0x6f, 0x6b, 0x3a, 0x20, 0x6f, 0x75, 0x74,
  0x63, 0x6f, 0x6d, 0x65, 0x2e, 0x6f, 0x6b, 0x20, 0x7d, 0x29, 0x3b, 0x0a, 0x0a, 0x20, 0x20, 0x63,
  0x6f, 0x6e, 0x73, 0x74, 0x20, 0x74, 0x75, 0x72, 0x6e, 0x32, 0x20, 0x3d, 0x20, 0x61, 0x77, 0x61,
  0x69, 0x74, 0x20, 0x73, 0x74, 0x72, 0x65, 0x61, 0x6d, 0x54, 0x75, 0x72, 0x6e, 0x28, 0x32, 0x2c,
  0x20, 0x54, 0x55, 0x52, 0x4e, 0x5f, 0x54, 0x57, 0x4f, 0x2c, 0x20, 0x54, 0x55, 0x52, 0x4e, 0x5f,
  0x4f, 0x4e, 0x45, 0x2e, 0x6c, 0x65, 0x6e, 0x67, 0x74, 0x68, 0x29, 0x3b, 0x0a, 0x20, 0x20, 0x73,
  0x65, 0x73, 0x73, 0x69, 0x6f, 0x6e, 0x2e, 0x74, 0x72, 0x61, 0x6e, 0x73, 0x63, 0x72, 0x69, 0x70,
  0x74, 0x2e, 0x70, 0x75, 0x73, 0x68, 0x28, 0x74, 0x75, 0x72, 0x6e, 0x32, 0x29, 0x3b, 0x0a, 0x20,
  0x20, 0x73, 0x65, 0x73, 0x73, 0x69, 0x6f, 0x6e, 0x2e, 0x64, 0x65, 0x6c, 0x74, 0x61, 0x73, 0x20,
  0x2b, 0x3d, 0x20, 0x54, 0x55, 0x52, 0x4e, 0x5f, 0x54, 0x57, 0x4f, 0x2e, 0x6c, 0x65, 0x6e, 0x67,
  0x74, 0x68, 0x3b, 0x0a, 0x20, 0x20, 0x65, 0x6d, 0x69, 0x74, 0x28, 0x27, 0x6c, 0x6c, 0x6d, 0x2e,
  0x73, 0x74, 0x72, 0x65, 0x61, 0x6d, 0x2e, 0x63, 0x6f, 0x6d, 0x70, 0x6c, 0x65, 0x74, 0x65, 0x64,
  0x27, 0x2c, 0x20, 0x7b, 0x20, 0x74, 0x75, 0x72, 0x6e, 0x3a, 0x20, 0x32, 0x2c, 0x20, 0x64, 0x65,
  0x6c, 0x74, 0x61, 0x73, 0x3a, 0x20, 0x54, 0x55, 0x52, 0x4e, 0x5f, 0x54, 0x57, 0x4f, 0x2e, 0x6c,
  0x65, 0x6e, 0x67, 0x74, 0x68, 0x2c, 0x20, 0x74, 0x6f, 0x6f, 0x6c, 0x43, 0x61, 0x6c, 0x6c, 0x73,
  0x3a, 0x20, 0x30, 0x20, 0x7d, 0x29, 0x3b, 0x0a, 0x0a, 0x20, 0x20, 0x63, 0x6f, 0x6e, 0x73, 0x74,
  0x20, 0x73, 0x74, 0x6f, 0x72, 0x65, 0x64, 0x20, 0x3d, 0x20, 0x61, 0x77, 0x61, 0x69, 0x74, 0x20,
  0x66, 0x73, 0x2e, 0x72, 0x65, 0x61, 0x64, 0x54, 0x65, 0x78, 0x74, 0x28, 0x27, 0x61, 0x70, 0x70,
  0x27, 0x2c, 0x20, 0x52, 0x45, 0x53, 0x55, 0x4c, 0x54, 0x5f, 0x50, 0x41, 0x54, 0x48, 0x29, 0x3b,
  0x0a, 0x20, 0x20, 0x64, 0x65, 0x6d, 0x61, 0x6e, 0x64, 0x28, 0x73, 0x74, 0x6f, 0x72, 0x65, 0x64,
  0x2e, 0x74, 0x65, 0x78, 0x74, 0x20, 0x3d, 0x3d, 0x3d, 0x20, 0x52, 0x45, 0x53, 0x55, 0x4c, 0x54,
  0x5f, 0x54, 0x45, 0x58, 0x54, 0x2c, 0x20, 0x27, 0x72, 0x6f, 0x75, 0x6e, 0x64, 0x74, 0x72, 0x69,
  0x70, 0x20, 0x74, 0x65, 0x78, 0x74, 0x20, 0x64, 0x72, 0x69, 0x66, 0x74, 0x65, 0x64, 0x27, 0x29,
  0x3b, 0x0a, 0x20, 0x20, 0x65, 0x6d, 0x69, 0x74, 0x28, 0x27, 0x73, 0x65, 0x73, 0x73, 0x69, 0x6f,
  0x6e, 0x2e, 0x63, 0x6f, 0x6d, 0x70, 0x6c, 0x65, 0x74, 0x65, 0x64, 0x27, 0x2c, 0x20, 0x7b, 0x0a,
  0x20, 0x20, 0x20, 0x20, 0x73, 0x65, 0x73, 0x73, 0x69, 0x6f, 0x6e, 0x49, 0x64, 0x3a, 0x20, 0x73,
  0x65, 0x73, 0x73, 0x69, 0x6f, 0x6e, 0x2e, 0x69, 0x64, 0x2c, 0x0a, 0x20, 0x20, 0x20, 0x20, 0x73,
  0x74, 0x61, 0x74, 0x75, 0x73, 0x3a, 0x20, 0x27, 0x70, 0x61, 0x73, 0x73, 0x27, 0x2c, 0x0a, 0x20,
  0x20, 0x20, 0x20, 0x64, 0x65, 0x6c, 0x74, 0x61, 0x73, 0x3a, 0x20, 0x73, 0x65, 0x73, 0x73, 0x69,
  0x6f, 0x6e, 0x2e, 0x64, 0x65, 0x6c, 0x74, 0x61, 0x73, 0x2c, 0x0a, 0x20, 0x20, 0x20, 0x20, 0x74,
  0x6f, 0x6f, 0x6c, 0x43, 0x61, 0x6c, 0x6c, 0x73, 0x3a, 0x20, 0x73, 0x65, 0x73, 0x73, 0x69, 0x6f,
  0x6e, 0x2e, 0x74, 0x6f, 0x6f, 0x6c, 0x43, 0x61, 0x6c, 0x6c, 0x73, 0x2c, 0x0a, 0x20, 0x20, 0x20,
  0x20, 0x70, 0x65, 0x72, 0x73, 0x69, 0x73, 0x74, 0x65, 0x64, 0x3a, 0x20, 0x74, 0x72, 0x75, 0x65,
  0x2c, 0x0a, 0x20, 0x20, 0x7d, 0x29, 0x3b, 0x0a, 0x20, 0x20, 0x70, 0x72, 0x6f, 0x6a, 0x65, 0x63,
  0x74, 0x28, 0x7b, 0x0a, 0x20, 0x20, 0x20, 0x20, 0x6b, 0x69, 0x6e, 0x64, 0x3a, 0x20, 0x27, 0x63,
  0x6f, 0x6d, 0x70, 0x6c, 0x65, 0x74, 0x65, 0x27, 0x2c, 0x0a, 0x20, 0x20, 0x20, 0x20, 0x73, 0x74,
  0x61, 0x74, 0x75, 0x73, 0x3a, 0x20, 0x27, 0x70, 0x61, 0x73, 0x73, 0x27, 0x2c, 0x0a, 0x20, 0x20,
  0x20, 0x20, 0x64, 0x65, 0x6c, 0x74, 0x61, 0x73, 0x3a, 0x20, 0x73, 0x65, 0x73, 0x73, 0x69, 0x6f,
  0x6e, 0x2e, 0x64, 0x65, 0x6c, 0x74, 0x61, 0x73, 0x2c, 0x0a, 0x20, 0x20, 0x20, 0x20, 0x74, 0x6f,
  0x6f, 0x6c, 0x43, 0x61, 0x6c, 0x6c, 0x73, 0x3a, 0x20, 0x73, 0x65, 0x73, 0x73, 0x69, 0x6f, 0x6e,
  0x2e, 0x74, 0x6f, 0x6f, 0x6c, 0x43, 0x61, 0x6c, 0x6c, 0x73, 0x2c, 0x0a, 0x20, 0x20, 0x7d, 0x29,
  0x3b, 0x0a, 0x20, 0x20, 0x67, 0x6c, 0x6f, 0x62, 0x61, 0x6c, 0x54, 0x68, 0x69, 0x73, 0x2e, 0x5f,
  0x5f, 0x64, 0x73, 0x68, 0x43, 0x6f, 0x6d, 0x70, 0x6c, 0x65, 0x74, 0x65, 0x28, 0x74, 0x72, 0x75,
  0x65, 0x2c, 0x20, 0x27, 0x6f, 0x6b, 0x27, 0x29, 0x3b, 0x0a, 0x7d, 0x0a,
  0x00
};

/* runtime/spike/scenario/m1-carrier-loopback.js (3227 bytes) */
static const unsigned char DSH_SCENARIO_CARRIER_JS[] = {
  0x2f, 0x2a, 0x2a, 0x0a, 0x20, 0x2a, 0x20, 0x4d, 0x31, 0x20, 0x73, 0x70, 0x69, 0x6b, 0x65, 0x20,
  0x73, 0x63, 0x65, 0x6e, 0x61, 0x72, 0x69, 0x6f, 0x20, 0x60, 0x6d, 0x31, 0x2e, 0x63, 0x61, 0x72,
  0x72, 0x69, 0x65, 0x72, 0x2e, 0x6c, 0x6f, 0x6f, 0x70, 0x62, 0x61, 0x63, 0x6b, 0x60, 0x20, 0xe2,
  0x80, 0x94, 0x20, 0x74, 0x68, 0x65, 0x20, 0x6c, 0x6f, 0x63, 0x61, 0x6c, 0x2d, 0x63, 0x61, 0x72,
  0x72, 0x69, 0x65, 0x72, 0x20, 0x45, 0x32, 0x45, 0x20, 0x63, 0x6f, 0x6e, 0x74, 0x72, 0x61, 0x63,
  0x74, 0x2c, 0x0a, 0x20, 0x2a, 0x20, 0x73, 0x61, 0x6d, 0x65, 0x20, 0x64, 0x69, 0x73, 0x63, 0x69,
  0x70, 0x6c, 0x69, 0x6e, 0x65, 0x20, 0x61, 0x73, 0x20, 0x6d, 0x31, 0x2d, 0x73, 0x70, 0x69, 0x6b,
  0x65, 0x2d, 0x62, 0x6f, 0x6f, 0x74, 0x3a, 0x20, 0x65, 0x76, 0x65, 0x72, 0x79, 0x20, 0x65, 0x78,
  0x70, 0x65, 0x63, 0x74, 0x65, 0x64, 0x20, 0x65, 0x76, 0x65, 0x6e, 0x74, 0x20, 0x65, 0x6d, 0x69,
  0x74, 0x73, 0x20, 0x65, 0x78, 0x61, 0x63, 0x74, 0x6c, 0x79, 0x20, 0x6f, 0x6e, 0x65, 0x0a, 0x20,
  0x2a, 0x20, 0x73, 0x74, 0x72, 0x75, 0x63, 0x74, 0x75, 0x72, 0x65, 0x64, 0x20, 0x6c, 0x6f, 0x67,
  0x20, 0x65, 0x6e, 0x74, 0x72, 0x79, 0x20, 0x74, 0x68, 0x72, 0x6f, 0x75, 0x67, 0x68, 0x20, 0x74,
  0x68, 0x65, 0x20, 0x75, 0x6e, 0x69, 0x66, 0x69, 0x65, 0x64, 0x20, 0x6c, 0x6f, 0x67, 0x67, 0x65,
  0x72, 0x2c, 0x20, 0x69, 0x6e, 0x20, 0x74, 0x68, 0x65, 0x20, 0x6f, 0x72, 0x64, 0x65, 0x72, 0x20,
  0x64, 0x65, 0x63, 0x6c, 0x61, 0x72, 0x65, 0x64, 0x20, 0x62, 0x79, 0x0a, 0x20, 0x2a, 0x20, 0x74,
  0x6f, 0x6f, 0x6c, 0x73, 0x2f, 0x65, 0x32, 0x65, 0x2f, 0x73, 0x63, 0x65, 0x6e, 0x61, 0x72, 0x69,
  0x6f, 0x73, 0x2f, 0x6d, 0x31, 0x2d, 0x63, 0x61, 0x72, 0x72, 0x69, 0x65, 0x72, 0x2d, 0x6c, 0x6f,
  0x6f, 0x70, 0x62, 0x61, 0x63, 0x6b, 0x2e, 0x6a, 0x73, 0x6f, 0x6e, 0x2c, 0x20, 0x61, 0x6e, 0x64,
  0x20, 0x74, 0x68, 0x65, 0x20, 0x76, 0x65, 0x72, 0x64, 0x69, 0x63, 0x74, 0x20, 0x69, 0x73, 0x20,
  0x61, 0x0a, 0x20, 0x2a, 0x20, 0x6f, 0x6e, 0x65, 0x2d, 0x74, 0x6f, 0x2d, 0x6f, 0x6e, 0x65, 0x20,
  0x65, 0x78, 0x70, 0x65, 0x63, 0x74, 0x65, 0x64, 0x3c, 0x2d, 0x3e, 0x6c, 0x6f, 0x67, 0x67, 0x65,
  0x64, 0x20, 0x6d, 0x61, 0x74, 0x63, 0x68, 0x20, 0x6f, 0x6e, 0x20, 0x74, 0x68, 0x65, 0x73, 0x65,
  0x20, 0x6c, 0x69, 0x6e, 0x65, 0x73, 0x20, 0x6f, 0x6e, 0x6c, 0x79, 0x2e, 0x0a, 0x20, 0x2a, 0x0a,
  0x20, 0x2a, 0x20, 0x50, 0x72, 0x6f, 0x76, 0x65, 0x73, 0x20, 0x74, 0x68, 0x65, 0x20, 0x6c, 0x6f,
  0x6f, 0x70, 0x62, 0x61, 0x63, 0x6b, 0x20, 0x63, 0x61, 0x72, 0x72, 0x69, 0x65, 0x72, 0x20, 0x74,
  0x6f, 0x70, 0x6f, 0x6c, 0x6f, 0x67, 0x79, 0x20, 0x6f, 0x6e, 0x20, 0x61, 0x20, 0x68, 0x6f, 0x73,
  0x74, 0x20, 0x74, 0x68, 0x61, 0x74, 0x20, 0x69, 0x6d, 0x70, 0x6c, 0x65, 0x6d, 0x65, 0x6e, 0x74,
  0x73, 0x20, 0x74, 0x68, 0x65, 0x20, 0x62, 0x75, 0x73, 0x0a, 0x20, 0x2a, 0x20, 0x73, 0x65, 0x61,
  0x6d, 0x20, 0x28, 0x64, 0x73, 0x68, 0x5f, 0x73, 0x70, 0x69, 0x6b, 0x65, 0x5f, 0x73, 0x65, 0x74,
  0x5f, 0x62, 0x75, 0x73, 0x5f, 0x73, 0x69, 0x6e, 0x6b, 0x20, 0x2f, 0x20, 0x64, 0x73, 0x68, 0x5f,
  0x73, 0x70, 0x69, 0x6b, 0x65, 0x5f, 0x62, 0x75, 0x73, 0x5f, 0x64, 0x65, 0x6c, 0x69, 0x76, 0x65,
  0x72, 0x29, 0x20, 0x70, 0x6c, 0x75, 0x73, 0x20, 0x61, 0x6e, 0x20, 0x48, 0x54, 0x54, 0x50, 0x2b,
  0x57, 0x53, 0x0a, 0x20, 0x2a, 0x20, 0x63, 0x61, 0x72, 0x72, 0x69, 0x65, 0x72, 0x20, 0x69, 0x6e,
  0x20, 0x66, 0x72, 0x6f, 0x6e, 0x74, 0x20, 0x6f, 0x66, 0x20, 0x74, 0x68, 0x65, 0x20, 0x72, 0x75,
  0x6e, 0x74, 0x69, 0x6d, 0x65, 0x3a, 0x20, 0x73, 0x74, 0x61, 0x74, 0x69, 0x63, 0x20, 0x66, 0x69,
  0x6c, 0x65, 0x20, 0x73, 0x65, 0x72, 0x76, 0x69, 0x6e, 0x67, 0x20, 0x66, 0x6f, 0x72, 0x20, 0x74,
  0x68, 0x65, 0x20, 0x50, 0x72, 0x65, 0x73, 0x65, 0x6e, 0x74, 0x61, 0x74, 0x69, 0x6f, 0x6e, 0x0a,
  0x20, 0x2a, 0x20, 0x70, 0x61, 0x67, 0x65, 0x2c, 0x20, 0x61, 0x20, 0x57, 0x53, 0x20, 0x63, 0x6f,
  0x6e, 0x6e, 0x65, 0x63, 0x74, 0x69, 0x6f, 0x6e, 0x20, 0x66, 0x72, 0x6f, 0x6d, 0x20, 0x74, 0x68,
  0x61, 0x74, 0x20, 0x70, 0x61, 0x67, 0x65, 0x2c, 0x20, 0x74, 0x68, 0x65, 0x20, 0x63, 0x61, 0x72,
  0x72, 0x69, 0x65, 0x72, 0x20, 0x70, 0x75, 0x6d, 0x70, 0x69, 0x6e, 0x67, 0x20, 0x70, 0x61, 0x67,
  0x65, 0xe2, 0x86, 0x92, 0x4a, 0x53, 0x20, 0x61, 0x6e, 0x64, 0x0a, 0x20, 0x2a, 0x20, 0x4a, 0x53,
  0xe2, 0x86, 0x92, 0x70, 0x61, 0x67, 0x65, 0x20, 0x69, 0x6e, 0x20, 0x62, 0x6f, 0x74, 0x68, 0x20,
  0x64, 0x69, 0x72, 0x65, 0x63, 0x74, 0x69, 0x6f, 0x6e, 0x73, 0x2c, 0x20, 0x77, 0x69, 0x74, 0x68,
  0x20, 0x74, 0x68, 0x65, 0x20, 0x72, 0x75, 0x6e, 0x74, 0x69, 0x6d, 0x65, 0x20, 0x6f, 0x6e, 0x20,
  0x69, 0x74, 0x73, 0x20, 0x73, 0x69, 0x6e, 0x67, 0x6c, 0x65, 0x20, 0x73, 0x65, 0x72, 0x69, 0x61,
  0x6c, 0x20, 0x74, 0x68, 0x72, 0x65, 0x61, 0x64, 0x2e, 0x0a, 0x20, 0x2a, 0x20, 0x41, 0x6c, 0x6c,
  0x20, 0x63, 0x61, 0x6e, 0x6f, 0x6e, 0x69, 0x63, 0x61, 0x6c, 0x20, 0x6c, 0x69, 0x6e, 0x65, 0x73,
  0x20, 0x63, 0x6f, 0x6d, 0x65, 0x20, 0x66, 0x72, 0x6f, 0x6d, 0x20, 0x54, 0x48, 0x49, 0x53, 0x20,
  0x6d, 0x6f, 0x64, 0x75, 0x6c, 0x65, 0x20, 0xe2, 0x80, 0x94, 0x20, 0x74, 0x68, 0x65, 0x20, 0x63,
  0x61, 0x72, 0x72, 0x69, 0x65, 0x72, 0x20, 0x74, 0x72, 0x61, 0x6e, 0x73, 0x70, 0x6f, 0x72, 0x74,
  0x20, 0x69, 0x74, 0x73, 0x65, 0x6c, 0x66, 0x0a, 0x20, 0x2a, 0x20, 0x6e, 0x65, 0x76, 0x65, 0x72,
  0x20, 0x6c, 0x6f, 0x67, 0x73, 0x20, 0x28, 0x73, 0x69, 0x6e, 0x67, 0x6c, 0x65, 0x2d, 0x6c, 0x6f,
  0x67, 0x67, 0x65, 0x72, 0x20, 0x64, 0x69, 0x73, 0x63, 0x69, 0x70, 0x6c, 0x69, 0x6e, 0x65, 0x29,
  0x3b, 0x20, 0x74, 0x72, 0x61, 0x6e, 0x73, 0x70, 0x6f, 0x72, 0x74, 0x20, 0x66, 0x61, 0x63, 0x74,
  0x73, 0x20, 0x72, 0x65, 0x61, 0x63, 0x68, 0x20, 0x74, 0x68, 0x65, 0x20, 0x6c, 0x6f, 0x67, 0x20,
  0x6f, 0x6e, 0x6c, 0x79, 0x0a, 0x20, 0x2a, 0x20, 0x61, 0x73, 0x20, 0x66, 0x69, 0x65, 0x6c, 0x64,
  0x73, 0x20, 0x6f, 0x66, 0x20, 0x6d, 0x65, 0x73, 0x73, 0x61, 0x67, 0x65, 0x73, 0x20, 0x74, 0x68,
  0x65, 0x20, 0x68, 0x6f, 0x73, 0x74, 0x20, 0x64, 0x65, 0x6c, 0x69, 0x76, 0x65, 0x72, 0x73, 0x20,
  0x68, 0x65, 0x72, 0x65, 0x2e, 0x0a, 0x20, 0x2a, 0x2f, 0x0a, 0x69, 0x6d, 0x70, 0x6f, 0x72, 0x74,
  0x20, 0x7b, 0x20, 0x63, 0x72, 0x65, 0x61, 0x74, 0x65, 0x4c, 0x6f, 0x67, 0x67, 0x65, 0x72, 0x20,
  0x7d, 0x20, 0x66, 0x72, 0x6f, 0x6d, 0x20, 0x27, 0x2e, 0x2e, 0x2f, 0x6c, 0x6f, 0x67, 0x67, 0x65,
  0x72, 0x2e, 0x6a, 0x73, 0x27, 0x3b, 0x0a, 0x0a, 0x63, 0x6f, 0x6e, 0x73, 0x74, 0x20, 0x53, 0x43,
  0x45, 0x4e, 0x41, 0x52, 0x49, 0x4f, 0x20, 0x3d, 0x20, 0x27, 0x6d, 0x31, 0x2e, 0x63, 0x61, 0x72,
  0x72, 0x69, 0x65, 0x72, 0x2e, 0x6c, 0x6f, 0x6f, 0x70, 0x62, 0x61, 0x63, 0x6b, 0x27, 0x3b, 0x0a,
  0x63, 0x6f, 0x6e, 0x73, 0x74, 0x20, 0x6c, 0x6f, 0x67, 0x20, 0x3d, 0x20, 0x63, 0x72, 0x65, 0x61,
  0x74, 0x65, 0x4c, 0x6f, 0x67, 0x67, 0x65, 0x72, 0x28, 0x27, 0x6d, 0x31, 0x2e, 0x63, 0x61, 0x72,
  0x72, 0x69, 0x65, 0x72, 0x27, 0x29, 0x3b, 0x0a, 0x63, 0x6f, 0x6e, 0x73, 0x74, 0x20, 0x65, 0x6d,
  0x69, 0x74, 0x20, 0x3d, 0x20, 0x28, 0x65, 0x76, 0x65, 0x6e, 0x74, 0x2c, 0x20, 0x66, 0x69, 0x65,
  0x6c, 0x64, 0x73, 0x20, 0x3d, 0x20, 0x7b, 0x7d, 0x29, 0x20, 0x3d, 0x3e, 0x20, 0x6c, 0x6f, 0x67,
  0x2e, 0x69, 0x6e, 0x66, 0x6f, 0x28, 0x27, 0x65, 0x32, 0x65, 0x27, 0x2c, 0x20, 0x7b, 0x20, 0x73,
  0x63, 0x65, 0x6e, 0x61, 0x72, 0x69, 0x6f, 0x3a, 0x20, 0x53, 0x43, 0x45, 0x4e, 0x41, 0x52, 0x49,
  0x4f, 0x2c, 0x20, 0x65, 0x76, 0x65, 0x6e, 0x74, 0x2c, 0x20, 0x2e, 0x2e, 0x2e, 0x66, 0x69, 0x65,
  0x6c, 0x64, 0x73, 0x20, 0x7d, 0x29, 0x3b, 0x0a, 0x63, 0x6f, 0x6e, 0x73, 0x74, 0x20, 0x70, 0x6f,
  0x73, 0x74, 0x20, 0x3d, 0x20, 0x28, 0x6f, 0x62, 0x6a, 0x29, 0x20, 0x3d, 0x3e, 0x20, 0x67, 0x6c,
  0x6f, 0x62, 0x61, 0x6c, 0x54, 0x68, 0x69, 0x73, 0x2e, 0x5f, 0x5f, 0x64, 0x73, 0x68, 0x42, 0x75,
  0x73, 0x50, 0x6f, 0x73, 0x74, 0x28, 0x4a, 0x53, 0x4f, 0x4e, 0x2e, 0x73, 0x74, 0x72, 0x69, 0x6e,
  0x67, 0x69, 0x66, 0x79, 0x28, 0x6f, 0x62, 0x6a, 0x29, 0x29, 0x3b, 0x0a, 0x63, 0x6f, 0x6e, 0x73,
  0x74, 0x20, 0x66, 0x61, 0x69, 0x6c, 0x20, 0x3d, 0x20, 0x28, 0x72, 0x65, 0x61, 0x73, 0x6f, 0x6e,
  0x29, 0x20, 0x3d, 0x3e, 0x20, 0x7b, 0x0a, 0x20, 0x20, 0x6c, 0x6f, 0x67, 0x2e, 0x64, 0x65, 0x62,
  0x75, 0x67, 0x28, 0x27, 0x73, 0x63, 0x65, 0x6e, 0x61, 0x72, 0x69, 0x6f, 0x20, 0x66, 0x61, 0x69,
  0x6c, 0x65, 0x64, 0x27, 0x2c, 0x20, 0x7b, 0x20, 0x72, 0x65, 0x61, 0x73, 0x6f, 0x6e, 0x20, 0x7d,
  0x29, 0x3b, 0x0a, 0x20, 0x20, 0x65, 0x6d, 0x69, 0x74, 0x28, 0x27, 0x73, 0x63, 0x65, 0x6e, 0x61,
  0x72, 0x69, 0x6f, 0x2e, 0x66, 0x61, 0x69, 0x6c, 0x65, 0x64, 0x27, 0x2c, 0x20, 0x7b, 0x20, 0x72,
  0x65, 0x61, 0x73, 0x6f, 0x6e, 0x20, 0x7d, 0x29, 0x3b, 0x0a, 0x20, 0x20, 0x67, 0x6c, 0x6f, 0x62,
  0x61, 0x6c, 0x54, 0x68, 0x69, 0x73, 0x2e, 0x5f, 0x5f, 0x64, 0x73, 0x68, 0x43, 0x6f, 0x6d, 0x70,
  0x6c, 0x65, 0x74, 0x65, 0x28, 0x66, 0x61, 0x6c, 0x73, 0x65, 0x2c, 0x20, 0x72, 0x65, 0x61, 0x73,
  0x6f, 0x6e, 0x29, 0x3b, 0x0a, 0x7d, 0x3b, 0x0a, 0x0a, 0x63, 0x6f, 0x6e, 0x73, 0x74, 0x20, 0x65,
  0x6e, 0x67, 0x69, 0x6e, 0x65, 0x20, 0x3d, 0x20, 0x67, 0x6c, 0x6f, 0x62, 0x61, 0x6c, 0x54, 0x68,
  0x69, 0x73, 0x2e, 0x5f, 0x5f, 0x64, 0x73, 0x68, 0x45, 0x6e, 0x67, 0x69, 0x6e, 0x65, 0x49, 0x6e,
  0x66, 0x6f, 0x28, 0x29, 0x3b, 0x0a, 0x65, 0x6d, 0x69, 0x74, 0x28, 0x27, 0x72, 0x75, 0x6e, 0x74,
  0x69, 0x6d, 0x65, 0x2e, 0x63, 0x72, 0x65, 0x61, 0x74, 0x65, 0x64, 0x27, 0x2c, 0x20, 0x7b, 0x20,
  0x65, 0x6e, 0x67, 0x69, 0x6e, 0x65, 0x3a, 0x20, 0x65, 0x6e, 0x67, 0x69, 0x6e, 0x65, 0x2e, 0x6e,
  0x61, 0x6d, 0x65, 0x2c, 0x20, 0x65, 0x6e, 0x67, 0x69, 0x6e, 0x65, 0x56, 0x65, 0x72, 0x73, 0x69,
  0x6f, 0x6e, 0x3a, 0x20, 0x65, 0x6e, 0x67, 0x69, 0x6e, 0x65, 0x2e, 0x76, 0x65, 0x72, 0x73, 0x69,
  0x6f, 0x6e, 0x20, 0x7d, 0x29, 0x3b, 0x0a, 0x0a, 0x6c, 0x65, 0x74, 0x20, 0x70, 0x69, 0x6e, 0x67,
  0x4e, 0x6f, 0x6e, 0x63, 0x65, 0x20, 0x3d, 0x20, 0x6e, 0x75, 0x6c, 0x6c, 0x3b, 0x0a, 0x6c, 0x65,
  0x74, 0x20, 0x70, 0x75, 0x73, 0x68, 0x65, 0x64, 0x42, 0x79, 0x74, 0x65, 0x73, 0x20, 0x3d, 0x20,
  0x30, 0x3b, 0x0a, 0x0a, 0x67, 0x6c, 0x6f, 0x62, 0x61, 0x6c, 0x54, 0x68, 0x69, 0x73, 0x2e, 0x5f,
  0x5f, 0x64, 0x73, 0x68, 0x42, 0x75, 0x73, 0x4f, 0x6e, 0x4d, 0x65, 0x73, 0x73, 0x61, 0x67, 0x65,
  0x20, 0x3d, 0x20, 0x28, 0x6c, 0x69, 0x6e, 0x65, 0x29, 0x20, 0x3d, 0x3e, 0x20, 0x7b, 0x0a, 0x20,
  0x20, 0x63, 0x6f, 0x6e, 0x73, 0x74, 0x20, 0x6d, 0x73, 0x67, 0x20, 0x3d, 0x20, 0x4a, 0x53, 0x4f,
  0x4e, 0x2e, 0x70, 0x61, 0x72, 0x73, 0x65, 0x28, 0x6c, 0x69, 0x6e, 0x65, 0x29, 0x3b, 0x0a, 0x20,
  0x20, 0x73, 0x77, 0x69, 0x74, 0x63, 0x68, 0x20, 0x28, 0x6d, 0x73, 0x67, 0x2e, 0x74, 0x79, 0x70,
  0x65, 0x29, 0x20, 0x7b, 0x0a, 0x20, 0x20, 0x20, 0x20, 0x63, 0x61, 0x73, 0x65, 0x20, 0x27, 0x68,
  0x6f, 0x73, 0x74, 0x2e, 0x68, 0x65, 0x6c, 0x6c, 0x6f, 0x27, 0x3a, 0x20, 0x7b, 0x0a, 0x20, 0x20,
  0x20, 0x20, 0x20, 0x20, 0x69, 0x66, 0x20, 0x28, 0x21, 0x4e, 0x75, 0x6d, 0x62, 0x65, 0x72, 0x2e,
  0x69, 0x73, 0x49, 0x6e, 0x74, 0x65, 0x67, 0x65, 0x72, 0x28, 0x6d, 0x73, 0x67, 0x2e, 0x70, 0x6f,
  0x72, 0x74, 0x29, 0x20, 0x7c, 0x7c, 0x20, 0x6d, 0x73, 0x67, 0x2e, 0x70, 0x6f, 0x72, 0x74, 0x20,
  0x3c, 0x3d, 0x20, 0x30, 0x29, 0x20, 0x7b, 0x0a, 0x20, 0x20, 0x20, 0x20, 0x20, 0x20, 0x20, 0x20,
  0x66, 0x61, 0x69, 0x6c, 0x28, 0x27, 0x63, 0x61, 0x72, 0x72, 0x69, 0x65, 0x72, 0x20, 0x64, 0x65,
  0x6c, 0x69, 0x76, 0x65, 0x72, 0x65, 0x64, 0x20, 0x6e, 0x6f, 0x20, 0x75, 0x73, 0x61, 0x62, 0x6c,
  0x65, 0x20, 0x70, 0x6f, 0x72, 0x74, 0x27, 0x29, 0x3b, 0x0a, 0x20, 0x20, 0x20, 0x20, 0x20, 0x20,
  0x20, 0x20, 0x72, 0x65, 0x74, 0x75, 0x72, 0x6e, 0x3b, 0x0a, 0x20, 0x20, 0x20, 0x20, 0x20, 0x20,
  0x7d, 0x0a, 0x20, 0x20, 0x20, 0x20, 0x20, 0x20, 0x65, 0x6d, 0x69, 0x74, 0x28, 0x27, 0x63, 0x61,
  0x72, 0x72, 0x69, 0x65, 0x72, 0x2e, 0x6c, 0x69, 0x73, 0x74, 0x65, 0x6e, 0x69, 0x6e, 0x67, 0x27,
  0x2c, 0x20, 0x7b, 0x20, 0x74, 0x72, 0x61, 0x6e, 0x73, 0x70, 0x6f, 0x72, 0x74, 0x3a, 0x20, 0x27,
  0x74, 0x63, 0x70, 0x27, 0x2c, 0x20, 0x6c, 0x6f, 0x6f, 0x70, 0x62, 0x61, 0x63, 0x6b, 0x3a, 0x20,
  0x74, 0x72, 0x75, 0x65, 0x20, 0x7d, 0x29, 0x3b, 0x0a, 0x20, 0x20, 0x20, 0x20, 0x20, 0x20, 0x62,
  0x72, 0x65, 0x61, 0x6b, 0x3b, 0x0a, 0x20, 0x20, 0x20, 0x20, 0x7d, 0x0a, 0x20, 0x20, 0x20, 0x20,
  0x63, 0x61, 0x73, 0x65, 0x20, 0x27, 0x77, 0x73, 0x2e, 0x68, 0x65, 0x6c, 0x6c, 0x6f, 0x27, 0x3a,
  0x20, 0x7b, 0x0a, 0x20, 0x20, 0x20, 0x20, 0x20, 0x20, 0x63, 0x6f, 0x6e, 0x73, 0x74, 0x20, 0x70,
  0x61, 0x74, 0x68, 0x73, 0x20, 0x3d, 0x20, 0x5b, 0x2e, 0x2e, 0x2e, 0x28, 0x6d, 0x73, 0x67, 0x2e,
  0x73, 0x65, 0x72, 0x76, 0x65, 0x64, 0x20, 0x3f, 0x3f, 0x20, 0x5b, 0x5d, 0x29, 0x5d, 0x2e, 0x73,
  0x6f, 0x72, 0x74, 0x28, 0x29, 0x3b, 0x0a, 0x20, 0x20, 0x20, 0x20, 0x20, 0x20, 0x69, 0x66, 0x20,
  0x28, 0x70, 0x61, 0x74, 0x68, 0x73, 0x5b, 0x30, 0x5d, 0x20, 0x21, 0x3d, 0x3d, 0x20, 0x27, 0x2f,
  0x27, 0x20, 0x7c, 0x7c, 0x20, 0x70, 0x61, 0x74, 0x68, 0x73, 0x5b, 0x31, 0x5d, 0x20, 0x21, 0x3d,
  0x3d, 0x20, 0x27, 0x2f, 0x63, 0x61, 0x72, 0x72, 0x69, 0x65, 0x72, 0x2d, 0x70, 0x61, 0x67, 0x65,
  0x2e, 0x6a, 0x73, 0x27, 0x29, 0x20, 0x7b, 0x0a, 0x20, 0x20, 0x20, 0x20, 0x20, 0x20, 0x20, 0x20,
  0x66, 0x61, 0x69, 0x6c, 0x28, 0x27, 0x73, 0x74, 0x61, 0x74, 0x69, 0x63, 0x20, 0x61, 0x73, 0x73,
  0x65, 0x74, 0x73, 0x20, 0x6e, 0x6f, 0x74, 0x20, 0x73, 0x65, 0x72, 0x76, 0x65, 0x64, 0x3a, 0x20,
  0x27, 0x20, 0x2b, 0x20, 0x70, 0x61, 0x74, 0x68, 0x73, 0x2e, 0x6a, 0x6f, 0x69, 0x6e, 0x28, 0x27,
  0x2c, 0x27, 0x29, 0x29, 0x3b, 0x0a, 0x20, 0x20, 0x20, 0x20, 0x20, 0x20, 0x20, 0x20, 0x72, 0x65,
  0x74, 0x75, 0x72, 0x6e, 0x3b, 0x0a, 0x20, 0x20, 0x20, 0x20, 0x20, 0x20, 0x7d, 0x0a, 0x20, 0x20,
  0x20, 0x20, 0x20, 0x20, 0x65, 0x6d, 0x69, 0x74, 0x28, 0x27, 0x63, 0x61, 0x72, 0x72, 0x69, 0x65,
  0x72, 0x2e, 0x68, 0x74, 0x74, 0x70, 0x2e, 0x73, 0x65, 0x72, 0x76, 0x65, 0x64, 0x27, 0x2c, 0x20,
  0x7b, 0x20, 0x70, 0x61, 0x74, 0x68, 0x73, 0x2c, 0x20, 0x63, 0x6f, 0x75, 0x6e, 0x74, 0x3a, 0x20,
  0x70, 0x61, 0x74, 0x68, 0x73, 0x2e, 0x6c, 0x65, 0x6e, 0x67, 0x74, 0x68, 0x20, 0x7d, 0x29, 0x3b,
  0x0a, 0x20, 0x20, 0x20, 0x20, 0x20, 0x20, 0x65, 0x6d, 0x69, 0x74, 0x28, 0x27, 0x63, 0x61, 0x72,
  0x72, 0x69, 0x65, 0x72, 0x2e, 0x77, 0x73, 0x2e, 0x63, 0x6f, 0x6e, 0x6e, 0x65, 0x63, 0x74, 0x65,
  0x64, 0x27, 0x2c, 0x20, 0x7b, 0x20, 0x73, 0x74, 0x61, 0x74, 0x65, 0x3a, 0x20, 0x27, 0x6f, 0x70,
  0x65, 0x6e, 0x27, 0x20, 0x7d, 0x29, 0x3b, 0x0a, 0x20, 0x20, 0x20, 0x20, 0x20, 0x20, 0x70, 0x69,
  0x6e, 0x67, 0x4e, 0x6f, 0x6e, 0x63, 0x65, 0x20, 0x3d, 0x20, 0x4d, 0x61, 0x74, 0x68, 0x2e, 0x72,
  0x61, 0x6e, 0x64, 0x6f, 0x6d, 0x28, 0x29, 0x2e, 0x74, 0x6f, 0x53, 0x74, 0x72, 0x69, 0x6e, 0x67,
  0x28, 0x33, 0x36, 0x29, 0x2e, 0x73, 0x6c, 0x69, 0x63, 0x65, 0x28, 0x32, 0x2c, 0x20, 0x31, 0x30,
  0x29, 0x3b, 0x0a, 0x20, 0x20, 0x20, 0x20, 0x20, 0x20, 0x70, 0x6f, 0x73, 0x74, 0x28, 0x7b, 0x20,
  0x74, 0x79, 0x70, 0x65, 0x3a, 0x20, 0x27, 0x77, 0x73, 0x2e, 0x73, 0x65, 0x6e, 0x64, 0x27, 0x2c,
  0x20, 0x70, 0x61, 0x79, 0x6c, 0x6f, 0x61, 0x64, 0x3a, 0x20, 0x7b, 0x20, 0x74, 0x79, 0x70, 0x65,
  0x3a, 0x20, 0x27, 0x70, 0x69, 0x6e, 0x67, 0x27, 0x2c, 0x20, 0x6e, 0x6f, 0x6e, 0x63, 0x65, 0x3a,
  0x20, 0x70, 0x69, 0x6e, 0x67, 0x4e, 0x6f, 0x6e, 0x63, 0x65, 0x20, 0x7d, 0x20, 0x7d, 0x29, 0x3b,
  0x0a, 0x20, 0x20, 0x20, 0x20, 0x20, 0x20, 0x62, 0x72, 0x65, 0x61, 0x6b, 0x3b, 0x0a, 0x20, 0x20,
  0x20, 0x20, 0x7d, 0x0a, 0x20, 0x20, 0x20, 0x20, 0x63, 0x61, 0x73, 0x65, 0x20, 0x27, 0x77, 0x73,
  0x2e, 0x6d, 0x65, 0x73, 0x73, 0x61, 0x67, 0x65, 0x27, 0x3a, 0x20, 0x7b, 0x0a, 0x20, 0x20, 0x20,
  0x20, 0x20, 0x20, 0x63, 0x6f, 0x6e, 0x73, 0x74, 0x20, 0x70, 0x20, 0x3d, 0x20, 0x6d, 0x73, 0x67,
  0x2e, 0x70, 0x61, 0x79, 0x6c, 0x6f, 0x61, 0x64, 0x20, 0x3f, 0x3f, 0x20, 0x7b, 0x7d, 0x3b, 0x0a,
  0x20, 0x20, 0x20, 0x20, 0x20, 0x20, 0x69, 0x66, 0x20, 0x28, 0x70, 0x2e, 0x74, 0x79, 0x70, 0x65,
  0x20, 0x3d, 0x3d, 0x3d, 0x20, 0x27, 0x70, 0x6f, 0x6e, 0x67, 0x27, 0x20, 0x26, 0x26, 0x20, 0x70,
  0x2e, 0x6e, 0x6f, 0x6e, 0x63, 0x65, 0x20, 0x3d, 0x3d, 0x3d, 0x20, 0x70, 0x69, 0x6e, 0x67, 0x4e,
  0x6f, 0x6e, 0x63, 0x65, 0x29, 0x20, 0x7b, 0x0a, 0x20, 0x20, 0x20, 0x20, 0x20, 0x20, 0x20, 0x20,
  0x65, 0x6d, 0x69, 0x74, 0x28, 0x27, 0x63, 0x61, 0x72, 0x72, 0x69, 0x65, 0x72, 0x2e, 0x77, 0x73,
  0x2e, 0x65, 0x63, 0x68, 0x6f, 0x27, 0x2c, 0x20, 0x7b, 0x20, 0x6d, 0x61, 0x74, 0x63, 0x68, 0x65,
  0x64, 0x3a, 0x20, 0x74, 0x72, 0x75, 0x65, 0x2c, 0x20, 0x74, 0x72, 0x61, 0x6e, 0x73, 0x70, 0x6f,
  0x72, 0x74, 0x3a, 0x20, 0x27, 0x77, 0x73, 0x27, 0x20, 0x7d, 0x29, 0x3b, 0x0a, 0x20, 0x20, 0x20,
  0x20, 0x20, 0x20, 0x20, 0x20, 0x70, 0x75, 0x73, 0x68, 0x65, 0x64, 0x42, 0x79, 0x74, 0x65, 0x73,
  0x20, 0x3d, 0x20, 0x36, 0x34, 0x3b, 0x0a, 0x20, 0x20, 0x20, 0x20, 0x20, 0x20, 0x20, 0x20, 0x70,
  0x6f, 0x73, 0x74, 0x28, 0x7b, 0x0a, 0x20, 0x20, 0x20, 0x20, 0x20, 0x20, 0x20, 0x20, 0x20, 0x20,
  0x74, 0x79, 0x70, 0x65, 0x3a, 0x20, 0x27, 0x77, 0x73, 0x2e, 0x73, 0x65, 0x6e, 0x64, 0x27, 0x2c,
  0x0a, 0x20, 0x20, 0x20, 0x20, 0x20, 0x20, 0x20, 0x20, 0x20, 0x20, 0x70, 0x61, 0x79, 0x6c, 0x6f,
  0x61, 0x64, 0x3a, 0x20, 0x7b, 0x20, 0x74, 0x79, 0x70, 0x65, 0x3a, 0x20, 0x27, 0x70, 0x75, 0x73,
  0x68, 0x27, 0x2c, 0x20, 0x62, 0x79, 0x74, 0x65, 0x73, 0x3a, 0x20, 0x70, 0x75, 0x73, 0x68, 0x65,
  0x64, 0x42, 0x79, 0x74, 0x65, 0x73, 0x2c, 0x20, 0x62, 0x6f, 0x64, 0x79, 0x3a, 0x20, 0x27, 0x78,
  0x27, 0x2e, 0x72, 0x65, 0x70, 0x65, 0x61, 0x74, 0x28, 0x70, 0x75, 0x73, 0x68, 0x65, 0x64, 0x42,
  0x79, 0x74, 0x65, 0x73, 0x29, 0x20, 0x7d, 0x2c, 0x0a, 0x20, 0x20, 0x20, 0x20, 0x20, 0x20, 0x20,
  0x20, 0x7d, 0x29, 0x3b, 0x0a, 0x20, 0x20, 0x20, 0x20, 0x20, 0x20, 0x7d, 0x20, 0x65, 0x6c, 0x73,
  0x65, 0x20, 0x69, 0x66, 0x20, 0x28, 0x70, 0x2e, 0x74, 0x79, 0x70, 0x65, 0x20, 0x3d, 0x3d, 0x3d,
  0x20, 0x27, 0x61, 0x63, 0x6b, 0x27, 0x20, 0x26, 0x26, 0x20, 0x70, 0x2e, 0x6f, 0x66, 0x20, 0x3d,
  0x3d, 0x3d, 0x20, 0x27, 0x70, 0x75, 0x73, 0x68, 0x27, 0x20, 0x26, 0x26, 0x20, 0x70, 0x2e, 0x62,
  0x79, 0x74, 0x65, 0x73, 0x20, 0x3d, 0x3d, 0x3d, 0x20, 0x70, 0x75, 0x73, 0x68, 0x65, 0x64, 0x42,
  0x79, 0x74, 0x65, 0x73, 0x29, 0x20, 0x7b, 0x0a, 0x20, 0x20, 0x20, 0x20, 0x20, 0x20, 0x20, 0x20,
  0x65, 0x6d, 0x69, 0x74, 0x28, 0x27, 0x63, 0x61, 0x72, 0x72, 0x69, 0x65, 0x72, 0x2e, 0x70, 0x75,
  0x73, 0x68, 0x2e, 0x64, 0x65, 0x6c, 0x69, 0x76, 0x65, 0x72, 0x65, 0x64, 0x27, 0x2c, 0x20, 0x7b,
  0x20, 0x74, 0x72, 0x61, 0x6e, 0x73, 0x70, 0x6f, 0x72, 0x74, 0x3a, 0x20, 0x27, 0x77, 0x73, 0x27,
  0x20, 0x7d, 0x29, 0x3b, 0x0a, 0x20, 0x20, 0x20, 0x20, 0x20, 0x20, 0x20, 0x20, 0x65, 0x6d, 0x69,
  0x74, 0x28, 0x27, 0x73, 0x63, 0x65, 0x6e, 0x61, 0x72, 0x69, 0x6f, 0x2e, 0x63, 0x6f, 0x6d, 0x70,
  0x6c, 0x65, 0x74, 0x65, 0x27, 0x2c, 0x20, 0x7b, 0x20, 0x73, 0x74, 0x61, 0x74, 0x75, 0x73, 0x3a,
  0x20, 0x27, 0x70, 0x61, 0x73, 0x73, 0x27, 0x20, 0x7d, 0x29, 0x3b, 0x0a, 0x20, 0x20, 0x20, 0x20,
  0x20, 0x20, 0x20, 0x20, 0x67, 0x6c, 0x6f, 0x62, 0x61, 0x6c, 0x54, 0x68, 0x69, 0x73, 0x2e, 0x5f,
  0x5f, 0x64, 0x73, 0x68, 0x43, 0x6f, 0x6d, 0x70, 0x6c, 0x65, 0x74, 0x65, 0x28, 0x74, 0x72, 0x75,
  0x65, 0x2c, 0x20, 0x27, 0x6f, 0x6b, 0x27, 0x29, 0x3b, 0x0a, 0x20, 0x20, 0x20, 0x20, 0x20, 0x20,
  0x7d, 0x20, 0x65, 0x6c, 0x73, 0x65, 0x20, 0x7b, 0x0a, 0x20, 0x20, 0x20, 0x20, 0x20, 0x20, 0x20,
  0x20, 0x66, 0x61, 0x69, 0x6c, 0x28, 0x27, 0x75, 0x6e, 0x65, 0x78, 0x70, 0x65, 0x63, 0x74, 0x65,
  0x64, 0x20, 0x77, 0x73, 0x20, 0x6d, 0x65, 0x73, 0x73, 0x61, 0x67, 0x65, 0x3a, 0x20, 0x27, 0x20,
  0x2b, 0x20, 0x4a, 0x53, 0x4f, 0x4e, 0x2e, 0x73, 0x74, 0x72, 0x69, 0x6e, 0x67, 0x69, 0x66, 0x79,
  0x28, 0x70, 0x29, 0x29, 0x3b, 0x0a, 0x20, 0x20, 0x20, 0x20, 0x20, 0x20, 0x7d, 0x0a, 0x20, 0x20,
  0x20, 0x20, 0x20, 0x20, 0x62, 0x72, 0x65, 0x61, 0x6b, 0x3b, 0x0a, 0x20, 0x20, 0x20, 0x20, 0x7d,
  0x0a, 0x20, 0x20, 0x20, 0x20, 0x64, 0x65, 0x66, 0x61, 0x75, 0x6c, 0x74, 0x3a, 0x0a, 0x20, 0x20,
  0x20, 0x20, 0x20, 0x20, 0x66, 0x61, 0x69, 0x6c, 0x28, 0x27, 0x75, 0x6e, 0x65, 0x78, 0x70, 0x65,
  0x63, 0x74, 0x65, 0x64, 0x20, 0x62, 0x75, 0x73, 0x20, 0x6d, 0x65, 0x73, 0x73, 0x61, 0x67, 0x65,
  0x20, 0x74, 0x79, 0x70, 0x65, 0x3a, 0x20, 0x27, 0x20, 0x2b, 0x20, 0x6d, 0x73, 0x67, 0x2e, 0x74,
  0x79, 0x70, 0x65, 0x29, 0x3b, 0x0a, 0x20, 0x20, 0x7d, 0x0a, 0x7d, 0x3b, 0x0a, 0x0a, 0x70, 0x6f,
  0x73, 0x74, 0x28, 0x7b, 0x20, 0x74, 0x79, 0x70, 0x65, 0x3a, 0x20, 0x27, 0x62, 0x75, 0x73, 0x2e,
  0x72, 0x65, 0x61, 0x64, 0x79, 0x27, 0x20, 0x7d, 0x29, 0x3b, 0x0a,
  0x00
};

/* runtime/spike/llm.js (11085 bytes) */
static const unsigned char DSH_LLM_JS[] = {
  0x2f, 0x2a, 0x2a, 0x0a, 0x20, 0x2a, 0x20, 0x6c, 0x6c, 0x6d, 0x2e, 0x6a, 0x73, 0x20, 0xe2, 0x80,
  0x94, 0x20, 0x74, 0x68, 0x65, 0x20, 0x4f, 0x70, 0x65, 0x6e, 0x41, 0x49, 0x2d, 0x63, 0x6f, 0x6d,
  0x70, 0x61, 0x74, 0x69, 0x62, 0x6c, 0x65, 0x20, 0x53, 0x54, 0x52, 0x45, 0x41, 0x4d, 0x49, 0x4e,
  0x47, 0x20, 0x63, 0x68, 0x61, 0x74, 0x20, 0x63, 0x6c, 0x69, 0x65, 0x6e, 0x74, 0x2e, 0x20, 0x54,
  0x68, 0x65, 0x20, 0x74, 0x72, 0x61, 0x6e, 0x73, 0x70, 0x6f, 0x72, 0x74, 0x20, 0x69, 0x73, 0x20,
  0x61, 0x0a, 0x20, 0x2a, 0x20, 0x50, 0x41, 0x52, 0x41, 0x4d, 0x45, 0x54, 0x45, 0x52, 0x20, 0x77,
  0x69, 0x74, 0x68, 0x20, 0x74, 0x68, 0x65, 0x20, 0x67, 0x61, 0x74, 0x65, 0x77, 0x61, 0x79, 0x20,
  0x60, 0x68, 0x74, 0x74, 0x70, 0x46, 0x65, 0x74, 0x63, 0x68, 0x60, 0x20, 0x72, 0x65, 0x73, 0x70,
  0x6f, 0x6e, 0x73, 0x65, 0x20, 0x73, 0x68, 0x61, 0x70, 0x65, 0x20, 0xe2, 0x80, 0x94, 0x20, 0x60,
  0x7b, 0x73, 0x74, 0x61, 0x74, 0x75, 0x73, 0x2c, 0x20, 0x68, 0x65, 0x61, 0x64, 0x65, 0x72, 0x73,
  0x2c, 0x0a, 0x20, 0x2a, 0x20, 0x62, 0x6f, 0x64, 0x79, 0x3a, 0x20, 0x41, 0x73, 0x79, 0x6e, 0x63,
  0x49, 0x74, 0x65, 0x72, 0x61, 0x62, 0x6c, 0x65, 0x3c, 0x55, 0x69, 0x6e, 0x74, 0x38, 0x41, 0x72,
  0x72, 0x61, 0x79, 0x3e, 0x2c, 0x20, 0x61, 0x62, 0x6f, 0x72, 0x74, 0x28, 0x29, 0x7d, 0x60, 0x20,
  0xe2, 0x80, 0x94, 0x20, 0x73, 0x6f, 0x20, 0x74, 0x68, 0x65, 0x20, 0x73, 0x61, 0x6d, 0x65, 0x20,
  0x63, 0x6f, 0x64, 0x65, 0x20, 0x72, 0x75, 0x6e, 0x73, 0x20, 0x61, 0x67, 0x61, 0x69, 0x6e, 0x73,
  0x74, 0x0a, 0x20, 0x2a, 0x20, 0x74, 0x68, 0x65, 0x20, 0x72, 0x65, 0x61, 0x6c, 0x20, 0x67, 0x61,
  0x74, 0x65, 0x77, 0x61, 0x79, 0x20, 0x70, 0x72, 0x69, 0x6d, 0x69, 0x74, 0x69, 0x76, 0x65, 0x20,
  0x28, 0x64, 0x65, 0x76, 0x69, 0x63, 0x65, 0x20, 0x68, 0x6f, 0x73, 0x74, 0x73, 0x29, 0x20, 0x61,
  0x6e, 0x64, 0x20, 0x61, 0x20, 0x73, 0x63, 0x72, 0x69, 0x70, 0x74, 0x65, 0x64, 0x20, 0x53, 0x53,
  0x45, 0x20, 0x66, 0x65, 0x65, 0x64, 0x20, 0x28, 0x74, 0x68, 0x65, 0x0a, 0x20, 0x2a, 0x20, 0x43,
  0x49, 0x2d, 0x73, 0x61, 0x66, 0x65, 0x20, 0x43, 0x4c, 0x49, 0x20, 0x6c, 0x65, 0x67, 0x3b, 0x20,
  0x74, 0x68, 0x65, 0x20, 0x6d, 0x32, 0x2d, 0x6c, 0x6c, 0x6d, 0x20, 0x73, 0x63, 0x65, 0x6e, 0x61,
  0x72, 0x69, 0x6f, 0x20, 0x6e, 0x65, 0x67, 0x6f, 0x74, 0x69, 0x61, 0x74, 0x65, 0x73, 0x20, 0x74,
  0x68, 0x65, 0x20, 0x6c, 0x65, 0x67, 0x20, 0x76, 0x69, 0x61, 0x20, 0x74, 0x68, 0x65, 0x0a, 0x20,
  0x2a, 0x20, 0x52, 0x75, 0x6e, 0x74, 0x69, 0x6d, 0x65, 0x44, 0x65, 0x73, 0x63, 0x72, 0x69, 0x70,
  0x74, 0x6f, 0x72, 0x2c, 0x20, 0x6e, 0x65, 0x76, 0x65, 0x72, 0x20, 0x76, 0x69, 0x61, 0x20, 0x61,
  0x20, 0x68, 0x6f, 0x73, 0x74, 0x54, 0x79, 0x70, 0x65, 0x20, 0x62, 0x72, 0x61, 0x6e, 0x63, 0x68,
  0x20, 0xe2, 0x80, 0x94, 0x20, 0x44, 0x35, 0x29, 0x2e, 0x0a, 0x20, 0x2a, 0x0a, 0x20, 0x2a, 0x20,
  0x57, 0x69, 0x72, 0x65, 0x3a, 0x20, 0x50, 0x4f, 0x53, 0x54, 0x20, 0x7b, 0x62, 0x61, 0x73, 0x65,
  0x55, 0x72, 0x6c, 0x7d, 0x2f, 0x63, 0x68, 0x61, 0x74, 0x2f, 0x63, 0x6f, 0x6d, 0x70, 0x6c, 0x65,
  0x74, 0x69, 0x6f, 0x6e, 0x73, 0x20, 0x77, 0x69, 0x74, 0x68, 0x20, 0x73, 0x74, 0x72, 0x65, 0x61,
  0x6d, 0x3a, 0x74, 0x72, 0x75, 0x65, 0x3b, 0x20, 0x74, 0x68, 0x65, 0x20, 0x72, 0x65, 0x70, 0x6c,
  0x79, 0x20, 0x69, 0x73, 0x20, 0x53, 0x53, 0x45, 0x20, 0xe2, 0x80, 0x94, 0x0a, 0x20, 0x2a, 0x20,
  0x60, 0x64, 0x61, 0x74, 0x61, 0x3a, 0x60, 0x20, 0x6c, 0x69, 0x6e, 0x65, 0x73, 0x2c, 0x20, 0x65,
  0x61, 0x63, 0x68, 0x20, 0x61, 0x20, 0x4a, 0x53, 0x4f, 0x4e, 0x20, 0x63, 0x68, 0x75, 0x6e, 0x6b,
  0x20, 0x77, 0x68, 0x6f, 0x73, 0x65, 0x20, 0x63, 0x68, 0x6f, 0x69, 0x63, 0x65, 0x73, 0x5b, 0x30,
  0x5d, 0x2e, 0x64, 0x65, 0x6c, 0x74, 0x61, 0x20, 0x63, 0x61, 0x72, 0x72, 0x69, 0x65, 0x73, 0x20,
  0x60, 0x63, 0x6f, 0x6e, 0x74, 0x65, 0x6e, 0x74, 0x60, 0x0a, 0x20, 0x2a, 0x20, 0x28, 0x61, 0x73,
  0x73, 0x69, 0x73, 0x74, 0x61, 0x6e, 0x74, 0x20, 0x74, 0x65, 0x78, 0x74, 0x29, 0x20, 0x61, 0x6e,
  0x64, 0x2f, 0x6f, 0x72, 0x20, 0x60, 0x72, 0x65, 0x61, 0x73, 0x6f, 0x6e, 0x69, 0x6e, 0x67, 0x5f,
  0x63, 0x6f, 0x6e, 0x74, 0x65, 0x6e, 0x74, 0x60, 0x20, 0x28, 0x74, 0x68, 0x69, 0x6e, 0x6b, 0x69,
  0x6e, 0x67, 0x20, 0x74, 0x72, 0x61, 0x63, 0x65, 0x3b, 0x20, 0x74, 0x68, 0x69, 0x73, 0x20, 0x62,
  0x61, 0x63, 0x6b, 0x65, 0x6e, 0x64, 0x0a, 0x20, 0x2a, 0x20, 0x65, 0x6d, 0x69, 0x74, 0x73, 0x20,
  0x72, 0x65, 0x61, 0x73, 0x6f, 0x6e, 0x69, 0x6e, 0x67, 0x20, 0x64, 0x65, 0x6c, 0x74, 0x61, 0x73,
  0x20, 0x42, 0x45, 0x46, 0x4f, 0x52, 0x45, 0x20, 0x63, 0x6f, 0x6e, 0x74, 0x65, 0x6e, 0x74, 0x20,
  0x64, 0x65, 0x6c, 0x74, 0x61, 0x73, 0x29, 0x2e, 0x20, 0x60, 0x64, 0x61, 0x74, 0x61, 0x3a, 0x20,
  0x5b, 0x44, 0x4f, 0x4e, 0x45, 0x5d, 0x60, 0x20, 0x6f, 0x72, 0x0a, 0x20, 0x2a, 0x20, 0x65, 0x6e,
  0x64, 0x2d, 0x6f, 0x66, 0x2d, 0x73, 0x74, 0x72, 0x65, 0x61, 0x6d, 0x20, 0x63, 0x6f, 0x6d, 0x70,
  0x6c, 0x65, 0x74, 0x65, 0x73, 0x20, 0x74, 0x68, 0x65, 0x20, 0x63, 0x61, 0x6c, 0x6c, 0x2e, 0x20,
  0x54, 0x68, 0x65, 0x20, 0x70, 0x61, 0x72, 0x73, 0x65, 0x72, 0x20, 0x69, 0x73, 0x20, 0x74, 0x6f,
  0x6c, 0x65, 0x72, 0x61, 0x6e, 0x74, 0x20, 0x74, 0x6f, 0x20, 0x70, 0x61, 0x72, 0x74, 0x69, 0x61,
  0x6c, 0x20, 0x6c, 0x69, 0x6e, 0x65, 0x73, 0x0a, 0x20, 0x2a, 0x20, 0x61, 0x6e, 0x64, 0x20, 0x61,
  0x72, 0x62, 0x69, 0x74, 0x72, 0x61, 0x72, 0x79, 0x20, 0x63, 0x68, 0x75, 0x6e, 0x6b, 0x20, 0x62,
  0x6f, 0x75, 0x6e, 0x64, 0x61, 0x72, 0x69, 0x65, 0x73, 0x3a, 0x20, 0x62, 0x79, 0x74, 0x65, 0x73,
  0x20, 0x61, 0x72, 0x65, 0x20, 0x69, 0x6e, 0x63, 0x72, 0x65, 0x6d, 0x65, 0x6e, 0x74, 0x61, 0x6c,
  0x6c, 0x79, 0x20, 0x55, 0x54, 0x46, 0x2d, 0x38, 0x20, 0x64, 0x65, 0x63, 0x6f, 0x64, 0x65, 0x64,
  0x20, 0x28, 0x74, 0x68, 0x65, 0x0a, 0x20, 0x2a, 0x20, 0x73, 0x70, 0x69, 0x6b, 0x65, 0x20, 0x68,
  0x6f, 0x73, 0x74, 0x20, 0x73, 0x68, 0x69, 0x70, 0x73, 0x20, 0x6e, 0x6f, 0x20, 0x54, 0x65, 0x78,
  0x74, 0x44, 0x65, 0x63, 0x6f, 0x64, 0x65, 0x72, 0x29, 0x20, 0x61, 0x6e, 0x64, 0x20, 0x66, 0x6f,
  0x6c, 0x64, 0x65, 0x64, 0x20, 0x6c, 0x69, 0x6e, 0x65, 0x20, 0x62, 0x79, 0x20, 0x6c, 0x69, 0x6e,
  0x65, 0x2e, 0x0a, 0x20, 0x2a, 0x0a, 0x20, 0x2a, 0x20, 0x45, 0x76, 0x65, 0x6e, 0x74, 0x73, 0x20,
  0x72, 0x69, 0x64, 0x65, 0x20, 0x74, 0x68, 0x65, 0x20, 0x60, 0x6f, 0x6e, 0x28, 0x6e, 0x61, 0x6d,
  0x65, 0x2c, 0x20, 0x66, 0x69, 0x65, 0x6c, 0x64, 0x73, 0x29, 0x60, 0x20, 0x63, 0x61, 0x6c, 0x6c,
  0x62, 0x61, 0x63, 0x6b, 0x20, 0x61, 0x73, 0x20, 0x61, 0x6e, 0x20, 0x65, 0x76, 0x65, 0x6e, 0x74,
  0x20, 0x73, 0x65, 0x71, 0x75, 0x65, 0x6e, 0x63, 0x65, 0x20, 0x28, 0x44, 0x38, 0x20, 0xe2, 0x80,
  0x94, 0x0a, 0x20, 0x2a, 0x20, 0x6e, 0x65, 0x76, 0x65, 0x72, 0x20, 0x61, 0x20, 0x62, 0x6c, 0x6f,
  0x63, 0x6b, 0x69, 0x6e, 0x67, 0x20, 0x77, 0x68, 0x6f, 0x6c, 0x65, 0x20, 0x72, 0x65, 0x73, 0x75,
  0x6c, 0x74, 0x29, 0x2c, 0x20, 0x69, 0x6e, 0x20, 0x74, 0x68, 0x65, 0x20, 0x6d, 0x32, 0x2d, 0x73,
  0x65, 0x73, 0x73, 0x69, 0x6f, 0x6e, 0x20, 0x76, 0x6f, 0x63, 0x61, 0x62, 0x75, 0x6c, 0x61, 0x72,
  0x79, 0x20, 0x73, 0x6f, 0x20, 0x64, 0x6f, 0x77, 0x6e, 0x73, 0x74, 0x72, 0x65, 0x61, 0x6d, 0x0a,
  0x20, 0x2a, 0x20, 0x63, 0x6f, 0x6e, 0x73, 0x75, 0x6d, 0x65, 0x72, 0x73, 0x20, 0x73, 0x74, 0x61,
  0x79, 0x20, 0x75, 0x6e, 0x63, 0x68, 0x61, 0x6e, 0x67, 0x65, 0x64, 0x3a, 0x20, 0x63, 0x6f, 0x6e,
  0x74, 0x65, 0x6e, 0x74, 0x20, 0x64, 0x65, 0x6c, 0x74, 0x61, 0x73, 0x20, 0x61, 0x72, 0x65, 0x20,
  0x60, 0x6c, 0x6c, 0x6d, 0x2e, 0x64, 0x65, 0x6c, 0x74, 0x61, 0x60, 0x20, 0x7b, 0x69, 0x6e, 0x64,
  0x65, 0x78, 0x2c, 0x20, 0x74, 0x65, 0x78, 0x74, 0x7d, 0x3b, 0x0a, 0x20, 0x2a, 0x20, 0x72, 0x65,
  0x61, 0x73, 0x6f, 0x6e, 0x69, 0x6e, 0x67, 0x20, 0x64, 0x65, 0x6c, 0x74, 0x61, 0x73, 0x20, 0x61,
  0x72, 0x65, 0x20, 0x60, 0x6c, 0x6c, 0x6d, 0x2e, 0x72, 0x65, 0x61, 0x73, 0x6f, 0x6e, 0x69, 0x6e,
  0x67, 0x2e, 0x64, 0x65, 0x6c, 0x74, 0x61, 0x60, 0x20, 0x7b, 0x69, 0x6e, 0x64, 0x65, 0x78, 0x2c,
  0x20, 0x74, 0x65, 0x78, 0x74, 0x7d, 0x20, 0x28, 0x73, 0x61, 0x6d, 0x65, 0x20, 0x73, 0x68, 0x61,
  0x70, 0x65, 0x2c, 0x0a, 0x20, 0x2a, 0x20, 0x73, 0x65, 0x70, 0x61, 0x72, 0x61, 0x74, 0x65, 0x20,
  0x73, 0x74, 0x72, 0x65, 0x61, 0x6d, 0x20, 0xe2, 0x80, 0x94, 0x20, 0x74, 0x68, 0x65, 0x20, 0x74,
  0x77, 0x6f, 0x20, 0x69, 0x6e, 0x64, 0x65, 0x78, 0x20, 0x73, 0x70, 0x61, 0x63, 0x65, 0x73, 0x20,
  0x61, 0x72, 0x65, 0x20, 0x69, 0x6e, 0x64, 0x65, 0x70, 0x65, 0x6e, 0x64, 0x65, 0x6e, 0x74, 0x20,
  0x70, 0x65, 0x72, 0x2d, 0x74, 0x75, 0x72, 0x6e, 0x20, 0x63, 0x6f, 0x75, 0x6e, 0x74, 0x65, 0x72,
  0x73, 0x29, 0x2e, 0x0a, 0x20, 0x2a, 0x20, 0x60, 0x6f, 0x70, 0x65, 0x6e, 0x60, 0x20, 0x7b, 0x73,
  0x74, 0x61, 0x74, 0x75, 0x73, 0x2c, 0x20, 0x61, 0x62, 0x6f, 0x72, 0x74, 0x7d, 0x20, 0x66, 0x69,
  0x72, 0x65, 0x73, 0x20, 0x61, 0x74, 0x20, 0x72, 0x65, 0x73, 0x70, 0x6f, 0x6e, 0x73, 0x65, 0x20,
  0x68, 0x65, 0x61, 0x64, 0x65, 0x72, 0x73, 0x20, 0x28, 0x61, 0x62, 0x6f, 0x72, 0x74, 0x28, 0x29,
  0x20, 0x63, 0x61, 0x6e, 0x63, 0x65, 0x6c, 0x73, 0x20, 0x74, 0x68, 0x65, 0x0a, 0x20, 0x2a, 0x20,
  0x73, 0x74, 0x72, 0x65, 0x61, 0x6d, 0x29, 0x3b, 0x20, 0x60, 0x64, 0x6f, 0x6e, 0x65, 0x60, 0x20,
  0x7b, 0x64, 0x65, 0x6c, 0x74, 0x61, 0x73, 0x2c, 0x20, 0x72, 0x65, 0x61, 0x73, 0x6f, 0x6e, 0x69,
  0x6e, 0x67, 0x44, 0x65, 0x6c, 0x74, 0x61, 0x73, 0x2c, 0x20, 0x63, 0x68, 0x61, 0x72, 0x73, 0x2c,
  0x20, 0x66, 0x69, 0x6e, 0x69, 0x73, 0x68, 0x52, 0x65, 0x61, 0x73, 0x6f, 0x6e, 0x2c, 0x20, 0x73,
  0x65, 0x72, 0x76, 0x65, 0x64, 0x7d, 0x0a, 0x20, 0x2a, 0x20, 0x66, 0x69, 0x72, 0x65, 0x73, 0x20,
  0x6f, 0x6e, 0x63, 0x65, 0x20, 0x61, 0x74, 0x20, 0x74, 0x68, 0x65, 0x20, 0x65, 0x6e, 0x64, 0x2e,
  0x20, 0x73, 0x74, 0x72, 0x65, 0x61, 0x6d, 0x43, 0x68, 0x61, 0x74, 0x20, 0x72, 0x65, 0x73, 0x6f,
  0x6c, 0x76, 0x65, 0x73, 0x20, 0x77, 0x69, 0x74, 0x68, 0x20, 0x74, 0x68, 0x65, 0x20, 0x61, 0x67,
  0x67, 0x72, 0x65, 0x67, 0x61, 0x74, 0x65, 0x64, 0x20, 0x61, 0x73, 0x73, 0x69, 0x73, 0x74, 0x61,
  0x6e, 0x74, 0x0a, 0x20, 0x2a, 0x20, 0x74, 0x65, 0x78, 0x74, 0x20, 0x28, 0x63, 0x6f, 0x6e, 0x74,
  0x65, 0x6e, 0x74, 0x20, 0x64, 0x65, 0x6c, 0x74, 0x61, 0x73, 0x20, 0x6f, 0x6e, 0x6c, 0x79, 0x29,
  0x20, 0x61, 0x6e, 0x64, 0x20, 0x74, 0x68, 0x65, 0x20, 0x73, 0x74, 0x72, 0x65, 0x61, 0x6d, 0x20,
  0x66, 0x61, 0x63, 0x74, 0x73, 0x2e, 0x0a, 0x20, 0x2a, 0x0a, 0x20, 0x2a, 0x20, 0x54, 0x68, 0x65,
  0x20, 0x41, 0x50, 0x49, 0x20, 0x6b, 0x65, 0x79, 0x20, 0x4e, 0x45, 0x56, 0x45, 0x52, 0x20, 0x65,
  0x6e, 0x74, 0x65, 0x72, 0x73, 0x20, 0x61, 0x20, 0x6c, 0x6f, 0x67, 0x20, 0x6c, 0x69, 0x6e, 0x65,
  0x3a, 0x20, 0x6c, 0x6f, 0x67, 0x20, 0x63, 0x61, 0x6c, 0x6c, 0x73, 0x20, 0x63, 0x61, 0x72, 0x72,
  0x79, 0x20, 0x6f, 0x6e, 0x6c, 0x79, 0x20, 0x74, 0x68, 0x65, 0x20, 0x55, 0x52, 0x4c, 0x2c, 0x20,
  0x62, 0x79, 0x74, 0x65, 0x0a, 0x20, 0x2a, 0x20, 0x63, 0x6f, 0x75, 0x6e, 0x74, 0x73, 0x2c, 0x20,
  0x61, 0x6e, 0x64, 0x20, 0x6d, 0x6f, 0x64, 0x65, 0x6c, 0x20, 0x6e, 0x61, 0x6d, 0x65, 0x73, 0x20,
  0xe2, 0x80, 0x94, 0x20, 0x68, 0x65, 0x61, 0x64, 0x65, 0x72, 0x73, 0x20, 0x61, 0x6e, 0x64, 0x20,
  0x62, 0x6f, 0x64, 0x69, 0x65, 0x73, 0x20, 0x61, 0x72, 0x65, 0x20, 0x6e, 0x65, 0x76, 0x65, 0x72,
  0x20, 0x6c, 0x6f, 0x67, 0x67, 0x65, 0x64, 0x2e, 0x20, 0x54, 0x68, 0x65, 0x0a, 0x20, 0x2a, 0x20,
  0x6d, 0x32, 0x2d, 0x6c, 0x6c, 0x6d, 0x20, 0x73, 0x63, 0x65, 0x6e, 0x61, 0x72, 0x69, 0x6f, 0x20,
  0x61, 0x64, 0x64, 0x69, 0x74, 0x69, 0x6f, 0x6e, 0x61, 0x6c, 0x6c, 0x79, 0x20, 0x61, 0x75, 0x64,
  0x69, 0x74, 0x73, 0x20, 0x65, 0x76, 0x65, 0x72, 0x79, 0x20, 0x6c, 0x6f, 0x67, 0x2d, 0x73, 0x69,
  0x6e, 0x6b, 0x20, 0x6c, 0x69, 0x6e, 0x65, 0x20, 0x66, 0x6f, 0x72, 0x20, 0x74, 0x68, 0x65, 0x20,
  0x6b, 0x65, 0x79, 0x0a, 0x20, 0x2a, 0x20, 0x73, 0x74, 0x72, 0x69, 0x6e, 0x67, 0x20, 0x61, 0x6e,
  0x64, 0x20, 0x66, 0x61, 0x69, 0x6c, 0x73, 0x20, 0x6c, 0x6f, 0x75, 0x64, 0x20, 0x6f, 0x6e, 0x20,
  0x61, 0x20, 0x6c, 0x65, 0x61, 0x6b, 0x20, 0x28, 0x72, 0x75, 0x6c, 0x65, 0x20, 0x35, 0x29, 0x2e,
  0x0a, 0x20, 0x2a, 0x2f, 0x0a, 0x69, 0x6d, 0x70, 0x6f, 0x72, 0x74, 0x20, 0x7b, 0x20, 0x63, 0x72,
  0x65, 0x61, 0x74, 0x65, 0x4c, 0x6f, 0x67, 0x67, 0x65, 0x72, 0x20, 0x7d, 0x20, 0x66, 0x72, 0x6f,
  0x6d, 0x20, 0x27, 0x6c, 0x6f, 0x67, 0x67, 0x65, 0x72, 0x2e, 0x6a, 0x73, 0x27, 0x3b, 0x0a, 0x0a,
  0x63, 0x6f, 0x6e, 0x73, 0x74, 0x20, 0x6c, 0x6f, 0x67, 0x20, 0x3d, 0x20, 0x63, 0x72, 0x65, 0x61,
  0x74, 0x65, 0x4c, 0x6f, 0x67, 0x67, 0x65, 0x72, 0x28, 0x27, 0x64, 0x73, 0x68, 0x2e, 0x6c, 0x6c,
  0x6d, 0x27, 0x29, 0x3b, 0x0a, 0x0a, 0x2f, 0x2a, 0x2a, 0x20, 0x53, 0x74, 0x72, 0x75, 0x63, 0x74,
  0x75, 0x72, 0x65, 0x64, 0x20, 0x4c, 0x4c, 0x4d, 0x2d, 0x63, 0x6c, 0x69, 0x65, 0x6e, 0x74, 0x20,
  0x66, 0x61, 0x69, 0x6c, 0x75, 0x72, 0x65, 0x20, 0x28, 0x63, 0x6f, 0x6e, 0x74, 0x72, 0x61, 0x63,
  0x74, 0x2d, 0x73, 0x74, 0x79, 0x6c, 0x65, 0x20, 0x63, 0x6f, 0x64, 0x65, 0x20, 0x2b, 0x20, 0x6d,
  0x65, 0x73, 0x73, 0x61, 0x67, 0x65, 0x29, 0x2e, 0x20, 0x2a, 0x2f, 0x0a, 0x65, 0x78, 0x70, 0x6f,
  0x72, 0x74, 0x20, 0x63, 0x6c, 0x61, 0x73, 0x73, 0x20, 0x4c, 0x6c, 0x6d, 0x45, 0x72, 0x72, 0x6f,
  0x72, 0x20, 0x65, 0x78, 0x74, 0x65, 0x6e, 0x64, 0x73, 0x20, 0x45, 0x72, 0x72, 0x6f, 0x72, 0x20,
  0x7b, 0x0a, 0x20, 0x20, 0x63, 0x6f, 0x6e, 0x73, 0x74, 0x72, 0x75, 0x63, 0x74, 0x6f, 0x72, 0x28,
  0x63, 0x6f, 0x64, 0x65, 0x2c, 0x20, 0x6d, 0x65, 0x73, 0x73, 0x61, 0x67, 0x65, 0x29, 0x20, 0x7b,
  0x0a, 0x20, 0x20, 0x20, 0x20, 0x73, 0x75, 0x70, 0x65, 0x72, 0x28, 0x6d, 0x65, 0x73, 0x73, 0x61,
  0x67, 0x65, 0x29, 0x3b, 0x0a, 0x20, 0x20, 0x20, 0x20, 0x74, 0x68, 0x69, 0x73, 0x2e, 0x6e, 0x61,
  0x6d, 0x65, 0x20, 0x3d, 0x20, 0x27, 0x4c, 0x6c, 0x6d, 0x45, 0x72, 0x72, 0x6f, 0x72, 0x27, 0x3b,
  0x0a, 0x20, 0x20, 0x20, 0x20, 0x74, 0x68, 0x69, 0x73, 0x2e, 0x63, 0x6f, 0x64, 0x65, 0x20, 0x3d,
  0x20, 0x63, 0x6f, 0x64, 0x65, 0x3b, 0x0a, 0x20, 0x20, 0x20, 0x20, 0x6c, 0x6f, 0x67, 0x2e, 0x64,
  0x65, 0x62, 0x75, 0x67, 0x28, 0x27, 0x6c, 0x6c, 0x6d, 0x20, 0x65, 0x72, 0x72, 0x6f, 0x72, 0x27,
  0x2c, 0x20, 0x7b, 0x20, 0x63, 0x6f, 0x64, 0x65, 0x20, 0x7d, 0x29, 0x3b, 0x0a, 0x20, 0x20, 0x7d,
  0x0a, 0x7d, 0x0a, 0x0a, 0x2f, 0x2f, 0x20, 0x2d, 0x2d, 0x2d, 0x2d, 0x20, 0x55, 0x54, 0x46, 0x2d,
  0x38, 0x20, 0x28, 0x74, 0x68, 0x65, 0x20, 0x73, 0x70, 0x69, 0x6b, 0x65, 0x20, 0x68, 0x6f, 0x73,
  0x74, 0x20, 0x73, 0x68, 0x69, 0x70, 0x73, 0x20, 0x6e, 0x6f, 0x20, 0x54, 0x65, 0x78, 0x74, 0x45,
  0x6e, 0x63, 0x6f, 0x64, 0x65, 0x72, 0x2f, 0x54, 0x65, 0x78, 0x74, 0x44, 0x65, 0x63, 0x6f, 0x64,
  0x65, 0x72, 0x29, 0x20, 0x2d, 0x2d, 0x2d, 0x2d, 0x2d, 0x2d, 0x2d, 0x2d, 0x2d, 0x2d, 0x2d, 0x2d,
  0x2d, 0x2d, 0x2d, 0x0a, 0x0a, 0x2f, 0x2a, 0x2a, 0x20, 0x45, 0x6e, 0x63, 0x6f, 0x64, 0x65, 0x73,
  0x20, 0x61, 0x20, 0x4a, 0x53, 0x20, 0x73, 0x74, 0x72, 0x69, 0x6e, 0x67, 0x20, 0x74, 0x6f, 0x20,
  0x55, 0x54, 0x46, 0x2d, 0x38, 0x20, 0x62, 0x79, 0x74, 0x65, 0x73, 0x20, 0x28, 0x63, 0x6f, 0x64,
  0x65, 0x20, 0x70, 0x6f, 0x69, 0x6e, 0x74, 0x73, 0x20, 0x62, 0x65, 0x79, 0x6f, 0x6e, 0x64, 0x20,
  0x74, 0x68, 0x65, 0x20, 0x42, 0x4d, 0x50, 0x20, 0x72, 0x69, 0x64, 0x65, 0x20, 0x74, 0x68, 0x65,
  0x0a, 0x20, 0x2a, 0x20, 0x34, 0x2d, 0x62, 0x79, 0x74, 0x65, 0x20, 0x66, 0x6f, 0x72, 0x6d, 0x20,
  0x76, 0x69, 0x61, 0x20, 0x74, 0x68, 0x65, 0x69, 0x72, 0x20, 0x73, 0x75, 0x72, 0x72, 0x6f, 0x67,
  0x61, 0x74, 0x65, 0x20, 0x70, 0x61, 0x69, 0x72, 0x20, 0xe2, 0x80, 0x94, 0x20, 0x60, 0x66, 0x6f,
  0x72, 0xe2, 0x80, 0xa6, 0x6f, 0x66, 0x60, 0x20, 0x69, 0x74, 0x65, 0x72, 0x61, 0x74, 0x65, 0x73,
  0x20, 0x63, 0x6f, 0x64, 0x65, 0x20, 0x70, 0x6f, 0x69, 0x6e, 0x74, 0x73, 0x29, 0x2e, 0x20, 0x2a,
  0x2f, 0x0a, 0x65, 0x78, 0x70, 0x6f, 0x72, 0x74, 0x20, 0x63, 0x6f, 0x6e, 0x73, 0x74, 0x20, 0x75,
  0x74, 0x66, 0x38, 0x45, 0x6e, 0x63, 0x6f, 0x64, 0x65, 0x20, 0x3d, 0x20, 0x28, 0x74, 0x65, 0x78,
  0x74, 0x29, 0x20, 0x3d, 0x3e, 0x20, 0x7b, 0x0a, 0x20, 0x20, 0x6c, 0x6f, 0x67, 0x2e, 0x64, 0x65,
  0x62, 0x75, 0x67, 0x28, 0x27, 0x75, 0x74, 0x66, 0x38, 0x20, 0x65, 0x6e, 0x63, 0x6f, 0x64, 0x65,
  0x27, 0x2c, 0x20, 0x7b, 0x20, 0x63, 0x68, 0x61, 0x72, 0x73, 0x3a, 0x20, 0x74, 0x65, 0x78, 0x74,
  0x2e, 0x6c, 0x65, 0x6e, 0x67, 0x74, 0x68, 0x20, 0x7d, 0x29, 0x3b, 0x0a, 0x20, 0x20, 0x63, 0x6f,
  0x6e, 0x73, 0x74, 0x20, 0x6f, 0x75, 0x74, 0x20, 0x3d, 0x20, 0x5b, 0x5d, 0x3b, 0x0a, 0x20, 0x20,
  0x66, 0x6f, 0x72, 0x20, 0x28, 0x63, 0x6f, 0x6e, 0x73, 0x74, 0x20, 0x63, 0x68, 0x20, 0x6f, 0x66,
  0x20, 0x53, 0x74, 0x72, 0x69, 0x6e, 0x67, 0x28, 0x74, 0x65, 0x78, 0x74, 0x29, 0x29, 0x20, 0x7b,
  0x0a, 0x20, 0x20, 0x20, 0x20, 0x63, 0x6f, 0x6e, 0x73, 0x74, 0x20, 0x63, 0x70, 0x20, 0x3d, 0x20,
  0x63, 0x68, 0x2e, 0x63, 0x6f, 0x64, 0x65, 0x50, 0x6f, 0x69, 0x6e, 0x74, 0x41, 0x74, 0x28, 0x30,
  0x29, 0x3b, 0x0a, 0x20, 0x20, 0x20, 0x20, 0x69, 0x66, 0x20, 0x28, 0x63, 0x70, 0x20, 0x3c, 0x20,
  0x30, 0x78, 0x38, 0x30, 0x29, 0x20, 0x6f, 0x75, 0x74, 0x2e, 0x70, 0x75, 0x73, 0x68, 0x28, 0x63,
  0x70, 0x29, 0x3b, 0x0a, 0x20, 0x20, 0x20, 0x20, 0x65, 0x6c, 0x73, 0x65, 0x20, 0x69, 0x66, 0x20,
  0x28, 0x63, 0x70, 0x20, 0x3c, 0x20, 0x30, 0x78, 0x38, 0x30, 0x30, 0x29, 0x20, 0x6f, 0x75, 0x74,
  0x2e, 0x70, 0x75, 0x73, 0x68, 0x28, 0x30, 0x78, 0x63, 0x30, 0x20, 0x7c, 0x20, 0x28, 0x63, 0x70,
  0x20, 0x3e, 0x3e, 0x20, 0x36, 0x29, 0x2c, 0x20, 0x30, 0x78, 0x38, 0x30, 0x20, 0x7c, 0x20, 0x28,
  0x63, 0x70, 0x20, 0x26, 0x20, 0x36, 0x33, 0x29, 0x29, 0x3b, 0x0a, 0x20, 0x20, 0x20, 0x20, 0x65,
  0x6c, 0x73, 0x65, 0x20, 0x69, 0x66, 0x20, 0x28, 0x63, 0x70, 0x20, 0x3c, 0x20, 0x30, 0x78, 0x31,
  0x30, 0x30, 0x30, 0x30, 0x29, 0x20, 0x7b, 0x0a, 0x20, 0x20, 0x20, 0x20, 0x20, 0x20, 0x6f, 0x75,
  0x74, 0x2e, 0x70, 0x75, 0x73, 0x68, 0x28, 0x30, 0x78, 0x65, 0x30, 0x20, 0x7c, 0x20, 0x28, 0x63,
  0x70, 0x20, 0x3e, 0x3e, 0x20, 0x31, 0x32, 0x29, 0x2c, 0x20, 0x30, 0x78, 0x38, 0x30, 0x20, 0x7c,
  0x20, 0x28, 0x28, 0x63, 0x70, 0x20, 0x3e, 0x3e, 0x20, 0x36, 0x29, 0x20, 0x26, 0x20, 0x36, 0x33,
  0x29, 0x2c, 0x20, 0x30, 0x78, 0x38, 0x30, 0x20, 0x7c, 0x20, 0x28, 0x63, 0x70, 0x20, 0x26, 0x20,
  0x36, 0x33, 0x29, 0x29, 0x3b, 0x0a, 0x20, 0x20, 0x20, 0x20, 0x7d, 0x20, 0x65, 0x6c, 0x73, 0x65,
  0x20, 0x7b, 0x0a, 0x20, 0x20, 0x20, 0x20, 0x20, 0x20, 0x6f, 0x75, 0x74, 0x2e, 0x70, 0x75, 0x73,
  0x68, 0x28, 0x30, 0x78, 0x66, 0x30, 0x20, 0x7c, 0x20, 0x28, 0x63, 0x70, 0x20, 0x3e, 0x3e, 0x20,
  0x31, 0x38, 0x29, 0x2c, 0x20, 0x30, 0x78, 0x38, 0x30, 0x20, 0x7c, 0x20, 0x28, 0x28, 0x63, 0x70,
  0x20, 0x3e, 0x3e, 0x20, 0x31, 0x32, 0x29, 0x20, 0x26, 0x20, 0x36, 0x33, 0x29, 0x2c, 0x0a, 0x20,
  0x20, 0x20, 0x20, 0x20, 0x20, 0x20, 0x20, 0x30, 0x78, 0x38, 0x30, 0x20, 0x7c, 0x20, 0x28, 0x28,
  0x63, 0x70, 0x20, 0x3e, 0x3e, 0x20, 0x36, 0x29, 0x20, 0x26, 0x20, 0x36, 0x33, 0x29, 0x2c, 0x20,
  0x30, 0x78, 0x38, 0x30, 0x20, 0x7c, 0x20, 0x28, 0x63, 0x70, 0x20, 0x26, 0x20, 0x36, 0x33, 0x29,
  0x29, 0x3b, 0x0a, 0x20, 0x20, 0x20, 0x20, 0x7d, 0x0a, 0x20, 0x20, 0x7d, 0x0a, 0x20, 0x20, 0x72,
  0x65, 0x74, 0x75, 0x72, 0x6e, 0x20, 0x55, 0x69, 0x6e, 0x74, 0x38, 0x41, 0x72, 0x72, 0x61, 0x79,
  0x2e, 0x66, 0x72, 0x6f, 0x6d, 0x28, 0x6f, 0x75, 0x74, 0x29, 0x3b, 0x0a, 0x7d, 0x3b, 0x0a, 0x0a,
  0x2f, 0x2a, 0x2a, 0x20, 0x49, 0x6e, 0x63, 0x72, 0x65, 0x6d, 0x65, 0x6e, 0x74, 0x61, 0x6c, 0x20,
  0x55, 0x54, 0x46, 0x2d, 0x38, 0x20, 0x64, 0x65, 0x63, 0x6f, 0x64, 0x65, 0x72, 0x3a, 0x20, 0x60,
  0x66, 0x65, 0x65, 0x64, 0x28, 0x62, 0x79, 0x74, 0x65, 0x73, 0x29, 0x60, 0x20, 0x72, 0x65, 0x74,
  0x75, 0x72, 0x6e, 0x73, 0x20, 0x74, 0x68, 0x65, 0x20, 0x74, 0x65, 0x78, 0x74, 0x20, 0x74, 0x68,
  0x6f, 0x73, 0x65, 0x20, 0x62, 0x79, 0x74, 0x65, 0x73, 0x0a, 0x20, 0x2a, 0x20, 0x64, 0x65, 0x63,
  0x6f, 0x64, 0x65, 0x20, 0x74, 0x6f, 0x2c, 0x20, 0x68, 0x6f, 0x6c, 0x64, 0x69, 0x6e, 0x67, 0x20,
  0x61, 0x6e, 0x20, 0x69, 0x6e, 0x63, 0x6f, 0x6d, 0x70, 0x6c, 0x65, 0x74, 0x65, 0x20, 0x74, 0x72,
  0x61, 0x69, 0x6c, 0x69, 0x6e, 0x67, 0x20, 0x73, 0x65, 0x71, 0x75, 0x65, 0x6e, 0x63, 0x65, 0x20,
  0x66, 0x6f, 0x72, 0x20, 0x74, 0x68, 0x65, 0x20, 0x6e, 0x65, 0x78, 0x74, 0x20, 0x66, 0x65, 0x65,
  0x64, 0x3b, 0x0a, 0x20, 0x2a, 0x20, 0x60, 0x65, 0x6e, 0x64, 0x28, 0x29, 0x60, 0x20, 0x66, 0x6c,
  0x75, 0x73, 0x68, 0x65, 0x73, 0x20, 0x61, 0x20, 0x64, 0x61, 0x6e, 0x67, 0x6c, 0x69, 0x6e, 0x67,
  0x20, 0x73, 0x65, 0x71, 0x75, 0x65, 0x6e, 0x63, 0x65, 0x20, 0x61, 0x73, 0x20, 0x55, 0x2b, 0x46,
  0x46, 0x46, 0x44, 0x2e, 0x20, 0x4d, 0x61, 0x6c, 0x66, 0x6f, 0x72, 0x6d, 0x65, 0x64, 0x20, 0x62,
  0x79, 0x74, 0x65, 0x73, 0x20, 0x64, 0x65, 0x63, 0x6f, 0x64, 0x65, 0x20, 0x74, 0x6f, 0x0a, 0x20,
  0x2a, 0x20, 0x55, 0x2b, 0x46, 0x46, 0x46, 0x44, 0x20, 0xe2, 0x80, 0x94, 0x20, 0x74, 0x68, 0x65,
  0x20, 0x64, 0x65, 0x63, 0x6f, 0x64, 0x65, 0x72, 0x20, 0x6e, 0x65, 0x76, 0x65, 0x72, 0x20, 0x74,
  0x68, 0x72, 0x6f, 0x77, 0x73, 0x2c, 0x20, 0x77, 0x68, 0x61, 0x74, 0x65, 0x76, 0x65, 0x72, 0x20,
  0x74, 0x68, 0x65, 0x20, 0x77, 0x69, 0x72, 0x65, 0x20, 0x73, 0x65, 0x6e, 0x64, 0x73, 0x2e, 0x20,
  0x2a, 0x2f, 0x0a, 0x63, 0x6f, 0x6e, 0x73, 0x74, 0x20, 0x6d, 0x61, 0x6b, 0x65, 0x55, 0x74, 0x66,
  0x38, 0x20, 0x3d, 0x20, 0x28, 0x29, 0x20, 0x3d, 0x3e, 0x20, 0x7b, 0x0a, 0x20, 0x20, 0x6c, 0x6f,
  0x67, 0x2e, 0x64, 0x65, 0x62, 0x75, 0x67, 0x28, 0x27, 0x75, 0x74, 0x66, 0x38, 0x20, 0x64, 0x65,
  0x63, 0x6f, 0x64, 0x65, 0x72, 0x20, 0x63, 0x72, 0x65, 0x61, 0x74, 0x65, 0x64, 0x27, 0x29, 0x3b,
  0x0a, 0x20, 0x20, 0x6c, 0x65, 0x74, 0x20, 0x70, 0x65, 0x6e, 0x64, 0x69, 0x6e, 0x67, 0x20, 0x3d,
  0x20, 0x6e, 0x75, 0x6c, 0x6c, 0x3b, 0x20, 0x2f, 0x2f, 0x20, 0x7b, 0x20, 0x6c, 0x65, 0x66, 0x74,
  0x2c, 0x20, 0x63, 0x70, 0x20, 0x7d, 0x20, 0xe2, 0x80, 0x94, 0x20, 0x63, 0x6f, 0x6e, 0x74, 0x69,
  0x6e, 0x75, 0x61, 0x74, 0x69, 0x6f, 0x6e, 0x20, 0x73, 0x74, 0x61, 0x74, 0x65, 0x20, 0x6f, 0x66,
  0x20, 0x61, 0x20, 0x6d, 0x75, 0x6c, 0x74, 0x69, 0x2d, 0x62, 0x79, 0x74, 0x65, 0x20, 0x73, 0x65,
  0x71, 0x75, 0x65, 0x6e, 0x63, 0x65, 0x0a, 0x20, 0x20, 0x63, 0x6f, 0x6e, 0x73, 0x74, 0x20, 0x66,
  0x65, 0x65, 0x64, 0x20, 0x3d, 0x20, 0x28, 0x62, 0x79, 0x74, 0x65, 0x73, 0x29, 0x20, 0x3d, 0x3e,
  0x20, 0x7b, 0x0a, 0x20, 0x20, 0x20, 0x20, 0x6c, 0x6f, 0x67, 0x2e, 0x64, 0x65, 0x62, 0x75, 0x67,
  0x28, 0x27, 0x75, 0x74, 0x66, 0x38, 0x20, 0x66, 0x65, 0x65, 0x64, 0x27, 0x2c, 0x20, 0x7b, 0x20,
  0x62, 0x79, 0x74, 0x65, 0x73, 0x3a, 0x20, 0x62, 0x79, 0x74, 0x65, 0x73, 0x2e, 0x6c, 0x65, 0x6e,
  0x67, 0x74, 0x68, 0x20, 0x7d, 0x29, 0x3b, 0x0a, 0x20, 0x20, 0x20, 0x20, 0x6c, 0x65, 0x74, 0x20,
  0x74, 0x65, 0x78, 0x74, 0x20, 0x3d, 0x20, 0x27, 0x27, 0x3b, 0x0a, 0x20, 0x20, 0x20, 0x20, 0x66,
  0x6f, 0x72, 0x20, 0x28, 0x6c, 0x65, 0x74, 0x20, 0x69, 0x20, 0x3d, 0x20, 0x30, 0x3b, 0x20, 0x69,
  0x20, 0x3c, 0x20, 0x62, 0x79, 0x74, 0x65, 0x73, 0x2e, 0x6c, 0x65, 0x6e, 0x67, 0x74, 0x68, 0x3b,
  0x20, 0x69, 0x2b, 0x2b, 0x29, 0x20, 0x7b, 0x0a, 0x20, 0x20, 0x20, 0x20, 0x20, 0x20, 0x63, 0x6f,
  0x6e, 0x73, 0x74, 0x20, 0x62, 0x20, 0x3d, 0x20, 0x62, 0x79, 0x74, 0x65, 0x73, 0x5b, 0x69, 0x5d,
  0x3b, 0x0a, 0x20, 0x20, 0x20, 0x20, 0x20, 0x20, 0x69, 0x66, 0x20, 0x28, 0x21, 0x70, 0x65, 0x6e,
  0x64, 0x69, 0x6e, 0x67, 0x29, 0x20, 0x7b, 0x0a, 0x20, 0x20, 0x20, 0x20, 0x20, 0x20, 0x20, 0x20,
  0x63, 0x6f, 0x6e, 0x73, 0x74, 0x20, 0x6e, 0x65, 0x65, 0x64, 0x20, 0x3d, 0x20, 0x62, 0x20, 0x3c,
  0x20, 0x30, 0x78, 0x38, 0x30, 0x20, 0x3f, 0x20, 0x31, 0x20, 0x3a, 0x20, 0x62, 0x20, 0x3e, 0x3d,
  0x20, 0x30, 0x78, 0x63, 0x32, 0x20, 0x26, 0x26, 0x20, 0x62, 0x20, 0x3c, 0x3d, 0x20, 0x30, 0x78,
  0x64, 0x66, 0x20, 0x3f, 0x20, 0x32, 0x0a, 0x20, 0x20, 0x20, 0x20, 0x20, 0x20, 0x20, 0x20, 0x20,
  0x20, 0x3a, 0x20, 0x62, 0x20, 0x3e, 0x3d, 0x20, 0x30, 0x78, 0x65, 0x30, 0x20, 0x26, 0x26, 0x20,
  0x62, 0x20, 0x3c, 0x3d, 0x20, 0x30, 0x78, 0x65, 0x66, 0x20, 0x3f, 0x20, 0x33, 0x20, 0x3a, 0x20,
  0x62, 0x20, 0x3e, 0x3d, 0x20, 0x30, 0x78, 0x66, 0x30, 0x20, 0x26, 0x26, 0x20, 0x62, 0x20, 0x3c,
  0x3d, 0x20, 0x30, 0x78, 0x66, 0x34, 0x20, 0x3f, 0x20, 0x34, 0x20, 0x3a, 0x20, 0x30, 0x3b, 0x0a,
  0x20, 0x20, 0x20, 0x20, 0x20, 0x20, 0x20, 0x20, 0x69, 0x66, 0x20, 0x28, 0x6e, 0x65, 0x65, 0x64,
  0x20, 0x3d, 0x3d, 0x3d, 0x20, 0x30, 0x29, 0x20, 0x7b, 0x20, 0x74, 0x65, 0x78, 0x74, 0x20, 0x2b,
  0x3d, 0x20, 0x27, 0x5c, 0x75, 0x46, 0x46, 0x46, 0x44, 0x27, 0x3b, 0x20, 0x63, 0x6f, 0x6e, 0x74,
  0x69, 0x6e, 0x75, 0x65, 0x3b, 0x20, 0x7d, 0x20, 0x2f, 0x2f, 0x20, 0x73, 0x74, 0x72, 0x61, 0x79,
  0x20, 0x63, 0x6f, 0x6e, 0x74, 0x69, 0x6e, 0x75, 0x61, 0x74, 0x69, 0x6f, 0x6e, 0x20, 0x2f, 0x20,
  0x69, 0x6e, 0x76, 0x61, 0x6c, 0x69, 0x64, 0x20, 0x6c, 0x65, 0x61, 0x64, 0x0a, 0x20, 0x20, 0x20,
  0x20, 0x20, 0x20, 0x20, 0x20, 0x69, 0x66, 0x20, 0x28, 0x6e, 0x65, 0x65, 0x64, 0x20, 0x3d, 0x3d,
  0x3d, 0x20, 0x31, 0x29, 0x20, 0x7b, 0x20, 0x74, 0x65, 0x78, 0x74, 0x20, 0x2b, 0x3d, 0x20, 0x53,
  0x74, 0x72, 0x69, 0x6e, 0x67, 0x2e, 0x66, 0x72, 0x6f, 0x6d, 0x43, 0x68, 0x61, 0x72, 0x43, 0x6f,
  0x64, 0x65, 0x28, 0x62, 0x29, 0x3b, 0x20, 0x63, 0x6f, 0x6e, 0x74, 0x69, 0x6e, 0x75, 0x65, 0x3b,
  0x20, 0x7d, 0x0a, 0x20, 0x20, 0x20, 0x20, 0x20, 0x20, 0x20, 0x20, 0x70, 0x65, 0x6e, 0x64, 0x69,
  0x6e, 0x67, 0x20, 0x3d, 0x20, 0x7b, 0x20, 0x6c, 0x65, 0x66, 0x74, 0x3a, 0x20, 0x6e, 0x65, 0x65,
  0x64, 0x20, 0x2d, 0x20, 0x31, 0x2c, 0x20, 0x63, 0x70, 0x3a, 0x20, 0x62, 0x20, 0x26, 0x20, 0x28,
  0x30, 0x78, 0x66, 0x66, 0x20, 0x3e, 0x3e, 0x20, 0x28, 0x6e, 0x65, 0x65, 0x64, 0x20, 0x2b, 0x20,
  0x31, 0x29, 0x29, 0x20, 0x7d, 0x3b, 0x0a, 0x20, 0x20, 0x20, 0x20, 0x20, 0x20, 0x20, 0x20, 0x63,
  0x6f, 0x6e, 0x74, 0x69, 0x6e, 0x75, 0x65, 0x3b, 0x0a, 0x20, 0x20, 0x20, 0x20, 0x20, 0x20, 0x7d,
  0x0a, 0x20, 0x20, 0x20, 0x20, 0x20, 0x20, 0x69, 0x66, 0x20, 0x28, 0x28, 0x62, 0x20, 0x26, 0x20,
  0x30, 0x78, 0x63, 0x30, 0x29, 0x20, 0x21, 0x3d, 0x3d, 0x20, 0x30, 0x78, 0x38, 0x30, 0x29, 0x20,
  0x7b, 0x20, 0x74, 0x65, 0x78, 0x74, 0x20, 0x2b, 0x3d, 0x20, 0x27, 0x5c, 0x75, 0x46, 0x46, 0x46,
  0x44, 0x27, 0x3b, 0x20, 0x70, 0x65, 0x6e, 0x64, 0x69, 0x6e, 0x67, 0x20, 0x3d, 0x20, 0x6e, 0x75,
  0x6c, 0x6c, 0x3b, 0x20, 0x69, 0x20, 0x2d, 0x3d, 0x20, 0x31, 0x3b, 0x20, 0x63, 0x6f, 0x6e, 0x74,
  0x69, 0x6e, 0x75, 0x65, 0x3b, 0x20, 0x7d, 0x0a, 0x20, 0x20, 0x20, 0x20, 0x20, 0x20, 0x70, 0x65,
  0x6e, 0x64, 0x69, 0x6e, 0x67, 0x2e, 0x63, 0x70, 0x20, 0x3d, 0x20, 0x28, 0x70, 0x65, 0x6e, 0x64,
  0x69, 0x6e, 0x67, 0x2e, 0x63, 0x70, 0x20, 0x3c, 0x3c, 0x20, 0x36, 0x29, 0x20, 0x7c, 0x20, 0x28,
  0x62, 0x20, 0x26, 0x20, 0x36, 0x33, 0x29, 0x3b, 0x0a, 0x20, 0x20, 0x20, 0x20, 0x20, 0x20, 0x70,
  0x65, 0x6e, 0x64, 0x69, 0x6e, 0x67, 0x2e, 0x6c, 0x65, 0x66, 0x74, 0x20, 0x2d, 0x3d, 0x20, 0x31,
  0x3b, 0x0a, 0x20, 0x20, 0x20, 0x20, 0x20, 0x20, 0x69, 0x66, 0x20, 0x28, 0x70, 0x65, 0x6e, 0x64,
  0x69, 0x6e, 0x67, 0x2e, 0x6c, 0x65, 0x66, 0x74, 0x20, 0x3d, 0x3d, 0x3d, 0x20, 0x30, 0x29, 0x20,
  0x7b, 0x0a, 0x20, 0x20, 0x20, 0x20, 0x20, 0x20, 0x20, 0x20, 0x74, 0x65, 0x78, 0x74, 0x20, 0x2b,
  0x3d, 0x20, 0x53, 0x74, 0x72, 0x69, 0x6e, 0x67, 0x2e, 0x66, 0x72, 0x6f, 0x6d, 0x43, 0x6f, 0x64,
  0x65, 0x50, 0x6f, 0x69, 0x6e, 0x74, 0x28, 0x70, 0x65, 0x6e, 0x64, 0x69, 0x6e, 0x67, 0x2e, 0x63,
  0x70, 0x29, 0x3b, 0x0a, 0x20, 0x20, 0x20, 0x20, 0x20, 0x20, 0x20, 0x20, 0x70, 0x65, 0x6e, 0x64,
  0x69, 0x6e, 0x67, 0x20, 0x3d, 0x20, 0x6e, 0x75, 0x6c, 0x6c, 0x3b, 0x0a, 0x20, 0x20, 0x20, 0x20,
  0x20, 0x20, 0x7d, 0x0a, 0x20, 0x20, 0x20, 0x20, 0x7d, 0x0a, 0x20, 0x20, 0x20, 0x20, 0x72, 0x65,
  0x74, 0x75, 0x72, 0x6e, 0x20, 0x74, 0x65, 0x78, 0x74, 0x3b, 0x0a, 0x20, 0x20, 0x7d, 0x3b, 0x0a,
  0x20, 0x20, 0x63, 0x6f, 0x6e, 0x73, 0x74, 0x20, 0x65, 0x6e, 0x64, 0x20, 0x3d, 0x20, 0x28, 0x29,
  0x20, 0x3d, 0x3e, 0x20, 0x7b, 0x0a, 0x20, 0x20, 0x20, 0x20, 0x6c, 0x6f, 0x67, 0x2e, 0x64, 0x65,
  0x62, 0x75, 0x67, 0x28, 0x27, 0x75, 0x74, 0x66, 0x38, 0x20, 0x65, 0x6e, 0x64, 0x27, 0x2c, 0x20,
  0x7b, 0x20, 0x64, 0x61, 0x6e, 0x67, 0x6c, 0x69, 0x6e, 0x67, 0x3a, 0x20, 0x70, 0x65, 0x6e, 0x64,
  0x69, 0x6e, 0x67, 0x20, 0x21, 0x3d, 0x3d, 0x20, 0x6e, 0x75, 0x6c, 0x6c, 0x20, 0x7d, 0x29, 0x3b,
  0x0a, 0x20, 0x20, 0x20, 0x20, 0x63, 0x6f, 0x6e, 0x73, 0x74, 0x20, 0x74, 0x61, 0x69, 0x6c, 0x20,
  0x3d, 0x20, 0x70, 0x65, 0x6e, 0x64, 0x69, 0x6e, 0x67, 0x20, 0x3f, 0x20, 0x27, 0x5c, 0x75, 0x46,
  0x46, 0x46, 0x44, 0x27, 0x20, 0x3a, 0x20, 0x27, 0x27, 0x3b, 0x0a, 0x20, 0x20, 0x20, 0x20, 0x70,
  0x65, 0x6e, 0x64, 0x69, 0x6e, 0x67, 0x20, 0x3d, 0x20, 0x6e, 0x75, 0x6c, 0x6c, 0x3b, 0x0a, 0x20,
  0x20, 0x20, 0x20, 0x72, 0x65, 0x74, 0x75, 0x72, 0x6e, 0x20, 0x74, 0x61, 0x69, 0x6c, 0x3b, 0x0a,
  0x20, 0x20, 0x7d, 0x3b, 0x0a, 0x20, 0x20, 0x72, 0x65, 0x74, 0x75, 0x72, 0x6e, 0x20, 0x7b, 0x20,
  0x66, 0x65, 0x65, 0x64, 0x2c, 0x20, 0x65, 0x6e, 0x64, 0x20, 0x7d, 0x3b, 0x0a, 0x7d, 0x3b, 0x0a,
  0x0a, 0x2f, 0x2a, 0x2a, 0x20, 0x4f, 0x6e, 0x65, 0x2d, 0x73, 0x68, 0x6f, 0x74, 0x20, 0x64, 0x65,
  0x63, 0x6f, 0x64, 0x65, 0x20, 0x6f, 0x66, 0x20, 0x61, 0x20, 0x63, 0x6f, 0x6d, 0x70, 0x6c, 0x65,
  0x74, 0x65, 0x20, 0x62, 0x79, 0x74, 0x65, 0x20, 0x61, 0x72, 0x72, 0x61, 0x79, 0x20, 0x28, 0x63,
  0x6f, 0x6e, 0x66, 0x69, 0x67, 0x20, 0x66, 0x69, 0x6c, 0x65, 0x73, 0x2c, 0x20, 0x65, 0x72, 0x72,
  0x6f, 0x72, 0x20, 0x62, 0x6f, 0x64, 0x69, 0x65, 0x73, 0x29, 0x2e, 0x20, 0x2a, 0x2f, 0x0a, 0x65,
  0x78, 0x70, 0x6f, 0x72, 0x74, 0x20, 0x63, 0x6f, 0x6e, 0x73, 0x74, 0x20, 0x75, 0x74, 0x66, 0x38,
  0x44, 0x65, 0x63, 0x6f, 0x64, 0x65, 0x20, 0x3d, 0x20, 0x28, 0x62, 0x79, 0x74, 0x65, 0x73, 0x29,
  0x20, 0x3d, 0x3e, 0x20, 0x7b, 0x0a, 0x20, 0x20, 0x6c, 0x6f, 0x67, 0x2e, 0x64, 0x65, 0x62, 0x75,
  0x67, 0x28, 0x27, 0x75, 0x74, 0x66, 0x38, 0x20, 0x64, 0x65, 0x63, 0x6f, 0x64, 0x65, 0x27, 0x2c,
  0x20, 0x7b, 0x20, 0x62, 0x79, 0x74, 0x65, 0x73, 0x3a, 0x20, 0x62, 0x79, 0x74, 0x65, 0x73, 0x2e,
  0x6c, 0x65, 0x6e, 0x67, 0x74, 0x68, 0x20, 0x7d, 0x29, 0x3b, 0x0a, 0x20, 0x20, 0x63, 0x6f, 0x6e,
  0x73, 0x74, 0x20, 0x64, 0x65, 0x63, 0x20, 0x3d, 0x20, 0x6d, 0x61, 0x6b, 0x65, 0x55, 0x74, 0x66,
  0x38, 0x28, 0x29, 0x3b, 0x0a, 0x20, 0x20, 0x72, 0x65, 0x74, 0x75, 0x72, 0x6e, 0x20, 0x64, 0x65,
  0x63, 0x2e, 0x66, 0x65, 0x65, 0x64, 0x28, 0x62, 0x79, 0x74, 0x65, 0x73, 0x29, 0x20, 0x2b, 0x20,
  0x64, 0x65, 0x63, 0x2e, 0x65, 0x6e, 0x64, 0x28, 0x29, 0x3b, 0x0a, 0x7d, 0x3b, 0x0a, 0x0a, 0x2f,
  0x2f, 0x20, 0x2d, 0x2d, 0x2d, 0x2d, 0x20, 0x53, 0x53, 0x45, 0x20, 0x66, 0x72, 0x61, 0x6d, 0x69,
  0x6e, 0x67, 0x20, 0x2d, 0x2d, 0x2d, 0x2d, 0x2d, 0x2d, 0x2d, 0x2d, 0x2d, 0x2d, 0x2d, 0x2d, 0x2d,
  0x2d, 0x2d, 0x2d, 0x2d, 0x2d, 0x2d, 0x2d, 0x2d, 0x2d, 0x2d, 0x2d, 0x2d, 0x2d, 0x2d, 0x2d, 0x2d,
  0x2d, 0x2d, 0x2d, 0x2d, 0x2d, 0x2d, 0x2d, 0x2d, 0x2d, 0x2d, 0x2d, 0x2d, 0x2d, 0x2d, 0x2d, 0x2d,
  0x2d, 0x2d, 0x2d, 0x2d, 0x2d, 0x2d, 0x2d, 0x2d, 0x2d, 0x2d, 0x2d, 0x2d, 0x2d, 0x2d, 0x2d, 0x2d,
  0x0a, 0x0a, 0x2f, 0x2a, 0x2a, 0x20, 0x46, 0x65, 0x65, 0x64, 0x73, 0x20, 0x64, 0x65, 0x63, 0x6f,
  0x64, 0x65, 0x64, 0x20, 0x74, 0x65, 0x78, 0x74, 0x2c, 0x20, 0x72, 0x65, 0x74, 0x75, 0x72, 0x6e,
  0x73, 0x20, 0x65, 0x76, 0x65, 0x72, 0x79, 0x20, 0x43, 0x4f, 0x4d, 0x50, 0x4c, 0x45, 0x54, 0x45,
  0x20, 0x6c, 0x69, 0x6e, 0x65, 0x20, 0x28, 0x5c, 0x6e, 0x2d, 0x73, 0x70, 0x6c, 0x69, 0x74, 0x2c,
  0x20, 0x5c, 0x72, 0x2d, 0x74, 0x72, 0x69, 0x6d, 0x6d, 0x65, 0x64, 0x29, 0x3b, 0x0a, 0x20, 0x2a,
  0x20, 0x61, 0x20, 0x74, 0x72, 0x61, 0x69, 0x6c, 0x69, 0x6e, 0x67, 0x20, 0x70, 0x61, 0x72, 0x74,
  0x69, 0x61, 0x6c, 0x20, 0x6c, 0x69, 0x6e, 0x65, 0x20, 0x73, 0x74, 0x61, 0x79, 0x73, 0x20, 0x62,
  0x75, 0x66, 0x66, 0x65, 0x72, 0x65, 0x64, 0x20, 0x75, 0x6e, 0x74, 0x69, 0x6c, 0x20, 0x69, 0x74,
  0x73, 0x20, 0x6e, 0x65, 0x77, 0x6c, 0x69, 0x6e, 0x65, 0x20, 0x61, 0x72, 0x72, 0x69, 0x76, 0x65,
  0x73, 0x20, 0x28, 0x6f, 0x72, 0x20, 0x74, 0x68, 0x65, 0x0a, 0x20, 0x2a, 0x20, 0x73, 0x74, 0x72,
  0x65, 0x61, 0x6d, 0x20, 0x65, 0x6e, 0x64, 0x73, 0x20, 0xe2, 0x80, 0x94, 0x20, 0x64, 0x72, 0x61,
  0x69, 0x6e, 0x53, 0x73, 0x65, 0x20, 0x66, 0x6c, 0x75, 0x73, 0x68, 0x65, 0x73, 0x20, 0x69, 0x74,
  0x29, 0x2e, 0x20, 0x2a, 0x2f, 0x0a, 0x63, 0x6f, 0x6e, 0x73, 0x74, 0x20, 0x6d, 0x61, 0x6b, 0x65,
  0x4c, 0x69, 0x6e, 0x65, 0x53, 0x70, 0x6c, 0x69, 0x74, 0x74, 0x65, 0x72, 0x20, 0x3d, 0x20, 0x28,
  0x29, 0x20, 0x3d, 0x3e, 0x20, 0x7b, 0x0a, 0x20, 0x20, 0x6c, 0x6f, 0x67, 0x2e, 0x64, 0x65, 0x62,
  0x75, 0x67, 0x28, 0x27, 0x73, 0x73, 0x65, 0x20, 0x73, 0x70, 0x6c, 0x69, 0x74, 0x74, 0x65, 0x72,
  0x20, 0x63, 0x72, 0x65, 0x61, 0x74, 0x65, 0x64, 0x27, 0x29, 0x3b, 0x0a, 0x20, 0x20, 0x6c, 0x65,
  0x74, 0x20, 0x62, 0x75, 0x66, 0x20, 0x3d, 0x20, 0x27, 0x27, 0x3b, 0x0a, 0x20, 0x20, 0x63, 0x6f,
  0x6e, 0x73, 0x74, 0x20, 0x70, 0x75, 0x73, 0x68, 0x20, 0x3d, 0x20, 0x28, 0x74, 0x65, 0x78, 0x74,
  0x29, 0x20, 0x3d, 0x3e, 0x20, 0x7b, 0x0a, 0x20, 0x20, 0x20, 0x20, 0x6c, 0x6f, 0x67, 0x2e, 0x64,
  0x65, 0x62, 0x75, 0x67, 0x28, 0x27, 0x73, 0x73, 0x65, 0x20, 0x66, 0x65, 0x65, 0x64, 0x27, 0x2c,
  0x20, 0x7b, 0x20, 0x63, 0x68, 0x61, 0x72, 0x73, 0x3a, 0x20, 0x74, 0x65, 0x78, 0x74, 0x2e, 0x6c,
  0x65, 0x6e, 0x67, 0x74, 0x68, 0x20, 0x7d, 0x29, 0x3b, 0x0a, 0x20, 0x20, 0x20, 0x20, 0x62, 0x75,
  0x66, 0x20, 0x2b, 0x3d, 0x20, 0x74, 0x65, 0x78, 0x74, 0x3b, 0x0a, 0x20, 0x20, 0x20, 0x20, 0x63,
  0x6f, 0x6e, 0x73, 0x74, 0x20, 0x6c, 0x69, 0x6e, 0x65, 0x73, 0x20, 0x3d, 0x20, 0x5b, 0x5d, 0x3b,
  0x0a, 0x20, 0x20, 0x20, 0x20, 0x66, 0x6f, 0x72, 0x20, 0x28, 0x6c, 0x65, 0x74, 0x20, 0x61, 0x74,
  0x20, 0x3d, 0x20, 0x62, 0x75, 0x66, 0x2e, 0x69, 0x6e, 0x64, 0x65, 0x78, 0x4f, 0x66, 0x28, 0x27,
  0x5c, 0x6e, 0x27, 0x29, 0x3b, 0x20, 0x61, 0x74, 0x20, 0x3e, 0x3d, 0x20, 0x30, 0x3b, 0x20, 0x61,
  0x74, 0x20, 0x3d, 0x20, 0x62, 0x75, 0x66, 0x2e, 0x69, 0x6e, 0x64, 0x65, 0x78, 0x4f, 0x66, 0x28,
  0x27, 0x5c, 0x6e, 0x27, 0x29, 0x29, 0x20, 0x7b, 0x0a, 0x20, 0x20, 0x20, 0x20, 0x20, 0x20, 0x6c,
  0x65, 0x74, 0x20, 0x6c, 0x69, 0x6e, 0x65, 0x20, 0x3d, 0x20, 0x62, 0x75, 0x66, 0x2e, 0x73, 0x6c,
  0x69, 0x63, 0x65, 0x28, 0x30, 0x2c, 0x20, 0x61, 0x74, 0x29, 0x3b, 0x0a, 0x20, 0x20, 0x20, 0x20,
  0x20, 0x20, 0x62, 0x75, 0x66, 0x20, 0x3d, 0x20, 0x62, 0x75, 0x66, 0x2e, 0x73, 0x6c, 0x69, 0x63,
  0x65, 0x28, 0x61, 0x74, 0x20, 0x2b, 0x20, 0x31, 0x29, 0x3b, 0x0a, 0x20, 0x20, 0x20, 0x20, 0x20,
  0x20, 0x69, 0x66, 0x20, 0x28, 0x6c, 0x69, 0x6e, 0x65, 0x2e, 0x65, 0x6e, 0x64, 0x73, 0x57, 0x69,
  0x74, 0x68, 0x28, 0x27, 0x5c, 0x72, 0x27, 0x29, 0x29, 0x20, 0x6c, 0x69, 0x6e, 0x65, 0x20, 0x3d,
  0x20, 0x6c, 0x69, 0x6e, 0x65, 0x2e, 0x73, 0x6c, 0x69, 0x63, 0x65, 0x28, 0x30, 0x2c, 0x20, 0x2d,
  0x31, 0x29, 0x3b, 0x0a, 0x20, 0x20, 0x20, 0x20, 0x20, 0x20, 0x6c, 0x69, 0x6e, 0x65, 0x73, 0x2e,
  0x70, 0x75, 0x73, 0x68, 0x28, 0x6c, 0x69, 0x6e, 0x65, 0x29, 0x3b, 0x0a, 0x20, 0x20, 0x20, 0x20,
  0x7d, 0x0a, 0x20, 0x20, 0x20, 0x20, 0x72, 0x65, 0x74, 0x75, 0x72, 0x6e, 0x20, 0x6c, 0x69, 0x6e,
  0x65, 0x73, 0x3b, 0x0a, 0x20, 0x20, 0x7d, 0x3b, 0x0a, 0x20, 0x20, 0x63, 0x6f, 0x6e, 0x73, 0x74,
  0x20, 0x66, 0x6c, 0x75, 0x73, 0x68, 0x20, 0x3d, 0x20, 0x28, 0x29, 0x20, 0x3d, 0x3e, 0x20, 0x7b,
  0x0a, 0x20, 0x20, 0x20, 0x20, 0x6c, 0x6f, 0x67, 0x2e, 0x64, 0x65, 0x62, 0x75, 0x67, 0x28, 0x27,
  0x73, 0x73, 0x65, 0x20, 0x66, 0x6c, 0x75, 0x73, 0x68, 0x27, 0x2c, 0x20, 0x7b, 0x20, 0x62, 0x75,
  0x66, 0x66, 0x65, 0x72, 0x65, 0x64, 0x3a, 0x20, 0x62, 0x75, 0x66, 0x2e, 0x6c, 0x65, 0x6e, 0x67,
  0x74, 0x68, 0x20, 0x7d, 0x29, 0x3b, 0x0a, 0x20, 0x20, 0x20, 0x20, 0x63, 0x6f, 0x6e, 0x73, 0x74,
  0x20, 0x72, 0x65, 0x73, 0x74, 0x20, 0x3d, 0x20, 0x62, 0x75, 0x66, 0x3b, 0x0a, 0x20, 0x20, 0x20,
  0x20, 0x62, 0x75, 0x66, 0x20, 0x3d, 0x20, 0x27, 0x27, 0x3b, 0x0a, 0x20, 0x20, 0x20, 0x20, 0x72,
  0x65, 0x74, 0x75, 0x72, 0x6e, 0x20, 0x72, 0x65, 0x73, 0x74, 0x3b, 0x0a, 0x20, 0x20, 0x7d, 0x3b,
  0x0a, 0x20, 0x20, 0x72, 0x65, 0x74, 0x75, 0x72, 0x6e, 0x20, 0x7b, 0x20, 0x70, 0x75, 0x73, 0x68,
  0x2c, 0x20, 0x66, 0x6c, 0x75, 0x73, 0x68, 0x20, 0x7d, 0x3b, 0x0a, 0x7d, 0x3b, 0x0a, 0x0a, 0x2f,
  0x2a, 0x2a, 0x20, 0x46, 0x6f, 0x6c, 0x64, 0x73, 0x20, 0x6f, 0x6e, 0x65, 0x20, 0x70, 0x61, 0x72,
  0x73, 0x65, 0x64, 0x20, 0x53, 0x53, 0x45, 0x20, 0x63, 0x68, 0x75, 0x6e, 0x6b, 0x20, 0x69, 0x6e,
  0x74, 0x6f, 0x20, 0x60, 0x73, 0x74, 0x60, 0x20, 0x61, 0x6e, 0x64, 0x20, 0x66, 0x69, 0x72, 0x65,
  0x73, 0x20, 0x74, 0x68, 0x65, 0x20, 0x73, 0x74, 0x72, 0x65, 0x61, 0x6d, 0x20, 0x65, 0x76, 0x65,
  0x6e, 0x74, 0x73, 0x2e, 0x20, 0x54, 0x68, 0x65, 0x0a, 0x20, 0x2a, 0x20, 0x73, 0x65, 0x72, 0x76,
  0x65, 0x64, 0x20, 0x6d, 0x6f, 0x64, 0x65, 0x6c, 0x20, 0x69, 0x73, 0x20, 0x72, 0x65, 0x70, 0x6f,
  0x72, 0x74, 0x65, 0x64, 0x20, 0x6f, 0x6e, 0x63, 0x65, 0x20, 0x28, 0x73, 0x65, 0x72, 0x76, 0x65,
  0x72, 0x73, 0x20, 0x6d, 0x61, 0x79, 0x20, 0x73, 0x75, 0x62, 0x73, 0x74, 0x69, 0x74, 0x75, 0x74,
  0x65, 0x20, 0x61, 0x20, 0x64, 0x69, 0x66, 0x66, 0x65, 0x72, 0x65, 0x6e, 0x74, 0x20, 0x6d, 0x6f,
  0x64, 0x65, 0x6c, 0x0a, 0x20, 0x2a, 0x20, 0x6e, 0x61, 0x6d, 0x65, 0x20, 0x74, 0x68, 0x61, 0x6e,
  0x20, 0x72, 0x65, 0x71, 0x75, 0x65, 0x73, 0x74, 0x65, 0x64, 0x20, 0xe2, 0x80, 0x94, 0x20, 0x6c,
  0x6f, 0x67, 0x67, 0x65, 0x64, 0x20, 0x68, 0x6f, 0x6e, 0x65, 0x73, 0x74, 0x6c, 0x79, 0x2c, 0x20,
  0x6e, 0x65, 0x76, 0x65, 0x72, 0x20, 0x61, 0x73, 0x73, 0x75, 0x6d, 0x65, 0x64, 0x29, 0x2e, 0x20,
  0x2a, 0x2f, 0x0a, 0x63, 0x6f, 0x6e, 0x73, 0x74, 0x20, 0x66, 0x6f, 0x6c, 0x64, 0x43, 0x68, 0x75,
  0x6e, 0x6b, 0x20, 0x3d, 0x20, 0x28, 0x73, 0x74, 0x2c, 0x20, 0x64, 0x61, 0x74, 0x61, 0x29, 0x20,
  0x3d, 0x3e, 0x20, 0x7b, 0x0a, 0x20, 0x20, 0x6c, 0x6f, 0x67, 0x2e, 0x64, 0x65, 0x62, 0x75, 0x67,
  0x28, 0x27, 0x73, 0x73, 0x65, 0x20, 0x63, 0x68, 0x75, 0x6e, 0x6b, 0x20, 0x66, 0x6f, 0x6c, 0x64,
  0x27, 0x2c, 0x20, 0x7b, 0x20, 0x68, 0x61, 0x73, 0x43, 0x68, 0x6f, 0x69, 0x63, 0x65, 0x73, 0x3a,
  0x20, 0x41, 0x72, 0x72, 0x61, 0x79, 0x2e, 0x69, 0x73, 0x41, 0x72, 0x72, 0x61, 0x79, 0x28, 0x64,
  0x61, 0x74, 0x61, 0x2e, 0x63, 0x68, 0x6f, 0x69, 0x63, 0x65, 0x73, 0x29, 0x20, 0x7d, 0x29, 0x3b,
  0x0a, 0x20, 0x20, 0x69, 0x66, 0x20, 0x28, 0x74, 0x79, 0x70, 0x65, 0x6f, 0x66, 0x20, 0x64, 0x61,
  0x74, 0x61, 0x2e, 0x6d, 0x6f, 0x64, 0x65, 0x6c, 0x20, 0x3d, 0x3d, 0x3d, 0x20, 0x27, 0x73, 0x74,
  0x72, 0x69, 0x6e, 0x67, 0x27, 0x20, 0x26, 0x26, 0x20, 0x64, 0x61, 0x74, 0x61, 0x2e, 0x6d, 0x6f,
  0x64, 0x65, 0x6c, 0x20, 0x26, 0x26, 0x20, 0x64, 0x61, 0x74, 0x61, 0x2e, 0x6d, 0x6f, 0x64, 0x65,
  0x6c, 0x20, 0x21, 0x3d, 0x3d, 0x20, 0x73, 0x74, 0x2e, 0x73, 0x65, 0x72, 0x76, 0x65, 0x64, 0x29,
  0x20, 0x7b, 0x0a, 0x20, 0x20, 0x20, 0x20, 0x73, 0x74, 0x2e, 0x73, 0x65, 0x72, 0x76, 0x65, 0x64,
  0x20, 0x3d, 0x20, 0x64, 0x61, 0x74, 0x61, 0x2e, 0x6d, 0x6f, 0x64, 0x65, 0x6c, 0x3b, 0x0a, 0x20,
  0x20, 0x20, 0x20, 0x73, 0x74, 0x2e, 0x6f, 0x6e, 0x28, 0x27, 0x6d, 0x6f, 0x64, 0x65, 0x6c, 0x27,
  0x2c, 0x20, 0x7b, 0x20, 0x73, 0x65, 0x72, 0x76, 0x65, 0x64, 0x3a, 0x20, 0x73, 0x74, 0x2e, 0x73,
  0x65, 0x72, 0x76, 0x65, 0x64, 0x20, 0x7d, 0x29, 0x3b, 0x0a, 0x20, 0x20, 0x7d, 0x0a, 0x20, 0x20,
  0x63, 0x6f, 0x6e, 0x73, 0x74, 0x20, 0x63, 0x68, 0x6f, 0x69, 0x63, 0x65, 0x20, 0x3d, 0x20, 0x64,
  0x61, 0x74, 0x61, 0x2e, 0x63, 0x68, 0x6f, 0x69, 0x63, 0x65, 0x73, 0x3f, 0x2e, 0x5b, 0x30, 0x5d,
  0x3b, 0x0a, 0x20, 0x20, 0x69, 0x66, 0x20, 0x28, 0x63, 0x68, 0x6f, 0x69, 0x63, 0x65, 0x20, 0x26,
  0x26, 0x20, 0x74, 0x79, 0x70, 0x65, 0x6f, 0x66, 0x20, 0x63, 0x68, 0x6f, 0x69, 0x63, 0x65, 0x2e,
  0x66, 0x69, 0x6e, 0x69, 0x73, 0x68, 0x5f, 0x72, 0x65, 0x61, 0x73, 0x6f, 0x6e, 0x20, 0x3d, 0x3d,
  0x3d, 0x20, 0x27, 0x73, 0x74, 0x72, 0x69, 0x6e, 0x67, 0x27, 0x20, 0x26, 0x26, 0x20, 0x63, 0x68,
  0x6f, 0x69, 0x63, 0x65, 0x2e, 0x66, 0x69, 0x6e, 0x69, 0x73, 0x68, 0x5f, 0x72, 0x65, 0x61, 0x73,
  0x6f, 0x6e, 0x29, 0x20, 0x7b, 0x0a, 0x20, 0x20, 0x20, 0x20, 0x73, 0x74, 0x2e, 0x66, 0x69, 0x6e,
  0x69, 0x73, 0x68, 0x52, 0x65, 0x61, 0x73, 0x6f, 0x6e, 0x20, 0x3d, 0x20, 0x63, 0x68, 0x6f, 0x69,
  0x63, 0x65, 0x2e, 0x66, 0x69, 0x6e, 0x69, 0x73, 0x68, 0x5f, 0x72, 0x65, 0x61, 0x73, 0x6f, 0x6e,
  0x3b, 0x0a, 0x20, 0x20, 0x7d, 0x0a, 0x20, 0x20, 0x63, 0x6f, 0x6e, 0x73, 0x74, 0x20, 0x64, 0x65,
  0x6c, 0x74, 0x61, 0x20, 0x3d, 0x20, 0x63, 0x68, 0x6f, 0x69, 0x63, 0x65, 0x3f, 0x2e, 0x64, 0x65,
  0x6c, 0x74, 0x61, 0x20, 0x3f, 0x3f, 0x20, 0x7b, 0x7d, 0x3b, 0x0a, 0x20, 0x20, 0x63, 0x6f, 0x6e,
  0x73, 0x74, 0x20, 0x74, 0x68, 0x69, 0x6e, 0x6b, 0x69, 0x6e, 0x67, 0x20, 0x3d, 0x20, 0x64, 0x65,
  0x6c, 0x74, 0x61, 0x2e, 0x72, 0x65, 0x61, 0x73, 0x6f, 0x6e, 0x69, 0x6e, 0x67, 0x5f, 0x63, 0x6f,
  0x6e, 0x74, 0x65, 0x6e, 0x74, 0x3b, 0x0a, 0x20, 0x20, 0x69, 0x66, 0x20, 0x28, 0x74, 0x79, 0x70,
  0x65, 0x6f, 0x66, 0x20, 0x74, 0x68, 0x69, 0x6e, 0x6b, 0x69, 0x6e, 0x67, 0x20, 0x3d, 0x3d, 0x3d,
  0x20, 0x27, 0x73, 0x74, 0x72, 0x69, 0x6e, 0x67, 0x27, 0x20, 0x26, 0x26, 0x20, 0x74, 0x68, 0x69,
  0x6e, 0x6b, 0x69, 0x6e, 0x67, 0x2e, 0x6c, 0x65, 0x6e, 0x67, 0x74, 0x68, 0x20, 0x3e, 0x20, 0x30,
  0x29, 0x20, 0x7b, 0x0a, 0x20, 0x20, 0x20, 0x20, 0x73, 0x74, 0x2e, 0x72, 0x65, 0x61, 0x73, 0x6f,
  0x6e, 0x69, 0x6e, 0x67, 0x20, 0x2b, 0x3d, 0x20, 0x74, 0x68, 0x69, 0x6e, 0x6b, 0x69, 0x6e, 0x67,
  0x3b, 0x0a, 0x20, 0x20, 0x20, 0x20, 0x73, 0x74, 0x2e, 0x6f, 0x6e, 0x28, 0x27, 0x72, 0x65, 0x61,
  0x73, 0x6f, 0x6e, 0x69, 0x6e, 0x67, 0x27, 0x2c, 0x20, 0x7b, 0x20, 0x69, 0x6e, 0x64, 0x65, 0x78,
  0x3a, 0x20, 0x73, 0x74, 0x2e, 0x72, 0x65, 0x61, 0x73, 0x6f, 0x6e, 0x69, 0x6e, 0x67, 0x44, 0x65,
  0x6c, 0x74, 0x61, 0x73, 0x2b, 0x2b, 0x2c, 0x20, 0x74, 0x65, 0x78, 0x74, 0x3a, 0x20, 0x74, 0x68,
  0x69, 0x6e, 0x6b, 0x69, 0x6e, 0x67, 0x20, 0x7d, 0x29, 0x3b, 0x0a, 0x20, 0x20, 0x7d, 0x0a, 0x20,
  0x20, 0x63, 0x6f, 0x6e, 0x73, 0x74, 0x20, 0x70, 0x69, 0x65, 0x63, 0x65, 0x20, 0x3d, 0x20, 0x64,
  0x65, 0x6c, 0x74, 0x61, 0x2e, 0x63, 0x6f, 0x6e, 0x74, 0x65, 0x6e, 0x74, 0x3b, 0x0a, 0x20, 0x20,
  0x69, 0x66, 0x20, 0x28, 0x74, 0x79, 0x70, 0x65, 0x6f, 0x66, 0x20, 0x70, 0x69, 0x65, 0x63, 0x65,
  0x20, 0x3d, 0x3d, 0x3d, 0x20, 0x27, 0x73, 0x74, 0x72, 0x69, 0x6e, 0x67, 0x27, 0x20, 0x26, 0x26,
  0x20, 0x70, 0x69, 0x65, 0x63, 0x65, 0x2e, 0x6c, 0x65, 0x6e, 0x67, 0x74, 0x68, 0x20, 0x3e, 0x20,
  0x30, 0x29, 0x20, 0x7b, 0x0a, 0x20, 0x20, 0x20, 0x20, 0x73, 0x74, 0x2e, 0x74, 0x65, 0x78, 0x74,
  0x20, 0x2b, 0x3d, 0x20, 0x70, 0x69, 0x65, 0x63, 0x65, 0x3b, 0x0a, 0x20, 0x20, 0x20, 0x20, 0x73,
  0x74, 0x2e, 0x6f, 0x6e, 0x28, 0x27, 0x64, 0x65, 0x6c, 0x74, 0x61, 0x27, 0x2c, 0x20, 0x7b, 0x20,
  0x69, 0x6e, 0x64, 0x65, 0x78, 0x3a, 0x20, 0x73, 0x74, 0x2e, 0x64, 0x65, 0x6c, 0x74, 0x61, 0x73,
  0x2b, 0x2b, 0x2c, 0x20, 0x74, 0x65, 0x78, 0x74, 0x3a, 0x20, 0x70, 0x69, 0x65, 0x63, 0x65, 0x20,
  0x7d, 0x29, 0x3b, 0x0a, 0x20, 0x20, 0x7d, 0x0a, 0x7d, 0x3b, 0x0a, 0x0a, 0x2f, 0x2a, 0x2a, 0x20,
  0x50, 0x72, 0x6f, 0x63, 0x65, 0x73, 0x73, 0x65, 0x73, 0x20, 0x6f, 0x6e, 0x65, 0x20, 0x53, 0x53,
  0x45, 0x20, 0x6c, 0x69, 0x6e, 0x65, 0x20, 0x61, 0x67, 0x61, 0x69, 0x6e, 0x73, 0x74, 0x20, 0x60,
  0x73, 0x74, 0x60, 0x3b, 0x20, 0x72, 0x65, 0x74, 0x75, 0x72, 0x6e, 0x73, 0x20, 0x66, 0x61, 0x6c,
  0x73, 0x65, 0x20, 0x61, 0x74, 0x20, 0x74, 0x68, 0x65, 0x20, 0x5b, 0x44, 0x4f, 0x4e, 0x45, 0x5d,
  0x0a, 0x20, 0x2a, 0x20, 0x74, 0x65, 0x72, 0x6d, 0x69, 0x6e, 0x61, 0x74, 0x6f, 0x72, 0x2e, 0x20,
  0x4e, 0x6f, 0x6e, 0x2d, 0x64, 0x61, 0x74, 0x61, 0x20, 0x6c, 0x69, 0x6e, 0x65, 0x73, 0x20, 0x28,
  0x63, 0x6f, 0x6d, 0x6d, 0x65, 0x6e, 0x74, 0x73, 0x2c, 0x20, 0x65, 0x76, 0x65, 0x6e, 0x74, 0x3a,
  0x2f, 0x69, 0x64, 0x3a, 0x2f, 0x72, 0x65, 0x74, 0x72, 0x79, 0x3a, 0x29, 0x20, 0x61, 0x72, 0x65,
  0x20, 0x69, 0x67, 0x6e, 0x6f, 0x72, 0x65, 0x64, 0x2e, 0x20, 0x2a, 0x2f, 0x0a, 0x63, 0x6f, 0x6e,
  0x73, 0x74, 0x20, 0x66, 0x6f, 0x6c, 0x64, 0x4c, 0x69, 0x6e, 0x65, 0x20, 0x3d, 0x20, 0x28, 0x73,
  0x74, 0x2c, 0x20, 0x6c, 0x69, 0x6e, 0x65, 0x29, 0x20, 0x3d, 0x3e, 0x20, 0x7b, 0x0a, 0x20, 0x20,
  0x6c, 0x6f, 0x67, 0x2e, 0x64, 0x65, 0x62, 0x75, 0x67, 0x28, 0x27, 0x73, 0x73, 0x65, 0x20, 0x6c,
  0x69, 0x6e, 0x65, 0x27, 0x2c, 0x20, 0x7b, 0x20, 0x63, 0x68, 0x61, 0x72, 0x73, 0x3a, 0x20, 0x6c,
  0x69, 0x6e, 0x65, 0x2e, 0x6c, 0x65, 0x6e, 0x67, 0x74, 0x68, 0x20, 0x7d, 0x29, 0x3b, 0x0a, 0x20,
  0x20, 0x69, 0x66, 0x20, 0x28, 0x6c, 0x69, 0x6e, 0x65, 0x2e, 0x69, 0x6e, 0x64, 0x65, 0x78, 0x4f,
  0x66, 0x28, 0x27, 0x64, 0x61, 0x74, 0x61, 0x3a, 0x27, 0x29, 0x20, 0x21, 0x3d, 0x3d, 0x20, 0x30,
  0x29, 0x20, 0x72, 0x65, 0x74, 0x75, 0x72, 0x6e, 0x20, 0x74, 0x72, 0x75, 0x65, 0x3b, 0x0a, 0x20,
  0x20, 0x63, 0x6f, 0x6e, 0x73, 0x74, 0x20, 0x70, 0x61, 0x79, 0x6c, 0x6f, 0x61, 0x64, 0x20, 0x3d,
  0x20, 0x6c, 0x69, 0x6e, 0x65, 0x2e, 0x73, 0x6c, 0x69, 0x63, 0x65, 0x28, 0x35, 0x29, 0x2e, 0x72,
  0x65, 0x70, 0x6c, 0x61, 0x63, 0x65, 0x28, 0x2f, 0x5e, 0x20, 0x2f, 0x2c, 0x20, 0x27, 0x27, 0x29,
  0x3b, 0x0a, 0x20, 0x20, 0x69, 0x66, 0x20, 0x28, 0x70, 0x61, 0x79, 0x6c, 0x6f, 0x61, 0x64, 0x20,
  0x3d, 0x3d, 0x3d, 0x20, 0x27, 0x5b, 0x44, 0x4f, 0x4e, 0x45, 0x5d, 0x27, 0x29, 0x20, 0x72, 0x65,
  0x74, 0x75, 0x72, 0x6e, 0x20, 0x66, 0x61, 0x6c, 0x73, 0x65, 0x3b, 0x0a, 0x20, 0x20, 0x6c, 0x65,
  0x74, 0x20, 0x64, 0x61, 0x74, 0x61, 0x3b, 0x0a, 0x20, 0x20, 0x74, 0x72, 0x79, 0x20, 0x7b, 0x0a,
  0x20, 0x20, 0x20, 0x20, 0x64, 0x61, 0x74, 0x61, 0x20, 0x3d, 0x20, 0x4a, 0x53, 0x4f, 0x4e, 0x2e,
  0x70, 0x61, 0x72, 0x73, 0x65, 0x28, 0x70, 0x61, 0x79, 0x6c, 0x6f, 0x61, 0x64, 0x29, 0x3b, 0x0a,
  0x20, 0x20, 0x7d, 0x20, 0x63, 0x61, 0x74, 0x63, 0x68, 0x20, 0x7b, 0x0a, 0x20, 0x20, 0x20, 0x20,
  0x74, 0x68, 0x72, 0x6f, 0x77, 0x20, 0x6e, 0x65, 0x77, 0x20, 0x4c, 0x6c, 0x6d, 0x45, 0x72, 0x72,
  0x6f, 0x72, 0x28, 0x27, 0x69, 0x6e, 0x76, 0x61, 0x6c, 0x69, 0x64, 0x27, 0x2c, 0x20, 0x60, 0x75,
  0x6e, 0x70, 0x61, 0x72, 0x73, 0x61, 0x62, 0x6c, 0x65, 0x20, 0x53, 0x53, 0x45, 0x20, 0x64, 0x61,
  0x74, 0x61, 0x20, 0x6c, 0x69, 0x6e, 0x65, 0x20, 0x28, 0x24, 0x7b, 0x70, 0x61, 0x79, 0x6c, 0x6f,
  0x61, 0x64, 0x2e, 0x6c, 0x65, 0x6e, 0x67, 0x74, 0x68, 0x7d, 0x20, 0x63, 0x68, 0x61, 0x72, 0x73,
  0x29, 0x60, 0x29, 0x3b, 0x0a, 0x20, 0x20, 0x7d, 0x0a, 0x20, 0x20, 0x66, 0x6f, 0x6c, 0x64, 0x43,
  0x68, 0x75, 0x6e, 0x6b, 0x28, 0x73, 0x74, 0x2c, 0x20, 0x64, 0x61, 0x74, 0x61, 0x29, 0x3b, 0x0a,
  0x20, 0x20, 0x72, 0x65, 0x74, 0x75, 0x72, 0x6e, 0x20, 0x74, 0x72, 0x75, 0x65, 0x3b, 0x0a, 0x7d,
  0x3b, 0x0a, 0x0a, 0x2f, 0x2a, 0x2a, 0x20, 0x44, 0x72, 0x61, 0x69, 0x6e, 0x73, 0x20, 0x74, 0x68,
  0x65, 0x20, 0x73, 0x74, 0x72, 0x65, 0x61, 0x6d, 0x69, 0x6e, 0x67, 0x20, 0x62, 0x6f, 0x64, 0x79,
  0x20, 0x74, 0x68, 0x72, 0x6f, 0x75, 0x67, 0x68, 0x20, 0x74, 0x68, 0x65, 0x20, 0x53, 0x53, 0x45,
  0x20, 0x70, 0x61, 0x72, 0x73, 0x65, 0x72, 0x20, 0x28, 0x44, 0x38, 0x3a, 0x20, 0x6f, 0x6e, 0x65,
  0x20, 0x63, 0x61, 0x6c, 0x6c, 0x62, 0x61, 0x63, 0x6b, 0x20, 0x70, 0x65, 0x72, 0x0a, 0x20, 0x2a,
  0x20, 0x64, 0x65, 0x6c, 0x74, 0x61, 0x20, 0x61, 0x73, 0x20, 0x69, 0x74, 0x73, 0x20, 0x62, 0x79,
  0x74, 0x65, 0x73, 0x20, 0x61, 0x72, 0x72, 0x69, 0x76, 0x65, 0x2c, 0x20, 0x6e, 0x65, 0x76, 0x65,
  0x72, 0x20, 0x61, 0x20, 0x62, 0x6c, 0x6f, 0x63, 0x6b, 0x69, 0x6e, 0x67, 0x20, 0x77, 0x68, 0x6f,
  0x6c, 0x65, 0x2d, 0x72, 0x65, 0x73, 0x75, 0x6c, 0x74, 0x29, 0x2e, 0x20, 0x41, 0x20, 0x63, 0x61,
  0x6c, 0x6c, 0x65, 0x72, 0x0a, 0x20, 0x2a, 0x20, 0x61, 0x62, 0x6f, 0x72, 0x74, 0x20, 0x73, 0x75,
  0x72, 0x66, 0x61, 0x63, 0x65, 0x73, 0x20, 0x61, 0x73, 0x20, 0x66, 0x69, 0x6e, 0x69, 0x73, 0x68,
  0x52, 0x65, 0x61, 0x73, 0x6f, 0x6e, 0x20, 0x27, 0x61, 0x62, 0x6f, 0x72, 0x74, 0x65, 0x64, 0x27,
  0x20, 0x28, 0x67, 0x61, 0x74, 0x65, 0x77, 0x61, 0x79, 0x20, 0x63, 0x6f, 0x64, 0x65, 0x20, 0x60,
  0x63, 0x61, 0x6e, 0x63, 0x65, 0x6c, 0x6c, 0x65, 0x64, 0x60, 0x29, 0x3b, 0x0a, 0x20, 0x2a, 0x20,
  0x61, 0x6e, 0x79, 0x74, 0x68, 0x69, 0x6e, 0x67, 0x20, 0x65, 0x6c, 0x73, 0x65, 0x20, 0x72, 0x65,
  0x6a, 0x65, 0x63, 0x74, 0x73, 0x2e, 0x20, 0x41, 0x20, 0x74, 0x72, 0x61, 0x69, 0x6c, 0x69, 0x6e,
  0x67, 0x20, 0x70, 0x61, 0x72, 0x74, 0x69, 0x61, 0x6c, 0x20, 0x6c, 0x69, 0x6e, 0x65, 0x20, 0x69,
  0x73, 0x20, 0x66, 0x6c, 0x75, 0x73, 0x68, 0x65, 0x64, 0x20, 0x61, 0x74, 0x20, 0x45, 0x4f, 0x46,
  0x2e, 0x20, 0x2a, 0x2f, 0x0a, 0x63, 0x6f, 0x6e, 0x73, 0x74, 0x20, 0x64, 0x72, 0x61, 0x69, 0x6e,
  0x53, 0x73, 0x65, 0x20, 0x3d, 0x20, 0x61, 0x73, 0x79, 0x6e, 0x63, 0x20, 0x28, 0x73, 0x74, 0x2c,
  0x20, 0x72, 0x65, 0x73, 0x29, 0x20, 0x3d, 0x3e, 0x20, 0x7b, 0x0a, 0x20, 0x20, 0x6c, 0x6f, 0x67,
  0x2e, 0x64, 0x65, 0x62, 0x75, 0x67, 0x28, 0x27, 0x73, 0x73, 0x65, 0x20, 0x64, 0x72, 0x61, 0x69,
  0x6e, 0x20, 0x62, 0x65, 0x67, 0x69, 0x6e, 0x27, 0x29, 0x3b, 0x0a, 0x20, 0x20, 0x63, 0x6f, 0x6e,
  0x73, 0x74, 0x20, 0x64, 0x65, 0x63, 0x20, 0x3d, 0x20, 0x6d, 0x61, 0x6b, 0x65, 0x55, 0x74, 0x66,
  0x38, 0x28, 0x29, 0x3b, 0x0a, 0x20, 0x20, 0x63, 0x6f, 0x6e, 0x73, 0x74, 0x20, 0x73, 0x70, 0x6c,
  0x69, 0x74, 0x74, 0x65, 0x72, 0x20, 0x3d, 0x20, 0x6d, 0x61, 0x6b, 0x65, 0x4c, 0x69, 0x6e, 0x65,
  0x53, 0x70, 0x6c, 0x69, 0x74, 0x74, 0x65, 0x72, 0x28, 0x29, 0x3b, 0x0a, 0x20, 0x20, 0x74, 0x72,
  0x79, 0x20, 0x7b, 0x0a, 0x20, 0x20, 0x20, 0x20, 0x66, 0x6f, 0x72, 0x20, 0x61, 0x77, 0x61, 0x69,
  0x74, 0x20, 0x28, 0x63, 0x6f, 0x6e, 0x73, 0x74, 0x20, 0x63, 0x68, 0x75, 0x6e, 0x6b, 0x20, 0x6f,
  0x66, 0x20, 0x72, 0x65, 0x73, 0x2e, 0x62, 0x6f, 0x64, 0x79, 0x29, 0x20, 0x7b, 0x0a, 0x20, 0x20,
  0x20, 0x20, 0x20, 0x20, 0x6c, 0x65, 0x74, 0x20, 0x64, 0x6f, 0x6e, 0x65, 0x20, 0x3d, 0x20, 0x66,
  0x61, 0x6c, 0x73, 0x65, 0x3b, 0x0a, 0x20, 0x20, 0x20, 0x20, 0x20, 0x20, 0x66, 0x6f, 0x72, 0x20,
  0x28, 0x63, 0x6f, 0x6e, 0x73, 0x74, 0x20, 0x6c, 0x69, 0x6e, 0x65, 0x20, 0x6f, 0x66, 0x20, 0x73,
  0x70, 0x6c, 0x69, 0x74, 0x74, 0x65, 0x72, 0x2e, 0x70, 0x75, 0x73, 0x68, 0x28, 0x64, 0x65, 0x63,
  0x2e, 0x66, 0x65, 0x65, 0x64, 0x28, 0x63, 0x68, 0x75, 0x6e, 0x6b, 0x29, 0x29, 0x29, 0x20, 0x7b,
  0x0a, 0x20, 0x20, 0x20, 0x20, 0x20, 0x20, 0x20, 0x20, 0x69, 0x66, 0x20, 0x28, 0x21, 0x66, 0x6f,
  0x6c, 0x64, 0x4c, 0x69, 0x6e, 0x65, 0x28, 0x73, 0x74, 0x2c, 0x20, 0x6c, 0x69, 0x6e, 0x65, 0x29,
  0x29, 0x20, 0x7b, 0x20, 0x64, 0x6f, 0x6e, 0x65, 0x20, 0x3d, 0x20, 0x74, 0x72, 0x75, 0x65, 0x3b,
  0x20, 0x62, 0x72, 0x65, 0x61, 0x6b, 0x3b, 0x20, 0x7d, 0x0a, 0x20, 0x20, 0x20, 0x20, 0x20, 0x20,
  0x7d, 0x0a, 0x20, 0x20, 0x20, 0x20, 0x20, 0x20, 0x69, 0x66, 0x20, 0x28, 0x64, 0x6f, 0x6e, 0x65,
  0x29, 0x20, 0x72, 0x65, 0x74, 0x75, 0x72, 0x6e, 0x3b, 0x0a, 0x20, 0x20, 0x20, 0x20, 0x7d, 0x0a,
  0x20, 0x20, 0x7d, 0x20, 0x63, 0x61, 0x74, 0x63, 0x68, 0x20, 0x28, 0x65, 0x72, 0x72, 0x29, 0x20,
  0x7b, 0x0a, 0x20, 0x20, 0x20, 0x20, 0x69, 0x66, 0x20, 0x28, 0x21, 0x28, 0x73, 0x74, 0x2e, 0x61,
  0x62, 0x6f, 0x72, 0x74, 0x65, 0x64, 0x20, 0x26, 0x26, 0x20, 0x65, 0x72, 0x72, 0x3f, 0x2e, 0x63,
  0x6f, 0x64, 0x65, 0x20, 0x3d, 0x3d, 0x3d, 0x20, 0x27, 0x63, 0x61, 0x6e, 0x63, 0x65, 0x6c, 0x6c,
  0x65, 0x64, 0x27, 0x29, 0x29, 0x20, 0x74, 0x68, 0x72, 0x6f, 0x77, 0x20, 0x65, 0x72, 0x72, 0x3b,
  0x0a, 0x20, 0x20, 0x20, 0x20, 0x73, 0x74, 0x2e, 0x66, 0x69, 0x6e, 0x69, 0x73, 0x68, 0x52, 0x65,
  0x61, 0x73, 0x6f, 0x6e, 0x20, 0x3d, 0x20, 0x27, 0x61, 0x62, 0x6f, 0x72, 0x74, 0x65, 0x64, 0x27,
  0x3b, 0x0a, 0x20, 0x20, 0x20, 0x20, 0x6c, 0x6f, 0x67, 0x2e, 0x64, 0x65, 0x62, 0x75, 0x67, 0x28,
  0x27, 0x73, 0x73, 0x65, 0x20, 0x64, 0x72, 0x61, 0x69, 0x6e, 0x20, 0x61, 0x62, 0x6f, 0x72, 0x74,
  0x65, 0x64, 0x20, 0x62, 0x79, 0x20, 0x63, 0x61, 0x6c, 0x6c, 0x65, 0x72, 0x27, 0x29, 0x3b, 0x0a,
  0x20, 0x20, 0x7d, 0x0a, 0x20, 0x20, 0x66, 0x6f, 0x72, 0x20, 0x28, 0x63, 0x6f, 0x6e, 0x73, 0x74,
  0x20, 0x6c, 0x69, 0x6e, 0x65, 0x20, 0x6f, 0x66, 0x20, 0x73, 0x70, 0x6c, 0x69, 0x74, 0x74, 0x65,
  0x72, 0x2e, 0x70, 0x75, 0x73, 0x68, 0x28, 0x73, 0x70, 0x6c, 0x69, 0x74, 0x74, 0x65, 0x72, 0x2e,
  0x66, 0x6c, 0x75, 0x73, 0x68, 0x28, 0x29, 0x20, 0x2b, 0x20, 0x64, 0x65, 0x63, 0x2e, 0x65, 0x6e,
  0x64, 0x28, 0x29, 0x29, 0x29, 0x20, 0x7b, 0x0a, 0x20, 0x20, 0x20, 0x20, 0x69, 0x66, 0x20, 0x28,
  0x21, 0x66, 0x6f, 0x6c, 0x64, 0x4c, 0x69, 0x6e, 0x65, 0x28, 0x73, 0x74, 0x2c, 0x20, 0x6c, 0x69,
  0x6e, 0x65, 0x29, 0x29, 0x20, 0x72, 0x65, 0x74, 0x75, 0x72, 0x6e, 0x3b, 0x0a, 0x20, 0x20, 0x7d,
  0x0a, 0x7d, 0x3b, 0x0a, 0x0a, 0x2f, 0x2a, 0x2a, 0x20, 0x4e, 0x6f, 0x6e, 0x2d, 0x32, 0x30, 0x30,
  0x3a, 0x20, 0x64, 0x72, 0x61, 0x69, 0x6e, 0x73, 0x20, 0x74, 0x68, 0x65, 0x20, 0x65, 0x72, 0x72,
  0x6f, 0x72, 0x20, 0x62, 0x6f, 0x64, 0x79, 0x20, 0x28, 0x62, 0x6f, 0x75, 0x6e, 0x64, 0x65, 0x64,
  0x29, 0x20, 0x69, 0x6e, 0x74, 0x6f, 0x20, 0x74, 0x68, 0x65, 0x20, 0x66, 0x61, 0x69, 0x6c, 0x75,
  0x72, 0x65, 0x20, 0x6d, 0x65, 0x73, 0x73, 0x61, 0x67, 0x65, 0x20, 0x73, 0x6f, 0x20, 0x74, 0x68,
  0x65, 0x0a, 0x20, 0x2a, 0x20, 0x6c, 0x6f, 0x67, 0x20, 0x6e, 0x61, 0x6d, 0x65, 0x73, 0x20, 0x77,
  0x68, 0x61, 0x74, 0x20, 0x74, 0x68, 0x65, 0x20, 0x73, 0x65, 0x72, 0x76, 0x65, 0x72, 0x20, 0x73,
  0x61, 0x69, 0x64, 0x20, 0xe2, 0x80, 0x94, 0x20, 0x77, 0x69, 0x74, 0x68, 0x6f, 0x75, 0x74, 0x20,
  0x65, 0x76, 0x65, 0x72, 0x20, 0x6c, 0x6f, 0x67, 0x67, 0x69, 0x6e, 0x67, 0x20, 0x72, 0x65, 0x71,
  0x75, 0x65, 0x73, 0x74, 0x20, 0x68, 0x65, 0x61, 0x64, 0x65, 0x72, 0x73, 0x2e, 0x20, 0x2a, 0x2f,
  0x0a, 0x63, 0x6f, 0x6e, 0x73, 0x74, 0x20, 0x73, 0x74, 0x61, 0x74, 0x75, 0x73, 0x45, 0x72, 0x72,
  0x6f, 0x72, 0x20, 0x3d, 0x20, 0x61, 0x73, 0x79, 0x6e, 0x63, 0x20, 0x28, 0x72, 0x65, 0x73, 0x29,
  0x20, 0x3d, 0x3e, 0x20, 0x7b, 0x0a, 0x20, 0x20, 0x6c, 0x6f, 0x67, 0x2e, 0x64, 0x65, 0x62, 0x75,
  0x67, 0x28, 0x27, 0x73, 0x74, 0x61, 0x74, 0x75, 0x73, 0x20, 0x65, 0x72, 0x72, 0x6f, 0x72, 0x20,
  0x64, 0x72, 0x61, 0x69, 0x6e, 0x27, 0x2c, 0x20, 0x7b, 0x20, 0x73, 0x74, 0x61, 0x74, 0x75, 0x73,
  0x3a, 0x20, 0x72, 0x65, 0x73, 0x2e, 0x73, 0x74, 0x61, 0x74, 0x75, 0x73, 0x20, 0x7d, 0x29, 0x3b,
  0x0a, 0x20, 0x20, 0x63, 0x6f, 0x6e, 0x73, 0x74, 0x20, 0x64, 0x65, 0x63, 0x20, 0x3d, 0x20, 0x6d,
  0x61, 0x6b, 0x65, 0x55, 0x74, 0x66, 0x38, 0x28, 0x29, 0x3b, 0x0a, 0x20, 0x20, 0x6c, 0x65, 0x74,
  0x20, 0x64, 0x65, 0x74, 0x61, 0x69, 0x6c, 0x20, 0x3d, 0x20, 0x27, 0x27, 0x3b, 0x0a, 0x20, 0x20,
  0x74, 0x72, 0x79, 0x20, 0x7b, 0x0a, 0x20, 0x20, 0x20, 0x20, 0x66, 0x6f, 0x72, 0x20, 0x61, 0x77,
  0x61, 0x69, 0x74, 0x20, 0x28, 0x63, 0x6f, 0x6e, 0x73, 0x74, 0x20, 0x63, 0x68, 0x75, 0x6e, 0x6b,
  0x20, 0x6f, 0x66, 0x20, 0x72, 0x65, 0x73, 0x2e, 0x62, 0x6f, 0x64, 0x79, 0x29, 0x20, 0x7b, 0x0a,
  0x20, 0x20, 0x20, 0x20, 0x20, 0x20, 0x64, 0x65, 0x74, 0x61, 0x69, 0x6c, 0x20, 0x2b, 0x3d, 0x20,
  0x64, 0x65, 0x63, 0x2e, 0x66, 0x65, 0x65, 0x64, 0x28, 0x63, 0x68, 0x75, 0x6e, 0x6b, 0x29, 0x3b,
  0x0a, 0x20, 0x20, 0x20, 0x20, 0x20, 0x20, 0x69, 0x66, 0x20, 0x28, 0x64, 0x65, 0x74, 0x61, 0x69,
  0x6c, 0x2e, 0x6c, 0x65, 0x6e, 0x67, 0x74, 0x68, 0x20, 0x3e, 0x3d, 0x20, 0x32, 0x30, 0x30, 0x29,
  0x20, 0x7b, 0x20, 0x64, 0x65, 0x74, 0x61, 0x69, 0x6c, 0x20, 0x3d, 0x20, 0x64, 0x65, 0x74, 0x61,
  0x69, 0x6c, 0x2e, 0x73, 0x6c, 0x69, 0x63, 0x65, 0x28, 0x30, 0x2c, 0x20, 0x32, 0x30, 0x30, 0x29,
  0x3b, 0x20, 0x62, 0x72, 0x65, 0x61, 0x6b, 0x3b, 0x20, 0x7d, 0x0a, 0x20, 0x20, 0x20, 0x20, 0x7d,
  0x0a, 0x20, 0x20, 0x7d, 0x20, 0x63, 0x61, 0x74, 0x63, 0x68, 0x20, 0x28, 0x65, 0x72, 0x72, 0x29,
  0x20, 0x7b, 0x0a, 0x20, 0x20, 0x20, 0x20, 0x6c, 0x6f, 0x67, 0x2e, 0x64, 0x65, 0x62, 0x75, 0x67,
  0x28, 0x27, 0x65, 0x72, 0x72, 0x6f, 0x72, 0x20, 0x62, 0x6f, 0x64, 0x79, 0x20, 0x64, 0x72, 0x61,
  0x69, 0x6e, 0x20, 0x66, 0x61, 0x69, 0x6c, 0x65, 0x64, 0x27, 0x2c, 0x20, 0x7b, 0x20, 0x63, 0x6f,
  0x64, 0x65, 0x3a, 0x20, 0x65, 0x72, 0x72, 0x3f, 0x2e, 0x63, 0x6f, 0x64, 0x65, 0x20, 0x3f, 0x3f,
  0x20, 0x27, 0x75, 0x6e, 0x6b, 0x6e, 0x6f, 0x77, 0x6e, 0x27, 0x20, 0x7d, 0x29, 0x3b, 0x0a, 0x20,
  0x20, 0x7d, 0x0a, 0x20, 0x20, 0x72, 0x65, 0x74, 0x75, 0x72, 0x6e, 0x20, 0x6e, 0x65, 0x77, 0x20,
  0x4c, 0x6c, 0x6d, 0x45, 0x72, 0x72, 0x6f, 0x72, 0x28, 0x27, 0x6e, 0x65, 0x74, 0x77, 0x6f, 0x72,
  0x6b, 0x27, 0x2c, 0x20, 0x60, 0x63, 0x68, 0x61, 0x74, 0x2f, 0x63, 0x6f, 0x6d, 0x70, 0x6c, 0x65,
  0x74, 0x69, 0x6f, 0x6e, 0x73, 0x20, 0x73, 0x74, 0x61, 0x74, 0x75, 0x73, 0x20, 0x24, 0x7b, 0x72,
  0x65, 0x73, 0x2e, 0x73, 0x74, 0x61, 0x74, 0x75, 0x73, 0x7d, 0x3a, 0x20, 0x24, 0x7b, 0x64, 0x65,
  0x74, 0x61, 0x69, 0x6c, 0x2e, 0x74, 0x72, 0x69, 0x6d, 0x28, 0x29, 0x7d, 0x60, 0x29, 0x3b, 0x0a,
  0x7d, 0x3b, 0x0a, 0x0a, 0x2f, 0x2a, 0x2a, 0x20, 0x4f, 0x6e, 0x65, 0x20, 0x73, 0x74, 0x72, 0x65,
  0x61, 0x6d, 0x69, 0x6e, 0x67, 0x20, 0x63, 0x68, 0x61, 0x74, 0x20, 0x63, 0x6f, 0x6d, 0x70, 0x6c,
  0x65, 0x74, 0x69, 0x6f, 0x6e, 0x2e, 0x20, 0x41, 0x72, 0x67, 0x73, 0x3a, 0x20, 0x7b, 0x66, 0x65,
  0x74, 0x63, 0x68, 0x49, 0x6d, 0x70, 0x6c, 0x2c, 0x20, 0x62, 0x61, 0x73, 0x65, 0x55, 0x72, 0x6c,
  0x2c, 0x20, 0x61, 0x70, 0x69, 0x4b, 0x65, 0x79, 0x2c, 0x20, 0x6d, 0x6f, 0x64, 0x65, 0x6c, 0x2c,
  0x0a, 0x20, 0x2a, 0x20, 0x6d, 0x65, 0x73, 0x73, 0x61, 0x67, 0x65, 0x73, 0x2c, 0x20, 0x6d, 0x61,
  0x78, 0x54, 0x6f, 0x6b, 0x65, 0x6e, 0x73, 0x2c, 0x20, 0x6f, 0x6e, 0x7d, 0x2e, 0x20, 0x54, 0x68,
  0x65, 0x20, 0x66, 0x65, 0x74, 0x63, 0x68, 0x49, 0x6d, 0x70, 0x6c, 0x20, 0x67, 0x65, 0x74, 0x73,
  0x20, 0x28, 0x75, 0x72, 0x6c, 0x2c, 0x20, 0x7b, 0x6d, 0x65, 0x74, 0x68, 0x6f, 0x64, 0x2c, 0x20,
  0x68, 0x65, 0x61, 0x64, 0x65, 0x72, 0x73, 0x2c, 0x0a, 0x20, 0x2a, 0x20, 0x62, 0x6f, 0x64, 0x79,
  0x7d, 0x29, 0x20, 0x77, 0x69, 0x74, 0x68, 0x20, 0x62, 0x6f, 0x64, 0x79, 0x20, 0x61, 0x73, 0x20,
  0x55, 0x54, 0x46, 0x2d, 0x38, 0x20, 0x62, 0x79, 0x74, 0x65, 0x73, 0x20, 0x28, 0x74, 0x68, 0x65,
  0x20, 0x67, 0x61, 0x74, 0x65, 0x77, 0x61, 0x79, 0x20, 0x68, 0x74, 0x74, 0x70, 0x46, 0x65, 0x74,
  0x63, 0x68, 0x20, 0x73, 0x69, 0x67, 0x6e, 0x61, 0x74, 0x75, 0x72, 0x65, 0x29, 0x2e, 0x0a, 0x20,
  0x2a, 0x20, 0x52, 0x65, 0x73, 0x6f, 0x6c, 0x76, 0x65, 0x73, 0x20, 0x7b, 0x74, 0x65, 0x78, 0x74,
  0x2c, 0x20, 0x72, 0x65, 0x61, 0x73, 0x6f, 0x6e, 0x69, 0x6e, 0x67, 0x2c, 0x20, 0x64, 0x65, 0x6c,
  0x74, 0x61, 0x73, 0x2c, 0x20, 0x72, 0x65, 0x61, 0x73, 0x6f, 0x6e, 0x69, 0x6e, 0x67, 0x44, 0x65,
  0x6c, 0x74, 0x61, 0x73, 0x2c, 0x20, 0x66, 0x69, 0x6e, 0x69, 0x73, 0x68, 0x52, 0x65, 0x61, 0x73,
  0x6f, 0x6e, 0x2c, 0x20, 0x73, 0x65, 0x72, 0x76, 0x65, 0x64, 0x7d, 0x3b, 0x0a, 0x20, 0x2a, 0x20,
  0x72, 0x65, 0x6a, 0x65, 0x63, 0x74, 0x73, 0x20, 0x77, 0x69, 0x74, 0x68, 0x20, 0x4c, 0x6c, 0x6d,
  0x45, 0x72, 0x72, 0x6f, 0x72, 0x20, 0x28, 0x69, 0x6e, 0x76, 0x61, 0x6c, 0x69, 0x64, 0x2f, 0x6e,
  0x65, 0x74, 0x77, 0x6f, 0x72, 0x6b, 0x29, 0x20, 0x6f, 0x72, 0x20, 0x77, 0x68, 0x61, 0x74, 0x65,
  0x76, 0x65, 0x72, 0x20, 0x74, 0x68, 0x65, 0x20, 0x74, 0x72, 0x61, 0x6e, 0x73, 0x70, 0x6f, 0x72,
  0x74, 0x20, 0x74, 0x68, 0x72, 0x65, 0x77, 0x2e, 0x20, 0x2a, 0x2f, 0x0a, 0x65, 0x78, 0x70, 0x6f,
  0x72, 0x74, 0x20, 0x63, 0x6f, 0x6e, 0x73, 0x74, 0x20, 0x73, 0x74, 0x72, 0x65, 0x61, 0x6d, 0x43,
  0x68, 0x61, 0x74, 0x20, 0x3d, 0x20, 0x61, 0x73, 0x79, 0x6e, 0x63, 0x20, 0x28, 0x7b, 0x20, 0x66,
  0x65, 0x74, 0x63, 0x68, 0x49, 0x6d, 0x70, 0x6c, 0x2c, 0x20, 0x62, 0x61, 0x73, 0x65, 0x55, 0x72,
  0x6c, 0x2c, 0x20, 0x61, 0x70, 0x69, 0x4b, 0x65, 0x79, 0x2c, 0x20, 0x6d, 0x6f, 0x64, 0x65, 0x6c,
  0x2c, 0x20, 0x6d, 0x65, 0x73, 0x73, 0x61, 0x67, 0x65, 0x73, 0x2c, 0x20, 0x6d, 0x61, 0x78, 0x54,
  0x6f, 0x6b, 0x65, 0x6e, 0x73, 0x2c, 0x20, 0x6f, 0x6e, 0x20, 0x3d, 0x20, 0x28, 0x29, 0x20, 0x3d,
  0x3e, 0x20, 0x7b, 0x7d, 0x20, 0x7d, 0x29, 0x20, 0x3d, 0x3e, 0x20, 0x7b, 0x0a, 0x20, 0x20, 0x6c,
  0x6f, 0x67, 0x2e, 0x64, 0x65, 0x62, 0x75, 0x67, 0x28, 0x27, 0x73, 0x74, 0x72, 0x65, 0x61, 0x6d,
  0x43, 0x68, 0x61, 0x74, 0x20, 0x62, 0x65, 0x67, 0x69, 0x6e, 0x27, 0x2c, 0x20, 0x7b, 0x20, 0x6d,
  0x6f, 0x64, 0x65, 0x6c, 0x2c, 0x20, 0x6d, 0x65, 0x73, 0x73, 0x61, 0x67, 0x65, 0x73, 0x3a, 0x20,
  0x6d, 0x65, 0x73, 0x73, 0x61, 0x67, 0x65, 0x73, 0x2e, 0x6c, 0x65, 0x6e, 0x67, 0x74, 0x68, 0x2c,
  0x20, 0x6d, 0x61, 0x78, 0x54, 0x6f, 0x6b, 0x65, 0x6e, 0x73, 0x20, 0x7d, 0x29, 0x3b, 0x0a, 0x20,
  0x20, 0x69, 0x66, 0x20, 0x28, 0x74, 0x79, 0x70, 0x65, 0x6f, 0x66, 0x20, 0x66, 0x65, 0x74, 0x63,
  0x68, 0x49, 0x6d, 0x70, 0x6c, 0x20, 0x21, 0x3d, 0x3d, 0x20, 0x27, 0x66, 0x75, 0x6e, 0x63, 0x74,
  0x69, 0x6f, 0x6e, 0x27, 0x29, 0x20, 0x7b, 0x0a, 0x20, 0x20, 0x20, 0x20, 0x74, 0x68, 0x72, 0x6f,
  0x77, 0x20, 0x6e, 0x65, 0x77, 0x20, 0x4c, 0x6c, 0x6d, 0x45, 0x72, 0x72, 0x6f, 0x72, 0x28, 0x27,
  0x69, 0x6e, 0x76, 0x61, 0x6c, 0x69, 0x64, 0x27, 0x2c, 0x20, 0x27, 0x73, 0x74, 0x72, 0x65, 0x61,
  0x6d, 0x43, 0x68, 0x61, 0x74, 0x20, 0x6e, 0x65, 0x65, 0x64, 0x73, 0x20, 0x61, 0x20, 0x66, 0x65,
  0x74, 0x63, 0x68, 0x49, 0x6d, 0x70, 0x6c, 0x27, 0x29, 0x3b, 0x0a, 0x20, 0x20, 0x7d, 0x0a, 0x20,
  0x20, 0x69, 0x66, 0x20, 0x28, 0x21, 0x62, 0x61, 0x73, 0x65, 0x55, 0x72, 0x6c, 0x20, 0x7c, 0x7c,
  0x20, 0x21, 0x61, 0x70, 0x69, 0x4b, 0x65, 0x79, 0x20, 0x7c, 0x7c, 0x20, 0x21, 0x6d, 0x6f, 0x64,
  0x65, 0x6c, 0x20, 0x7c, 0x7c, 0x20, 0x21, 0x41, 0x72, 0x72, 0x61, 0x79, 0x2e, 0x69, 0x73, 0x41,
  0x72, 0x72, 0x61, 0x79, 0x28, 0x6d, 0x65, 0x73, 0x73, 0x61, 0x67, 0x65, 0x73, 0x29, 0x20, 0x7c,
  0x7c, 0x20, 0x6d, 0x65, 0x73, 0x73, 0x61, 0x67, 0x65, 0x73, 0x2e, 0x6c, 0x65, 0x6e, 0x67, 0x74,
  0x68, 0x20, 0x3d, 0x3d, 0x3d, 0x20, 0x30, 0x29, 0x20, 0x7b, 0x0a, 0x20, 0x20, 0x20, 0x20, 0x74,
  0x68, 0x72, 0x6f, 0x77, 0x20, 0x6e, 0x65, 0x77, 0x20, 0x4c, 0x6c, 0x6d, 0x45, 0x72, 0x72, 0x6f,
  0x72, 0x28, 0x27, 0x69, 0x6e, 0x76, 0x61, 0x6c, 0x69, 0x64, 0x27, 0x2c, 0x20, 0x27, 0x73, 0x74,
  0x72, 0x65, 0x61, 0x6d, 0x43, 0x68, 0x61, 0x74, 0x20, 0x6e, 0x65, 0x65, 0x64, 0x73, 0x20, 0x62,
  0x61, 0x73, 0x65, 0x55, 0x72, 0x6c, 0x2c, 0x20, 0x61, 0x70, 0x69, 0x4b, 0x65, 0x79, 0x2c, 0x20,
  0x6d, 0x6f, 0x64, 0x65, 0x6c, 0x2c, 0x20, 0x6d, 0x65, 0x73, 0x73, 0x61, 0x67, 0x65, 0x73, 0x27,
  0x29, 0x3b, 0x0a, 0x20, 0x20, 0x7d, 0x0a, 0x20, 0x20, 0x63, 0x6f, 0x6e, 0x73, 0x74, 0x20, 0x75,
  0x72, 0x6c, 0x20, 0x3d, 0x20, 0x60, 0x24, 0x7b, 0x53, 0x74, 0x72, 0x69, 0x6e, 0x67, 0x28, 0x62,
  0x61, 0x73, 0x65, 0x55, 0x72, 0x6c, 0x29, 0x2e, 0x72, 0x65, 0x70, 0x6c, 0x61, 0x63, 0x65, 0x28,
  0x2f, 0x5c, 0x2f, 0x2b, 0x24, 0x2f, 0x2c, 0x20, 0x27, 0x27, 0x29, 0x7d, 0x2f, 0x63, 0x68, 0x61,
  0x74, 0x2f, 0x63, 0x6f, 0x6d, 0x70, 0x6c, 0x65, 0x74, 0x69, 0x6f, 0x6e, 0x73, 0x60, 0x3b, 0x0a,
  0x20, 0x20, 0x63, 0x6f, 0x6e, 0x73, 0x74, 0x20, 0x62, 0x6f, 0x64, 0x79, 0x20, 0x3d, 0x20, 0x75,
  0x74, 0x66, 0x38, 0x45, 0x6e, 0x63, 0x6f, 0x64, 0x65, 0x28, 0x4a, 0x53, 0x4f, 0x4e, 0x2e, 0x73,
  0x74, 0x72, 0x69, 0x6e, 0x67, 0x69, 0x66, 0x79, 0x28, 0x7b, 0x20, 0x6d, 0x6f, 0x64, 0x65, 0x6c,
  0x2c, 0x20, 0x6d, 0x65, 0x73, 0x73, 0x61, 0x67, 0x65, 0x73, 0x2c, 0x20, 0x73, 0x74, 0x72, 0x65,
  0x61, 0x6d, 0x3a, 0x20, 0x74, 0x72, 0x75, 0x65, 0x2c, 0x20, 0x6d, 0x61, 0x78, 0x5f, 0x74, 0x6f,
  0x6b, 0x65, 0x6e, 0x73, 0x3a, 0x20, 0x6d, 0x61, 0x78, 0x54, 0x6f, 0x6b, 0x65, 0x6e, 0x73, 0x20,
  0x7d, 0x29, 0x29, 0x3b, 0x0a, 0x20, 0x20, 0x6c, 0x6f, 0x67, 0x2e, 0x64, 0x65, 0x62, 0x75, 0x67,
  0x28, 0x27, 0x6c, 0x6c, 0x6d, 0x20, 0x72, 0x65, 0x71, 0x75, 0x65, 0x73, 0x74, 0x27, 0x2c, 0x20,
  0x7b, 0x20, 0x75, 0x72, 0x6c, 0x2c, 0x20, 0x62, 0x79, 0x74, 0x65, 0x73, 0x3a, 0x20, 0x62, 0x6f,
  0x64, 0x79, 0x2e, 0x6c, 0x65, 0x6e, 0x67, 0x74, 0x68, 0x20, 0x7d, 0x29, 0x3b, 0x0a, 0x20, 0x20,
  0x63, 0x6f, 0x6e, 0x73, 0x74, 0x20, 0x72, 0x65, 0x73, 0x20, 0x3d, 0x20, 0x61, 0x77, 0x61, 0x69,
  0x74, 0x20, 0x66, 0x65, 0x74, 0x63, 0x68, 0x49, 0x6d, 0x70, 0x6c, 0x28, 0x75, 0x72, 0x6c, 0x2c,
  0x20, 0x7b, 0x0a, 0x20, 0x20, 0x20, 0x20, 0x6d, 0x65, 0x74, 0x68, 0x6f, 0x64, 0x3a, 0x20, 0x27,
  0x50, 0x4f, 0x53, 0x54, 0x27, 0x2c, 0x0a, 0x20, 0x20, 0x20, 0x20, 0x68, 0x65, 0x61, 0x64, 0x65,
  0x72, 0x73, 0x3a, 0x20, 0x7b, 0x0a, 0x20, 0x20, 0x20, 0x20, 0x20, 0x20, 0x27, 0x43, 0x6f, 0x6e,
  0x74, 0x65, 0x6e, 0x74, 0x2d, 0x54, 0x79, 0x70, 0x65, 0x27, 0x3a, 0x20, 0x27, 0x61, 0x70, 0x70,
  0x6c, 0x69, 0x63, 0x61, 0x74, 0x69, 0x6f, 0x6e, 0x2f, 0x6a, 0x73, 0x6f, 0x6e, 0x27, 0x2c, 0x0a,
  0x20, 0x20, 0x20, 0x20, 0x20, 0x20, 0x41, 0x63, 0x63, 0x65, 0x70, 0x74, 0x3a, 0x20, 0x27, 0x74,
  0x65, 0x78, 0x74, 0x2f, 0x65, 0x76, 0x65, 0x6e, 0x74, 0x2d, 0x73, 0x74, 0x72, 0x65, 0x61, 0x6d,
  0x27, 0x2c, 0x0a, 0x20, 0x20, 0x20, 0x20, 0x20, 0x20, 0x41, 0x75, 0x74, 0x68, 0x6f, 0x72, 0x69,
  0x7a, 0x61, 0x74, 0x69, 0x6f, 0x6e, 0x3a, 0x20, 0x60, 0x42, 0x65, 0x61, 0x72, 0x65, 0x72, 0x20,
  0x24, 0x7b, 0x61, 0x70, 0x69, 0x4b, 0x65, 0x79, 0x7d, 0x60, 0x2c, 0x20, 0x2f, 0x2f, 0x20, 0x4e,
  0x45, 0x56, 0x45, 0x52, 0x20, 0x6c, 0x6f, 0x67, 0x67, 0x65, 0x64, 0x20, 0x28, 0x73, 0x65, 0x65,
  0x20, 0x6d, 0x6f, 0x64, 0x75, 0x6c, 0x65, 0x20, 0x64, 0x6f, 0x63, 0x73, 0x29, 0x0a, 0x20, 0x20,
  0x20, 0x20, 0x7d, 0x2c, 0x0a, 0x20, 0x20, 0x20, 0x20, 0x62, 0x6f, 0x64, 0x79, 0x2c, 0x0a, 0x20,
  0x20, 0x7d, 0x29, 0x3b, 0x0a, 0x20, 0x20, 0x6c, 0x6f, 0x67, 0x2e, 0x64, 0x65, 0x62, 0x75, 0x67,
  0x28, 0x27, 0x6c, 0x6c, 0x6d, 0x20, 0x72, 0x65, 0x73, 0x70, 0x6f, 0x6e, 0x73, 0x65, 0x27, 0x2c,
  0x20, 0x7b, 0x20, 0x73, 0x74, 0x61, 0x74, 0x75, 0x73, 0x3a, 0x20, 0x72, 0x65, 0x73, 0x2e, 0x73,
  0x74, 0x61, 0x74, 0x75, 0x73, 0x20, 0x7d, 0x29, 0x3b, 0x0a, 0x20, 0x20, 0x69, 0x66, 0x20, 0x28,
  0x72, 0x65, 0x73, 0x2e, 0x73, 0x74, 0x61, 0x74, 0x75, 0x73, 0x20, 0x21, 0x3d, 0x3d, 0x20, 0x32,
  0x30, 0x30, 0x29, 0x20, 0x74, 0x68, 0x72, 0x6f, 0x77, 0x20, 0x61, 0x77, 0x61, 0x69, 0x74, 0x20,
  0x73, 0x74, 0x61, 0x74, 0x75, 0x73, 0x45, 0x72, 0x72, 0x6f, 0x72, 0x28, 0x72, 0x65, 0x73, 0x29,
  0x3b, 0x0a, 0x20, 0x20, 0x63, 0x6f, 0x6e, 0x73, 0x74, 0x20, 0x73, 0x74, 0x20, 0x3d, 0x20, 0x7b,
  0x0a, 0x20, 0x20, 0x20, 0x20, 0x6f, 0x6e, 0x2c, 0x20, 0x74, 0x65, 0x78, 0x74, 0x3a, 0x20, 0x27,
  0x27, 0x2c, 0x20, 0x72, 0x65, 0x61, 0x73, 0x6f, 0x6e, 0x69, 0x6e, 0x67, 0x3a, 0x20, 0x27, 0x27,
  0x2c, 0x20, 0x64, 0x65, 0x6c, 0x74, 0x61, 0x73, 0x3a, 0x20, 0x30, 0x2c, 0x20, 0x72, 0x65, 0x61,
  0x73, 0x6f, 0x6e, 0x69, 0x6e, 0x67, 0x44, 0x65, 0x6c, 0x74, 0x61, 0x73, 0x3a, 0x20, 0x30, 0x2c,
  0x0a, 0x20, 0x20, 0x20, 0x20, 0x73, 0x65, 0x72, 0x76, 0x65, 0x64, 0x3a, 0x20, 0x6e, 0x75, 0x6c,
  0x6c, 0x2c, 0x20, 0x66, 0x69, 0x6e, 0x69, 0x73, 0x68, 0x52, 0x65, 0x61, 0x73, 0x6f, 0x6e, 0x3a,
  0x20, 0x6e, 0x75, 0x6c, 0x6c, 0x2c, 0x20, 0x61, 0x62, 0x6f, 0x72, 0x74, 0x65, 0x64, 0x3a, 0x20,
  0x66, 0x61, 0x6c, 0x73, 0x65, 0x2c, 0x0a, 0x20, 0x20, 0x7d, 0x3b, 0x0a, 0x20, 0x20, 0x6f, 0x6e,
  0x28, 0x27, 0x6f, 0x70, 0x65, 0x6e, 0x27, 0x2c, 0x20, 0x7b, 0x0a, 0x20, 0x20, 0x20, 0x20, 0x73,
  0x74, 0x61, 0x74, 0x75, 0x73, 0x3a, 0x20, 0x72, 0x65, 0x73, 0x2e, 0x73, 0x74, 0x61, 0x74, 0x75,
  0x73, 0x2c, 0x0a, 0x20, 0x20, 0x20, 0x20, 0x61, 0x62, 0x6f, 0x72, 0x74, 0x3a, 0x20, 0x28, 0x29,
  0x20, 0x3d, 0x3e, 0x20, 0x7b, 0x0a, 0x20, 0x20, 0x20, 0x20, 0x20, 0x20, 0x73, 0x74, 0x2e, 0x61,
  0x62, 0x6f, 0x72, 0x74, 0x65, 0x64, 0x20, 0x3d, 0x20, 0x74, 0x72, 0x75, 0x65, 0x3b, 0x0a, 0x20,
  0x20, 0x20, 0x20, 0x20, 0x20, 0x6c, 0x6f, 0x67, 0x2e, 0x64, 0x65, 0x62, 0x75, 0x67, 0x28, 0x27,
  0x6c, 0x6c, 0x6d, 0x20, 0x61, 0x62, 0x6f, 0x72, 0x74, 0x20, 0x72, 0x65, 0x71, 0x75, 0x65, 0x73,
  0x74, 0x65, 0x64, 0x27, 0x29, 0x3b, 0x0a, 0x20, 0x20, 0x20, 0x20, 0x20, 0x20, 0x72, 0x65, 0x73,
  0x2e, 0x61, 0x62, 0x6f, 0x72, 0x74, 0x3f, 0x2e, 0x28, 0x29, 0x3b, 0x0a, 0x20, 0x20, 0x20, 0x20,
  0x7d, 0x2c, 0x0a, 0x20, 0x20, 0x7d, 0x29, 0x3b, 0x0a, 0x20, 0x20, 0x61, 0x77, 0x61, 0x69, 0x74,
  0x20, 0x64, 0x72, 0x61, 0x69, 0x6e, 0x53, 0x73, 0x65, 0x28, 0x73, 0x74, 0x2c, 0x20, 0x72, 0x65,
  0x73, 0x29, 0x3b, 0x0a, 0x20, 0x20, 0x6f, 0x6e, 0x28, 0x27, 0x64, 0x6f, 0x6e, 0x65, 0x27, 0x2c,
  0x20, 0x7b, 0x0a, 0x20, 0x20, 0x20, 0x20, 0x64, 0x65, 0x6c, 0x74, 0x61, 0x73, 0x3a, 0x20, 0x73,
  0x74, 0x2e, 0x64, 0x65, 0x6c, 0x74, 0x61, 0x73, 0x2c, 0x20, 0x72, 0x65, 0x61, 0x73, 0x6f, 0x6e,
  0x69, 0x6e, 0x67, 0x44, 0x65, 0x6c, 0x74, 0x61, 0x73, 0x3a, 0x20, 0x73, 0x74, 0x2e, 0x72, 0x65,
  0x61, 0x73, 0x6f, 0x6e, 0x69, 0x6e, 0x67, 0x44, 0x65, 0x6c, 0x74, 0x61, 0x73, 0x2c, 0x20, 0x63,
  0x68, 0x61, 0x72, 0x73, 0x3a, 0x20, 0x73, 0x74, 0x2e, 0x74, 0x65, 0x78, 0x74, 0x2e, 0x6c, 0x65,
  0x6e, 0x67, 0x74, 0x68, 0x2c, 0x0a, 0x20, 0x20, 0x20, 0x20, 0x66, 0x69, 0x6e, 0x69, 0x73, 0x68,
  0x52, 0x65, 0x61, 0x73, 0x6f, 0x6e, 0x3a, 0x20, 0x73, 0x74, 0x2e, 0x66, 0x69, 0x6e, 0x69, 0x73,
  0x68, 0x52, 0x65, 0x61, 0x73, 0x6f, 0x6e, 0x2c, 0x20, 0x73, 0x65, 0x72, 0x76, 0x65, 0x64, 0x3a,
  0x20, 0x73, 0x74, 0x2e, 0x73, 0x65, 0x72, 0x76, 0x65, 0x64, 0x2c, 0x0a, 0x20, 0x20, 0x7d, 0x29,
  0x3b, 0x0a, 0x20, 0x20, 0x6c, 0x6f, 0x67, 0x2e, 0x64, 0x65, 0x62, 0x75, 0x67, 0x28, 0x27, 0x73,
  0x74, 0x72, 0x65, 0x61, 0x6d, 0x43, 0x68, 0x61, 0x74, 0x20, 0x64, 0x6f, 0x6e, 0x65, 0x27, 0x2c,
  0x20, 0x7b, 0x20, 0x64, 0x65, 0x6c, 0x74, 0x61, 0x73, 0x3a, 0x20, 0x73, 0x74, 0x2e, 0x64, 0x65,
  0x6c, 0x74, 0x61, 0x73, 0x2c, 0x20, 0x63, 0x68, 0x61, 0x72, 0x73, 0x3a, 0x20, 0x73, 0x74, 0x2e,
  0x74, 0x65, 0x78, 0x74, 0x2e, 0x6c, 0x65, 0x6e, 0x67, 0x74, 0x68, 0x20, 0x7d, 0x29, 0x3b, 0x0a,
  0x20, 0x20, 0x72, 0x65, 0x74, 0x75, 0x72, 0x6e, 0x20, 0x7b, 0x0a, 0x20, 0x20, 0x20, 0x20, 0x74,
  0x65, 0x78, 0x74, 0x3a, 0x20, 0x73, 0x74, 0x2e, 0x74, 0x65, 0x78, 0x74, 0x2c, 0x20, 0x72, 0x65,
  0x61, 0x73, 0x6f, 0x6e, 0x69, 0x6e, 0x67, 0x3a, 0x20, 0x73, 0x74, 0x2e, 0x72, 0x65, 0x61, 0x73,
  0x6f, 0x6e, 0x69, 0x6e, 0x67, 0x2c, 0x20, 0x64, 0x65, 0x6c, 0x74, 0x61, 0x73, 0x3a, 0x20, 0x73,
  0x74, 0x2e, 0x64, 0x65, 0x6c, 0x74, 0x61, 0x73, 0x2c, 0x0a, 0x20, 0x20, 0x20, 0x20, 0x72, 0x65,
  0x61, 0x73, 0x6f, 0x6e, 0x69, 0x6e, 0x67, 0x44, 0x65, 0x6c, 0x74, 0x61, 0x73, 0x3a, 0x20, 0x73,
  0x74, 0x2e, 0x72, 0x65, 0x61, 0x73, 0x6f, 0x6e, 0x69, 0x6e, 0x67, 0x44, 0x65, 0x6c, 0x74, 0x61,
  0x73, 0x2c, 0x20, 0x66, 0x69, 0x6e, 0x69, 0x73, 0x68, 0x52, 0x65, 0x61, 0x73, 0x6f, 0x6e, 0x3a,
  0x20, 0x73, 0x74, 0x2e, 0x66, 0x69, 0x6e, 0x69, 0x73, 0x68, 0x52, 0x65, 0x61, 0x73, 0x6f, 0x6e,
  0x2c, 0x20, 0x73, 0x65, 0x72, 0x76, 0x65, 0x64, 0x3a, 0x20, 0x73, 0x74, 0x2e, 0x73, 0x65, 0x72,
  0x76, 0x65, 0x64, 0x2c, 0x0a, 0x20, 0x20, 0x7d, 0x3b, 0x0a, 0x7d, 0x3b, 0x0a,
  0x00
};

/* runtime/spike/scenario/m2-llm.js (12161 bytes) */
static const unsigned char DSH_SCENARIO_M2_LLM_JS[] = {
  0x2f, 0x2a, 0x2a, 0x0a, 0x20, 0x2a, 0x20, 0x4d, 0x32, 0x20, 0x72, 0x65, 0x61, 0x6c, 0x2d, 0x4c,
  0x4c, 0x4d, 0x20, 0x73, 0x63, 0x65, 0x6e, 0x61, 0x72, 0x69, 0x6f, 0x20, 0x60, 0x6d, 0x32, 0x2e,
  0x6c, 0x6c, 0x6d, 0x60, 0x20, 0xe2, 0x80, 0x94, 0x20, 0x6f, 0x6e, 0x65, 0x20, 0x73, 0x74, 0x72,
  0x65, 0x61, 0x6d, 0x69, 0x6e, 0x67, 0x20, 0x63, 0x68, 0x61, 0x74, 0x20, 0x74, 0x75, 0x72, 0x6e,
  0x20, 0x61, 0x67, 0x61, 0x69, 0x6e, 0x73, 0x74, 0x20, 0x61, 0x6e, 0x0a, 0x20, 0x2a, 0x20, 0x4f,
  0x70, 0x65, 0x6e, 0x41, 0x49, 0x2d, 0x63, 0x6f, 0x6d, 0x70, 0x61, 0x74, 0x69, 0x62, 0x6c, 0x65,
  0x20, 0x62, 0x61, 0x63, 0x6b, 0x65, 0x6e, 0x64, 0x20, 0x54, 0x48, 0x52, 0x4f, 0x55, 0x47, 0x48,
  0x20, 0x74, 0x68, 0x65, 0x20, 0x67, 0x61, 0x74, 0x65, 0x77, 0x61, 0x79, 0x2c, 0x20, 0x63, 0x6c,
  0x6f, 0x73, 0x69, 0x6e, 0x67, 0x20, 0x74, 0x68, 0x65, 0x20, 0x22, 0x6d, 0x6f, 0x63, 0x6b, 0x20,
  0x4c, 0x4c, 0x4d, 0x22, 0x0a, 0x20, 0x2a, 0x20, 0x67, 0x61, 0x70, 0x20, 0x74, 0x68, 0x65, 0x20,
  0x6d, 0x32, 0x2e, 0x73, 0x65, 0x73, 0x73, 0x69, 0x6f, 0x6e, 0x20, 0x73, 0x63, 0x65, 0x6e, 0x61,
  0x72, 0x69, 0x6f, 0x20, 0x6c, 0x65, 0x66, 0x74, 0x20, 0x6f, 0x70, 0x65, 0x6e, 0x2e, 0x20, 0x54,
  0x68, 0x65, 0x20, 0x73, 0x63, 0x65, 0x6e, 0x61, 0x72, 0x69, 0x6f, 0x20, 0x69, 0x73, 0x20, 0x31,
  0x30, 0x30, 0x25, 0x0a, 0x20, 0x2a, 0x20, 0x70, 0x6c, 0x61, 0x74, 0x66, 0x6f, 0x72, 0x6d, 0x2d,
  0x6e, 0x65, 0x75, 0x74, 0x72, 0x61, 0x6c, 0x3b, 0x20, 0x74, 0x68, 0x65, 0x20, 0x4c, 0x45, 0x47,
  0x20, 0x69, 0x73, 0x20, 0x6e, 0x65, 0x67, 0x6f, 0x74, 0x69, 0x61, 0x74, 0x65, 0x64, 0x20, 0x66,
  0x72, 0x6f, 0x6d, 0x20, 0x74, 0x68, 0x65, 0x20, 0x52, 0x75, 0x6e, 0x74, 0x69, 0x6d, 0x65, 0x44,
  0x65, 0x73, 0x63, 0x72, 0x69, 0x70, 0x74, 0x6f, 0x72, 0x0a, 0x20, 0x2a, 0x20, 0x28, 0x63, 0x61,
  0x70, 0x61, 0x62, 0x69, 0x6c, 0x69, 0x74, 0x79, 0x20, 0x6e, 0x65, 0x67, 0x6f, 0x74, 0x69, 0x61,
  0x74, 0x69, 0x6f, 0x6e, 0x2c, 0x20, 0x6e, 0x65, 0x76, 0x65, 0x72, 0x20, 0x61, 0x20, 0x68, 0x6f,
  0x73, 0x74, 0x54, 0x79, 0x70, 0x65, 0x20, 0x62, 0x72, 0x61, 0x6e, 0x63, 0x68, 0x29, 0x3a, 0x0a,
  0x20, 0x2a, 0x0a, 0x20, 0x2a, 0x20, 0x20, 0x20, 0x2d, 0x20, 0x64, 0x65, 0x73, 0x63, 0x72, 0x69,
  0x70, 0x74, 0x6f, 0x72, 0x20, 0x6f, 0x66, 0x66, 0x65, 0x72, 0x73, 0x20, 0x60, 0x68, 0x74, 0x74,
  0x70, 0x46, 0x65, 0x74, 0x63, 0x68, 0x60, 0x20, 0x28, 0x69, 0x4f, 0x53, 0x20, 0x2f, 0x20, 0x41,
  0x6e, 0x64, 0x72, 0x6f, 0x69, 0x64, 0x20, 0x63, 0x61, 0x72, 0x72, 0x69, 0x65, 0x72, 0x73, 0x29,
  0x20, 0xe2, 0x86, 0x92, 0x20, 0x52, 0x45, 0x41, 0x4c, 0x20, 0x6c, 0x65, 0x67, 0x3a, 0x0a, 0x20,
  0x2a, 0x20, 0x20, 0x20, 0x20, 0x20, 0x74, 0x68, 0x65, 0x20, 0x74, 0x75, 0x72, 0x6e, 0x20, 0x73,
  0x74, 0x72, 0x65, 0x61, 0x6d, 0x73, 0x20, 0x66, 0x72, 0x6f, 0x6d, 0x20, 0x74, 0x68, 0x65, 0x20,
  0x63, 0x6f, 0x6e, 0x66, 0x69, 0x67, 0x75, 0x72, 0x65, 0x64, 0x20, 0x62, 0x61, 0x63, 0x6b, 0x65,
  0x6e, 0x64, 0x2e, 0x20, 0x43, 0x72, 0x65, 0x64, 0x65, 0x6e, 0x74, 0x69, 0x61, 0x6c, 0x73, 0x20,
  0x63, 0x6f, 0x6d, 0x65, 0x20, 0x66, 0x72, 0x6f, 0x6d, 0x0a, 0x20, 0x2a, 0x20, 0x20, 0x20, 0x20,
  0x20, 0x60, 0x6d, 0x32, 0x2d, 0x6c, 0x6c, 0x6d, 0x2f, 0x63, 0x6f, 0x6e, 0x66, 0x69, 0x67, 0x2e,
  0x6a, 0x73, 0x6f, 0x6e, 0x60, 0x20, 0x69, 0x6e, 0x20, 0x66, 0x73, 0x20, 0x73, 0x63, 0x6f, 0x70,
  0x65, 0x20, 0x22, 0x61, 0x70, 0x70, 0x22, 0x20, 0x28, 0x7b, 0x62, 0x61, 0x73, 0x65, 0x55, 0x72,
  0x6c, 0x2c, 0x20, 0x61, 0x70, 0x69, 0x4b, 0x65, 0x79, 0x2c, 0x20, 0x6d, 0x6f, 0x64, 0x65, 0x6c,
  0x7d, 0x20, 0xe2, 0x80, 0x94, 0x0a, 0x20, 0x2a, 0x20, 0x20, 0x20, 0x20, 0x20, 0x77, 0x72, 0x69,
  0x74, 0x74, 0x65, 0x6e, 0x20, 0x62, 0x79, 0x20, 0x74, 0x68, 0x65, 0x20, 0x45, 0x32, 0x45, 0x20,
  0x72, 0x75, 0x6e, 0x6e, 0x65, 0x72, 0x20, 0x62, 0x65, 0x66, 0x6f, 0x72, 0x65, 0x20, 0x6c, 0x61,
  0x75, 0x6e, 0x63, 0x68, 0x3b, 0x20, 0x4d, 0x49, 0x53, 0x53, 0x49, 0x4e, 0x47, 0x20, 0x63, 0x6f,
  0x6e, 0x66, 0x69, 0x67, 0x20, 0x66, 0x61, 0x69, 0x6c, 0x73, 0x20, 0x6c, 0x6f, 0x75, 0x64, 0x2c,
  0x0a, 0x20, 0x2a, 0x20, 0x20, 0x20, 0x20, 0x20, 0x72, 0x75, 0x6c, 0x65, 0x20, 0x35, 0x29, 0x2e,
  0x20, 0x54, 0x68, 0x65, 0x20, 0x73, 0x65, 0x72, 0x76, 0x65, 0x64, 0x20, 0x6d, 0x6f, 0x64, 0x65,
  0x6c, 0x20, 0x6e, 0x61, 0x6d, 0x65, 0x20, 0x69, 0x73, 0x20, 0x6c, 0x6f, 0x67, 0x67, 0x65, 0x64,
  0x20, 0x61, 0x73, 0x20, 0x74, 0x68, 0x65, 0x20, 0x73, 0x65, 0x72, 0x76, 0x65, 0x72, 0x20, 0x72,
  0x65, 0x70, 0x6f, 0x72, 0x74, 0x73, 0x20, 0x69, 0x74, 0x0a, 0x20, 0x2a, 0x20, 0x20, 0x20, 0x20,
  0x20, 0x28, 0x69, 0x74, 0x20, 0x6d, 0x61, 0x79, 0x20, 0x64, 0x69, 0x66, 0x66, 0x65, 0x72, 0x20,
  0x66, 0x72, 0x6f, 0x6d, 0x20, 0x74, 0x68, 0x65, 0x20, 0x72, 0x65, 0x71, 0x75, 0x65, 0x73, 0x74,
  0x65, 0x64, 0x20, 0x6f, 0x6e, 0x65, 0x29, 0x2e, 0x0a, 0x20, 0x2a, 0x20, 0x20, 0x20, 0x2d, 0x20,
  0x64, 0x65, 0x73, 0x63, 0x72, 0x69, 0x70, 0x74, 0x6f, 0x72, 0x20, 0x64, 0x65, 0x63, 0x6c, 0x61,
  0x72, 0x65, 0x73, 0x20, 0x60, 0x68, 0x74, 0x74, 0x70, 0x46, 0x65, 0x74, 0x63, 0x68, 0x60, 0x20,
  0x75, 0x6e, 0x61, 0x76, 0x61, 0x69, 0x6c, 0x61, 0x62, 0x6c, 0x65, 0x20, 0x28, 0x74, 0x68, 0x65,
  0x20, 0x64, 0x65, 0x73, 0x6b, 0x74, 0x6f, 0x70, 0x20, 0x43, 0x4c, 0x49, 0x20, 0x73, 0x6d, 0x6f,
  0x6b, 0x65, 0x0a, 0x20, 0x2a, 0x20, 0x20, 0x20, 0x20, 0x20, 0x62, 0x61, 0x63, 0x6b, 0x65, 0x6e,
  0x64, 0x29, 0x20, 0xe2, 0x86, 0x92, 0x20, 0x53, 0x43, 0x52, 0x49, 0x50, 0x54, 0x45, 0x44, 0x20,
  0x6c, 0x65, 0x67, 0x3a, 0x20, 0x61, 0x20, 0x73, 0x63, 0x72, 0x69, 0x70, 0x74, 0x65, 0x64, 0x20,
  0x53, 0x53, 0x45, 0x20, 0x74, 0x72, 0x61, 0x6e, 0x73, 0x70, 0x6f, 0x72, 0x74, 0x20, 0x28, 0x74,
  0x68, 0x65, 0x20, 0x69, 0x6e, 0x73, 0x74, 0x61, 0x6c, 0x6c, 0x2d, 0x66, 0x65, 0x74, 0x63, 0x68,
  0x0a, 0x20, 0x2a, 0x20, 0x20, 0x20, 0x20, 0x20, 0x73, 0x74, 0x75, 0x62, 0x27, 0x73, 0x20, 0x70,
  0x72, 0x6f, 0x64, 0x75, 0x63, 0x74, 0x69, 0x6f, 0x6e, 0x20, 0x74, 0x77, 0x69, 0x6e, 0x29, 0x20,
  0x66, 0x65, 0x65, 0x64, 0x73, 0x20, 0x74, 0x68, 0x65, 0x20, 0x53, 0x41, 0x4d, 0x45, 0x20, 0x63,
  0x6c, 0x69, 0x65, 0x6e, 0x74, 0x20, 0x63, 0x6f, 0x64, 0x65, 0x20, 0x70, 0x61, 0x74, 0x68, 0x20,
  0xe2, 0x80, 0x94, 0x20, 0x70, 0x61, 0x72, 0x74, 0x69, 0x61, 0x6c, 0x0a, 0x20, 0x2a, 0x20, 0x20,
  0x20, 0x20, 0x20, 0x6c, 0x69, 0x6e, 0x65, 0x73, 0x2c, 0x20, 0x6f, 0x64, 0x64, 0x20, 0x63, 0x68,
  0x75, 0x6e, 0x6b, 0x20, 0x62, 0x6f, 0x75, 0x6e, 0x64, 0x61, 0x72, 0x69, 0x65, 0x73, 0x2c, 0x20,
  0x61, 0x20, 0x72, 0x65, 0x61, 0x73, 0x6f, 0x6e, 0x69, 0x6e, 0x67, 0x20, 0x64, 0x65, 0x6c, 0x74,
  0x61, 0x20, 0x62, 0x65, 0x66, 0x6f, 0x72, 0x65, 0x20, 0x74, 0x68, 0x65, 0x20, 0x63, 0x6f, 0x6e,
  0x74, 0x65, 0x6e, 0x74, 0x0a, 0x20, 0x2a, 0x20, 0x20, 0x20, 0x20, 0x20, 0x64, 0x65, 0x6c, 0x74,
  0x61, 0x73, 0x20, 0xe2, 0x80, 0x94, 0x20, 0x77, 0x69, 0x74, 0x68, 0x20, 0x61, 0x20, 0x4e, 0x4f,
  0x4e, 0x2d, 0x53, 0x45, 0x43, 0x52, 0x45, 0x54, 0x20, 0x66, 0x69, 0x78, 0x74, 0x75, 0x72, 0x65,
  0x20, 0x6b, 0x65, 0x79, 0x2c, 0x20, 0x73, 0x6f, 0x20, 0x74, 0x68, 0x65, 0x20, 0x6b, 0x65, 0x79,
  0x2d, 0x6c, 0x65, 0x61, 0x6b, 0x20, 0x61, 0x75, 0x64, 0x69, 0x74, 0x20, 0x69, 0x74, 0x73, 0x65,
  0x6c, 0x66, 0x0a, 0x20, 0x2a, 0x20, 0x20, 0x20, 0x20, 0x20, 0x69, 0x73, 0x20, 0x75, 0x6e, 0x64,
  0x65, 0x72, 0x20, 0x74, 0x65, 0x73, 0x74, 0x20, 0x69, 0x6e, 0x20, 0x43, 0x49, 0x2e, 0x0a, 0x20,
  0x2a, 0x0a, 0x20, 0x2a, 0x20, 0x45, 0x76, 0x65, 0x6e, 0x74, 0x20, 0x73, 0x68, 0x61, 0x70, 0x65,
  0x73, 0x20, 0x61, 0x72, 0x65, 0x20, 0x74, 0x68, 0x65, 0x20, 0x6d, 0x32, 0x2e, 0x73, 0x65, 0x73,
  0x73, 0x69, 0x6f, 0x6e, 0x20, 0x76, 0x6f, 0x63, 0x61, 0x62, 0x75, 0x6c, 0x61, 0x72, 0x79, 0x2c,
  0x20, 0x62, 0x79, 0x74, 0x65, 0x2d, 0x66, 0x6f, 0x72, 0x2d, 0x62, 0x79, 0x74, 0x65, 0x3a, 0x20,
  0x61, 0x67, 0x65, 0x6e, 0x74, 0x2e, 0x73, 0x74, 0x61, 0x72, 0x74, 0x65, 0x64, 0x2c, 0x0a, 0x20,
  0x2a, 0x20, 0x6c, 0x6c, 0x6d, 0x2e, 0x73, 0x74, 0x72, 0x65, 0x61, 0x6d, 0x2e, 0x73, 0x74, 0x61,
  0x72, 0x74, 0x65, 0x64, 0x2c, 0x20, 0x6c, 0x6c, 0x6d, 0x2e, 0x64, 0x65, 0x6c, 0x74, 0x61, 0x20,
  0x7b, 0x69, 0x6e, 0x64, 0x65, 0x78, 0x2c, 0x20, 0x74, 0x65, 0x78, 0x74, 0x7d, 0x2c, 0x20, 0x6c,
  0x6c, 0x6d, 0x2e, 0x73, 0x74, 0x72, 0x65, 0x61, 0x6d, 0x2e, 0x63, 0x6f, 0x6d, 0x70, 0x6c, 0x65,
  0x74, 0x65, 0x64, 0x20, 0xe2, 0x80, 0x94, 0x20, 0x70, 0x6c, 0x75, 0x73, 0x0a, 0x20, 0x2a, 0x20,
  0x6c, 0x6c, 0x6d, 0x2e, 0x72, 0x65, 0x61, 0x73, 0x6f, 0x6e, 0x69, 0x6e, 0x67, 0x2e, 0x64, 0x65,
  0x6c, 0x74, 0x61, 0x20, 0x66, 0x6f, 0x72, 0x20, 0x72, 0x65, 0x61, 0x73, 0x6f, 0x6e, 0x69, 0x6e,
  0x67, 0x5f, 0x63, 0x6f, 0x6e, 0x74, 0x65, 0x6e, 0x74, 0x20, 0x61, 0x6e, 0x64, 0x20, 0x6c, 0x65,
  0x67, 0x2f, 0x63, 0x6f, 0x6e, 0x66, 0x69, 0x67, 0x2f, 0x61, 0x75, 0x64, 0x69, 0x74, 0x20, 0x65,
  0x76, 0x69, 0x64, 0x65, 0x6e, 0x63, 0x65, 0x0a, 0x20, 0x2a, 0x20, 0x65, 0x76, 0x65, 0x6e, 0x74,
  0x73, 0x2e, 0x20, 0x54, 0x68, 0x65, 0x20, 0x41, 0x50, 0x49, 0x20, 0x6b, 0x65, 0x79, 0x20, 0x4e,
  0x45, 0x56, 0x45, 0x52, 0x20, 0x65, 0x6e, 0x74, 0x65, 0x72, 0x73, 0x20, 0x61, 0x20, 0x6c, 0x6f,
  0x67, 0x20, 0x6c, 0x69, 0x6e, 0x65, 0x3a, 0x20, 0x65, 0x76, 0x65, 0x72, 0x79, 0x20, 0x6c, 0x6f,
  0x67, 0x2d, 0x73, 0x69, 0x6e, 0x6b, 0x20, 0x6c, 0x69, 0x6e, 0x65, 0x20, 0x69, 0x73, 0x0a, 0x20,
  0x2a, 0x20, 0x61, 0x75, 0x64, 0x69, 0x74, 0x65, 0x64, 0x20, 0x66, 0x6f, 0x72, 0x20, 0x74, 0x68,
  0x65, 0x20, 0x61, 0x63, 0x74, 0x69, 0x76, 0x65, 0x20, 0x6b, 0x65, 0x79, 0x20, 0x73, 0x74, 0x72,
  0x69, 0x6e, 0x67, 0x20, 0x28, 0x74, 0x68, 0x65, 0x20, 0x6c, 0x65, 0x67, 0x27, 0x73, 0x20, 0x72,
  0x65, 0x61, 0x6c, 0x20, 0x6b, 0x65, 0x79, 0x2c, 0x20, 0x6f, 0x72, 0x20, 0x74, 0x68, 0x65, 0x20,
  0x66, 0x69, 0x78, 0x74, 0x75, 0x72, 0x65, 0x0a, 0x20, 0x2a, 0x20, 0x6b, 0x65, 0x79, 0x20, 0x6f,
  0x6e, 0x20, 0x74, 0x68, 0x65, 0x20, 0x73, 0x63, 0x72, 0x69, 0x70, 0x74, 0x65, 0x64, 0x20, 0x6c,
  0x65, 0x67, 0x29, 0x20, 0x61, 0x6e, 0x64, 0x20, 0x61, 0x20, 0x6c, 0x65, 0x61, 0x6b, 0x20, 0x66,
  0x61, 0x69, 0x6c, 0x73, 0x20, 0x74, 0x68, 0x65, 0x20, 0x73, 0x63, 0x65, 0x6e, 0x61, 0x72, 0x69,
  0x6f, 0x20, 0x28, 0x72, 0x75, 0x6c, 0x65, 0x20, 0x35, 0x29, 0x3b, 0x20, 0x74, 0x68, 0x65, 0x0a,
  0x20, 0x2a, 0x20, 0x72, 0x75, 0x6e, 0x6e, 0x65, 0x72, 0x73, 0x20, 0x72, 0x65, 0x2d, 0x63, 0x68,
  0x65, 0x63, 0x6b, 0x20, 0x74, 0x68, 0x65, 0x20, 0x63, 0x61, 0x70, 0x74, 0x75, 0x72, 0x65, 0x64,
  0x20, 0x70, 0x6c, 0x61, 0x74, 0x66, 0x6f, 0x72, 0x6d, 0x20, 0x6c, 0x6f, 0x67, 0x20, 0x6f, 0x75,
  0x74, 0x20, 0x6f, 0x66, 0x20, 0x62, 0x61, 0x6e, 0x64, 0x2e, 0x0a, 0x20, 0x2a, 0x0a, 0x20, 0x2a,
  0x20, 0x45, 0x78, 0x70, 0x65, 0x63, 0x74, 0x65, 0x64, 0x20, 0x65, 0x76, 0x65, 0x6e, 0x74, 0x73,
  0x2c, 0x20, 0x69, 0x6e, 0x20, 0x6f, 0x72, 0x64, 0x65, 0x72, 0x2c, 0x20, 0x6c, 0x69, 0x76, 0x65,
  0x20, 0x69, 0x6e, 0x20, 0x74, 0x6f, 0x6f, 0x6c, 0x73, 0x2f, 0x65, 0x32, 0x65, 0x2f, 0x73, 0x63,
  0x65, 0x6e, 0x61, 0x72, 0x69, 0x6f, 0x73, 0x2f, 0x6d, 0x32, 0x2d, 0x6c, 0x6c, 0x6d, 0x2e, 0x6a,
  0x73, 0x6f, 0x6e, 0x0a, 0x20, 0x2a, 0x20, 0x28, 0x73, 0x63, 0x72, 0x69, 0x70, 0x74, 0x65, 0x64,
  0x20, 0x6c, 0x65, 0x67, 0x29, 0x20, 0x2f, 0x20, 0x6d, 0x32, 0x2d, 0x6c, 0x6c, 0x6d, 0x2d, 0x64,
  0x65, 0x76, 0x69, 0x63, 0x65, 0x2e, 0x6a, 0x73, 0x6f, 0x6e, 0x20, 0x28, 0x72, 0x65, 0x61, 0x6c,
  0x20, 0x6c, 0x65, 0x67, 0x2c, 0x20, 0x64, 0x65, 0x6c, 0x74, 0x61, 0x2d, 0x63, 0x6f, 0x75, 0x6e,
  0x74, 0x2d, 0x61, 0x67, 0x6e, 0x6f, 0x73, 0x74, 0x69, 0x63, 0x20, 0x76, 0x69, 0x61, 0x0a, 0x20,
  0x2a, 0x20, 0x74, 0x68, 0x65, 0x20, 0x63, 0x68, 0x65, 0x63, 0x6b, 0x65, 0x72, 0x27, 0x73, 0x20,
  0x72, 0x65, 0x70, 0x65, 0x61, 0x74, 0x20, 0x65, 0x78, 0x70, 0x65, 0x63, 0x74, 0x61, 0x74, 0x69,
  0x6f, 0x6e, 0x73, 0x29, 0x3b, 0x20, 0x63, 0x61, 0x72, 0x72, 0x69, 0x65, 0x72, 0x2d, 0x73, 0x69,
  0x64, 0x65, 0x20, 0x65, 0x76, 0x69, 0x64, 0x65, 0x6e, 0x63, 0x65, 0x20, 0x72, 0x69, 0x64, 0x65,
  0x73, 0x20, 0x73, 0x63, 0x65, 0x6e, 0x61, 0x72, 0x69, 0x6f, 0x0a, 0x20, 0x2a, 0x20, 0x60, 0x6d,
  0x32, 0x2e, 0x6c, 0x6c, 0x6d, 0x2e, 0x63, 0x61, 0x72, 0x72, 0x69, 0x65, 0x72, 0x60, 0x20, 0x28,
  0x6d, 0x32, 0x2d, 0x6c, 0x6c, 0x6d, 0x2d, 0x63, 0x61, 0x72, 0x72, 0x69, 0x65, 0x72, 0x2e, 0x6a,
  0x73, 0x6f, 0x6e, 0x29, 0x2e, 0x0a, 0x20, 0x2a, 0x2f, 0x0a, 0x69, 0x6d, 0x70, 0x6f, 0x72, 0x74,
  0x20, 0x7b, 0x20, 0x63, 0x72, 0x65, 0x61, 0x74, 0x65, 0x4c, 0x6f, 0x67, 0x67, 0x65, 0x72, 0x20,
  0x7d, 0x20, 0x66, 0x72, 0x6f, 0x6d, 0x20, 0x27, 0x6c, 0x6f, 0x67, 0x67, 0x65, 0x72, 0x2e, 0x6a,
  0x73, 0x27, 0x3b, 0x0a, 0x69, 0x6d, 0x70, 0x6f, 0x72, 0x74, 0x20, 0x7b, 0x20, 0x66, 0x73, 0x52,
  0x65, 0x61, 0x64, 0x2c, 0x20, 0x68, 0x74, 0x74, 0x70, 0x46, 0x65, 0x74, 0x63, 0x68, 0x2c, 0x20,
  0x6f, 0x6e, 0x45, 0x76, 0x65, 0x6e, 0x74, 0x20, 0x7d, 0x20, 0x66, 0x72, 0x6f, 0x6d, 0x20, 0x27,
  0x67, 0x61, 0x74, 0x65, 0x77, 0x61, 0x79, 0x2e, 0x6a, 0x73, 0x27, 0x3b, 0x0a, 0x69, 0x6d, 0x70,
  0x6f, 0x72, 0x74, 0x20, 0x7b, 0x20, 0x73, 0x74, 0x72, 0x65, 0x61, 0x6d, 0x43, 0x68, 0x61, 0x74,
  0x2c, 0x20, 0x75, 0x74, 0x66, 0x38, 0x44, 0x65, 0x63, 0x6f, 0x64, 0x65, 0x2c, 0x20, 0x75, 0x74,
  0x66, 0x38, 0x45, 0x6e, 0x63, 0x6f, 0x64, 0x65, 0x20, 0x7d, 0x20, 0x66, 0x72, 0x6f, 0x6d, 0x20,
  0x27, 0x6c, 0x6c, 0x6d, 0x2e, 0x6a, 0x73, 0x27, 0x3b, 0x0a, 0x0a, 0x63, 0x6f, 0x6e, 0x73, 0x74,
  0x20, 0x53, 0x43, 0x45, 0x4e, 0x41, 0x52, 0x49, 0x4f, 0x20, 0x3d, 0x20, 0x27, 0x6d, 0x32, 0x2e,
  0x6c, 0x6c, 0x6d, 0x27, 0x3b, 0x0a, 0x63, 0x6f, 0x6e, 0x73, 0x74, 0x20, 0x43, 0x4f, 0x4e, 0x46,
  0x49, 0x47, 0x5f, 0x50, 0x41, 0x54, 0x48, 0x20, 0x3d, 0x20, 0x27, 0x6d, 0x32, 0x2d, 0x6c, 0x6c,
  0x6d, 0x2f, 0x63, 0x6f, 0x6e, 0x66, 0x69, 0x67, 0x2e, 0x6a, 0x73, 0x6f, 0x6e, 0x27, 0x3b, 0x0a,
  0x63, 0x6f, 0x6e, 0x73, 0x74, 0x20, 0x53, 0x45, 0x53, 0x53, 0x49, 0x4f, 0x4e, 0x5f, 0x49, 0x44,
  0x20, 0x3d, 0x20, 0x27, 0x73, 0x2d, 0x6d, 0x32, 0x2d, 0x6c, 0x6c, 0x6d, 0x2d, 0x30, 0x30, 0x30,
  0x31, 0x27, 0x3b, 0x0a, 0x63, 0x6f, 0x6e, 0x73, 0x74, 0x20, 0x50, 0x52, 0x4f, 0x4d, 0x50, 0x54,
  0x20, 0x3d, 0x20, 0x27, 0x52, 0x65, 0x70, 0x6c, 0x79, 0x20, 0x77, 0x69, 0x74, 0x68, 0x20, 0x61,
  0x20, 0x74, 0x77, 0x6f, 0x2d, 0x73, 0x65, 0x6e, 0x74, 0x65, 0x6e, 0x63, 0x65, 0x20, 0x67, 0x72,
  0x65, 0x65, 0x74, 0x69, 0x6e, 0x67, 0x20, 0x61, 0x6e, 0x64, 0x20, 0x6e, 0x6f, 0x74, 0x68, 0x69,
  0x6e, 0x67, 0x20, 0x65, 0x6c, 0x73, 0x65, 0x2e, 0x27, 0x3b, 0x0a, 0x63, 0x6f, 0x6e, 0x73, 0x74,
  0x20, 0x53, 0x43, 0x52, 0x49, 0x50, 0x54, 0x5f, 0x4b, 0x45, 0x59, 0x20, 0x3d, 0x20, 0x27, 0x73,
  0x6b, 0x2d, 0x73, 0x63, 0x72, 0x69, 0x70, 0x74, 0x65, 0x64, 0x2d, 0x66, 0x69, 0x78, 0x74, 0x75,
  0x72, 0x65, 0x2d, 0x6b, 0x65, 0x79, 0x2d, 0x6e, 0x6f, 0x74, 0x2d, 0x61, 0x2d, 0x73, 0x65, 0x63,
  0x72, 0x65, 0x74, 0x27, 0x3b, 0x0a, 0x63, 0x6f, 0x6e, 0x73, 0x74, 0x20, 0x53, 0x43, 0x52, 0x49,
  0x50, 0x54, 0x5f, 0x42, 0x41, 0x53, 0x45, 0x20, 0x3d, 0x20, 0x27, 0x73, 0x63, 0x72, 0x69, 0x70,
  0x74, 0x65, 0x64, 0x3a, 0x2f, 0x2f, 0x6d, 0x32, 0x2d, 0x6c, 0x6c, 0x6d, 0x27, 0x3b, 0x0a, 0x63,
  0x6f, 0x6e, 0x73, 0x74, 0x20, 0x53, 0x43, 0x52, 0x49, 0x50, 0x54, 0x5f, 0x4d, 0x4f, 0x44, 0x45,
  0x4c, 0x20, 0x3d, 0x20, 0x27, 0x73, 0x63, 0x72, 0x69, 0x70, 0x74, 0x65, 0x64, 0x27, 0x3b, 0x0a,
  0x63, 0x6f, 0x6e, 0x73, 0x74, 0x20, 0x53, 0x43, 0x52, 0x49, 0x50, 0x54, 0x5f, 0x53, 0x45, 0x52,
  0x56, 0x45, 0x44, 0x20, 0x3d, 0x20, 0x27, 0x73, 0x63, 0x72, 0x69, 0x70, 0x74, 0x65, 0x64, 0x2d,
  0x66, 0x69, 0x78, 0x74, 0x75, 0x72, 0x65, 0x27, 0x3b, 0x0a, 0x63, 0x6f, 0x6e, 0x73, 0x74, 0x20,
  0x54, 0x48, 0x49, 0x4e, 0x4b, 0x49, 0x4e, 0x47, 0x20, 0x3d, 0x20, 0x27, 0x50, 0x6f, 0x6e, 0x64,
  0x65, 0x72, 0x69, 0x6e, 0x67, 0x20, 0x74, 0x68, 0x65, 0x20, 0x67, 0x72, 0x65, 0x65, 0x74, 0x69,
  0x6e, 0x67, 0x2e, 0x27, 0x3b, 0x0a, 0x63, 0x6f, 0x6e, 0x73, 0x74, 0x20, 0x47, 0x52, 0x45, 0x45,
  0x54, 0x49, 0x4e, 0x47, 0x20, 0x3d, 0x20, 0x5b, 0x27, 0x48, 0x65, 0x6c, 0x6c, 0x6f, 0x27, 0x2c,
  0x20, 0x27, 0x20, 0x66, 0x72, 0x6f, 0x6d, 0x27, 0x2c, 0x20, 0x27, 0x20, 0x74, 0x68, 0x65, 0x27,
  0x2c, 0x20, 0x27, 0x20, 0x72, 0x65, 0x61, 0x6c, 0x27, 0x2c, 0x20, 0x27, 0x20, 0x4c, 0x4c, 0x4d,
  0x27, 0x2c, 0x20, 0x27, 0x20, 0x62, 0x61, 0x63, 0x6b, 0x65, 0x6e, 0x64, 0x2e, 0x27, 0x5d, 0x3b,
  0x0a, 0x63, 0x6f, 0x6e, 0x73, 0x74, 0x20, 0x45, 0x58, 0x50, 0x45, 0x43, 0x54, 0x45, 0x44, 0x5f,
  0x54, 0x45, 0x58, 0x54, 0x20, 0x3d, 0x20, 0x47, 0x52, 0x45, 0x45, 0x54, 0x49, 0x4e, 0x47, 0x2e,
  0x6a, 0x6f, 0x69, 0x6e, 0x28, 0x27, 0x27, 0x29, 0x3b, 0x0a, 0x63, 0x6f, 0x6e, 0x73, 0x74, 0x20,
  0x43, 0x48, 0x55, 0x4e, 0x4b, 0x5f, 0x53, 0x49, 0x5a, 0x45, 0x53, 0x20, 0x3d, 0x20, 0x5b, 0x39,
  0x2c, 0x20, 0x32, 0x33, 0x2c, 0x20, 0x35, 0x2c, 0x20, 0x36, 0x31, 0x2c, 0x20, 0x31, 0x37, 0x5d,
  0x3b, 0x20, 0x2f, 0x2f, 0x20, 0x6f, 0x64, 0x64, 0x20, 0x62, 0x79, 0x74, 0x65, 0x20, 0x62, 0x6f,
  0x75, 0x6e, 0x64, 0x61, 0x72, 0x69, 0x65, 0x73, 0x20, 0xe2, 0x80, 0x94, 0x20, 0x70, 0x61, 0x72,
  0x74, 0x69, 0x61, 0x6c, 0x20, 0x6c, 0x69, 0x6e, 0x65, 0x73, 0x20, 0x62, 0x79, 0x20, 0x64, 0x65,
  0x73, 0x69, 0x67, 0x6e, 0x0a, 0x0a, 0x63, 0x6f, 0x6e, 0x73, 0x74, 0x20, 0x6c, 0x6f, 0x67, 0x20,
  0x3d, 0x20, 0x63, 0x72, 0x65, 0x61, 0x74, 0x65, 0x4c, 0x6f, 0x67, 0x67, 0x65, 0x72, 0x28, 0x27,
  0x6d, 0x32, 0x2e, 0x6c, 0x6c, 0x6d, 0x2e, 0x73, 0x70, 0x69, 0x6b, 0x65, 0x27, 0x29, 0x3b, 0x0a,
  0x63, 0x6f, 0x6e, 0x73, 0x74, 0x20, 0x65, 0x6d, 0x69, 0x74, 0x20, 0x3d, 0x20, 0x28, 0x65, 0x76,
  0x65, 0x6e, 0x74, 0x2c, 0x20, 0x66, 0x69, 0x65, 0x6c, 0x64, 0x73, 0x20, 0x3d, 0x20, 0x7b, 0x7d,
  0x29, 0x20, 0x3d, 0x3e, 0x20, 0x6c, 0x6f, 0x67, 0x2e, 0x69, 0x6e, 0x66, 0x6f, 0x28, 0x27, 0x65,
  0x32, 0x65, 0x27, 0x2c, 0x20, 0x7b, 0x20, 0x73, 0x63, 0x65, 0x6e, 0x61, 0x72, 0x69, 0x6f, 0x3a,
  0x20, 0x53, 0x43, 0x45, 0x4e, 0x41, 0x52, 0x49, 0x4f, 0x2c, 0x20, 0x65, 0x76, 0x65, 0x6e, 0x74,
  0x2c, 0x20, 0x2e, 0x2e, 0x2e, 0x66, 0x69, 0x65, 0x6c, 0x64, 0x73, 0x20, 0x7d, 0x29, 0x3b, 0x0a,
  0x63, 0x6f, 0x6e, 0x73, 0x74, 0x20, 0x70, 0x72, 0x6f, 0x6a, 0x65, 0x63, 0x74, 0x20, 0x3d, 0x20,
  0x28, 0x65, 0x76, 0x65, 0x6e, 0x74, 0x29, 0x20, 0x3d, 0x3e, 0x20, 0x7b, 0x0a, 0x20, 0x20, 0x6c,
  0x6f, 0x67, 0x2e, 0x64, 0x65, 0x62, 0x75, 0x67, 0x28, 0x27, 0x70, 0x72, 0x6f, 0x6a, 0x65, 0x63,
  0x74, 0x69, 0x6f, 0x6e, 0x20, 0x70, 0x75, 0x73, 0x68, 0x27, 0x2c, 0x20, 0x7b, 0x20, 0x6b, 0x69,
  0x6e, 0x64, 0x3a, 0x20, 0x65, 0x76, 0x65, 0x6e, 0x74, 0x2e, 0x6b, 0x69, 0x6e, 0x64, 0x20, 0x7d,
  0x29, 0x3b, 0x0a, 0x20, 0x20, 0x67, 0x6c, 0x6f, 0x62, 0x61, 0x6c, 0x54, 0x68, 0x69, 0x73, 0x2e,
  0x5f, 0x5f, 0x64, 0x73, 0x68, 0x42, 0x75, 0x73, 0x50, 0x6f, 0x73, 0x74, 0x3f, 0x2e, 0x28, 0x4a,
  0x53, 0x4f, 0x4e, 0x2e, 0x73, 0x74, 0x72, 0x69, 0x6e, 0x67, 0x69, 0x66, 0x79, 0x28, 0x7b, 0x20,
  0x74, 0x79, 0x70, 0x65, 0x3a, 0x20, 0x27, 0x77, 0x73, 0x2e, 0x73, 0x65, 0x6e, 0x64, 0x27, 0x2c,
  0x20, 0x70, 0x61, 0x79, 0x6c, 0x6f, 0x61, 0x64, 0x3a, 0x20, 0x65, 0x76, 0x65, 0x6e, 0x74, 0x20,
  0x7d, 0x29, 0x29, 0x3b, 0x0a, 0x7d, 0x3b, 0x0a, 0x63, 0x6f, 0x6e, 0x73, 0x74, 0x20, 0x66, 0x61,
  0x69, 0x6c, 0x20, 0x3d, 0x20, 0x28, 0x72, 0x65, 0x61, 0x73, 0x6f, 0x6e, 0x29, 0x20, 0x3d, 0x3e,
  0x20, 0x7b, 0x0a, 0x20, 0x20, 0x6c, 0x6f, 0x67, 0x2e, 0x64, 0x65, 0x62, 0x75, 0x67, 0x28, 0x27,
  0x73, 0x63, 0x65, 0x6e, 0x61, 0x72, 0x69, 0x6f, 0x20, 0x66, 0x61, 0x69, 0x6c, 0x65, 0x64, 0x27,
  0x2c, 0x20, 0x7b, 0x20, 0x72, 0x65, 0x61, 0x73, 0x6f, 0x6e, 0x20, 0x7d, 0x29, 0x3b, 0x0a, 0x20,
  0x20, 0x65, 0x6d, 0x69, 0x74, 0x28, 0x27, 0x73, 0x63, 0x65, 0x6e, 0x61, 0x72, 0x69, 0x6f, 0x2e,
  0x66, 0x61, 0x69, 0x6c, 0x65, 0x64, 0x27, 0x2c, 0x20, 0x7b, 0x20, 0x72, 0x65, 0x61, 0x73, 0x6f,
  0x6e, 0x20, 0x7d, 0x29, 0x3b, 0x0a, 0x20, 0x20, 0x67, 0x6c, 0x6f, 0x62, 0x61, 0x6c, 0x54, 0x68,
  0x69, 0x73, 0x2e, 0x5f, 0x5f, 0x64, 0x73, 0x68, 0x43, 0x6f, 0x6d, 0x70, 0x6c, 0x65, 0x74, 0x65,
  0x28, 0x66, 0x61, 0x6c, 0x73, 0x65, 0x2c, 0x20, 0x72, 0x65, 0x61, 0x73, 0x6f, 0x6e, 0x29, 0x3b,
  0x0a, 0x7d, 0x3b, 0x0a, 0x63, 0x6f, 0x6e, 0x73, 0x74, 0x20, 0x64, 0x65, 0x6d, 0x61, 0x6e, 0x64,
  0x20, 0x3d, 0x20, 0x28, 0x63, 0x6f, 0x6e, 0x64, 0x2c, 0x20, 0x72, 0x65, 0x61, 0x73, 0x6f, 0x6e,
  0x29, 0x20, 0x3d, 0x3e, 0x20, 0x7b, 0x0a, 0x20, 0x20, 0x69, 0x66, 0x20, 0x28, 0x63, 0x6f, 0x6e,
  0x64, 0x29, 0x20, 0x72, 0x65, 0x74, 0x75, 0x72, 0x6e, 0x3b, 0x0a, 0x20, 0x20, 0x6c, 0x6f, 0x67,
  0x2e, 0x64, 0x65, 0x62, 0x75, 0x67, 0x28, 0x27, 0x64, 0x65, 0x6d, 0x61, 0x6e, 0x64, 0x20, 0x66,
  0x61, 0x69, 0x6c, 0x65, 0x64, 0x27, 0x2c, 0x20, 0x7b, 0x20, 0x72, 0x65, 0x61, 0x73, 0x6f, 0x6e,
  0x20, 0x7d, 0x29, 0x3b, 0x0a, 0x20, 0x20, 0x66, 0x61, 0x69, 0x6c, 0x28, 0x72, 0x65, 0x61, 0x73,
  0x6f, 0x6e, 0x29, 0x3b, 0x0a, 0x20, 0x20, 0x74, 0x68, 0x72, 0x6f, 0x77, 0x20, 0x6e, 0x65, 0x77,
  0x20, 0x45, 0x72, 0x72, 0x6f, 0x72, 0x28, 0x72, 0x65, 0x61, 0x73, 0x6f, 0x6e, 0x29, 0x3b, 0x0a,
  0x7d, 0x3b, 0x0a, 0x0a, 0x2f, 0x2a, 0x20, 0x4b, 0x65, 0x79, 0x2d, 0x6c, 0x65, 0x61, 0x6b, 0x20,
  0x61, 0x75, 0x64, 0x69, 0x74, 0x3a, 0x20, 0x73, 0x69, 0x74, 0x73, 0x20, 0x4f, 0x4e, 0x20, 0x74,
  0x68, 0x65, 0x20, 0x6c, 0x6f, 0x67, 0x20, 0x73, 0x69, 0x6e, 0x6b, 0x20, 0x66, 0x72, 0x6f, 0x6d,
  0x20, 0x74, 0x68, 0x65, 0x20, 0x66, 0x69, 0x72, 0x73, 0x74, 0x20, 0x73, 0x63, 0x65, 0x6e, 0x61,
  0x72, 0x69, 0x6f, 0x20, 0x6c, 0x69, 0x6e, 0x65, 0x20, 0x61, 0x6e, 0x64, 0x0a, 0x20, 0x2a, 0x20,
  0x63, 0x6f, 0x75, 0x6e, 0x74, 0x73, 0x20, 0x65, 0x76, 0x65, 0x72, 0x79, 0x20, 0x6c, 0x69, 0x6e,
  0x65, 0x20, 0x63, 0x61, 0x72, 0x72, 0x79, 0x69, 0x6e, 0x67, 0x20, 0x74, 0x68, 0x65, 0x20, 0x61,
  0x75, 0x64, 0x69, 0x74, 0x65, 0x64, 0x20, 0x73, 0x65, 0x63, 0x72, 0x65, 0x74, 0x2e, 0x20, 0x41,
  0x73, 0x73, 0x69, 0x67, 0x6e, 0x65, 0x64, 0x20, 0x73, 0x74, 0x72, 0x61, 0x69, 0x67, 0x68, 0x74,
  0x20, 0x74, 0x6f, 0x20, 0x74, 0x68, 0x65, 0x0a, 0x20, 0x2a, 0x20, 0x67, 0x6c, 0x6f, 0x62, 0x61,
  0x6c, 0x20, 0x28, 0x6e, 0x6f, 0x20, 0x60, 0x63, 0x6f, 0x6e, 0x73, 0x74, 0x60, 0x29, 0x2c, 0x20,
  0x61, 0x6e, 0x64, 0x20, 0x4c, 0x4f, 0x47, 0x47, 0x49, 0x4e, 0x47, 0x20, 0x49, 0x4e, 0x53, 0x49,
  0x44, 0x45, 0x20, 0x57, 0x4f, 0x55, 0x4c, 0x44, 0x20, 0x52, 0x45, 0x43, 0x55, 0x52, 0x53, 0x45,
  0x20, 0xe2, 0x80, 0x94, 0x20, 0x74, 0x68, 0x65, 0x20, 0x77, 0x72, 0x61, 0x70, 0x70, 0x65, 0x72,
  0x20, 0x69, 0x73, 0x0a, 0x20, 0x2a, 0x20, 0x64, 0x65, 0x6c, 0x69, 0x62, 0x65, 0x72, 0x61, 0x74,
  0x65, 0x6c, 0x79, 0x20, 0x73, 0x69, 0x6c, 0x65, 0x6e, 0x74, 0x3b, 0x20, 0x60, 0x6c, 0x65, 0x61,
  0x6b, 0x65, 0x64, 0x60, 0x20, 0x69, 0x73, 0x20, 0x64, 0x65, 0x6d, 0x61, 0x6e, 0x64, 0x65, 0x64,
  0x20, 0x61, 0x74, 0x20, 0x74, 0x68, 0x65, 0x20, 0x65, 0x6e, 0x64, 0x2e, 0x20, 0x2a, 0x2f, 0x0a,
  0x63, 0x6f, 0x6e, 0x73, 0x74, 0x20, 0x61, 0x75, 0x64, 0x69, 0x74, 0x20, 0x3d, 0x20, 0x7b, 0x20,
  0x73, 0x65, 0x63, 0x72, 0x65, 0x74, 0x3a, 0x20, 0x27, 0x27, 0x2c, 0x20, 0x6c, 0x69, 0x6e, 0x65,
  0x73, 0x3a, 0x20, 0x30, 0x2c, 0x20, 0x6c, 0x65, 0x61, 0x6b, 0x65, 0x64, 0x3a, 0x20, 0x66, 0x61,
  0x6c, 0x73, 0x65, 0x20, 0x7d, 0x3b, 0x0a, 0x63, 0x6f, 0x6e, 0x73, 0x74, 0x20, 0x72, 0x61, 0x77,
  0x53, 0x69, 0x6e, 0x6b, 0x20, 0x3d, 0x20, 0x67, 0x6c, 0x6f, 0x62, 0x61, 0x6c, 0x54, 0x68, 0x69,
  0x73, 0x2e, 0x5f, 0x5f, 0x44, 0x53, 0x48, 0x5f, 0x4c, 0x4f, 0x47, 0x5f, 0x53, 0x49, 0x4e, 0x4b,
  0x5f, 0x5f, 0x3b, 0x0a, 0x67, 0x6c, 0x6f, 0x62, 0x61, 0x6c, 0x54, 0x68, 0x69, 0x73, 0x2e, 0x5f,
  0x5f, 0x44, 0x53, 0x48, 0x5f, 0x4c, 0x4f, 0x47, 0x5f, 0x53, 0x49, 0x4e, 0x4b, 0x5f, 0x5f, 0x20,
  0x3d, 0x20, 0x28, 0x6c, 0x69, 0x6e, 0x65, 0x29, 0x20, 0x3d, 0x3e, 0x20, 0x7b, 0x0a, 0x20, 0x20,
  0x61, 0x75, 0x64, 0x69, 0x74, 0x2e, 0x6c, 0x69, 0x6e, 0x65, 0x73, 0x20, 0x2b, 0x3d, 0x20, 0x31,
  0x3b, 0x0a, 0x20, 0x20, 0x69, 0x66, 0x20, 0x28, 0x61, 0x75, 0x64, 0x69, 0x74, 0x2e, 0x73, 0x65,
  0x63, 0x72, 0x65, 0x74, 0x20, 0x26, 0x26, 0x20, 0x6c, 0x69, 0x6e, 0x65, 0x2e, 0x69, 0x6e, 0x64,
  0x65, 0x78, 0x4f, 0x66, 0x28, 0x61, 0x75, 0x64, 0x69, 0x74, 0x2e, 0x73, 0x65, 0x63, 0x72, 0x65,
  0x74, 0x29, 0x20, 0x3e, 0x3d, 0x20, 0x30, 0x29, 0x20, 0x61, 0x75, 0x64, 0x69, 0x74, 0x2e, 0x6c,
  0x65, 0x61, 0x6b, 0x65, 0x64, 0x20, 0x3d, 0x20, 0x74, 0x72, 0x75, 0x65, 0x3b, 0x0a, 0x20, 0x20,
  0x72, 0x61, 0x77, 0x53, 0x69, 0x6e, 0x6b, 0x3f, 0x2e, 0x28, 0x6c, 0x69, 0x6e, 0x65, 0x29, 0x3b,
  0x0a, 0x7d, 0x3b, 0x0a, 0x0a, 0x2f, 0x2a, 0x20, 0x41, 0x6e, 0x6e, 0x6f, 0x75, 0x6e, 0x63, 0x65,
  0x20, 0x74, 0x68, 0x65, 0x20, 0x62, 0x75, 0x73, 0x20, 0x73, 0x75, 0x62, 0x73, 0x63, 0x72, 0x69,
  0x70, 0x74, 0x69, 0x6f, 0x6e, 0x3a, 0x20, 0x74, 0x68, 0x65, 0x20, 0x41, 0x6e, 0x64, 0x72, 0x6f,
  0x69, 0x64, 0x20, 0x63, 0x61, 0x72, 0x72, 0x69, 0x65, 0x72, 0x20, 0x68, 0x6f, 0x73, 0x74, 0x20,
  0x67, 0x61, 0x74, 0x65, 0x73, 0x20, 0x74, 0x68, 0x65, 0x20, 0x57, 0x65, 0x62, 0x0a, 0x20, 0x2a,
  0x20, 0x43, 0x6c, 0x69, 0x65, 0x6e, 0x74, 0x20, 0x70, 0x61, 0x67, 0x65, 0x20, 0x6c, 0x6f, 0x61,
  0x64, 0x20, 0x6f, 0x6e, 0x20, 0x74, 0x68, 0x69, 0x73, 0x20, 0x6c, 0x69, 0x6e, 0x65, 0x20, 0x28,
  0x69, 0x74, 0x73, 0x20, 0x68, 0x6f, 0x73, 0x74, 0x2e, 0x68, 0x65, 0x6c, 0x6c, 0x6f, 0x20, 0x63,
  0x61, 0x72, 0x72, 0x69, 0x65, 0x73, 0x20, 0x74, 0x68, 0x65, 0x20, 0x6c, 0x6f, 0x6f, 0x70, 0x62,
  0x61, 0x63, 0x6b, 0x20, 0x70, 0x6f, 0x72, 0x74, 0x29, 0x3b, 0x0a, 0x20, 0x2a, 0x20, 0x68, 0x6f,
  0x73, 0x74, 0x73, 0x20, 0x77, 0x69, 0x74, 0x68, 0x6f, 0x75, 0x74, 0x20, 0x61, 0x20, 0x62, 0x75,
  0x73, 0x20, 0x73, 0x69, 0x6e, 0x6b, 0x20, 0x28, 0x43, 0x4c, 0x49, 0x2c, 0x20, 0x69, 0x4f, 0x53,
  0x20, 0x73, 0x65, 0x73, 0x73, 0x69, 0x6f, 0x6e, 0x20, 0x66, 0x6c, 0x6f, 0x77, 0x29, 0x20, 0x64,
  0x72, 0x6f, 0x70, 0x20, 0x69, 0x74, 0x20, 0x73, 0x69, 0x6c, 0x65, 0x6e, 0x74, 0x6c, 0x79, 0x2e,
  0x20, 0x2a, 0x2f, 0x0a, 0x67, 0x6c, 0x6f, 0x62, 0x61, 0x6c, 0x54, 0x68, 0x69, 0x73, 0x2e, 0x5f,
  0x5f, 0x64, 0x73, 0x68, 0x42, 0x75, 0x73, 0x50, 0x6f, 0x73, 0x74, 0x3f, 0x2e, 0x28, 0x4a, 0x53,
  0x4f, 0x4e, 0x2e, 0x73, 0x74, 0x72, 0x69, 0x6e, 0x67, 0x69, 0x66, 0x79, 0x28, 0x7b, 0x20, 0x74,
  0x79, 0x70, 0x65, 0x3a, 0x20, 0x27, 0x62, 0x75, 0x73, 0x2e, 0x72, 0x65, 0x61, 0x64, 0x79, 0x27,
  0x20, 0x7d, 0x29, 0x29, 0x3b, 0x0a, 0x0a, 0x2f, 0x2a, 0x20, 0x42, 0x72, 0x69, 0x64, 0x67, 0x65,
  0x20, 0x65, 0x76, 0x65, 0x6e, 0x74, 0x73, 0x20, 0x61, 0x72, 0x72, 0x69, 0x76, 0x65, 0x20, 0x69,
  0x6e, 0x20, 0x68, 0x6f, 0x73, 0x74, 0x20, 0x6f, 0x72, 0x64, 0x65, 0x72, 0x3b, 0x20, 0x63, 0x6f,
  0x6e, 0x73, 0x75, 0x6d, 0x65, 0x64, 0x20, 0x62, 0x79, 0x20, 0x6e, 0x61, 0x6d, 0x65, 0x2c, 0x20,
  0x62, 0x75, 0x66, 0x66, 0x65, 0x72, 0x65, 0x64, 0x20, 0x6d, 0x65, 0x61, 0x6e, 0x77, 0x68, 0x69,
  0x6c, 0x65, 0x0a, 0x20, 0x2a, 0x20, 0x28, 0x74, 0x68, 0x65, 0x20, 0x6d, 0x32, 0x2d, 0x73, 0x65,
  0x73, 0x73, 0x69, 0x6f, 0x6e, 0x20, 0x70, 0x61, 0x74, 0x74, 0x65, 0x72, 0x6e, 0x29, 0x2e, 0x20,
  0x2a, 0x2f, 0x0a, 0x63, 0x6f, 0x6e, 0x73, 0x74, 0x20, 0x62, 0x75, 0x66, 0x66, 0x65, 0x72, 0x65,
  0x64, 0x20, 0x3d, 0x20, 0x5b, 0x5d, 0x3b, 0x0a, 0x63, 0x6f, 0x6e, 0x73, 0x74, 0x20, 0x77, 0x61,
  0x69, 0x74, 0x65, 0x72, 0x73, 0x20, 0x3d, 0x20, 0x5b, 0x5d, 0x3b, 0x0a, 0x6f, 0x6e, 0x45, 0x76,
  0x65, 0x6e, 0x74, 0x28, 0x28, 0x65, 0x76, 0x29, 0x20, 0x3d, 0x3e, 0x20, 0x7b, 0x0a, 0x20, 0x20,
  0x63, 0x6f, 0x6e, 0x73, 0x74, 0x20, 0x77, 0x61, 0x6b, 0x65, 0x20, 0x3d, 0x20, 0x77, 0x61, 0x69,
  0x74, 0x65, 0x72, 0x73, 0x2e, 0x73, 0x68, 0x69, 0x66, 0x74, 0x28, 0x29, 0x3b, 0x0a, 0x20, 0x20,
  0x69, 0x66, 0x20, 0x28, 0x77, 0x61, 0x6b, 0x65, 0x29, 0x20, 0x77, 0x61, 0x6b, 0x65, 0x28, 0x65,
  0x76, 0x29, 0x3b, 0x0a, 0x20, 0x20, 0x65, 0x6c, 0x73, 0x65, 0x20, 0x62, 0x75, 0x66, 0x66, 0x65,
  0x72, 0x65, 0x64, 0x2e, 0x70, 0x75, 0x73, 0x68, 0x28, 0x65, 0x76, 0x29, 0x3b, 0x0a, 0x7d, 0x29,
  0x3b, 0x0a, 0x63, 0x6f, 0x6e, 0x73, 0x74, 0x20, 0x6e, 0x65, 0x78, 0x74, 0x45, 0x76, 0x65, 0x6e,
  0x74, 0x20, 0x3d, 0x20, 0x61, 0x73, 0x79, 0x6e, 0x63, 0x20, 0x28, 0x6e, 0x61, 0x6d, 0x65, 0x29,
  0x20, 0x3d, 0x3e, 0x20, 0x7b, 0x0a, 0x20, 0x20, 0x6c, 0x6f, 0x67, 0x2e, 0x64, 0x65, 0x62, 0x75,
  0x67, 0x28, 0x27, 0x77, 0x61, 0x69, 0x74, 0x20, 0x66, 0x6f, 0x72, 0x20, 0x65, 0x76, 0x65, 0x6e,
  0x74, 0x27, 0x2c, 0x20, 0x7b, 0x20, 0x6e, 0x61, 0x6d, 0x65, 0x20, 0x7d, 0x29, 0x3b, 0x0a, 0x20,
  0x20, 0x66, 0x6f, 0x72, 0x20, 0x28, 0x3b, 0x3b, 0x29, 0x20, 0x7b, 0x0a, 0x20, 0x20, 0x20, 0x20,
  0x63, 0x6f, 0x6e, 0x73, 0x74, 0x20, 0x61, 0x74, 0x20, 0x3d, 0x20, 0x62, 0x75, 0x66, 0x66, 0x65,
  0x72, 0x65, 0x64, 0x2e, 0x66, 0x69, 0x6e, 0x64, 0x49, 0x6e, 0x64, 0x65, 0x78, 0x28, 0x28, 0x65,
  0x76, 0x29, 0x20, 0x3d, 0x3e, 0x20, 0x65, 0x76, 0x2e, 0x65, 0x76, 0x65, 0x6e, 0x74, 0x20, 0x3d,
  0x3d, 0x3d, 0x20, 0x6e, 0x61, 0x6d, 0x65, 0x29, 0x3b, 0x0a, 0x20, 0x20, 0x20, 0x20, 0x69, 0x66,
  0x20, 0x28, 0x61, 0x74, 0x20, 0x3e, 0x3d, 0x20, 0x30, 0x29, 0x20, 0x72, 0x65, 0x74, 0x75, 0x72,
  0x6e, 0x20, 0x62, 0x75, 0x66, 0x66, 0x65, 0x72, 0x65, 0x64, 0x2e, 0x73, 0x70, 0x6c, 0x69, 0x63,
  0x65, 0x28, 0x61, 0x74, 0x2c, 0x20, 0x31, 0x29, 0x5b, 0x30, 0x5d, 0x3b, 0x0a, 0x20, 0x20, 0x20,
  0x20, 0x63, 0x6f, 0x6e, 0x73, 0x74, 0x20, 0x65, 0x76, 0x20, 0x3d, 0x20, 0x61, 0x77, 0x61, 0x69,
  0x74, 0x20, 0x6e, 0x65, 0x77, 0x20, 0x50, 0x72, 0x6f, 0x6d, 0x69, 0x73, 0x65, 0x28, 0x28, 0x72,
  0x65, 0x73, 0x6f, 0x6c, 0x76, 0x65, 0x29, 0x20, 0x3d, 0x3e, 0x20, 0x77, 0x61, 0x69, 0x74, 0x65,
  0x72, 0x73, 0x2e, 0x70, 0x75, 0x73, 0x68, 0x28, 0x72, 0x65, 0x73, 0x6f, 0x6c, 0x76, 0x65, 0x29,
  0x29, 0x3b, 0x0a, 0x20, 0x20, 0x20, 0x20, 0x62, 0x75, 0x66, 0x66, 0x65, 0x72, 0x65, 0x64, 0x2e,
  0x70, 0x75, 0x73, 0x68, 0x28, 0x65, 0x76, 0x29, 0x3b, 0x0a, 0x20, 0x20, 0x7d, 0x0a, 0x7d, 0x3b,
  0x0a, 0x0a, 0x2f, 0x2a, 0x2a, 0x20, 0x54, 0x68, 0x65, 0x20, 0x6c, 0x65, 0x67, 0x20, 0x74, 0x68,
  0x65, 0x20, 0x64, 0x65, 0x73, 0x63, 0x72, 0x69, 0x70, 0x74, 0x6f, 0x72, 0x20, 0x6e, 0x65, 0x67,
  0x6f, 0x74, 0x69, 0x61, 0x74, 0x65, 0x73, 0x3a, 0x20, 0x68, 0x6f, 0x73, 0x74, 0x73, 0x20, 0x6f,
  0x66, 0x66, 0x65, 0x72, 0x69, 0x6e, 0x67, 0x20, 0x68, 0x74, 0x74, 0x70, 0x46, 0x65, 0x74, 0x63,
  0x68, 0x20, 0x72, 0x75, 0x6e, 0x20, 0x74, 0x68, 0x65, 0x20, 0x72, 0x65, 0x61, 0x6c, 0x0a, 0x20,
  0x2a, 0x20, 0x62, 0x61, 0x63, 0x6b, 0x65, 0x6e, 0x64, 0x3b, 0x20, 0x68, 0x6f, 0x73, 0x74, 0x73,
  0x20, 0x68, 0x6f, 0x6e, 0x65, 0x73, 0x74, 0x6c, 0x79, 0x20, 0x64, 0x65, 0x63, 0x6c, 0x61, 0x72,
  0x69, 0x6e, 0x67, 0x20, 0x69, 0x74, 0x20, 0x75, 0x6e, 0x61, 0x76, 0x61, 0x69, 0x6c, 0x61, 0x62,
  0x6c, 0x65, 0x20, 0x28, 0x74, 0x68, 0x65, 0x20, 0x43, 0x4c, 0x49, 0x20, 0x73, 0x6d, 0x6f, 0x6b,
  0x65, 0x20, 0x62, 0x61, 0x63, 0x6b, 0x65, 0x6e, 0x64, 0x29, 0x0a, 0x20, 0x2a, 0x20, 0x67, 0x65,
  0x74, 0x20, 0x74, 0x68, 0x65, 0x20, 0x73, 0x63, 0x72, 0x69, 0x70, 0x74, 0x65, 0x64, 0x20, 0x74,
  0x72, 0x61, 0x6e, 0x73, 0x70, 0x6f, 0x72, 0x74, 0x20, 0x74, 0x68, 0x72, 0x6f, 0x75, 0x67, 0x68,
  0x20, 0x74, 0x68, 0x65, 0x20, 0x73, 0x61, 0x6d, 0x65, 0x20, 0x63, 0x6c, 0x69, 0x65, 0x6e, 0x74,
  0x20, 0x63, 0x6f, 0x64, 0x65, 0x2e, 0x20, 0x2a, 0x2f, 0x0a, 0x63, 0x6f, 0x6e, 0x73, 0x74, 0x20,
  0x64, 0x65, 0x73, 0x63, 0x72, 0x69, 0x70, 0x74, 0x6f, 0x72, 0x4c, 0x65, 0x67, 0x20, 0x3d, 0x20,
  0x28, 0x29, 0x20, 0x3d, 0x3e, 0x20, 0x7b, 0x0a, 0x20, 0x20, 0x6c, 0x6f, 0x67, 0x2e, 0x64, 0x65,
  0x62, 0x75, 0x67, 0x28, 0x27, 0x64, 0x65, 0x73, 0x63, 0x72, 0x69, 0x70, 0x74, 0x6f, 0x72, 0x20,
  0x6c, 0x65, 0x67, 0x20, 0x70, 0x72, 0x6f, 0x62, 0x65, 0x27, 0x29, 0x3b, 0x0a, 0x20, 0x20, 0x63,
  0x6f, 0x6e, 0x73, 0x74, 0x20, 0x64, 0x65, 0x73, 0x63, 0x72, 0x69, 0x70, 0x74, 0x6f, 0x72, 0x20,
  0x3d, 0x20, 0x4a, 0x53, 0x4f, 0x4e, 0x2e, 0x70, 0x61, 0x72, 0x73, 0x65, 0x28, 0x67, 0x6c, 0x6f,
  0x62, 0x61, 0x6c, 0x54, 0x68, 0x69, 0x73, 0x2e, 0x5f, 0x5f, 0x64, 0x73, 0x68, 0x47, 0x61, 0x74,
  0x65, 0x77, 0x61, 0x79, 0x44, 0x65, 0x73, 0x63, 0x72, 0x69, 0x70, 0x74, 0x6f, 0x72, 0x3f, 0x2e,
  0x28, 0x29, 0x20, 0x3f, 0x3f, 0x20, 0x27, 0x6e, 0x75, 0x6c, 0x6c, 0x27, 0x29, 0x3b, 0x0a, 0x20,
  0x20, 0x63, 0x6f, 0x6e, 0x73, 0x74, 0x20, 0x61, 0x76, 0x61, 0x69, 0x6c, 0x61, 0x62, 0x6c, 0x65,
  0x20, 0x3d, 0x20, 0x64, 0x65, 0x73, 0x63, 0x72, 0x69, 0x70, 0x74, 0x6f, 0x72, 0x3f, 0x2e, 0x61,
  0x76, 0x61, 0x69, 0x6c, 0x61, 0x62, 0x6c, 0x65, 0x20, 0x3f, 0x3f, 0x20, 0x5b, 0x5d, 0x3b, 0x0a,
  0x20, 0x20, 0x72, 0x65, 0x74, 0x75, 0x72, 0x6e, 0x20, 0x61, 0x76, 0x61, 0x69, 0x6c, 0x61, 0x62,
  0x6c, 0x65, 0x2e, 0x69, 0x6e, 0x64, 0x65, 0x78, 0x4f, 0x66, 0x28, 0x27, 0x68, 0x74, 0x74, 0x70,
  0x46, 0x65, 0x74, 0x63, 0x68, 0x27, 0x29, 0x20, 0x3e, 0x3d, 0x20, 0x30, 0x20, 0x3f, 0x20, 0x27,
  0x72, 0x65, 0x61, 0x6c, 0x27, 0x20, 0x3a, 0x20, 0x27, 0x73, 0x63, 0x72, 0x69, 0x70, 0x74, 0x65,
  0x64, 0x27, 0x3b, 0x0a, 0x7d, 0x3b, 0x0a, 0x0a, 0x2f, 0x2a, 0x2a, 0x20, 0x4f, 0x6e, 0x65, 0x20,
  0x53, 0x53, 0x45, 0x20, 0x63, 0x68, 0x75, 0x6e, 0x6b, 0x20, 0x6c, 0x69, 0x6e, 0x65, 0x20, 0x6f,
  0x66, 0x20, 0x74, 0x68, 0x65, 0x20, 0x73, 0x63, 0x72, 0x69, 0x70, 0x74, 0x65, 0x64, 0x20, 0x73,
  0x74, 0x72, 0x65, 0x61, 0x6d, 0x20, 0x28, 0x65, 0x78, 0x70, 0x72, 0x65, 0x73, 0x73, 0x69, 0x6f,
  0x6e, 0x2d, 0x62, 0x6f, 0x64, 0x69, 0x65, 0x64, 0x20, 0x6f, 0x6e, 0x20, 0x70, 0x75, 0x72, 0x70,
  0x6f, 0x73, 0x65, 0x3a, 0x0a, 0x20, 0x2a, 0x20, 0x74, 0x68, 0x65, 0x20, 0x6c, 0x6f, 0x67, 0x67,
  0x69, 0x6e, 0x67, 0x20, 0x67, 0x61, 0x74, 0x65, 0x20, 0x65, 0x78, 0x65, 0x6d, 0x70, 0x74, 0x73,
  0x20, 0x73, 0x69, 0x6e, 0x67, 0x6c, 0x65, 0x2d, 0x65, 0x78, 0x70, 0x72, 0x65, 0x73, 0x73, 0x69,
  0x6f, 0x6e, 0x20, 0x61, 0x72, 0x72, 0x6f, 0x77, 0x73, 0x20, 0x61, 0x6e, 0x64, 0x20, 0x74, 0x68,
  0x69, 0x73, 0x20, 0x69, 0x73, 0x20, 0x70, 0x75, 0x72, 0x65, 0x20, 0x64, 0x61, 0x74, 0x61, 0x29,
  0x2e, 0x20, 0x2a, 0x2f, 0x0a, 0x63, 0x6f, 0x6e, 0x73, 0x74, 0x20, 0x73, 0x73, 0x65, 0x43, 0x68,
  0x75, 0x6e, 0x6b, 0x20, 0x3d, 0x20, 0x28, 0x64, 0x65, 0x6c, 0x74, 0x61, 0x2c, 0x20, 0x66, 0x69,
  0x6e, 0x69, 0x73, 0x68, 0x29, 0x20, 0x3d, 0x3e, 0x20, 0x27, 0x64, 0x61, 0x74, 0x61, 0x3a, 0x20,
  0x27, 0x20, 0x2b, 0x20, 0x4a, 0x53, 0x4f, 0x4e, 0x2e, 0x73, 0x74, 0x72, 0x69, 0x6e, 0x67, 0x69,
  0x66, 0x79, 0x28, 0x7b, 0x0a, 0x20, 0x20, 0x69, 0x64, 0x3a, 0x20, 0x27, 0x63, 0x68, 0x61, 0x74,
  0x63, 0x6d, 0x70, 0x6c, 0x2d, 0x73, 0x63, 0x72, 0x69, 0x70, 0x74, 0x65, 0x64, 0x27, 0x2c, 0x20,
  0x6d, 0x6f, 0x64, 0x65, 0x6c, 0x3a, 0x20, 0x53, 0x43, 0x52, 0x49, 0x50, 0x54, 0x5f, 0x53, 0x45,
  0x52, 0x56, 0x45, 0x44, 0x2c, 0x0a, 0x20, 0x20, 0x63, 0x68, 0x6f, 0x69, 0x63, 0x65, 0x73, 0x3a,
  0x20, 0x5b, 0x7b, 0x20, 0x69, 0x6e, 0x64, 0x65, 0x78, 0x3a, 0x20, 0x30, 0x2c, 0x20, 0x64, 0x65,
  0x6c, 0x74, 0x61, 0x2c, 0x20, 0x66, 0x69, 0x6e, 0x69, 0x73, 0x68, 0x5f, 0x72, 0x65, 0x61, 0x73,
  0x6f, 0x6e, 0x3a, 0x20, 0x66, 0x69, 0x6e, 0x69, 0x73, 0x68, 0x20, 0x3f, 0x3f, 0x20, 0x6e, 0x75,
  0x6c, 0x6c, 0x20, 0x7d, 0x5d, 0x2c, 0x0a, 0x7d, 0x29, 0x20, 0x2b, 0x20, 0x27, 0x5c, 0x6e, 0x5c,
  0x6e, 0x27, 0x3b, 0x0a, 0x0a, 0x2f, 0x2a, 0x2a, 0x20, 0x54, 0x68, 0x65, 0x20, 0x73, 0x63, 0x72,
  0x69, 0x70, 0x74, 0x65, 0x64, 0x20, 0x73, 0x74, 0x72, 0x65, 0x61, 0x6d, 0x3a, 0x20, 0x72, 0x65,
  0x61, 0x73, 0x6f, 0x6e, 0x69, 0x6e, 0x67, 0x20, 0x64, 0x65, 0x6c, 0x74, 0x61, 0x20, 0x46, 0x49,
  0x52, 0x53, 0x54, 0x20, 0x28, 0x74, 0x68, 0x69, 0x73, 0x20, 0x62, 0x61, 0x63, 0x6b, 0x65, 0x6e,
  0x64, 0x27, 0x73, 0x20, 0x73, 0x68, 0x61, 0x70, 0x65, 0x29, 0x2c, 0x20, 0x74, 0x68, 0x65, 0x6e,
  0x0a, 0x20, 0x2a, 0x20, 0x74, 0x68, 0x65, 0x20, 0x63, 0x6f, 0x6e, 0x74, 0x65, 0x6e, 0x74, 0x20,
  0x64, 0x65, 0x6c, 0x74, 0x61, 0x73, 0x2c, 0x20, 0x74, 0x68, 0x65, 0x6e, 0x20, 0x66, 0x69, 0x6e,
  0x69, 0x73, 0x68, 0x5f, 0x72, 0x65, 0x61, 0x73, 0x6f, 0x6e, 0x20, 0x73, 0x74, 0x6f, 0x70, 0x20,
  0x2b, 0x20, 0x5b, 0x44, 0x4f, 0x4e, 0x45, 0x5d, 0x2e, 0x20, 0x2a, 0x2f, 0x0a, 0x63, 0x6f, 0x6e,
  0x73, 0x74, 0x20, 0x62, 0x75, 0x69, 0x6c, 0x64, 0x53, 0x63, 0x72, 0x69, 0x70, 0x74, 0x65, 0x64,
  0x53, 0x73, 0x65, 0x20, 0x3d, 0x20, 0x28, 0x29, 0x20, 0x3d, 0x3e, 0x20, 0x7b, 0x0a, 0x20, 0x20,
  0x6c, 0x6f, 0x67, 0x2e, 0x64, 0x65, 0x62, 0x75, 0x67, 0x28, 0x27, 0x73, 0x63, 0x72, 0x69, 0x70,
  0x74, 0x65, 0x64, 0x20, 0x73, 0x73, 0x65, 0x20, 0x62, 0x75, 0x69, 0x6c, 0x64, 0x27, 0x2c, 0x20,
  0x7b, 0x20, 0x64, 0x65, 0x6c, 0x74, 0x61, 0x73, 0x3a, 0x20, 0x47, 0x52, 0x45, 0x45, 0x54, 0x49,
  0x4e, 0x47, 0x2e, 0x6c, 0x65, 0x6e, 0x67, 0x74, 0x68, 0x20, 0x2b, 0x20, 0x31, 0x20, 0x7d, 0x29,
  0x3b, 0x0a, 0x20, 0x20, 0x6c, 0x65, 0x74, 0x20, 0x6f, 0x75, 0x74, 0x20, 0x3d, 0x20, 0x73, 0x73,
  0x65, 0x43, 0x68, 0x75, 0x6e, 0x6b, 0x28, 0x7b, 0x20, 0x72, 0x6f, 0x6c, 0x65, 0x3a, 0x20, 0x27,
  0x61, 0x73, 0x73, 0x69, 0x73, 0x74, 0x61, 0x6e, 0x74, 0x27, 0x2c, 0x20, 0x72, 0x65, 0x61, 0x73,
  0x6f, 0x6e, 0x69, 0x6e, 0x67, 0x5f, 0x63, 0x6f, 0x6e, 0x74, 0x65, 0x6e, 0x74, 0x3a, 0x20, 0x54,
  0x48, 0x49, 0x4e, 0x4b, 0x49, 0x4e, 0x47, 0x20, 0x7d, 0x29, 0x3b, 0x0a, 0x20, 0x20, 0x66, 0x6f,
  0x72, 0x20, 0x28, 0x63, 0x6f, 0x6e, 0x73, 0x74, 0x20, 0x70, 0x69, 0x65, 0x63, 0x65, 0x20, 0x6f,
  0x66, 0x20, 0x47, 0x52, 0x45, 0x45, 0x54, 0x49, 0x4e, 0x47, 0x29, 0x20, 0x6f, 0x75, 0x74, 0x20,
  0x2b, 0x3d, 0x20, 0x73, 0x73, 0x65, 0x43, 0x68, 0x75, 0x6e, 0x6b, 0x28, 0x7b, 0x20, 0x63, 0x6f,
  0x6e, 0x74, 0x65, 0x6e, 0x74, 0x3a, 0x20, 0x70, 0x69, 0x65, 0x63, 0x65, 0x20, 0x7d, 0x29, 0x3b,
  0x0a, 0x20, 0x20, 0x72, 0x65, 0x74, 0x75, 0x72, 0x6e, 0x20, 0x6f, 0x75, 0x74, 0x20, 0x2b, 0x20,
  0x73, 0x73, 0x65, 0x43, 0x68, 0x75, 0x6e, 0x6b, 0x28, 0x7b, 0x7d, 0x2c, 0x20, 0x27, 0x73, 0x74,
  0x6f, 0x70, 0x27, 0x29, 0x20, 0x2b, 0x20, 0x27, 0x64, 0x61, 0x74, 0x61, 0x3a, 0x20, 0x5b, 0x44,
  0x4f, 0x4e, 0x45, 0x5d, 0x5c, 0x6e, 0x5c, 0x6e, 0x27, 0x3b, 0x0a, 0x7d, 0x3b, 0x0a, 0x0a, 0x2f,
  0x2a, 0x2a, 0x20, 0x53, 0x70, 0x6c, 0x69, 0x74, 0x73, 0x20, 0x62, 0x79, 0x74, 0x65, 0x73, 0x20,
  0x61, 0x74, 0x20, 0x64, 0x65, 0x6c, 0x69, 0x62, 0x65, 0x72, 0x61, 0x74, 0x65, 0x6c, 0x79, 0x20,
  0x6f, 0x64, 0x64, 0x20, 0x62, 0x6f, 0x75, 0x6e, 0x64, 0x61, 0x72, 0x69, 0x65, 0x73, 0x20, 0x28,
  0x6d, 0x69, 0x64, 0x2d, 0x6c, 0x69, 0x6e, 0x65, 0x2c, 0x20, 0x6d, 0x69, 0x64, 0x2d, 0x4a, 0x53,
  0x4f, 0x4e, 0x29, 0x20, 0x73, 0x6f, 0x20, 0x74, 0x68, 0x65, 0x0a, 0x20, 0x2a, 0x20, 0x70, 0x61,
  0x72, 0x73, 0x65, 0x72, 0x27, 0x73, 0x20, 0x74, 0x6f, 0x6c, 0x65, 0x72, 0x61, 0x6e, 0x63, 0x65,
  0x20, 0x74, 0x6f, 0x20, 0x70, 0x61, 0x72, 0x74, 0x69, 0x61, 0x6c, 0x20, 0x6c, 0x69, 0x6e, 0x65,
  0x73, 0x20, 0x69, 0x73, 0x20, 0x75, 0x6e, 0x64, 0x65, 0x72, 0x20, 0x74, 0x65, 0x73, 0x74, 0x2c,
  0x20, 0x6e, 0x6f, 0x74, 0x20, 0x6a, 0x75, 0x73, 0x74, 0x20, 0x77, 0x65, 0x6c, 0x6c, 0x2d, 0x66,
  0x72, 0x61, 0x6d, 0x65, 0x64, 0x0a, 0x20, 0x2a, 0x20, 0x63, 0x68, 0x75, 0x6e, 0x6b, 0x73, 0x2e,
  0x20, 0x2a, 0x2f, 0x0a, 0x63, 0x6f, 0x6e, 0x73, 0x74, 0x20, 0x73, 0x70, 0x6c, 0x69, 0x74, 0x42,
  0x79, 0x74, 0x65, 0x73, 0x20, 0x3d, 0x20, 0x28, 0x62, 0x79, 0x74, 0x65, 0x73, 0x29, 0x20, 0x3d,
  0x3e, 0x20, 0x7b, 0x0a, 0x20, 0x20, 0x6c, 0x6f, 0x67, 0x2e, 0x64, 0x65, 0x62, 0x75, 0x67, 0x28,
  0x27, 0x73, 0x63, 0x72, 0x69, 0x70, 0x74, 0x65, 0x64, 0x20, 0x63, 0x68, 0x75, 0x6e, 0x6b, 0x69,
  0x6e, 0x67, 0x27, 0x2c, 0x20, 0x7b, 0x20, 0x62, 0x79, 0x74, 0x65, 0x73, 0x3a, 0x20, 0x62, 0x79,
  0x74, 0x65, 0x73, 0x2e, 0x6c, 0x65, 0x6e, 0x67, 0x74, 0x68, 0x2c, 0x20, 0x73, 0x69, 0x7a, 0x65,
  0x73, 0x3a, 0x20, 0x43, 0x48, 0x55, 0x4e, 0x4b, 0x5f, 0x53, 0x49, 0x5a, 0x45, 0x53, 0x2e, 0x6c,
  0x65, 0x6e, 0x67, 0x74, 0x68, 0x20, 0x7d, 0x29, 0x3b, 0x0a, 0x20, 0x20, 0x63, 0x6f, 0x6e, 0x73,
  0x74, 0x20, 0x63, 0x68, 0x75, 0x6e, 0x6b, 0x73, 0x20, 0x3d, 0x20, 0x5b, 0x5d, 0x3b, 0x0a, 0x20,
  0x20, 0x6c, 0x65, 0x74, 0x20, 0x61, 0x74, 0x20, 0x3d, 0x20, 0x30, 0x3b, 0x0a, 0x20, 0x20, 0x6c,
  0x65, 0x74, 0x20, 0x69, 0x20, 0x3d, 0x20, 0x30, 0x3b, 0x0a, 0x20, 0x20, 0x77, 0x68, 0x69, 0x6c,
  0x65, 0x20, 0x28, 0x61, 0x74, 0x20, 0x3c, 0x20, 0x62, 0x79, 0x74, 0x65, 0x73, 0x2e, 0x6c, 0x65,
  0x6e, 0x67, 0x74, 0x68, 0x29, 0x20, 0x7b, 0x0a, 0x20, 0x20, 0x20, 0x20, 0x63, 0x6f, 0x6e, 0x73,
  0x74, 0x20, 0x6e, 0x20, 0x3d, 0x20, 0x43, 0x48, 0x55, 0x4e, 0x4b, 0x5f, 0x53, 0x49, 0x5a, 0x45,
  0x53, 0x5b, 0x69, 0x20, 0x25, 0x20, 0x43, 0x48, 0x55, 0x4e, 0x4b, 0x5f, 0x53, 0x49, 0x5a, 0x45,
  0x53, 0x2e, 0x6c, 0x65, 0x6e, 0x67, 0x74, 0x68, 0x5d, 0x3b, 0x0a, 0x20, 0x20, 0x20, 0x20, 0x63,
  0x68, 0x75, 0x6e, 0x6b, 0x73, 0x2e, 0x70, 0x75, 0x73, 0x68, 0x28, 0x62, 0x79, 0x74, 0x65, 0x73,
  0x2e, 0x73, 0x75, 0x62, 0x61, 0x72, 0x72, 0x61, 0x79, 0x28, 0x61, 0x74, 0x2c, 0x20, 0x4d, 0x61,
  0x74, 0x68, 0x2e, 0x6d, 0x69, 0x6e, 0x28, 0x61, 0x74, 0x20, 0x2b, 0x20, 0x6e, 0x2c, 0x20, 0x62,
  0x79, 0x74, 0x65, 0x73, 0x2e, 0x6c, 0x65, 0x6e, 0x67, 0x74, 0x68, 0x29, 0x29, 0x29, 0x3b, 0x0a,
  0x20, 0x20, 0x20, 0x20, 0x61, 0x74, 0x20, 0x2b, 0x3d, 0x20, 0x6e, 0x3b, 0x0a, 0x20, 0x20, 0x20,
  0x20, 0x69, 0x20, 0x2b, 0x3d, 0x20, 0x31, 0x3b, 0x0a, 0x20, 0x20, 0x7d, 0x0a, 0x20, 0x20, 0x72,
  0x65, 0x74, 0x75, 0x72, 0x6e, 0x20, 0x63, 0x68, 0x75, 0x6e, 0x6b, 0x73, 0x3b, 0x0a, 0x7d, 0x3b,
  0x0a, 0x0a, 0x2f, 0x2a, 0x2a, 0x20, 0x59, 0x69, 0x65, 0x6c, 0x64, 0x73, 0x20, 0x6f, 0x6e, 0x65,
  0x20, 0x73, 0x63, 0x72, 0x69, 0x70, 0x74, 0x65, 0x64, 0x20, 0x63, 0x68, 0x75, 0x6e, 0x6b, 0x20,
  0x70, 0x65, 0x72, 0x20, 0x72, 0x75, 0x6e, 0x74, 0x69, 0x6d, 0x65, 0x2d, 0x71, 0x75, 0x65, 0x75,
  0x65, 0x20, 0x74, 0x69, 0x63, 0x6b, 0x20, 0x28, 0x44, 0x38, 0x29, 0x20, 0xe2, 0x80, 0x94, 0x20,
  0x74, 0x68, 0x65, 0x20, 0x6d, 0x33, 0x20, 0x73, 0x74, 0x75, 0x62, 0x27, 0x73, 0x0a, 0x20, 0x2a,
  0x20, 0x69, 0x74, 0x65, 0x72, 0x61, 0x74, 0x6f, 0x72, 0x2c, 0x20, 0x66, 0x65, 0x65, 0x64, 0x69,
  0x6e, 0x67, 0x20, 0x72, 0x61, 0x77, 0x20, 0x53, 0x53, 0x45, 0x20, 0x62, 0x79, 0x74, 0x65, 0x73,
  0x20, 0x69, 0x6e, 0x73, 0x74, 0x65, 0x61, 0x64, 0x20, 0x6f, 0x66, 0x20, 0x61, 0x20, 0x66, 0x69,
  0x6c, 0x65, 0x20, 0x62, 0x6f, 0x64, 0x79, 0x2e, 0x20, 0x2a, 0x2f, 0x0a, 0x63, 0x6f, 0x6e, 0x73,
  0x74, 0x20, 0x63, 0x68, 0x75, 0x6e, 0x6b, 0x49, 0x74, 0x65, 0x72, 0x61, 0x74, 0x6f, 0x72, 0x20,
  0x3d, 0x20, 0x28, 0x63, 0x68, 0x75, 0x6e, 0x6b, 0x73, 0x29, 0x20, 0x3d, 0x3e, 0x20, 0x7b, 0x0a,
  0x20, 0x20, 0x6c, 0x65, 0x74, 0x20, 0x6e, 0x65, 0x78, 0x74, 0x20, 0x3d, 0x20, 0x30, 0x3b, 0x0a,
  0x20, 0x20, 0x72, 0x65, 0x74, 0x75, 0x72, 0x6e, 0x20, 0x7b, 0x0a, 0x20, 0x20, 0x20, 0x20, 0x6e,
  0x65, 0x78, 0x74, 0x3a, 0x20, 0x61, 0x73, 0x79, 0x6e, 0x63, 0x20, 0x28, 0x29, 0x20, 0x3d, 0x3e,
  0x20, 0x7b, 0x0a, 0x20, 0x20, 0x20, 0x20, 0x20, 0x20, 0x61, 0x77, 0x61, 0x69, 0x74, 0x20, 0x6e,
  0x75, 0x6c, 0x6c, 0x3b, 0x20, 0x2f, 0x2f, 0x20, 0x65, 0x61, 0x63, 0x68, 0x20, 0x63, 0x68, 0x75,
  0x6e, 0x6b, 0x20, 0x73, 0x65, 0x74, 0x74, 0x6c, 0x65, 0x73, 0x20, 0x6f, 0x6e, 0x20, 0x69, 0x74,
  0x73, 0x20, 0x6f, 0x77, 0x6e, 0x20, 0x72, 0x75, 0x6e, 0x74, 0x69, 0x6d, 0x65, 0x2d, 0x71, 0x75,
  0x65, 0x75, 0x65, 0x20, 0x74, 0x69, 0x63, 0x6b, 0x20, 0x28, 0x44, 0x38, 0x29, 0x0a, 0x20, 0x20,
  0x20, 0x20, 0x20, 0x20, 0x6c, 0x6f, 0x67, 0x2e, 0x64, 0x65, 0x62, 0x75, 0x67, 0x28, 0x27, 0x73,
  0x63, 0x72, 0x69, 0x70, 0x74, 0x65, 0x64, 0x20, 0x63, 0x68, 0x75, 0x6e, 0x6b, 0x20, 0x79, 0x69,
  0x65, 0x6c, 0x64, 0x27, 0x2c, 0x20, 0x7b, 0x20, 0x69, 0x6e, 0x64, 0x65, 0x78, 0x3a, 0x20, 0x6e,
  0x65, 0x78, 0x74, 0x20, 0x7d, 0x29, 0x3b, 0x0a, 0x20, 0x20, 0x20, 0x20, 0x20, 0x20, 0x72, 0x65,
  0x74, 0x75, 0x72, 0x6e, 0x20, 0x6e, 0x65, 0x78, 0x74, 0x20, 0x3c, 0x20, 0x63, 0x68, 0x75, 0x6e,
  0x6b, 0x73, 0x2e, 0x6c, 0x65, 0x6e, 0x67, 0x74, 0x68, 0x0a, 0x20, 0x20, 0x20, 0x20, 0x20, 0x20,
  0x20, 0x20, 0x3f, 0x20, 0x7b, 0x20, 0x76, 0x61, 0x6c, 0x75, 0x65, 0x3a, 0x20, 0x63, 0x68, 0x75,
  0x6e, 0x6b, 0x73, 0x5b, 0x6e, 0x65, 0x78, 0x74, 0x2b, 0x2b, 0x5d, 0x2c, 0x20, 0x64, 0x6f, 0x6e,
  0x65, 0x3a, 0x20, 0x66, 0x61, 0x6c, 0x73, 0x65, 0x20, 0x7d, 0x0a, 0x20, 0x20, 0x20, 0x20, 0x20,
  0x20, 0x20, 0x20, 0x3a, 0x20, 0x7b, 0x20, 0x76, 0x61, 0x6c, 0x75, 0x65, 0x3a, 0x20, 0x75, 0x6e,
  0x64, 0x65, 0x66, 0x69, 0x6e, 0x65, 0x64, 0x2c, 0x20, 0x64, 0x6f, 0x6e, 0x65, 0x3a, 0x20, 0x74,
  0x72, 0x75, 0x65, 0x20, 0x7d, 0x3b, 0x0a, 0x20, 0x20, 0x20, 0x20, 0x7d, 0x2c, 0x0a, 0x20, 0x20,
  0x7d, 0x3b, 0x0a, 0x7d, 0x3b, 0x0a, 0x0a, 0x2f, 0x2a, 0x2a, 0x20, 0x54, 0x68, 0x65, 0x20, 0x53,
  0x43, 0x52, 0x49, 0x50, 0x54, 0x45, 0x44, 0x20, 0x74, 0x72, 0x61, 0x6e, 0x73, 0x70, 0x6f, 0x72,
  0x74, 0x3a, 0x20, 0x65, 0x78, 0x61, 0x63, 0x74, 0x20, 0x67, 0x61, 0x74, 0x65, 0x77, 0x61, 0x79,
  0x20, 0x68, 0x74, 0x74, 0x70, 0x46, 0x65, 0x74, 0x63, 0x68, 0x20, 0x72, 0x65, 0x73, 0x70, 0x6f,
  0x6e, 0x73, 0x65, 0x20, 0x73, 0x68, 0x61, 0x70, 0x65, 0x2c, 0x20, 0x73, 0x74, 0x61, 0x74, 0x75,
  0x73, 0x20, 0x2b, 0x0a, 0x20, 0x2a, 0x20, 0x73, 0x74, 0x72, 0x65, 0x61, 0x6d, 0x69, 0x6e, 0x67,
  0x20, 0x41, 0x73, 0x79, 0x6e, 0x63, 0x49, 0x74, 0x65, 0x72, 0x61, 0x62, 0x6c, 0x65, 0x20, 0x62,
  0x6f, 0x64, 0x79, 0x20, 0x2b, 0x20, 0x61, 0x62, 0x6f, 0x72, 0x74, 0x2e, 0x20, 0x2a, 0x2f, 0x0a,
  0x63, 0x6f, 0x6e, 0x73, 0x74, 0x20, 0x73, 0x63, 0x72, 0x69, 0x70, 0x74, 0x65, 0x64, 0x46, 0x65,
  0x74, 0x63, 0x68, 0x20, 0x3d, 0x20, 0x61, 0x73, 0x79, 0x6e, 0x63, 0x20, 0x28, 0x75, 0x72, 0x6c,
  0x29, 0x20, 0x3d, 0x3e, 0x20, 0x7b, 0x0a, 0x20, 0x20, 0x6c, 0x6f, 0x67, 0x2e, 0x64, 0x65, 0x62,
  0x75, 0x67, 0x28, 0x27, 0x73, 0x63, 0x72, 0x69, 0x70, 0x74, 0x65, 0x64, 0x20, 0x66, 0x65, 0x74,
  0x63, 0x68, 0x27, 0x2c, 0x20, 0x7b, 0x20, 0x75, 0x72, 0x6c, 0x20, 0x7d, 0x29, 0x3b, 0x0a, 0x20,
  0x20, 0x63, 0x6f, 0x6e, 0x73, 0x74, 0x20, 0x63, 0x68, 0x75, 0x6e, 0x6b, 0x73, 0x20, 0x3d, 0x20,
  0x73, 0x70, 0x6c, 0x69, 0x74, 0x42, 0x79, 0x74, 0x65, 0x73, 0x28, 0x75, 0x74, 0x66, 0x38, 0x45,
  0x6e, 0x63, 0x6f, 0x64, 0x65, 0x28, 0x62, 0x75, 0x69, 0x6c, 0x64, 0x53, 0x63, 0x72, 0x69, 0x70,
  0x74, 0x65, 0x64, 0x53, 0x73, 0x65, 0x28, 0x29, 0x29, 0x29, 0x3b, 0x0a, 0x20, 0x20, 0x72, 0x65,
  0x74, 0x75, 0x72, 0x6e, 0x20, 0x7b, 0x0a, 0x20, 0x20, 0x20, 0x20, 0x73, 0x74, 0x61, 0x74, 0x75,
  0x73, 0x3a, 0x20, 0x32, 0x30, 0x30, 0x2c, 0x0a, 0x20, 0x20, 0x20, 0x20, 0x68, 0x65, 0x61, 0x64,
  0x65, 0x72, 0x73, 0x3a, 0x20, 0x7b, 0x20, 0x27, 0x63, 0x6f, 0x6e, 0x74, 0x65, 0x6e, 0x74, 0x2d,
  0x74, 0x79, 0x70, 0x65, 0x27, 0x3a, 0x20, 0x27, 0x74, 0x65, 0x78, 0x74, 0x2f, 0x65, 0x76, 0x65,
  0x6e, 0x74, 0x2d, 0x73, 0x74, 0x72, 0x65, 0x61, 0x6d, 0x27, 0x20, 0x7d, 0x2c, 0x0a, 0x20, 0x20,
  0x20, 0x20, 0x62, 0x6f, 0x64, 0x79, 0x3a, 0x20, 0x7b, 0x20, 0x5b, 0x53, 0x79, 0x6d, 0x62, 0x6f,
  0x6c, 0x2e, 0x61, 0x73, 0x79, 0x6e, 0x63, 0x49, 0x74, 0x65, 0x72, 0x61, 0x74, 0x6f, 0x72, 0x5d,
  0x3a, 0x20, 0x28, 0x29, 0x20, 0x3d, 0x3e, 0x20, 0x63, 0x68, 0x75, 0x6e, 0x6b, 0x49, 0x74, 0x65,
  0x72, 0x61, 0x74, 0x6f, 0x72, 0x28, 0x63, 0x68, 0x75, 0x6e, 0x6b, 0x73, 0x29, 0x20, 0x7d, 0x2c,
  0x0a, 0x20, 0x20, 0x20, 0x20, 0x61, 0x62, 0x6f, 0x72, 0x74, 0x3a, 0x20, 0x28, 0x29, 0x20, 0x3d,
  0x3e, 0x20, 0x7b, 0x20, 0x6c, 0x6f, 0x67, 0x2e, 0x64, 0x65, 0x62, 0x75, 0x67, 0x28, 0x27, 0x73,
  0x63, 0x72, 0x69, 0x70, 0x74, 0x65, 0x64, 0x20, 0x61, 0x62, 0x6f, 0x72, 0x74, 0x20, 0x28, 0x6e,
  0x6f, 0x2d, 0x6f, 0x70, 0x29, 0x27, 0x29, 0x3b, 0x20, 0x7d, 0x2c, 0x0a, 0x20, 0x20, 0x7d, 0x3b,
  0x0a, 0x7d, 0x3b, 0x0a, 0x0a, 0x2f, 0x2a, 0x2a, 0x20, 0x52, 0x45, 0x41, 0x4c, 0x2d, 0x6c, 0x65,
  0x67, 0x20, 0x63, 0x72, 0x65, 0x64, 0x65, 0x6e, 0x74, 0x69, 0x61, 0x6c, 0x73, 0x20, 0x66, 0x72,
  0x6f, 0x6d, 0x20, 0x66, 0x73, 0x20, 0x73, 0x63, 0x6f, 0x70, 0x65, 0x20, 0x22, 0x61, 0x70, 0x70,
  0x22, 0x20, 0xe2, 0x80, 0x94, 0x20, 0x77, 0x72, 0x69, 0x74, 0x74, 0x65, 0x6e, 0x20, 0x62, 0x79,
  0x20, 0x74, 0x68, 0x65, 0x20, 0x45, 0x32, 0x45, 0x20, 0x72, 0x75, 0x6e, 0x6e, 0x65, 0x72, 0x2e,
  0x0a, 0x20, 0x2a, 0x20, 0x41, 0x6e, 0x79, 0x74, 0x68, 0x69, 0x6e, 0x67, 0x20, 0x6d, 0x69, 0x73,
  0x73, 0x69, 0x6e, 0x67, 0x2f, 0x6d, 0x61, 0x6c, 0x66, 0x6f, 0x72, 0x6d, 0x65, 0x64, 0x20, 0x66,
  0x61, 0x69, 0x6c, 0x73, 0x20, 0x6c, 0x6f, 0x75, 0x64, 0x20, 0x77, 0x69, 0x74, 0x68, 0x20, 0x74,
  0x68, 0x65, 0x20, 0x6f, 0x66, 0x66, 0x65, 0x6e, 0x64, 0x69, 0x6e, 0x67, 0x20, 0x66, 0x69, 0x65,
  0x6c, 0x64, 0x20, 0x28, 0x72, 0x75, 0x6c, 0x65, 0x20, 0x35, 0x29, 0x3b, 0x0a, 0x20, 0x2a, 0x20,
  0x74, 0x68, 0x65, 0x20, 0x6b, 0x65, 0x79, 0x20, 0x69, 0x73, 0x20, 0x61, 0x72, 0x6d, 0x65, 0x64,
  0x20, 0x69, 0x6e, 0x74, 0x6f, 0x20, 0x74, 0x68, 0x65, 0x20, 0x61, 0x75, 0x64, 0x69, 0x74, 0x2c,
  0x20, 0x6e, 0x65, 0x76, 0x65, 0x72, 0x20, 0x6c, 0x6f, 0x67, 0x67, 0x65, 0x64, 0x2e, 0x20, 0x2a,
  0x2f, 0x0a, 0x63, 0x6f, 0x6e, 0x73, 0x74, 0x20, 0x6c, 0x6f, 0x61, 0x64, 0x52, 0x65, 0x61, 0x6c,
  0x43, 0x6f, 0x6e, 0x66, 0x69, 0x67, 0x20, 0x3d, 0x20, 0x61, 0x73, 0x79, 0x6e, 0x63, 0x20, 0x28,
  0x29, 0x20, 0x3d, 0x3e, 0x20, 0x7b, 0x0a, 0x20, 0x20, 0x6c, 0x6f, 0x67, 0x2e, 0x64, 0x65, 0x62,
  0x75, 0x67, 0x28, 0x27, 0x72, 0x65, 0x61, 0x6c, 0x20, 0x63, 0x6f, 0x6e, 0x66, 0x69, 0x67, 0x20,
  0x6c, 0x6f, 0x61, 0x64, 0x20, 0x62, 0x65, 0x67, 0x69, 0x6e, 0x27, 0x2c, 0x20, 0x7b, 0x20, 0x70,
  0x61, 0x74, 0x68, 0x3a, 0x20, 0x43, 0x4f, 0x4e, 0x46, 0x49, 0x47, 0x5f, 0x50, 0x41, 0x54, 0x48,
  0x20, 0x7d, 0x29, 0x3b, 0x0a, 0x20, 0x20, 0x63, 0x6f, 0x6e, 0x73, 0x74, 0x20, 0x7b, 0x20, 0x62,
  0x79, 0x74, 0x65, 0x73, 0x20, 0x7d, 0x20, 0x3d, 0x20, 0x61, 0x77, 0x61, 0x69, 0x74, 0x20, 0x66,
  0x73, 0x52, 0x65, 0x61, 0x64, 0x28, 0x27, 0x61, 0x70, 0x70, 0x27, 0x2c, 0x20, 0x43, 0x4f, 0x4e,
  0x46, 0x49, 0x47, 0x5f, 0x50, 0x41, 0x54, 0x48, 0x29, 0x3b, 0x0a, 0x20, 0x20, 0x63, 0x6f, 0x6e,
  0x73, 0x74, 0x20, 0x63, 0x6f, 0x6e, 0x66, 0x69, 0x67, 0x20, 0x3d, 0x20, 0x4a, 0x53, 0x4f, 0x4e,
  0x2e, 0x70, 0x61, 0x72, 0x73, 0x65, 0x28, 0x75, 0x74, 0x66, 0x38, 0x44, 0x65, 0x63, 0x6f, 0x64,
  0x65, 0x28, 0x62, 0x79, 0x74, 0x65, 0x73, 0x29, 0x29, 0x3b, 0x0a, 0x20, 0x20, 0x64, 0x65, 0x6d,
  0x61, 0x6e, 0x64, 0x28, 0x74, 0x79, 0x70, 0x65, 0x6f, 0x66, 0x20, 0x63, 0x6f, 0x6e, 0x66, 0x69,
  0x67, 0x2e, 0x62, 0x61, 0x73, 0x65, 0x55, 0x72, 0x6c, 0x20, 0x3d, 0x3d, 0x3d, 0x20, 0x27, 0x73,
  0x74, 0x72, 0x69, 0x6e, 0x67, 0x27, 0x20, 0x26, 0x26, 0x20, 0x63, 0x6f, 0x6e, 0x66, 0x69, 0x67,
  0x2e, 0x62, 0x61, 0x73, 0x65, 0x55, 0x72, 0x6c, 0x2e, 0x69, 0x6e, 0x64, 0x65, 0x78, 0x4f, 0x66,
  0x28, 0x27, 0x68, 0x74, 0x74, 0x70, 0x73, 0x3a, 0x2f, 0x2f, 0x27, 0x29, 0x20, 0x3d, 0x3d, 0x3d,
  0x20, 0x30, 0x2c, 0x0a, 0x20, 0x20, 0x20, 0x20, 0x60, 0x63, 0x6f, 0x6e, 0x66, 0x69, 0x67, 0x2e,
  0x62, 0x61, 0x73, 0x65, 0x55, 0x72, 0x6c, 0x20, 0x6d, 0x75, 0x73, 0x74, 0x20, 0x62, 0x65, 0x20,
  0x61, 0x6e, 0x20, 0x68, 0x74, 0x74, 0x70, 0x73, 0x20, 0x55, 0x52, 0x4c, 0x20, 0x28, 0x24, 0x7b,
  0x43, 0x4f, 0x4e, 0x46, 0x49, 0x47, 0x5f, 0x50, 0x41, 0x54, 0x48, 0x7d, 0x29, 0x60, 0x29, 0x3b,
  0x0a, 0x20, 0x20, 0x64, 0x65, 0x6d, 0x61, 0x6e, 0x64, 0x28, 0x74, 0x79, 0x70, 0x65, 0x6f, 0x66,
  0x20, 0x63, 0x6f, 0x6e, 0x66, 0x69, 0x67, 0x2e, 0x61, 0x70, 0x69, 0x4b, 0x65, 0x79, 0x20, 0x3d,
  0x3d, 0x3d, 0x20, 0x27, 0x73, 0x74, 0x72, 0x69, 0x6e, 0x67, 0x27, 0x20, 0x26, 0x26, 0x20, 0x63,
  0x6f, 0x6e, 0x66, 0x69, 0x67, 0x2e, 0x61, 0x70, 0x69, 0x4b, 0x65, 0x79, 0x2e, 0x6c, 0x65, 0x6e,
  0x67, 0x74, 0x68, 0x20, 0x3e, 0x3d, 0x20, 0x32, 0x30, 0x2c, 0x0a, 0x20, 0x20, 0x20, 0x20, 0x60,
  0x63, 0x6f, 0x6e, 0x66, 0x69, 0x67, 0x2e, 0x61, 0x70, 0x69, 0x4b, 0x65, 0x79, 0x20, 0x6d, 0x69,
  0x73, 0x73, 0x69, 0x6e, 0x67, 0x20, 0x6f, 0x72, 0x20, 0x69, 0x6d, 0x70, 0x6c, 0x61, 0x75, 0x73,
  0x69, 0x62, 0x6c, 0x79, 0x20, 0x73, 0x68, 0x6f, 0x72, 0x74, 0x20, 0x28, 0x24, 0x7b, 0x43, 0x4f,
  0x4e, 0x46, 0x49, 0x47, 0x5f, 0x50, 0x41, 0x54, 0x48, 0x7d, 0x29, 0x60, 0x29, 0x3b, 0x0a, 0x20,
  0x20, 0x64, 0x65, 0x6d, 0x61, 0x6e, 0x64, 0x28, 0x74, 0x79, 0x70, 0x65, 0x6f, 0x66, 0x20, 0x63,
  0x6f, 0x6e, 0x66, 0x69, 0x67, 0x2e, 0x6d, 0x6f, 0x64, 0x65, 0x6c, 0x20, 0x3d, 0x3d, 0x3d, 0x20,
  0x27, 0x73, 0x74, 0x72, 0x69, 0x6e, 0x67, 0x27, 0x20, 0x26, 0x26, 0x20, 0x63, 0x6f, 0x6e, 0x66,
  0x69, 0x67, 0x2e, 0x6d, 0x6f, 0x64, 0x65, 0x6c, 0x2e, 0x6c, 0x65, 0x6e, 0x67, 0x74, 0x68, 0x20,
  0x3e, 0x20, 0x30, 0x2c, 0x0a, 0x20, 0x20, 0x20, 0x20, 0x60, 0x63, 0x6f, 0x6e, 0x66, 0x69, 0x67,
  0x2e, 0x6d, 0x6f, 0x64, 0x65, 0x6c, 0x20, 0x6d, 0x69, 0x73, 0x73, 0x69, 0x6e, 0x67, 0x20, 0x28,
  0x24, 0x7b, 0x43, 0x4f, 0x4e, 0x46, 0x49, 0x47, 0x5f, 0x50, 0x41, 0x54, 0x48, 0x7d, 0x29, 0x60,
  0x29, 0x3b, 0x0a, 0x20, 0x20, 0x61, 0x75, 0x64, 0x69, 0x74, 0x2e, 0x73, 0x65, 0x63, 0x72, 0x65,
  0x74, 0x20, 0x3d, 0x20, 0x63, 0x6f, 0x6e, 0x66, 0x69, 0x67, 0x2e, 0x61, 0x70, 0x69, 0x4b, 0x65,
  0x79, 0x3b, 0x0a, 0x20, 0x20, 0x72, 0x65, 0x74, 0x75, 0x72, 0x6e, 0x20, 0x7b, 0x20, 0x73, 0x6f,
  0x75, 0x72, 0x63, 0x65, 0x3a, 0x20, 0x27, 0x61, 0x70, 0x70, 0x2d, 0x73, 0x63, 0x6f, 0x70, 0x65,
  0x27, 0x2c, 0x20, 0x62, 0x61, 0x73, 0x65, 0x55, 0x72, 0x6c, 0x3a, 0x20, 0x63, 0x6f, 0x6e, 0x66,
  0x69, 0x67, 0x2e, 0x62, 0x61, 0x73, 0x65, 0x55, 0x72, 0x6c, 0x2c, 0x20, 0x61, 0x70, 0x69, 0x4b,
  0x65, 0x79, 0x3a, 0x20, 0x63, 0x6f, 0x6e, 0x66, 0x69, 0x67, 0x2e, 0x61, 0x70, 0x69, 0x4b, 0x65,
  0x79, 0x2c, 0x20, 0x6d, 0x6f, 0x64, 0x65, 0x6c, 0x3a, 0x20, 0x63, 0x6f, 0x6e, 0x66, 0x69, 0x67,
  0x2e, 0x6d, 0x6f, 0x64, 0x65, 0x6c, 0x20, 0x7d, 0x3b, 0x0a, 0x7d, 0x3b, 0x0a, 0x0a, 0x2f, 0x2a,
  0x2a, 0x20, 0x4f, 0x6e, 0x65, 0x20, 0x73, 0x74, 0x72, 0x65, 0x61, 0x6d, 0x65, 0x64, 0x20, 0x74,
  0x75, 0x72, 0x6e, 0x20, 0x28, 0x44, 0x38, 0x29, 0x3a, 0x20, 0x65, 0x6d, 0x69, 0x74, 0x73, 0x20,
  0x73, 0x74, 0x72, 0x65, 0x61, 0x6d, 0x2e, 0x73, 0x74, 0x61, 0x72, 0x74, 0x65, 0x64, 0x20, 0x2f,
  0x20, 0x70, 0x65, 0x72, 0x2d, 0x64, 0x65, 0x6c, 0x74, 0x61, 0x20, 0x65, 0x76, 0x65, 0x6e, 0x74,
  0x73, 0x20, 0x2f, 0x0a, 0x20, 0x2a, 0x20, 0x73, 0x74, 0x72, 0x65, 0x61, 0x6d, 0x2e, 0x63, 0x6f,
  0x6d, 0x70, 0x6c, 0x65, 0x74, 0x65, 0x64, 0x2c, 0x20, 0x70, 0x72, 0x6f, 0x6a, 0x65, 0x63, 0x74,
  0x73, 0x20, 0x63, 0x6f, 0x6e, 0x74, 0x65, 0x6e, 0x74, 0x20, 0x64, 0x65, 0x6c, 0x74, 0x61, 0x73,
  0x20, 0x69, 0x6e, 0x74, 0x6f, 0x20, 0x74, 0x68, 0x65, 0x20, 0x6d, 0x6f, 0x75, 0x6e, 0x74, 0x65,
  0x64, 0x20, 0x57, 0x65, 0x62, 0x20, 0x43, 0x6c, 0x69, 0x65, 0x6e, 0x74, 0x2c, 0x0a, 0x20, 0x2a,
  0x20, 0x61, 0x6e, 0x64, 0x20, 0x72, 0x65, 0x74, 0x75, 0x72, 0x6e, 0x73, 0x20, 0x74, 0x68, 0x65,
  0x20, 0x73, 0x74, 0x72, 0x65, 0x61, 0x6d, 0x20, 0x72, 0x65, 0x73, 0x75, 0x6c, 0x74, 0x20, 0x66,
  0x6f, 0x72, 0x20, 0x74, 0x68, 0x65, 0x20, 0x6c, 0x65, 0x67, 0x27, 0x73, 0x20, 0x61, 0x73, 0x73,
  0x65, 0x72, 0x74, 0x69, 0x6f, 0x6e, 0x73, 0x2e, 0x20, 0x2a, 0x2f, 0x0a, 0x63, 0x6f, 0x6e, 0x73,
  0x74, 0x20, 0x72, 0x75, 0x6e, 0x54, 0x75, 0x72, 0x6e, 0x20, 0x3d, 0x20, 0x61, 0x73, 0x79, 0x6e,
  0x63, 0x20, 0x28, 0x63, 0x6f, 0x6e, 0x66, 0x69, 0x67, 0x29, 0x20, 0x3d, 0x3e, 0x20, 0x7b, 0x0a,
  0x20, 0x20, 0x6c, 0x6f, 0x67, 0x2e, 0x64, 0x65, 0x62, 0x75, 0x67, 0x28, 0x27, 0x74, 0x75, 0x72,
  0x6e, 0x20, 0x62, 0x65, 0x67, 0x69, 0x6e, 0x27, 0x2c, 0x20, 0x7b, 0x20, 0x6d, 0x6f, 0x64, 0x65,
  0x6c, 0x3a, 0x20, 0x63, 0x6f, 0x6e, 0x66, 0x69, 0x67, 0x2e, 0x6d, 0x6f, 0x64, 0x65, 0x6c, 0x20,
  0x7d, 0x29, 0x3b, 0x0a, 0x20, 0x20, 0x65, 0x6d, 0x69, 0x74, 0x28, 0x27, 0x6c, 0x6c, 0x6d, 0x2e,
  0x73, 0x74, 0x72, 0x65, 0x61, 0x6d, 0x2e, 0x73, 0x74, 0x61, 0x72, 0x74, 0x65, 0x64, 0x27, 0x2c,
  0x20, 0x7b, 0x20, 0x74, 0x75, 0x72, 0x6e, 0x3a, 0x20, 0x31, 0x20, 0x7d, 0x29, 0x3b, 0x0a, 0x20,
  0x20, 0x63, 0x6f, 0x6e, 0x73, 0x74, 0x20, 0x72, 0x65, 0x73, 0x75, 0x6c, 0x74, 0x20, 0x3d, 0x20,
  0x61, 0x77, 0x61, 0x69, 0x74, 0x20, 0x73, 0x74, 0x72, 0x65, 0x61, 0x6d, 0x43, 0x68, 0x61, 0x74,
  0x28, 0x7b, 0x0a, 0x20, 0x20, 0x20, 0x20, 0x66, 0x65, 0x74, 0x63, 0x68, 0x49, 0x6d, 0x70, 0x6c,
  0x3a, 0x20, 0x63, 0x6f, 0x6e, 0x66, 0x69, 0x67, 0x2e, 0x73, 0x6f, 0x75, 0x72, 0x63, 0x65, 0x20,
  0x3d, 0x3d, 0x3d, 0x20, 0x27, 0x61, 0x70, 0x70, 0x2d, 0x73, 0x63, 0x6f, 0x70, 0x65, 0x27, 0x20,
  0x3f, 0x20, 0x68, 0x74, 0x74, 0x70, 0x46, 0x65, 0x74, 0x63, 0x68, 0x20, 0x3a, 0x20, 0x73, 0x63,
  0x72, 0x69, 0x70, 0x74, 0x65, 0x64, 0x46, 0x65, 0x74, 0x63, 0x68, 0x2c, 0x0a, 0x20, 0x20, 0x20,
  0x20, 0x62, 0x61, 0x73, 0x65, 0x55, 0x72, 0x6c, 0x3a, 0x20, 0x63, 0x6f, 0x6e, 0x66, 0x69, 0x67,
  0x2e, 0x62, 0x61, 0x73, 0x65, 0x55, 0x72, 0x6c, 0x2c, 0x0a, 0x20, 0x20, 0x20, 0x20, 0x61, 0x70,
  0x69, 0x4b, 0x65, 0x79, 0x3a, 0x20, 0x63, 0x6f, 0x6e, 0x66, 0x69, 0x67, 0x2e, 0x61, 0x70, 0x69,
  0x4b, 0x65, 0x79, 0x2c, 0x0a, 0x20, 0x20, 0x20, 0x20, 0x6d, 0x6f, 0x64, 0x65, 0x6c, 0x3a, 0x20,
  0x63, 0x6f, 0x6e, 0x66, 0x69, 0x67, 0x2e, 0x6d, 0x6f, 0x64, 0x65, 0x6c, 0x2c, 0x0a, 0x20, 0x20,
  0x20, 0x20, 0x6d, 0x65, 0x73, 0x73, 0x61, 0x67, 0x65, 0x73, 0x3a, 0x20, 0x5b, 0x7b, 0x20, 0x72,
  0x6f, 0x6c, 0x65, 0x3a, 0x20, 0x27, 0x75, 0x73, 0x65, 0x72, 0x27, 0x2c, 0x20, 0x63, 0x6f, 0x6e,
  0x74, 0x65, 0x6e, 0x74, 0x3a, 0x20, 0x50, 0x52, 0x4f, 0x4d, 0x50, 0x54, 0x20, 0x7d, 0x5d, 0x2c,
  0x0a, 0x20, 0x20, 0x20, 0x20, 0x6d, 0x61, 0x78, 0x54, 0x6f, 0x6b, 0x65, 0x6e, 0x73, 0x3a, 0x20,
  0x63, 0x6f, 0x6e, 0x66, 0x69, 0x67, 0x2e, 0x73, 0x6f, 0x75, 0x72, 0x63, 0x65, 0x20, 0x3d, 0x3d,
  0x3d, 0x20, 0x27, 0x61, 0x70, 0x70, 0x2d, 0x73, 0x63, 0x6f, 0x70, 0x65, 0x27, 0x20, 0x3f, 0x20,
  0x32, 0x35, 0x36, 0x20, 0x3a, 0x20, 0x36, 0x34, 0x2c, 0x0a, 0x20, 0x20, 0x20, 0x20, 0x6f, 0x6e,
  0x3a, 0x20, 0x28, 0x6e, 0x61, 0x6d, 0x65, 0x2c, 0x20, 0x66, 0x69, 0x65, 0x6c, 0x64, 0x73, 0x29,
  0x20, 0x3d, 0x3e, 0x20, 0x7b, 0x0a, 0x20, 0x20, 0x20, 0x20, 0x20, 0x20, 0x69, 0x66, 0x20, 0x28,
  0x6e, 0x61, 0x6d, 0x65, 0x20, 0x3d, 0x3d, 0x3d, 0x20, 0x27, 0x72, 0x65, 0x61, 0x73, 0x6f, 0x6e,
  0x69, 0x6e, 0x67, 0x27, 0x29, 0x20, 0x65, 0x6d, 0x69, 0x74, 0x28, 0x27, 0x6c, 0x6c, 0x6d, 0x2e,
  0x72, 0x65, 0x61, 0x73, 0x6f, 0x6e, 0x69, 0x6e, 0x67, 0x2e, 0x64, 0x65, 0x6c, 0x74, 0x61, 0x27,
  0x2c, 0x20, 0x7b, 0x20, 0x69, 0x6e, 0x64, 0x65, 0x78, 0x3a, 0x20, 0x66, 0x69, 0x65, 0x6c, 0x64,
  0x73, 0x2e, 0x69, 0x6e, 0x64, 0x65, 0x78, 0x2c, 0x20, 0x74, 0x65, 0x78, 0x74, 0x3a, 0x20, 0x66,
  0x69, 0x65, 0x6c, 0x64, 0x73, 0x2e, 0x74, 0x65, 0x78, 0x74, 0x20, 0x7d, 0x29, 0x3b, 0x0a, 0x20,
  0x20, 0x20, 0x20, 0x20, 0x20, 0x69, 0x66, 0x20, 0x28, 0x6e, 0x61, 0x6d, 0x65, 0x20, 0x3d, 0x3d,
  0x3d, 0x20, 0x27, 0x64, 0x65, 0x6c, 0x74, 0x61, 0x27, 0x29, 0x20, 0x7b, 0x0a, 0x20, 0x20, 0x20,
  0x20, 0x20, 0x20, 0x20, 0x20, 0x65, 0x6d, 0x69, 0x74, 0x28, 0x27, 0x6c, 0x6c, 0x6d, 0x2e, 0x64,
  0x65, 0x6c, 0x74, 0x61, 0x27, 0x2c, 0x20, 0x7b, 0x20, 0x69, 0x6e, 0x64, 0x65, 0x78, 0x3a, 0x20,
  0x66, 0x69, 0x65, 0x6c, 0x64, 0x73, 0x2e, 0x69, 0x6e, 0x64, 0x65, 0x78, 0x2c, 0x20, 0x74, 0x65,
  0x78, 0x74, 0x3a, 0x20, 0x66, 0x69, 0x65, 0x6c, 0x64, 0x73, 0x2e, 0x74, 0x65, 0x78, 0x74, 0x20,
  0x7d, 0x29, 0x3b, 0x0a, 0x20, 0x20, 0x20, 0x20, 0x20, 0x20, 0x20, 0x20, 0x70, 0x72, 0x6f, 0x6a,
  0x65, 0x63, 0x74, 0x28, 0x7b, 0x20, 0x6b, 0x69, 0x6e, 0x64, 0x3a, 0x20, 0x27, 0x74, 0x6f, 0x6b,
  0x65, 0x6e, 0x2d, 0x64, 0x65, 0x6c, 0x74, 0x61, 0x27, 0x2c, 0x20, 0x69, 0x6e, 0x64, 0x65, 0x78,
  0x3a, 0x20, 0x66, 0x69, 0x65, 0x6c, 0x64, 0x73, 0x2e, 0x69, 0x6e, 0x64, 0x65, 0x78, 0x2c, 0x20,
  0x74, 0x65, 0x78, 0x74, 0x3a, 0x20, 0x66, 0x69, 0x65, 0x6c, 0x64, 0x73, 0x2e, 0x74, 0x65, 0x78,
  0x74, 0x20, 0x7d, 0x29, 0x3b, 0x0a, 0x20, 0x20, 0x20, 0x20, 0x20, 0x20, 0x7d, 0x0a, 0x20, 0x20,
  0x20, 0x20, 0x7d, 0x2c, 0x0a, 0x20, 0x20, 0x7d, 0x29, 0x3b, 0x0a, 0x20, 0x20, 0x64, 0x65, 0x6d,
  0x61, 0x6e, 0x64, 0x28, 0x72, 0x65, 0x73, 0x75, 0x6c, 0x74, 0x2e, 0x64, 0x65, 0x6c, 0x74, 0x61,
  0x73, 0x20, 0x3e, 0x3d, 0x20, 0x31, 0x2c, 0x20, 0x60, 0x6e, 0x6f, 0x20, 0x63, 0x6f, 0x6e, 0x74,
  0x65, 0x6e, 0x74, 0x20, 0x64, 0x65, 0x6c, 0x74, 0x61, 0x73, 0x20, 0x73, 0x74, 0x72, 0x65, 0x61,
  0x6d, 0x65, 0x64, 0x20, 0x28, 0x66, 0x69, 0x6e, 0x69, 0x73, 0x68, 0x20, 0x24, 0x7b, 0x72, 0x65,
  0x73, 0x75, 0x6c, 0x74, 0x2e, 0x66, 0x69, 0x6e, 0x69, 0x73, 0x68, 0x52, 0x65, 0x61, 0x73, 0x6f,
  0x6e, 0x7d, 0x29, 0x60, 0x29, 0x3b, 0x0a, 0x20, 0x20, 0x64, 0x65, 0x6d, 0x61, 0x6e, 0x64, 0x28,
  0x72, 0x65, 0x73, 0x75, 0x6c, 0x74, 0x2e, 0x74, 0x65, 0x78, 0x74, 0x2e, 0x6c, 0x65, 0x6e, 0x67,
  0x74, 0x68, 0x20, 0x3e, 0x20, 0x30, 0x2c, 0x20, 0x27, 0x61, 0x67, 0x67, 0x72, 0x65, 0x67, 0x61,
  0x74, 0x65, 0x64, 0x20, 0x61, 0x73, 0x73, 0x69, 0x73, 0x74, 0x61, 0x6e, 0x74, 0x20, 0x74, 0x65,
  0x78, 0x74, 0x20, 0x69, 0x73, 0x20, 0x65, 0x6d, 0x70, 0x74, 0x79, 0x27, 0x29, 0x3b, 0x0a, 0x20,
  0x20, 0x65, 0x6d, 0x69, 0x74, 0x28, 0x27, 0x6c, 0x6c, 0x6d, 0x2e, 0x73, 0x74, 0x72, 0x65, 0x61,
  0x6d, 0x2e, 0x63, 0x6f, 0x6d, 0x70, 0x6c, 0x65, 0x74, 0x65, 0x64, 0x27, 0x2c, 0x20, 0x7b, 0x0a,
  0x20, 0x20, 0x20, 0x20, 0x74, 0x75, 0x72, 0x6e, 0x3a, 0x20, 0x31, 0x2c, 0x20, 0x64, 0x65, 0x6c,
  0x74, 0x61, 0x73, 0x3a, 0x20, 0x72, 0x65, 0x73, 0x75, 0x6c, 0x74, 0x2e, 0x64, 0x65, 0x6c, 0x74,
  0x61, 0x73, 0x2c, 0x20, 0x72, 0x65, 0x61, 0x73, 0x6f, 0x6e, 0x69, 0x6e, 0x67, 0x44, 0x65, 0x6c,
  0x74, 0x61, 0x73, 0x3a, 0x20, 0x72, 0x65, 0x73, 0x75, 0x6c, 0x74, 0x2e, 0x72, 0x65, 0x61, 0x73,
  0x6f, 0x6e, 0x69, 0x6e, 0x67, 0x44, 0x65, 0x6c, 0x74, 0x61, 0x73, 0x2c, 0x0a, 0x20, 0x20, 0x20,
  0x20, 0x63, 0x68, 0x61, 0x72, 0x73, 0x3a, 0x20, 0x72, 0x65, 0x73, 0x75, 0x6c, 0x74, 0x2e, 0x74,
  0x65, 0x78, 0x74, 0x2e, 0x6c, 0x65, 0x6e, 0x67, 0x74, 0x68, 0x2c, 0x20, 0x66, 0x69, 0x6e, 0x69,
  0x73, 0x68, 0x52, 0x65, 0x61, 0x73, 0x6f, 0x6e, 0x3a, 0x20, 0x72, 0x65, 0x73, 0x75, 0x6c, 0x74,
  0x2e, 0x66, 0x69, 0x6e, 0x69, 0x73, 0x68, 0x52, 0x65, 0x61, 0x73, 0x6f, 0x6e, 0x2c, 0x0a, 0x20,
  0x20, 0x7d, 0x29, 0x3b, 0x0a, 0x20, 0x20, 0x65, 0x6d, 0x69, 0x74, 0x28, 0x27, 0x6c, 0x6c, 0x6d,
  0x2e, 0x73, 0x65, 0x72, 0x76, 0x65, 0x64, 0x2d, 0x6d, 0x6f, 0x64, 0x65, 0x6c, 0x27, 0x2c, 0x20,
  0x7b, 0x20, 0x72, 0x65, 0x71, 0x75, 0x65, 0x73, 0x74, 0x65, 0x64, 0x3a, 0x20, 0x63, 0x6f, 0x6e,
  0x66, 0x69, 0x67, 0x2e, 0x6d, 0x6f, 0x64, 0x65, 0x6c, 0x2c, 0x20, 0x73, 0x65, 0x72, 0x76, 0x65,
  0x64, 0x3a, 0x20, 0x72, 0x65, 0x73, 0x75, 0x6c, 0x74, 0x2e, 0x73, 0x65, 0x72, 0x76, 0x65, 0x64,
  0x20, 0x7d, 0x29, 0x3b, 0x0a, 0x20, 0x20, 0x72, 0x65, 0x74, 0x75, 0x72, 0x6e, 0x20, 0x72, 0x65,
  0x73, 0x75, 0x6c, 0x74, 0x3b, 0x0a, 0x7d, 0x3b, 0x0a, 0x0a, 0x63, 0x6f, 0x6e, 0x73, 0x74, 0x20,
  0x6d, 0x61, 0x69, 0x6e, 0x20, 0x3d, 0x20, 0x61, 0x73, 0x79, 0x6e, 0x63, 0x20, 0x28, 0x29, 0x20,
  0x3d, 0x3e, 0x20, 0x7b, 0x0a, 0x20, 0x20, 0x6c, 0x6f, 0x67, 0x2e, 0x64, 0x65, 0x62, 0x75, 0x67,
  0x28, 0x27, 0x6d, 0x61, 0x69, 0x6e, 0x20, 0x62, 0x65, 0x67, 0x69, 0x6e, 0x27, 0x29, 0x3b, 0x0a,
  0x20, 0x20, 0x70, 0x72, 0x6f, 0x6a, 0x65, 0x63, 0x74, 0x28, 0x7b, 0x20, 0x6b, 0x69, 0x6e, 0x64,
  0x3a, 0x20, 0x27, 0x73, 0x6c, 0x6f, 0x74, 0x2e, 0x72, 0x65, 0x67, 0x69, 0x73, 0x74, 0x65, 0x72,
  0x27, 0x2c, 0x20, 0x69, 0x64, 0x3a, 0x20, 0x27, 0x6e, 0x6f, 0x74, 0x65, 0x73, 0x2e, 0x74, 0x6f,
  0x6f, 0x6c, 0x62, 0x61, 0x72, 0x27, 0x2c, 0x20, 0x6c, 0x61, 0x62, 0x65, 0x6c, 0x3a, 0x20, 0x27,
  0x6c, 0x6c, 0x6d, 0x27, 0x2c, 0x20, 0x62, 0x79, 0x3a, 0x20, 0x27, 0x6d, 0x32, 0x2d, 0x6c, 0x6c,
  0x6d, 0x27, 0x20, 0x7d, 0x29, 0x3b, 0x0a, 0x20, 0x20, 0x61, 0x77, 0x61, 0x69, 0x74, 0x20, 0x6e,
  0x65, 0x78, 0x74, 0x45, 0x76, 0x65, 0x6e, 0x74, 0x28, 0x27, 0x68, 0x6f, 0x73, 0x74, 0x2e, 0x69,
  0x6e, 0x66, 0x6f, 0x27, 0x29, 0x3b, 0x0a, 0x20, 0x20, 0x65, 0x6d, 0x69, 0x74, 0x28, 0x27, 0x68,
  0x6f, 0x73, 0x74, 0x2e, 0x72, 0x65, 0x61, 0x64, 0x79, 0x27, 0x2c, 0x20, 0x7b, 0x20, 0x73, 0x69,
  0x67, 0x6e, 0x61, 0x6c, 0x6c, 0x65, 0x64, 0x3a, 0x20, 0x74, 0x72, 0x75, 0x65, 0x20, 0x7d, 0x29,
  0x3b, 0x0a, 0x0a, 0x20, 0x20, 0x63, 0x6f, 0x6e, 0x73, 0x74, 0x20, 0x6c, 0x65, 0x67, 0x20, 0x3d,
  0x20, 0x64, 0x65, 0x73, 0x63, 0x72, 0x69, 0x70, 0x74, 0x6f, 0x72, 0x4c, 0x65, 0x67, 0x28, 0x29,
  0x3b, 0x0a, 0x20, 0x20, 0x65, 0x6d, 0x69, 0x74, 0x28, 0x27, 0x6c, 0x6c, 0x6d, 0x2e, 0x6c, 0x65,
  0x67, 0x27, 0x2c, 0x20, 0x7b, 0x20, 0x6c, 0x65, 0x67, 0x2c, 0x20, 0x74, 0x72, 0x61, 0x6e, 0x73,
  0x70, 0x6f, 0x72, 0x74, 0x3a, 0x20, 0x6c, 0x65, 0x67, 0x20, 0x3d, 0x3d, 0x3d, 0x20, 0x27, 0x72,
  0x65, 0x61, 0x6c, 0x27, 0x20, 0x3f, 0x20, 0x27, 0x67, 0x61, 0x74, 0x65, 0x77, 0x61, 0x79, 0x2e,
  0x68, 0x74, 0x74, 0x70, 0x46, 0x65, 0x74, 0x63, 0x68, 0x27, 0x20, 0x3a, 0x20, 0x27, 0x73, 0x63,
  0x72, 0x69, 0x70, 0x74, 0x65, 0x64, 0x2d, 0x73, 0x73, 0x65, 0x27, 0x20, 0x7d, 0x29, 0x3b, 0x0a,
  0x20, 0x20, 0x63, 0x6f, 0x6e, 0x73, 0x74, 0x20, 0x63, 0x6f, 0x6e, 0x66, 0x69, 0x67, 0x20, 0x3d,
  0x20, 0x6c, 0x65, 0x67, 0x20, 0x3d, 0x3d, 0x3d, 0x20, 0x27, 0x72, 0x65, 0x61, 0x6c, 0x27, 0x0a,
  0x20, 0x20, 0x20, 0x20, 0x3f, 0x20, 0x61, 0x77, 0x61, 0x69, 0x74, 0x20, 0x6c, 0x6f, 0x61, 0x64,
  0x52, 0x65, 0x61, 0x6c, 0x43, 0x6f, 0x6e, 0x66, 0x69, 0x67, 0x28, 0x29, 0x0a, 0x20, 0x20, 0x20,
  0x20, 0x3a, 0x20, 0x7b, 0x20, 0x73, 0x6f, 0x75, 0x72, 0x63, 0x65, 0x3a, 0x20, 0x27, 0x73, 0x63,
  0x72, 0x69, 0x70, 0x74, 0x65, 0x64, 0x2d, 0x66, 0x69, 0x78, 0x74, 0x75, 0x72, 0x65, 0x27, 0x2c,
  0x20, 0x62, 0x61, 0x73, 0x65, 0x55, 0x72, 0x6c, 0x3a, 0x20, 0x53, 0x43, 0x52, 0x49, 0x50, 0x54,
  0x5f, 0x42, 0x41, 0x53, 0x45, 0x2c, 0x20, 0x61, 0x70, 0x69, 0x4b, 0x65, 0x79, 0x3a, 0x20, 0x53,
  0x43, 0x52, 0x49, 0x50, 0x54, 0x5f, 0x4b, 0x45, 0x59, 0x2c, 0x20, 0x6d, 0x6f, 0x64, 0x65, 0x6c,
  0x3a, 0x20, 0x53, 0x43, 0x52, 0x49, 0x50, 0x54, 0x5f, 0x4d, 0x4f, 0x44, 0x45, 0x4c, 0x20, 0x7d,
  0x3b, 0x0a, 0x20, 0x20, 0x65, 0x6d, 0x69, 0x74, 0x28, 0x27, 0x6c, 0x6c, 0x6d, 0x2e, 0x63, 0x6f,
  0x6e, 0x66, 0x69, 0x67, 0x2e, 0x6c, 0x6f, 0x61, 0x64, 0x65, 0x64, 0x27, 0x2c, 0x20, 0x7b, 0x20,
  0x73, 0x6f, 0x75, 0x72, 0x63, 0x65, 0x3a, 0x20, 0x63, 0x6f, 0x6e, 0x66, 0x69, 0x67, 0x2e, 0x73,
  0x6f, 0x75, 0x72, 0x63, 0x65, 0x2c, 0x20, 0x6d, 0x6f, 0x64, 0x65, 0x6c, 0x3a, 0x20, 0x63, 0x6f,
  0x6e, 0x66, 0x69, 0x67, 0x2e, 0x6d, 0x6f, 0x64, 0x65, 0x6c, 0x20, 0x7d, 0x29, 0x3b, 0x0a, 0x20,
  0x20, 0x69, 0x66, 0x20, 0x28, 0x6c, 0x65, 0x67, 0x20, 0x3d, 0x3d, 0x3d, 0x20, 0x27, 0x73, 0x63,
  0x72, 0x69, 0x70, 0x74, 0x65, 0x64, 0x27, 0x29, 0x20, 0x61, 0x75, 0x64, 0x69, 0x74, 0x2e, 0x73,
  0x65, 0x63, 0x72, 0x65, 0x74, 0x20, 0x3d, 0x20, 0x53, 0x43, 0x52, 0x49, 0x50, 0x54, 0x5f, 0x4b,
  0x45, 0x59, 0x3b, 0x0a, 0x0a, 0x20, 0x20, 0x65, 0x6d, 0x69, 0x74, 0x28, 0x27, 0x73, 0x65, 0x73,
  0x73, 0x69, 0x6f, 0x6e, 0x2e, 0x63, 0x72, 0x65, 0x61, 0x74, 0x65, 0x64, 0x27, 0x2c, 0x20, 0x7b,
  0x20, 0x73, 0x65, 0x73, 0x73, 0x69, 0x6f, 0x6e, 0x49, 0x64, 0x3a, 0x20, 0x53, 0x45, 0x53, 0x53,
  0x49, 0x4f, 0x4e, 0x5f, 0x49, 0x44, 0x2c, 0x20, 0x73, 0x63, 0x6f, 0x70, 0x65, 0x3a, 0x20, 0x27,
  0x61, 0x70, 0x70, 0x27, 0x20, 0x7d, 0x29, 0x3b, 0x0a, 0x20, 0x20, 0x70, 0x72, 0x6f, 0x6a, 0x65,
  0x63, 0x74, 0x28, 0x7b, 0x20, 0x6b, 0x69, 0x6e, 0x64, 0x3a, 0x20, 0x27, 0x73, 0x65, 0x73, 0x73,
  0x69, 0x6f, 0x6e, 0x27, 0x2c, 0x20, 0x69, 0x64, 0x3a, 0x20, 0x53, 0x45, 0x53, 0x53, 0x49, 0x4f,
  0x4e, 0x5f, 0x49, 0x44, 0x2c, 0x20, 0x73, 0x63, 0x6f, 0x70, 0x65, 0x3a, 0x20, 0x27, 0x61, 0x70,
  0x70, 0x27, 0x20, 0x7d, 0x29, 0x3b, 0x0a, 0x20, 0x20, 0x65, 0x6d, 0x69, 0x74, 0x28, 0x27, 0x61,
  0x67, 0x65, 0x6e, 0x74, 0x2e, 0x73, 0x74, 0x61, 0x72, 0x74, 0x65, 0x64, 0x27, 0x2c, 0x20, 0x7b,
  0x20, 0x6d, 0x6f, 0x64, 0x65, 0x6c, 0x3a, 0x20, 0x63, 0x6f, 0x6e, 0x66, 0x69, 0x67, 0x2e, 0x6d,
  0x6f, 0x64, 0x65, 0x6c, 0x2c, 0x20, 0x74, 0x6f, 0x6f, 0x6c, 0x73, 0x3a, 0x20, 0x30, 0x20, 0x7d,
  0x29, 0x3b, 0x0a, 0x20, 0x20, 0x70, 0x72, 0x6f, 0x6a, 0x65, 0x63, 0x74, 0x28, 0x7b, 0x20, 0x6b,
  0x69, 0x6e, 0x64, 0x3a, 0x20, 0x27, 0x61, 0x67, 0x65, 0x6e, 0x74, 0x27, 0x2c, 0x20, 0x6d, 0x6f,
  0x64, 0x65, 0x6c, 0x3a, 0x20, 0x63, 0x6f, 0x6e, 0x66, 0x69, 0x67, 0x2e, 0x6d, 0x6f, 0x64, 0x65,
  0x6c, 0x2c, 0x20, 0x74, 0x6f, 0x6f, 0x6c, 0x73, 0x3a, 0x20, 0x30, 0x20, 0x7d, 0x29, 0x3b, 0x0a,
  0x0a, 0x20, 0x20, 0x63, 0x6f, 0x6e, 0x73, 0x74, 0x20, 0x72, 0x65, 0x73, 0x75, 0x6c, 0x74, 0x20,
  0x3d, 0x20, 0x61, 0x77, 0x61, 0x69, 0x74, 0x20, 0x72, 0x75, 0x6e, 0x54, 0x75, 0x72, 0x6e, 0x28,
  0x63, 0x6f, 0x6e, 0x66, 0x69, 0x67, 0x29, 0x3b, 0x0a, 0x20, 0x20, 0x69, 0x66, 0x20, 0x28, 0x6c,
  0x65, 0x67, 0x20, 0x3d, 0x3d, 0x3d, 0x20, 0x27, 0x73, 0x63, 0x72, 0x69, 0x70, 0x74, 0x65, 0x64,
  0x27, 0x29, 0x20, 0x7b, 0x0a, 0x20, 0x20, 0x20, 0x20, 0x64, 0x65, 0x6d, 0x61, 0x6e, 0x64, 0x28,
  0x72, 0x65, 0x73, 0x75, 0x6c, 0x74, 0x2e, 0x74, 0x65, 0x78, 0x74, 0x20, 0x3d, 0x3d, 0x3d, 0x20,
  0x45, 0x58, 0x50, 0x45, 0x43, 0x54, 0x45, 0x44, 0x5f, 0x54, 0x45, 0x58, 0x54, 0x2c, 0x20, 0x60,
  0x61, 0x67, 0x67, 0x72, 0x65, 0x67, 0x61, 0x74, 0x65, 0x64, 0x20, 0x74, 0x65, 0x78, 0x74, 0x20,
  0x64, 0x72, 0x69, 0x66, 0x74, 0x65, 0x64, 0x3a, 0x20, 0x22, 0x24, 0x7b, 0x72, 0x65, 0x73, 0x75,
  0x6c, 0x74, 0x2e, 0x74, 0x65, 0x78, 0x74, 0x7d, 0x22, 0x60, 0x29, 0x3b, 0x0a, 0x20, 0x20, 0x20,
  0x20, 0x64, 0x65, 0x6d, 0x61, 0x6e, 0x64, 0x28, 0x72, 0x65, 0x73, 0x75, 0x6c, 0x74, 0x2e, 0x64,
  0x65, 0x6c, 0x74, 0x61, 0x73, 0x20, 0x3d, 0x3d, 0x3d, 0x20, 0x47, 0x52, 0x45, 0x45, 0x54, 0x49,
  0x4e, 0x47, 0x2e, 0x6c, 0x65, 0x6e, 0x67, 0x74, 0x68, 0x2c, 0x20, 0x60, 0x64, 0x65, 0x6c, 0x74,
  0x61, 0x20, 0x63, 0x6f, 0x75, 0x6e, 0x74, 0x20, 0x64, 0x72, 0x69, 0x66, 0x74, 0x65, 0x64, 0x3a,
  0x20, 0x24, 0x7b, 0x72, 0x65, 0x73, 0x75, 0x6c, 0x74, 0x2e, 0x64, 0x65, 0x6c, 0x74, 0x61, 0x73,
  0x7d, 0x60, 0x29, 0x3b, 0x0a, 0x20, 0x20, 0x20, 0x20, 0x64, 0x65, 0x6d, 0x61, 0x6e, 0x64, 0x28,
  0x72, 0x65, 0x73, 0x75, 0x6c, 0x74, 0x2e, 0x72, 0x65, 0x61, 0x73, 0x6f, 0x6e, 0x69, 0x6e, 0x67,
  0x44, 0x65, 0x6c, 0x74, 0x61, 0x73, 0x20, 0x3d, 0x3d, 0x3d, 0x20, 0x31, 0x2c, 0x20, 0x27, 0x72,
  0x65, 0x61, 0x73, 0x6f, 0x6e, 0x69, 0x6e, 0x67, 0x20, 0x64, 0x65, 0x6c, 0x74, 0x61, 0x20, 0x63,
  0x6f, 0x75, 0x6e, 0x74, 0x20, 0x64, 0x72, 0x69, 0x66, 0x74, 0x65, 0x64, 0x27, 0x29, 0x3b, 0x0a,
  0x20, 0x20, 0x20, 0x20, 0x64, 0x65, 0x6d, 0x61, 0x6e, 0x64, 0x28, 0x72, 0x65, 0x73, 0x75, 0x6c,
  0x74, 0x2e, 0x73, 0x65, 0x72, 0x76, 0x65, 0x64, 0x20, 0x3d, 0x3d, 0x3d, 0x20, 0x53, 0x43, 0x52,
  0x49, 0x50, 0x54, 0x5f, 0x53, 0x45, 0x52, 0x56, 0x45, 0x44, 0x2c, 0x20, 0x60, 0x73, 0x65, 0x72,
  0x76, 0x65, 0x64, 0x20, 0x6d, 0x6f, 0x64, 0x65, 0x6c, 0x20, 0x64, 0x72, 0x69, 0x66, 0x74, 0x65,
  0x64, 0x3a, 0x20, 0x24, 0x7b, 0x72, 0x65, 0x73, 0x75, 0x6c, 0x74, 0x2e, 0x73, 0x65, 0x72, 0x76,
  0x65, 0x64, 0x7d, 0x60, 0x29, 0x3b, 0x0a, 0x20, 0x20, 0x7d, 0x20, 0x65, 0x6c, 0x73, 0x65, 0x20,
  0x7b, 0x0a, 0x20, 0x20, 0x20, 0x20, 0x64, 0x65, 0x6d, 0x61, 0x6e, 0x64, 0x28, 0x74, 0x79, 0x70,
  0x65, 0x6f, 0x66, 0x20, 0x72, 0x65, 0x73, 0x75, 0x6c, 0x74, 0x2e, 0x73, 0x65, 0x72, 0x76, 0x65,
  0x64, 0x20, 0x3d, 0x3d, 0x3d, 0x20, 0x27, 0x73, 0x74, 0x72, 0x69, 0x6e, 0x67, 0x27, 0x20, 0x26,
  0x26, 0x20, 0x72, 0x65, 0x73, 0x75, 0x6c, 0x74, 0x2e, 0x73, 0x65, 0x72, 0x76, 0x65, 0x64, 0x2e,
  0x6c, 0x65, 0x6e, 0x67, 0x74, 0x68, 0x20, 0x3e, 0x20, 0x30, 0x2c, 0x0a, 0x20, 0x20, 0x20, 0x20,
  0x20, 0x20, 0x27, 0x73, 0x65, 0x72, 0x76, 0x65, 0x72, 0x20, 0x72, 0x65, 0x70, 0x6f, 0x72, 0x74,
  0x65, 0x64, 0x20, 0x6e, 0x6f, 0x20, 0x6d, 0x6f, 0x64, 0x65, 0x6c, 0x20, 0x6e, 0x61, 0x6d, 0x65,
  0x27, 0x29, 0x3b, 0x0a, 0x20, 0x20, 0x7d, 0x0a, 0x20, 0x20, 0x65, 0x6d, 0x69, 0x74, 0x28, 0x27,
  0x6c, 0x6c, 0x6d, 0x2e, 0x63, 0x6f, 0x6e, 0x74, 0x65, 0x6e, 0x74, 0x2e, 0x61, 0x73, 0x73, 0x65,
  0x72, 0x74, 0x65, 0x64, 0x27, 0x2c, 0x20, 0x7b, 0x20, 0x74, 0x65, 0x78, 0x74, 0x3a, 0x20, 0x72,
  0x65, 0x73, 0x75, 0x6c, 0x74, 0x2e, 0x74, 0x65, 0x78, 0x74, 0x2c, 0x20, 0x63, 0x68, 0x61, 0x72,
  0x73, 0x3a, 0x20, 0x72, 0x65, 0x73, 0x75, 0x6c, 0x74, 0x2e, 0x74, 0x65, 0x78, 0x74, 0x2e, 0x6c,
  0x65, 0x6e, 0x67, 0x74, 0x68, 0x20, 0x7d, 0x29, 0x3b, 0x0a, 0x20, 0x20, 0x64, 0x65, 0x6d, 0x61,
  0x6e, 0x64, 0x28, 0x21, 0x61, 0x75, 0x64, 0x69, 0x74, 0x2e, 0x6c, 0x65, 0x61, 0x6b, 0x65, 0x64,
  0x2c, 0x20, 0x27, 0x54, 0x48, 0x45, 0x20, 0x41, 0x50, 0x49, 0x20, 0x4b, 0x45, 0x59, 0x20, 0x41,
  0x50, 0x50, 0x45, 0x41, 0x52, 0x45, 0x44, 0x20, 0x49, 0x4e, 0x20, 0x54, 0x48, 0x45, 0x20, 0x4c,
  0x4f, 0x47, 0x20, 0x53, 0x54, 0x52, 0x45, 0x41, 0x4d, 0x27, 0x29, 0x3b, 0x0a, 0x20, 0x20, 0x65,
  0x6d, 0x69, 0x74, 0x28, 0x27, 0x6c, 0x6c, 0x6d, 0x2e, 0x6b, 0x65, 0x79, 0x2e, 0x61, 0x75, 0x64,
  0x69, 0x74, 0x27, 0x2c, 0x20, 0x7b, 0x20, 0x6c, 0x69, 0x6e, 0x65, 0x73, 0x3a, 0x20, 0x61, 0x75,
  0x64, 0x69, 0x74, 0x2e, 0x6c, 0x69, 0x6e, 0x65, 0x73, 0x2c, 0x20, 0x6c, 0x65, 0x61, 0x6b, 0x65,
  0x64, 0x3a, 0x20, 0x66, 0x61, 0x6c, 0x73, 0x65, 0x20, 0x7d, 0x29, 0x3b, 0x0a, 0x20, 0x20, 0x65,
  0x6d, 0x69, 0x74, 0x28, 0x27, 0x73, 0x65, 0x73, 0x73, 0x69, 0x6f, 0x6e, 0x2e, 0x63, 0x6f, 0x6d,
  0x70, 0x6c, 0x65, 0x74, 0x65, 0x64, 0x27, 0x2c, 0x20, 0x7b, 0x0a, 0x20, 0x20, 0x20, 0x20, 0x73,
  0x65, 0x73, 0x73, 0x69, 0x6f, 0x6e, 0x49, 0x64, 0x3a, 0x20, 0x53, 0x45, 0x53, 0x53, 0x49, 0x4f,
  0x4e, 0x5f, 0x49, 0x44, 0x2c, 0x20, 0x73, 0x74, 0x61, 0x74, 0x75, 0x73, 0x3a, 0x20, 0x27, 0x70,
  0x61, 0x73, 0x73, 0x27, 0x2c, 0x20, 0x64, 0x65, 0x6c, 0x74, 0x61, 0x73, 0x3a, 0x20, 0x72, 0x65,
  0x73, 0x75, 0x6c, 0x74, 0x2e, 0x64, 0x65, 0x6c, 0x74, 0x61, 0x73, 0x2c, 0x20, 0x63, 0x68, 0x61,
  0x72, 0x73, 0x3a, 0x20, 0x72, 0x65, 0x73, 0x75, 0x6c, 0x74, 0x2e, 0x74, 0x65, 0x78, 0x74, 0x2e,
  0x6c, 0x65, 0x6e, 0x67, 0x74, 0x68, 0x2c, 0x0a, 0x20, 0x20, 0x7d, 0x29, 0x3b, 0x0a, 0x20, 0x20,
  0x70, 0x72, 0x6f, 0x6a, 0x65, 0x63, 0x74, 0x28, 0x7b, 0x0a, 0x20, 0x20, 0x20, 0x20, 0x6b, 0x69,
  0x6e, 0x64, 0x3a, 0x20, 0x27, 0x63, 0x6f, 0x6d, 0x70, 0x6c, 0x65, 0x74, 0x65, 0x27, 0x2c, 0x20,
  0x73, 0x74, 0x61, 0x74, 0x75, 0x73, 0x3a, 0x20, 0x27, 0x70, 0x61, 0x73, 0x73, 0x27, 0x2c, 0x20,
  0x64, 0x65, 0x6c, 0x74, 0x61, 0x73, 0x3a, 0x20, 0x72, 0x65, 0x73, 0x75, 0x6c, 0x74, 0x2e, 0x64,
  0x65, 0x6c, 0x74, 0x61, 0x73, 0x2c, 0x20, 0x63, 0x68, 0x61, 0x72, 0x73, 0x3a, 0x20, 0x72, 0x65,
  0x73, 0x75, 0x6c, 0x74, 0x2e, 0x74, 0x65, 0x78, 0x74, 0x2e, 0x6c, 0x65, 0x6e, 0x67, 0x74, 0x68,
  0x2c, 0x0a, 0x20, 0x20, 0x7d, 0x29, 0x3b, 0x0a, 0x20, 0x20, 0x67, 0x6c, 0x6f, 0x62, 0x61, 0x6c,
  0x54, 0x68, 0x69, 0x73, 0x2e, 0x5f, 0x5f, 0x64, 0x73, 0x68, 0x43, 0x6f, 0x6d, 0x70, 0x6c, 0x65,
  0x74, 0x65, 0x28, 0x74, 0x72, 0x75, 0x65, 0x2c, 0x20, 0x27, 0x6f, 0x6b, 0x27, 0x29, 0x3b, 0x0a,
  0x7d, 0x3b, 0x0a, 0x0a, 0x69, 0x66, 0x20, 0x28, 0x21, 0x67, 0x6c, 0x6f, 0x62, 0x61, 0x6c, 0x54,
  0x68, 0x69, 0x73, 0x2e, 0x5f, 0x5f, 0x64, 0x73, 0x68, 0x47, 0x61, 0x74, 0x65, 0x77, 0x61, 0x79,
  0x4e, 0x65, 0x67, 0x6f, 0x74, 0x69, 0x61, 0x74, 0x65, 0x28, 0x27, 0x67, 0x61, 0x74, 0x65, 0x77,
  0x61, 0x79, 0x40, 0x31, 0x27, 0x29, 0x29, 0x20, 0x7b, 0x0a, 0x20, 0x20, 0x66, 0x61, 0x69, 0x6c,
  0x28, 0x27, 0x67, 0x61, 0x74, 0x65, 0x77, 0x61, 0x79, 0x20, 0x6e, 0x65, 0x67, 0x6f, 0x74, 0x69,
  0x61, 0x74, 0x69, 0x6f, 0x6e, 0x20, 0x66, 0x61, 0x69, 0x6c, 0x65, 0x64, 0x27, 0x29, 0x3b, 0x0a,
  0x7d, 0x20, 0x65, 0x6c, 0x73, 0x65, 0x20, 0x7b, 0x0a, 0x20, 0x20, 0x65, 0x6d, 0x69, 0x74, 0x28,
  0x27, 0x67, 0x61, 0x74, 0x65, 0x77, 0x61, 0x79, 0x2e, 0x6e, 0x65, 0x67, 0x6f, 0x74, 0x69, 0x61,
  0x74, 0x65, 0x64, 0x27, 0x2c, 0x20, 0x7b, 0x20, 0x76, 0x65, 0x72, 0x73, 0x69, 0x6f, 0x6e, 0x3a,
  0x20, 0x27, 0x67, 0x61, 0x74, 0x65, 0x77, 0x61, 0x79, 0x40, 0x31, 0x27, 0x20, 0x7d, 0x29, 0x3b,
  0x0a, 0x20, 0x20, 0x2f, 0x2f, 0x20, 0x41, 0x6e, 0x20, 0x75, 0x6e, 0x63, 0x61, 0x75, 0x67, 0x68,
  0x74, 0x20, 0x72, 0x65, 0x6a, 0x65, 0x63, 0x74, 0x69, 0x6f, 0x6e, 0x20, 0x77, 0x6f, 0x75, 0x6c,
  0x64, 0x20, 0x6f, 0x74, 0x68, 0x65, 0x72, 0x77, 0x69, 0x73, 0x65, 0x20, 0x64, 0x69, 0x65, 0x20,
  0x73, 0x69, 0x6c, 0x65, 0x6e, 0x74, 0x6c, 0x79, 0x20, 0x62, 0x65, 0x74, 0x77, 0x65, 0x65, 0x6e,
  0x20, 0x70, 0x75, 0x6d, 0x70, 0x73, 0x20, 0xe2, 0x80, 0x94, 0x0a, 0x20, 0x20, 0x2f, 0x2f, 0x20,
  0x72, 0x6f, 0x75, 0x74, 0x65, 0x20, 0x65, 0x76, 0x65, 0x72, 0x79, 0x20, 0x66, 0x61, 0x69, 0x6c,
  0x75, 0x72, 0x65, 0x20, 0x74, 0x68, 0x72, 0x6f, 0x75, 0x67, 0x68, 0x20, 0x74, 0x68, 0x65, 0x20,
  0x73, 0x63, 0x65, 0x6e, 0x61, 0x72, 0x69, 0x6f, 0x20, 0x76, 0x65, 0x72, 0x64, 0x69, 0x63, 0x74,
  0x20, 0x28, 0x66, 0x61, 0x69, 0x6c, 0x20, 0x6c, 0x6f, 0x75, 0x64, 0x2c, 0x20, 0x72, 0x75, 0x6c,
  0x65, 0x20, 0x35, 0x29, 0x2e, 0x0a, 0x20, 0x20, 0x61, 0x77, 0x61, 0x69, 0x74, 0x20, 0x6d, 0x61,
  0x69, 0x6e, 0x28, 0x29, 0x2e, 0x63, 0x61, 0x74, 0x63, 0x68, 0x28, 0x28, 0x65, 0x72, 0x72, 0x29,
  0x20, 0x3d, 0x3e, 0x20, 0x66, 0x61, 0x69, 0x6c, 0x28, 0x60, 0x75, 0x6e, 0x63, 0x61, 0x75, 0x67,
  0x68, 0x74, 0x3a, 0x20, 0x24, 0x7b, 0x65, 0x72, 0x72, 0x3f, 0x2e, 0x6d, 0x65, 0x73, 0x73, 0x61,
  0x67, 0x65, 0x20, 0x3f, 0x3f, 0x20, 0x65, 0x72, 0x72, 0x7d, 0x60, 0x29, 0x29, 0x3b, 0x0a, 0x7d,
  0x0a,
  0x00
};

/* runtime/spike/scenario/m3-fetch-install.js (13560 bytes) */
static const unsigned char DSH_SCENARIO_M3_FETCH_INSTALL_JS[] = {
  0x2f, 0x2a, 0x2a, 0x0a, 0x20, 0x2a, 0x20, 0x4d, 0x33, 0x20, 0x6f, 0x6e, 0x2d, 0x64, 0x65, 0x76,
  0x69, 0x63, 0x65, 0x20, 0x66, 0x65, 0x74, 0x63, 0x68, 0x2d, 0x69, 0x6e, 0x73, 0x74, 0x61, 0x6c,
  0x6c, 0x20, 0x73, 0x63, 0x65, 0x6e, 0x61, 0x72, 0x69, 0x6f, 0x20, 0x60, 0x6d, 0x33, 0x2e, 0x66,
  0x65, 0x74, 0x63, 0x68, 0x2d, 0x69, 0x6e, 0x73, 0x74, 0x61, 0x6c, 0x6c, 0x60, 0x20, 0xe2, 0x80,
  0x94, 0x20, 0x74, 0x68, 0x65, 0x20, 0x4d, 0x33, 0x20, 0x73, 0x63, 0x6f, 0x70, 0x65, 0x0a, 0x20,
  0x2a, 0x20, 0x69, 0x74, 0x65, 0x6d, 0x73, 0x20, 0x70, 0x72, 0x6f, 0x76, 0x65, 0x6e, 0x20, 0x4f,
  0x4e, 0x20, 0x44, 0x45, 0x56, 0x49, 0x43, 0x45, 0x20, 0x6f, 0x76, 0x65, 0x72, 0x20, 0x74, 0x68,
  0x65, 0x20, 0x72, 0x65, 0x61, 0x6c, 0x20, 0x67, 0x61, 0x74, 0x65, 0x77, 0x61, 0x79, 0x20, 0x28,
  0x63, 0x61, 0x72, 0x72, 0x69, 0x65, 0x72, 0x20, 0x68, 0x6f, 0x73, 0x74, 0x2c, 0x20, 0x69, 0x4f,
  0x53, 0x29, 0x3a, 0x0a, 0x20, 0x2a, 0x0a, 0x20, 0x2a, 0x20, 0x20, 0x20, 0x2d, 0x20, 0x74, 0x68,
  0x65, 0x20, 0x64, 0x73, 0x68, 0x2d, 0x6e, 0x6f, 0x74, 0x65, 0x73, 0x20, 0x70, 0x61, 0x63, 0x6b,
  0x61, 0x67, 0x65, 0x20, 0x69, 0x73, 0x20, 0x73, 0x65, 0x72, 0x76, 0x65, 0x64, 0x20, 0x42, 0x59,
  0x20, 0x54, 0x48, 0x45, 0x20, 0x4c, 0x4f, 0x4f, 0x50, 0x42, 0x41, 0x43, 0x4b, 0x20, 0x43, 0x41,
  0x52, 0x52, 0x49, 0x45, 0x52, 0x20, 0x49, 0x54, 0x53, 0x45, 0x4c, 0x46, 0x0a, 0x20, 0x2a, 0x20,
  0x20, 0x20, 0x20, 0x20, 0x28, 0x73, 0x65, 0x6c, 0x66, 0x2d, 0x68, 0x6f, 0x73, 0x74, 0x65, 0x64,
  0x20, 0x70, 0x6c, 0x75, 0x67, 0x69, 0x6e, 0x20, 0x73, 0x6f, 0x75, 0x72, 0x63, 0x65, 0x20, 0xe2,
  0x80, 0x94, 0x20, 0x6e, 0x6f, 0x20, 0x65, 0x78, 0x74, 0x65, 0x72, 0x6e, 0x61, 0x6c, 0x20, 0x6e,
  0x65, 0x74, 0x77, 0x6f, 0x72, 0x6b, 0x29, 0x3a, 0x20, 0x74, 0x68, 0x65, 0x20, 0x73, 0x63, 0x65,
  0x6e, 0x61, 0x72, 0x69, 0x6f, 0x0a, 0x20, 0x2a, 0x20, 0x20, 0x20, 0x20, 0x20, 0x68, 0x61, 0x6e,
  0x64, 0x73, 0x20, 0x74, 0x68, 0x65, 0x20, 0x70, 0x61, 0x63, 0x6b, 0x61, 0x67, 0x65, 0x20, 0x62,
  0x79, 0x74, 0x65, 0x73, 0x20, 0x74, 0x6f, 0x20, 0x74, 0x68, 0x65, 0x20, 0x63, 0x61, 0x72, 0x72,
  0x69, 0x65, 0x72, 0x20, 0x6f, 0x76, 0x65, 0x72, 0x20, 0x74, 0x68, 0x65, 0x20, 0x62, 0x75, 0x73,
  0x20, 0x73, 0x65, 0x61, 0x6d, 0x0a, 0x20, 0x2a, 0x20, 0x20, 0x20, 0x20, 0x20, 0x28, 0x7b, 0x74,
  0x79, 0x70, 0x65, 0x3a, 0x22, 0x68, 0x74, 0x74, 0x70, 0x2e, 0x73, 0x65, 0x72, 0x76, 0x65, 0x22,
  0x2c, 0x20, 0x70, 0x61, 0x74, 0x68, 0x2c, 0x20, 0x62, 0x6f, 0x64, 0x79, 0x42, 0x36, 0x34, 0x7d,
  0x29, 0x20, 0x61, 0x6e, 0x64, 0x20, 0x74, 0x68, 0x65, 0x6e, 0x20, 0x69, 0x6e, 0x73, 0x74, 0x61,
  0x6c, 0x6c, 0x73, 0x20, 0x74, 0x68, 0x65, 0x6d, 0x20, 0x74, 0x68, 0x72, 0x6f, 0x75, 0x67, 0x68,
  0x0a, 0x20, 0x2a, 0x20, 0x20, 0x20, 0x20, 0x20, 0x69, 0x6e, 0x73, 0x74, 0x61, 0x6c, 0x6c, 0x46,
  0x72, 0x6f, 0x6d, 0x46, 0x65, 0x74, 0x63, 0x68, 0x20, 0x77, 0x69, 0x74, 0x68, 0x20, 0x74, 0x68,
  0x65, 0x20, 0x52, 0x45, 0x41, 0x4c, 0x20, 0x67, 0x61, 0x74, 0x65, 0x77, 0x61, 0x79, 0x20, 0x68,
  0x74, 0x74, 0x70, 0x46, 0x65, 0x74, 0x63, 0x68, 0x20, 0xe2, 0x80, 0x94, 0x20, 0x61, 0x20, 0x67,
  0x65, 0x6e, 0x75, 0x69, 0x6e, 0x65, 0x0a, 0x20, 0x2a, 0x20, 0x20, 0x20, 0x20, 0x20, 0x6f, 0x6e,
  0x2d, 0x64, 0x65, 0x76, 0x69, 0x63, 0x65, 0x20, 0x48, 0x54, 0x54, 0x50, 0x20, 0x72, 0x6f, 0x75,
  0x6e, 0x64, 0x20, 0x74, 0x72, 0x69, 0x70, 0x2c, 0x20, 0x73, 0x74, 0x72, 0x65, 0x61, 0x6d, 0x69,
  0x6e, 0x67, 0x20, 0x62, 0x6f, 0x64, 0x79, 0x20, 0xe2, 0x86, 0x92, 0x20, 0x62, 0x79, 0x74, 0x65,
  0x73, 0x20, 0xe2, 0x86, 0x92, 0x20, 0xc2, 0xa7, 0x34, 0x20, 0x70, 0x69, 0x70, 0x65, 0x6c, 0x69,
  0x6e, 0x65, 0x3b, 0x0a, 0x20, 0x2a, 0x20, 0x20, 0x20, 0x2d, 0x20, 0x74, 0x77, 0x6f, 0x20, 0x63,
  0x72, 0x61, 0x73, 0x68, 0x2d, 0x73, 0x69, 0x6d, 0x75, 0x6c, 0x61, 0x74, 0x65, 0x64, 0x20, 0x70,
  0x65, 0x6e, 0x64, 0x69, 0x6e, 0x67, 0x20, 0x72, 0x65, 0x63, 0x65, 0x69, 0x70, 0x74, 0x73, 0x20,
  0x61, 0x72, 0x65, 0x20, 0x53, 0x54, 0x41, 0x52, 0x54, 0x55, 0x50, 0x2d, 0x52, 0x45, 0x50, 0x4c,
  0x41, 0x59, 0x45, 0x44, 0x0a, 0x20, 0x2a, 0x20, 0x20, 0x20, 0x20, 0x20, 0x28, 0x73, 0x74, 0x61,
  0x67, 0x65, 0x64, 0x2d, 0x76, 0x65, 0x72, 0x69, 0x66, 0x69, 0x65, 0x73, 0x20, 0xe2, 0x86, 0x92,
  0x20, 0x63, 0x6f, 0x6d, 0x6d, 0x69, 0x74, 0x74, 0x65, 0x64, 0x3b, 0x20, 0x73, 0x74, 0x61, 0x67,
  0x69, 0x6e, 0x67, 0x2d, 0x69, 0x6e, 0x63, 0x6f, 0x6d, 0x70, 0x6c, 0x65, 0x74, 0x65, 0x20, 0xe2,
  0x86, 0x92, 0x20, 0x72, 0x6f, 0x6c, 0x6c, 0x65, 0x64, 0x2d, 0x62, 0x61, 0x63, 0x6b, 0x29, 0x3b,
  0x0a, 0x20, 0x2a, 0x20, 0x20, 0x20, 0x2d, 0x20, 0x69, 0x6e, 0x73, 0x74, 0x61, 0x6c, 0x6c, 0x2d,
  0x74, 0x69, 0x6d, 0x65, 0x20, 0x6e, 0x65, 0x67, 0x6f, 0x74, 0x69, 0x61, 0x74, 0x69, 0x6f, 0x6e,
  0x20, 0x72, 0x75, 0x6e, 0x73, 0x20, 0x69, 0x6e, 0x73, 0x69, 0x64, 0x65, 0x20, 0x74, 0x68, 0x65,
  0x20, 0x70, 0x69, 0x70, 0x65, 0x6c, 0x69, 0x6e, 0x65, 0x20, 0x28, 0x74, 0x68, 0x65, 0x20, 0x63,
  0x61, 0x72, 0x72, 0x69, 0x65, 0x72, 0x0a, 0x20, 0x2a, 0x20, 0x20, 0x20, 0x20, 0x20, 0x64, 0x65,
  0x73, 0x63, 0x72, 0x69, 0x70, 0x74, 0x6f, 0x72, 0x20, 0x6f, 0x66, 0x66, 0x65, 0x72, 0x73, 0x20,
  0x61, 0x6c, 0x6c, 0x20, 0x6e, 0x69, 0x6e, 0x65, 0x20, 0x70, 0x72, 0x69, 0x6d, 0x69, 0x74, 0x69,
  0x76, 0x65, 0x73, 0x20, 0xe2, 0x80, 0x94, 0x20, 0x74, 0x68, 0x65, 0x20, 0x70, 0x61, 0x73, 0x73,
  0x20, 0x63, 0x61, 0x73, 0x65, 0x3b, 0x20, 0x74, 0x68, 0x65, 0x20, 0x72, 0x65, 0x6a, 0x65, 0x63,
  0x74, 0x0a, 0x20, 0x2a, 0x20, 0x20, 0x20, 0x20, 0x20, 0x63, 0x61, 0x73, 0x65, 0x20, 0x69, 0x73,
  0x20, 0x70, 0x72, 0x6f, 0x76, 0x65, 0x6e, 0x20, 0x6f, 0x6e, 0x20, 0x74, 0x68, 0x65, 0x20, 0x43,
  0x4c, 0x49, 0x20, 0x69, 0x6e, 0x20, 0x6d, 0x33, 0x2e, 0x63, 0x6f, 0x6d, 0x70, 0x6c, 0x65, 0x74,
  0x65, 0x29, 0x3b, 0x0a, 0x20, 0x2a, 0x20, 0x20, 0x20, 0x2d, 0x20, 0x74, 0x68, 0x65, 0x20, 0x63,
  0x6f, 0x6e, 0x66, 0x69, 0x67, 0x20, 0x6c, 0x61, 0x79, 0x65, 0x72, 0x20, 0x70, 0x61, 0x74, 0x63,
  0x68, 0x20, 0x28, 0x70, 0x72, 0x6f, 0x66, 0x69, 0x6c, 0x65, 0x73, 0x2f, 0x6d, 0x33, 0x2d, 0x63,
  0x6f, 0x6d, 0x70, 0x6c, 0x65, 0x74, 0x65, 0x2f, 0x63, 0x6f, 0x72, 0x64, 0x69, 0x73, 0x2e, 0x70,
  0x61, 0x74, 0x63, 0x68, 0x2e, 0x6a, 0x73, 0x6f, 0x6e, 0x29, 0x20, 0x69, 0x73, 0x0a, 0x20, 0x2a,
  0x20, 0x20, 0x20, 0x20, 0x20, 0x63, 0x6f, 0x6e, 0x73, 0x75, 0x6d, 0x65, 0x64, 0x20, 0x68, 0x6f,
  0x73, 0x74, 0x2d, 0x73, 0x69, 0x64, 0x65, 0x20, 0x42, 0x45, 0x46, 0x4f, 0x52, 0x45, 0x20, 0x65,
  0x76, 0x61, 0x6c, 0x3a, 0x20, 0x69, 0x74, 0x20, 0x73, 0x65, 0x6c, 0x65, 0x63, 0x74, 0x65, 0x64,
  0x20, 0x74, 0x68, 0x65, 0x20, 0x41, 0x43, 0x54, 0x49, 0x56, 0x45, 0x20, 0x57, 0x65, 0x62, 0x20,
  0x43, 0x6c, 0x69, 0x65, 0x6e, 0x74, 0x0a, 0x20, 0x2a, 0x20, 0x20, 0x20, 0x20, 0x20, 0x61, 0x6e,
  0x64, 0x20, 0x74, 0x68, 0x65, 0x20, 0x74, 0x6f, 0x6f, 0x6c, 0x62, 0x61, 0x72, 0x20, 0x73, 0x6c,
  0x6f, 0x74, 0x20, 0x61, 0x6c, 0x6c, 0x6f, 0x77, 0x2d, 0x73, 0x65, 0x74, 0x20, 0x28, 0x63, 0x61,
  0x72, 0x72, 0x69, 0x65, 0x72, 0x2d, 0x73, 0x69, 0x64, 0x65, 0x20, 0x65, 0x76, 0x69, 0x64, 0x65,
  0x6e, 0x63, 0x65, 0x2c, 0x0a, 0x20, 0x2a, 0x20, 0x20, 0x20, 0x20, 0x20, 0x73, 0x63, 0x65, 0x6e,
  0x61, 0x72, 0x69, 0x6f, 0x20, 0x6d, 0x33, 0x2e, 0x66, 0x65, 0x74, 0x63, 0x68, 0x2d, 0x63, 0x61,
  0x72, 0x72, 0x69, 0x65, 0x72, 0x29, 0x3b, 0x20, 0x74, 0x68, 0x65, 0x20, 0x73, 0x63, 0x65, 0x6e,
  0x61, 0x72, 0x69, 0x6f, 0x20, 0x70, 0x72, 0x6f, 0x6a, 0x65, 0x63, 0x74, 0x73, 0x20, 0x6f, 0x6e,
  0x65, 0x20, 0x73, 0x6c, 0x6f, 0x74, 0x20, 0x74, 0x68, 0x65, 0x0a, 0x20, 0x2a, 0x20, 0x20, 0x20,
  0x20, 0x20, 0x63, 0x6f, 0x6e, 0x66, 0x69, 0x67, 0x75, 0x72, 0x65, 0x64, 0x20, 0x73, 0x65, 0x74,
  0x20, 0x44, 0x45, 0x4e, 0x49, 0x45, 0x53, 0x20, 0x61, 0x6e, 0x64, 0x20, 0x74, 0x68, 0x65, 0x20,
  0x6f, 0x6e, 0x65, 0x20, 0x69, 0x74, 0x20, 0x61, 0x64, 0x6d, 0x69, 0x74, 0x73, 0x2e, 0x0a, 0x20,
  0x2a, 0x0a, 0x20, 0x2a, 0x20, 0x53, 0x65, 0x73, 0x73, 0x69, 0x6f, 0x6e, 0x20, 0x70, 0x68, 0x61,
  0x73, 0x65, 0x20, 0x69, 0x73, 0x20, 0x6d, 0x32, 0x2e, 0x73, 0x65, 0x73, 0x73, 0x69, 0x6f, 0x6e,
  0x2d, 0x73, 0x68, 0x61, 0x70, 0x65, 0x64, 0x3a, 0x20, 0x74, 0x68, 0x65, 0x20, 0x68, 0x6f, 0x73,
  0x74, 0x2e, 0x69, 0x6e, 0x66, 0x6f, 0x20, 0x72, 0x65, 0x61, 0x64, 0x69, 0x6e, 0x65, 0x73, 0x73,
  0x20, 0x73, 0x69, 0x67, 0x6e, 0x61, 0x6c, 0x0a, 0x20, 0x2a, 0x20, 0x61, 0x72, 0x72, 0x69, 0x76,
  0x65, 0x73, 0x20, 0x6f, 0x6e, 0x6c, 0x79, 0x20, 0x61, 0x66, 0x74, 0x65, 0x72, 0x20, 0x74, 0x68,
  0x65, 0x20, 0x70, 0x61, 0x67, 0x65, 0x20, 0x61, 0x63, 0x6b, 0x65, 0x64, 0x20, 0x74, 0x68, 0x65,
  0x20, 0x61, 0x64, 0x6d, 0x69, 0x74, 0x74, 0x65, 0x64, 0x20, 0x73, 0x6c, 0x6f, 0x74, 0x2c, 0x20,
  0x74, 0x68, 0x65, 0x20, 0x6d, 0x6f, 0x63, 0x6b, 0x20, 0x4c, 0x4c, 0x4d, 0x0a, 0x20, 0x2a, 0x20,
  0x73, 0x74, 0x72, 0x65, 0x61, 0x6d, 0x73, 0x20, 0x74, 0x6f, 0x6b, 0x65, 0x6e, 0x20, 0x64, 0x65,
  0x6c, 0x74, 0x61, 0x73, 0x20, 0x61, 0x73, 0x20, 0x61, 0x6e, 0x20, 0x65, 0x76, 0x65, 0x6e, 0x74,
  0x20, 0x73, 0x65, 0x71, 0x75, 0x65, 0x6e, 0x63, 0x65, 0x2c, 0x20, 0x6f, 0x6e, 0x65, 0x20, 0x74,
  0x6f, 0x6f, 0x6c, 0x20, 0x63, 0x61, 0x6c, 0x6c, 0x20, 0x72, 0x75, 0x6e, 0x73, 0x20, 0x74, 0x68,
  0x72, 0x6f, 0x75, 0x67, 0x68, 0x0a, 0x20, 0x2a, 0x20, 0x74, 0x68, 0x65, 0x20, 0x73, 0x75, 0x62,
  0x70, 0x72, 0x6f, 0x63, 0x65, 0x73, 0x73, 0x20, 0x70, 0x6c, 0x75, 0x67, 0x69, 0x6e, 0x20, 0x61,
  0x6e, 0x64, 0x20, 0x70, 0x65, 0x72, 0x73, 0x69, 0x73, 0x74, 0x73, 0x20, 0x76, 0x69, 0x61, 0x20,
  0x64, 0x73, 0x68, 0x2d, 0x66, 0x73, 0x2e, 0x20, 0x43, 0x61, 0x72, 0x72, 0x69, 0x65, 0x72, 0x20,
  0x65, 0x76, 0x65, 0x6e, 0x74, 0x73, 0x20, 0x72, 0x69, 0x64, 0x65, 0x20, 0x74, 0x68, 0x65, 0x0a,
  0x20, 0x2a, 0x20, 0x73, 0x65, 0x70, 0x61, 0x72, 0x61, 0x74, 0x65, 0x20, 0x73, 0x63, 0x65, 0x6e,
  0x61, 0x72, 0x69, 0x6f, 0x20, 0x6d, 0x33, 0x2e, 0x66, 0x65, 0x74, 0x63, 0x68, 0x2d, 0x63, 0x61,
  0x72, 0x72, 0x69, 0x65, 0x72, 0x20, 0x73, 0x6f, 0x20, 0x74, 0x68, 0x65, 0x20, 0x74, 0x77, 0x6f,
  0x20, 0x6f, 0x6e, 0x65, 0x2d, 0x74, 0x6f, 0x2d, 0x6f, 0x6e, 0x65, 0x20, 0x63, 0x68, 0x65, 0x63,
  0x6b, 0x65, 0x72, 0x73, 0x20, 0x6e, 0x65, 0x76, 0x65, 0x72, 0x0a, 0x20, 0x2a, 0x20, 0x69, 0x6e,
  0x74, 0x65, 0x72, 0x6c, 0x65, 0x61, 0x76, 0x65, 0x2e, 0x0a, 0x20, 0x2a, 0x2f, 0x0a, 0x69, 0x6d,
  0x70, 0x6f, 0x72, 0x74, 0x20, 0x7b, 0x20, 0x63, 0x72, 0x65, 0x61, 0x74, 0x65, 0x4c, 0x6f, 0x67,
  0x67, 0x65, 0x72, 0x20, 0x7d, 0x20, 0x66, 0x72, 0x6f, 0x6d, 0x20, 0x27, 0x6c, 0x6f, 0x67, 0x67,
  0x65, 0x72, 0x2e, 0x6a, 0x73, 0x27, 0x3b, 0x0a, 0x69, 0x6d, 0x70, 0x6f, 0x72, 0x74, 0x20, 0x7b,
  0x20, 0x66, 0x73, 0x52, 0x65, 0x61, 0x64, 0x2c, 0x20, 0x68, 0x74, 0x74, 0x70, 0x46, 0x65, 0x74,
  0x63, 0x68, 0x2c, 0x20, 0x6f, 0x6e, 0x45, 0x76, 0x65, 0x6e, 0x74, 0x20, 0x7d, 0x20, 0x66, 0x72,
  0x6f, 0x6d, 0x20, 0x27, 0x67, 0x61, 0x74, 0x65, 0x77, 0x61, 0x79, 0x2e, 0x6a, 0x73, 0x27, 0x3b,
  0x0a, 0x69, 0x6d, 0x70, 0x6f, 0x72, 0x74, 0x20, 0x7b, 0x20, 0x63, 0x72, 0x65, 0x61, 0x74, 0x65,
  0x52, 0x65, 0x67, 0x69, 0x73, 0x74, 0x72, 0x79, 0x20, 0x7d, 0x20, 0x66, 0x72, 0x6f, 0x6d, 0x20,
  0x27, 0x72, 0x65, 0x67, 0x69, 0x73, 0x74, 0x72, 0x79, 0x2e, 0x6a, 0x73, 0x27, 0x3b, 0x0a, 0x69,
  0x6d, 0x70, 0x6f, 0x72, 0x74, 0x20, 0x7b, 0x20, 0x69, 0x6e, 0x73, 0x74, 0x61, 0x6c, 0x6c, 0x46,
  0x72, 0x6f, 0x6d, 0x46, 0x65, 0x74, 0x63, 0x68, 0x20, 0x7d, 0x20, 0x66, 0x72, 0x6f, 0x6d, 0x20,
  0x27, 0x69, 0x6e, 0x73, 0x74, 0x61, 0x6c, 0x6c, 0x2d, 0x66, 0x65, 0x74, 0x63, 0x68, 0x2e, 0x6a,
  0x73, 0x27, 0x3b, 0x0a, 0x69, 0x6d, 0x70, 0x6f, 0x72, 0x74, 0x20, 0x7b, 0x20, 0x72, 0x65, 0x61,
  0x64, 0x4a, 0x6f, 0x75, 0x72, 0x6e, 0x61, 0x6c, 0x2c, 0x20, 0x73, 0x69, 0x6d, 0x75, 0x6c, 0x61,
  0x74, 0x65, 0x43, 0x72, 0x61, 0x73, 0x68, 0x2c, 0x20, 0x72, 0x65, 0x70, 0x6c, 0x61, 0x79, 0x50,
  0x65, 0x6e, 0x64, 0x69, 0x6e, 0x67, 0x52, 0x65, 0x63, 0x65, 0x69, 0x70, 0x74, 0x73, 0x20, 0x7d,
  0x20, 0x66, 0x72, 0x6f, 0x6d, 0x20, 0x27, 0x72, 0x65, 0x63, 0x65, 0x69, 0x70, 0x74, 0x2d, 0x6a,
  0x6f, 0x75, 0x72, 0x6e, 0x61, 0x6c, 0x2e, 0x6a, 0x73, 0x27, 0x3b, 0x0a, 0x69, 0x6d, 0x70, 0x6f,
  0x72, 0x74, 0x20, 0x7b, 0x20, 0x73, 0x68, 0x61, 0x32, 0x35, 0x36, 0x48, 0x65, 0x78, 0x20, 0x7d,
  0x20, 0x66, 0x72, 0x6f, 0x6d, 0x20, 0x27, 0x73, 0x68, 0x61, 0x32, 0x35, 0x36, 0x2e, 0x6a, 0x73,
  0x27, 0x3b, 0x0a, 0x69, 0x6d, 0x70, 0x6f, 0x72, 0x74, 0x20, 0x2a, 0x20, 0x61, 0x73, 0x20, 0x66,
  0x73, 0x50, 0x6c, 0x75, 0x67, 0x69, 0x6e, 0x20, 0x66, 0x72, 0x6f, 0x6d, 0x20, 0x27, 0x73, 0x79,
  0x73, 0x74, 0x65, 0x6d, 0x2d, 0x70, 0x6c, 0x75, 0x67, 0x69, 0x6e, 0x73, 0x2f, 0x64, 0x73, 0x68,
  0x2d, 0x66, 0x73, 0x2f, 0x69, 0x6e, 0x64, 0x65, 0x78, 0x2e, 0x6a, 0x73, 0x27, 0x3b, 0x0a, 0x69,
  0x6d, 0x70, 0x6f, 0x72, 0x74, 0x20, 0x2a, 0x20, 0x61, 0x73, 0x20, 0x73, 0x75, 0x62, 0x70, 0x72,
  0x6f, 0x63, 0x65, 0x73, 0x73, 0x50, 0x6c, 0x75, 0x67, 0x69, 0x6e, 0x20, 0x66, 0x72, 0x6f, 0x6d,
  0x20, 0x27, 0x73, 0x79, 0x73, 0x74, 0x65, 0x6d, 0x2d, 0x70, 0x6c, 0x75, 0x67, 0x69, 0x6e, 0x73,
  0x2f, 0x64, 0x73, 0x68, 0x2d, 0x73, 0x75, 0x62, 0x70, 0x72, 0x6f, 0x63, 0x65, 0x73, 0x73, 0x2d,
  0x71, 0x75, 0x69, 0x63, 0x6b, 0x6a, 0x73, 0x2f, 0x69, 0x6e, 0x64, 0x65, 0x78, 0x2e, 0x6a, 0x73,
  0x27, 0x3b, 0x0a, 0x69, 0x6d, 0x70, 0x6f, 0x72, 0x74, 0x20, 0x2a, 0x20, 0x61, 0x73, 0x20, 0x75,
  0x69, 0x50, 0x6c, 0x75, 0x67, 0x69, 0x6e, 0x20, 0x66, 0x72, 0x6f, 0x6d, 0x20, 0x27, 0x73, 0x79,
  0x73, 0x74, 0x65, 0x6d, 0x2d, 0x70, 0x6c, 0x75, 0x67, 0x69, 0x6e, 0x73, 0x2f, 0x64, 0x73, 0x68,
  0x2d, 0x75, 0x69, 0x2f, 0x69, 0x6e, 0x64, 0x65, 0x78, 0x2e, 0x6a, 0x73, 0x27, 0x3b, 0x0a, 0x69,
  0x6d, 0x70, 0x6f, 0x72, 0x74, 0x20, 0x7b, 0x20, 0x62, 0x75, 0x69, 0x6c, 0x64, 0x4e, 0x6f, 0x74,
  0x65, 0x73, 0x54, 0x67, 0x7a, 0x2c, 0x20, 0x4e, 0x4f, 0x54, 0x45, 0x53, 0x5f, 0x4d, 0x41, 0x4e,
  0x49, 0x46, 0x45, 0x53, 0x54, 0x5f, 0x42, 0x59, 0x54, 0x45, 0x53, 0x20, 0x7d, 0x20, 0x66, 0x72,
  0x6f, 0x6d, 0x20, 0x27, 0x66, 0x69, 0x78, 0x74, 0x75, 0x72, 0x65, 0x73, 0x2f, 0x64, 0x73, 0x68,
  0x2d, 0x6e, 0x6f, 0x74, 0x65, 0x73, 0x2e, 0x6a, 0x73, 0x27, 0x3b, 0x0a, 0x69, 0x6d, 0x70, 0x6f,
  0x72, 0x74, 0x20, 0x7b, 0x20, 0x4e, 0x4f, 0x54, 0x45, 0x53, 0x5f, 0x50, 0x4c, 0x55, 0x47, 0x49,
  0x4e, 0x5f, 0x53, 0x4f, 0x55, 0x52, 0x43, 0x45, 0x20, 0x7d, 0x20, 0x66, 0x72, 0x6f, 0x6d, 0x20,
  0x27, 0x66, 0x69, 0x78, 0x74, 0x75, 0x72, 0x65, 0x73, 0x2f, 0x64, 0x73, 0x68, 0x2d, 0x6e, 0x6f,
  0x74, 0x65, 0x73, 0x2d, 0x73, 0x6f, 0x75, 0x72, 0x63, 0x65, 0x2e, 0x6a, 0x73, 0x27, 0x3b, 0x0a,
  0x0a, 0x63, 0x6f, 0x6e, 0x73, 0x74, 0x20, 0x53, 0x43, 0x45, 0x4e, 0x41, 0x52, 0x49, 0x4f, 0x20,
  0x3d, 0x20, 0x27, 0x6d, 0x33, 0x2e, 0x66, 0x65, 0x74, 0x63, 0x68, 0x2d, 0x69, 0x6e, 0x73, 0x74,
  0x61, 0x6c, 0x6c, 0x27, 0x3b, 0x0a, 0x63, 0x6f, 0x6e, 0x73, 0x74, 0x20, 0x6c, 0x6f, 0x67, 0x20,
  0x3d, 0x20, 0x63, 0x72, 0x65, 0x61, 0x74, 0x65, 0x4c, 0x6f, 0x67, 0x67, 0x65, 0x72, 0x28, 0x27,
  0x6d, 0x33, 0x2e, 0x73, 0x70, 0x69, 0x6b, 0x65, 0x27, 0x29, 0x3b, 0x0a, 0x63, 0x6f, 0x6e, 0x73,
  0x74, 0x20, 0x65, 0x6d, 0x69, 0x74, 0x20, 0x3d, 0x20, 0x28, 0x65, 0x76, 0x65, 0x6e, 0x74, 0x2c,
  0x20, 0x66, 0x69, 0x65, 0x6c, 0x64, 0x73, 0x20, 0x3d, 0x20, 0x7b, 0x7d, 0x29, 0x20, 0x3d, 0x3e,
  0x20, 0x6c, 0x6f, 0x67, 0x2e, 0x69, 0x6e, 0x66, 0x6f, 0x28, 0x27, 0x65, 0x32, 0x65, 0x27, 0x2c,
  0x20, 0x7b, 0x20, 0x73, 0x63, 0x65, 0x6e, 0x61, 0x72, 0x69, 0x6f, 0x3a, 0x20, 0x53, 0x43, 0x45,
  0x4e, 0x41, 0x52, 0x49, 0x4f, 0x2c, 0x20, 0x65, 0x76, 0x65, 0x6e, 0x74, 0x2c, 0x20, 0x2e, 0x2e,
  0x2e, 0x66, 0x69, 0x65, 0x6c, 0x64, 0x73, 0x20, 0x7d, 0x29, 0x3b, 0x0a, 0x63, 0x6f, 0x6e, 0x73,
  0x74, 0x20, 0x6f, 0x6e, 0x53, 0x74, 0x65, 0x70, 0x20, 0x3d, 0x20, 0x28, 0x6e, 0x61, 0x6d, 0x65,
  0x2c, 0x20, 0x66, 0x69, 0x65, 0x6c, 0x64, 0x73, 0x29, 0x20, 0x3d, 0x3e, 0x20, 0x65, 0x6d, 0x69,
  0x74, 0x28, 0x60, 0x69, 0x6e, 0x73, 0x74, 0x61, 0x6c, 0x6c, 0x2e, 0x24, 0x7b, 0x6e, 0x61, 0x6d,
  0x65, 0x7d, 0x60, 0x2c, 0x20, 0x66, 0x69, 0x65, 0x6c, 0x64, 0x73, 0x29, 0x3b, 0x0a, 0x63, 0x6f,
  0x6e, 0x73, 0x74, 0x20, 0x66, 0x61, 0x69, 0x6c, 0x20, 0x3d, 0x20, 0x28, 0x72, 0x65, 0x61, 0x73,
  0x6f, 0x6e, 0x29, 0x20, 0x3d, 0x3e, 0x20, 0x7b, 0x0a, 0x20, 0x20, 0x6c, 0x6f, 0x67, 0x2e, 0x64,
  0x65, 0x62, 0x75, 0x67, 0x28, 0x27, 0x73, 0x63, 0x65, 0x6e, 0x61, 0x72, 0x69, 0x6f, 0x20, 0x66,
  0x61, 0x69, 0x6c, 0x65, 0x64, 0x27, 0x2c, 0x20, 0x7b, 0x20, 0x72, 0x65, 0x61, 0x73, 0x6f, 0x6e,
  0x20, 0x7d, 0x29, 0x3b, 0x0a, 0x20, 0x20, 0x65, 0x6d, 0x69, 0x74, 0x28, 0x27, 0x73, 0x63, 0x65,
  0x6e, 0x61, 0x72, 0x69, 0x6f, 0x2e, 0x66, 0x61, 0x69, 0x6c, 0x65, 0x64, 0x27, 0x2c, 0x20, 0x7b,
  0x20, 0x72, 0x65, 0x61, 0x73, 0x6f, 0x6e, 0x20, 0x7d, 0x29, 0x3b, 0x0a, 0x20, 0x20, 0x67, 0x6c,
  0x6f, 0x62, 0x61, 0x6c, 0x54, 0x68, 0x69, 0x73, 0x2e, 0x5f, 0x5f, 0x64, 0x73, 0x68, 0x43, 0x6f,
  0x6d, 0x70, 0x6c, 0x65, 0x74, 0x65, 0x28, 0x66, 0x61, 0x6c, 0x73, 0x65, 0x2c, 0x20, 0x72, 0x65,
  0x61, 0x73, 0x6f, 0x6e, 0x29, 0x3b, 0x0a, 0x7d, 0x3b, 0x0a, 0x63, 0x6f, 0x6e, 0x73, 0x74, 0x20,
  0x64, 0x65, 0x6d, 0x61, 0x6e, 0x64, 0x20, 0x3d, 0x20, 0x28, 0x63, 0x6f, 0x6e, 0x64, 0x2c, 0x20,
  0x72, 0x65, 0x61, 0x73, 0x6f, 0x6e, 0x29, 0x20, 0x3d, 0x3e, 0x20, 0x7b, 0x0a, 0x20, 0x20, 0x69,
  0x66, 0x20, 0x28, 0x63, 0x6f, 0x6e, 0x64, 0x29, 0x20, 0x72, 0x65, 0x74, 0x75, 0x72, 0x6e, 0x3b,
  0x0a, 0x20, 0x20, 0x6c, 0x6f, 0x67, 0x2e, 0x64, 0x65, 0x62, 0x75, 0x67, 0x28, 0x27, 0x64, 0x65,
  0x6d, 0x61, 0x6e, 0x64, 0x20, 0x66, 0x61, 0x69, 0x6c, 0x65, 0x64, 0x27, 0x2c, 0x20, 0x7b, 0x20,
  0x72, 0x65, 0x61, 0x73, 0x6f, 0x6e, 0x20, 0x7d, 0x29, 0x3b, 0x0a, 0x20, 0x20, 0x66, 0x61, 0x69,
  0x6c, 0x28, 0x72, 0x65, 0x61, 0x73, 0x6f, 0x6e, 0x29, 0x3b, 0x0a, 0x20, 0x20, 0x74, 0x68, 0x72,
  0x6f, 0x77, 0x20, 0x6e, 0x65, 0x77, 0x20, 0x45, 0x72, 0x72, 0x6f, 0x72, 0x28, 0x72, 0x65, 0x61,
  0x73, 0x6f, 0x6e, 0x29, 0x3b, 0x0a, 0x7d, 0x3b, 0x0a, 0x0a, 0x63, 0x6f, 0x6e, 0x73, 0x74, 0x20,
  0x74, 0x6f, 0x54, 0x65, 0x78, 0x74, 0x20, 0x3d, 0x20, 0x28, 0x62, 0x79, 0x74, 0x65, 0x73, 0x29,
  0x20, 0x3d, 0x3e, 0x20, 0x5b, 0x2e, 0x2e, 0x2e, 0x62, 0x79, 0x74, 0x65, 0x73, 0x5d, 0x2e, 0x6d,
  0x61, 0x70, 0x28, 0x28, 0x63, 0x29, 0x20, 0x3d, 0x3e, 0x20, 0x53, 0x74, 0x72, 0x69, 0x6e, 0x67,
  0x2e, 0x66, 0x72, 0x6f, 0x6d, 0x43, 0x68, 0x61, 0x72, 0x43, 0x6f, 0x64, 0x65, 0x28, 0x63, 0x29,
  0x29, 0x2e, 0x6a, 0x6f, 0x69, 0x6e, 0x28, 0x27, 0x27, 0x29, 0x3b, 0x0a, 0x63, 0x6f, 0x6e, 0x73,
  0x74, 0x20, 0x74, 0x6f, 0x42, 0x79, 0x74, 0x65, 0x73, 0x20, 0x3d, 0x20, 0x28, 0x74, 0x65, 0x78,
  0x74, 0x29, 0x20, 0x3d, 0x3e, 0x20, 0x55, 0x69, 0x6e, 0x74, 0x38, 0x41, 0x72, 0x72, 0x61, 0x79,
  0x2e, 0x66, 0x72, 0x6f, 0x6d, 0x28, 0x5b, 0x2e, 0x2e, 0x2e, 0x74, 0x65, 0x78, 0x74, 0x5d, 0x2e,
  0x6d, 0x61, 0x70, 0x28, 0x28, 0x63, 0x29, 0x20, 0x3d, 0x3e, 0x20, 0x63, 0x2e, 0x63, 0x68, 0x61,
  0x72, 0x43, 0x6f, 0x64, 0x65, 0x41, 0x74, 0x28, 0x30, 0x29, 0x29, 0x29, 0x3b, 0x0a, 0x0a, 0x2f,
  0x2a, 0x20, 0x42, 0x72, 0x69, 0x64, 0x67, 0x65, 0x20, 0x65, 0x76, 0x65, 0x6e, 0x74, 0x73, 0x20,
  0x61, 0x72, 0x72, 0x69, 0x76, 0x65, 0x20, 0x69, 0x6e, 0x20, 0x68, 0x6f, 0x73, 0x74, 0x20, 0x6f,
  0x72, 0x64, 0x65, 0x72, 0x3b, 0x20, 0x74, 0x68, 0x65, 0x20, 0x73, 0x63, 0x65, 0x6e, 0x61, 0x72,
  0x69, 0x6f, 0x20, 0x63, 0x6f, 0x6e, 0x73, 0x75, 0x6d, 0x65, 0x73, 0x20, 0x74, 0x68, 0x65, 0x6d,
  0x20, 0x62, 0x79, 0x20, 0x6e, 0x61, 0x6d, 0x65, 0x2c, 0x0a, 0x20, 0x2a, 0x20, 0x62, 0x75, 0x66,
  0x66, 0x65, 0x72, 0x69, 0x6e, 0x67, 0x20, 0x61, 0x6e, 0x79, 0x74, 0x68, 0x69, 0x6e, 0x67, 0x20,
  0x74, 0x68, 0x61, 0x74, 0x20, 0x61, 0x72, 0x72, 0x69, 0x76, 0x65, 0x73, 0x20, 0x77, 0x68, 0x69,
  0x6c, 0x65, 0x20, 0x69, 0x74, 0x20, 0x77, 0x61, 0x69, 0x74, 0x73, 0x20, 0x66, 0x6f, 0x72, 0x20,
  0x61, 0x6e, 0x6f, 0x74, 0x68, 0x65, 0x72, 0x20, 0x6b, 0x69, 0x6e, 0x64, 0x2e, 0x20, 0x2a, 0x2f,
  0x0a, 0x63, 0x6f, 0x6e, 0x73, 0x74, 0x20, 0x62, 0x75, 0x66, 0x66, 0x65, 0x72, 0x65, 0x64, 0x20,
  0x3d, 0x20, 0x5b, 0x5d, 0x3b, 0x0a, 0x63, 0x6f, 0x6e, 0x73, 0x74, 0x20, 0x77, 0x61, 0x69, 0x74,
  0x65, 0x72, 0x73, 0x20, 0x3d, 0x20, 0x5b, 0x5d, 0x3b, 0x0a, 0x6f, 0x6e, 0x45, 0x76, 0x65, 0x6e,
  0x74, 0x28, 0x28, 0x65, 0x76, 0x29, 0x20, 0x3d, 0x3e, 0x20, 0x7b, 0x0a, 0x20, 0x20, 0x63, 0x6f,
  0x6e, 0x73, 0x74, 0x20, 0x77, 0x61, 0x6b, 0x65, 0x20, 0x3d, 0x20, 0x77, 0x61, 0x69, 0x74, 0x65,
  0x72, 0x73, 0x2e, 0x73, 0x68, 0x69, 0x66, 0x74, 0x28, 0x29, 0x3b, 0x0a, 0x20, 0x20, 0x69, 0x66,
  0x20, 0x28, 0x77, 0x61, 0x6b, 0x65, 0x29, 0x20, 0x77, 0x61, 0x6b, 0x65, 0x28, 0x65, 0x76, 0x29,
  0x3b, 0x0a, 0x20, 0x20, 0x65, 0x6c, 0x73, 0x65, 0x20, 0x62, 0x75, 0x66, 0x66, 0x65, 0x72, 0x65,
  0x64, 0x2e, 0x70, 0x75, 0x73, 0x68, 0x28, 0x65, 0x76, 0x29, 0x3b, 0x0a, 0x7d, 0x29, 0x3b, 0x0a,
  0x63, 0x6f, 0x6e, 0x73, 0x74, 0x20, 0x6e, 0x65, 0x78, 0x74, 0x45, 0x76, 0x65, 0x6e, 0x74, 0x20,
  0x3d, 0x20, 0x61, 0x73, 0x79, 0x6e, 0x63, 0x20, 0x28, 0x6e, 0x61, 0x6d, 0x65, 0x29, 0x20, 0x3d,
  0x3e, 0x20, 0x7b, 0x0a, 0x20, 0x20, 0x6c, 0x6f, 0x67, 0x2e, 0x64, 0x65, 0x62, 0x75, 0x67, 0x28,
  0x27, 0x77, 0x61, 0x69, 0x74, 0x20, 0x66, 0x6f, 0x72, 0x20, 0x65, 0x76, 0x65, 0x6e, 0x74, 0x27,
  0x2c, 0x20, 0x7b, 0x20, 0x6e, 0x61, 0x6d, 0x65, 0x20, 0x7d, 0x29, 0x3b, 0x0a, 0x20, 0x20, 0x66,
  0x6f, 0x72, 0x20, 0x28, 0x3b, 0x3b, 0x29, 0x20, 0x7b, 0x0a, 0x20, 0x20, 0x20, 0x20, 0x63, 0x6f,
  0x6e, 0x73, 0x74, 0x20, 0x61, 0x74, 0x20, 0x3d, 0x20, 0x62, 0x75, 0x66, 0x66, 0x65, 0x72, 0x65,
  0x64, 0x2e, 0x66, 0x69, 0x6e, 0x64, 0x49, 0x6e, 0x64, 0x65, 0x78, 0x28, 0x28, 0x65, 0x76, 0x29,
  0x20, 0x3d, 0x3e, 0x20, 0x65, 0x76, 0x2e, 0x65, 0x76, 0x65, 0x6e, 0x74, 0x20, 0x3d, 0x3d, 0x3d,
  0x20, 0x6e, 0x61, 0x6d, 0x65, 0x29, 0x3b, 0x0a, 0x20, 0x20, 0x20, 0x20, 0x69, 0x66, 0x20, 0x28,
  0x61, 0x74, 0x20, 0x3e, 0x3d, 0x20, 0x30, 0x29, 0x20, 0x72, 0x65, 0x74, 0x75, 0x72, 0x6e, 0x20,
  0x62, 0x75, 0x66, 0x66, 0x65, 0x72, 0x65, 0x64, 0x2e, 0x73, 0x70, 0x6c, 0x69, 0x63, 0x65, 0x28,
  0x61, 0x74, 0x2c, 0x20, 0x31, 0x29, 0x5b, 0x30, 0x5d, 0x3b, 0x0a, 0x20, 0x20, 0x20, 0x20, 0x63,
  0x6f, 0x6e, 0x73, 0x74, 0x20, 0x65, 0x76, 0x20, 0x3d, 0x20, 0x61, 0x77, 0x61, 0x69, 0x74, 0x20,
  0x6e, 0x65, 0x77, 0x20, 0x50, 0x72, 0x6f, 0x6d, 0x69, 0x73, 0x65, 0x28, 0x28, 0x72, 0x65, 0x73,
  0x6f, 0x6c, 0x76, 0x65, 0x29, 0x20, 0x3d, 0x3e, 0x20, 0x77, 0x61, 0x69, 0x74, 0x65, 0x72, 0x73,
  0x2e, 0x70, 0x75, 0x73, 0x68, 0x28, 0x72, 0x65, 0x73, 0x6f, 0x6c, 0x76, 0x65, 0x29, 0x29, 0x3b,
  0x0a, 0x20, 0x20, 0x20, 0x20, 0x62, 0x75, 0x66, 0x66, 0x65, 0x72, 0x65, 0x64, 0x2e, 0x70, 0x75,
  0x73, 0x68, 0x28, 0x65, 0x76, 0x29, 0x3b, 0x0a, 0x20, 0x20, 0x7d, 0x0a, 0x7d, 0x3b, 0x0a, 0x0a,
  0x2f, 0x2a, 0x2a, 0x20, 0x53, 0x65, 0x73, 0x73, 0x69, 0x6f, 0x6e, 0x20, 0x70, 0x72, 0x6f, 0x6a,
  0x65, 0x63, 0x74, 0x69, 0x6f, 0x6e, 0x20, 0x70, 0x75, 0x73, 0x68, 0x20, 0x28, 0x73, 0x65, 0x73,
  0x73, 0x69, 0x6f, 0x6e, 0x2d, 0x70, 0x72, 0x6f, 0x6a, 0x65, 0x63, 0x74, 0x69, 0x6f, 0x6e, 0x40,
  0x30, 0x29, 0x3a, 0x20, 0x6f, 0x6e, 0x65, 0x20, 0x4a, 0x53, 0x4f, 0x4e, 0x20, 0x6c, 0x69, 0x6e,
  0x65, 0x20, 0x6f, 0x76, 0x65, 0x72, 0x20, 0x74, 0x68, 0x65, 0x0a, 0x20, 0x2a, 0x20, 0x62, 0x75,
  0x73, 0x20, 0x73, 0x65, 0x61, 0x6d, 0x2c, 0x20, 0x73, 0x68, 0x75, 0x74, 0x74, 0x6c, 0x65, 0x64,
  0x20, 0x68, 0x6f, 0x73, 0x74, 0x2d, 0x73, 0x69, 0x64, 0x65, 0x20, 0x74, 0x6f, 0x20, 0x74, 0x68,
  0x65, 0x20, 0x63, 0x61, 0x72, 0x72, 0x69, 0x65, 0x72, 0x20, 0x57, 0x53, 0x20, 0x61, 0x6e, 0x64,
  0x20, 0x72, 0x65, 0x6e, 0x64, 0x65, 0x72, 0x65, 0x64, 0x20, 0x62, 0x79, 0x20, 0x74, 0x68, 0x65,
  0x20, 0x61, 0x63, 0x74, 0x69, 0x76, 0x65, 0x0a, 0x20, 0x2a, 0x20, 0x57, 0x65, 0x62, 0x20, 0x43,
  0x6c, 0x69, 0x65, 0x6e, 0x74, 0x2e, 0x20, 0x54, 0x68, 0x65, 0x20, 0x63, 0x61, 0x72, 0x72, 0x69,
  0x65, 0x72, 0x20, 0x65, 0x6e, 0x66, 0x6f, 0x72, 0x63, 0x65, 0x73, 0x20, 0x74, 0x68, 0x65, 0x20,
  0x43, 0x4f, 0x4e, 0x46, 0x49, 0x47, 0x55, 0x52, 0x45, 0x44, 0x20, 0x73, 0x6c, 0x6f, 0x74, 0x20,
  0x61, 0x6c, 0x6c, 0x6f, 0x77, 0x2d, 0x73, 0x65, 0x74, 0x20, 0x68, 0x65, 0x72, 0x65, 0x3a, 0x20,
  0x61, 0x0a, 0x20, 0x2a, 0x20, 0x73, 0x6c, 0x6f, 0x74, 0x2e, 0x72, 0x65, 0x67, 0x69, 0x73, 0x74,
  0x65, 0x72, 0x20, 0x6f, 0x75, 0x74, 0x73, 0x69, 0x64, 0x65, 0x20, 0x74, 0x68, 0x65, 0x20, 0x73,
  0x65, 0x74, 0x20, 0x69, 0x73, 0x20, 0x64, 0x65, 0x6e, 0x69, 0x65, 0x64, 0x20, 0x28, 0x63, 0x61,
  0x72, 0x72, 0x69, 0x65, 0x72, 0x2d, 0x73, 0x69, 0x64, 0x65, 0x20, 0x65, 0x76, 0x69, 0x64, 0x65,
  0x6e, 0x63, 0x65, 0x29, 0x20, 0x61, 0x6e, 0x64, 0x20, 0x6e, 0x65, 0x76, 0x65, 0x72, 0x0a, 0x20,
  0x2a, 0x20, 0x64, 0x65, 0x6c, 0x69, 0x76, 0x65, 0x72, 0x65, 0x64, 0x20, 0x74, 0x6f, 0x20, 0x74,
  0x68, 0x65, 0x20, 0x70, 0x61, 0x67, 0x65, 0x2e, 0x20, 0x2a, 0x2f, 0x0a, 0x63, 0x6f, 0x6e, 0x73,
  0x74, 0x20, 0x70, 0x72, 0x6f, 0x6a, 0x65, 0x63, 0x74, 0x20, 0x3d, 0x20, 0x28, 0x65, 0x76, 0x65,
  0x6e, 0x74, 0x29, 0x20, 0x3d, 0x3e, 0x20, 0x7b, 0x0a, 0x20, 0x20, 0x6c, 0x6f, 0x67, 0x2e, 0x64,
  0x65, 0x62, 0x75, 0x67, 0x28, 0x27, 0x70, 0x72, 0x6f, 0x6a, 0x65, 0x63, 0x74, 0x69, 0x6f, 0x6e,
  0x20, 0x70, 0x75, 0x73, 0x68, 0x27, 0x2c, 0x20, 0x7b, 0x20, 0x6b, 0x69, 0x6e, 0x64, 0x3a, 0x20,
  0x65, 0x76, 0x65, 0x6e, 0x74, 0x2e, 0x6b, 0x69, 0x6e, 0x64, 0x20, 0x7d, 0x29, 0x3b, 0x0a, 0x20,
  0x20, 0x67, 0x6c, 0x6f, 0x62, 0x61, 0x6c, 0x54, 0x68, 0x69, 0x73, 0x2e, 0x5f, 0x5f, 0x64, 0x73,
  0x68, 0x42, 0x75, 0x73, 0x50, 0x6f, 0x73, 0x74, 0x3f, 0x2e, 0x28, 0x4a, 0x53, 0x4f, 0x4e, 0x2e,
  0x73, 0x74, 0x72, 0x69, 0x6e, 0x67, 0x69, 0x66, 0x79, 0x28, 0x7b, 0x20, 0x74, 0x79, 0x70, 0x65,
  0x3a, 0x20, 0x27, 0x77, 0x73, 0x2e, 0x73, 0x65, 0x6e, 0x64, 0x27, 0x2c, 0x20, 0x70, 0x61, 0x79,
  0x6c, 0x6f, 0x61, 0x64, 0x3a, 0x20, 0x65, 0x76, 0x65, 0x6e, 0x74, 0x20, 0x7d, 0x29, 0x29, 0x3b,
  0x0a, 0x7d, 0x3b, 0x0a, 0x0a, 0x2f, 0x2a, 0x2a, 0x20, 0x48, 0x61, 0x6e, 0x64, 0x20, 0x74, 0x68,
  0x65, 0x20, 0x70, 0x61, 0x63, 0x6b, 0x61, 0x67, 0x65, 0x20, 0x62, 0x79, 0x74, 0x65, 0x73, 0x20,
  0x74, 0x6f, 0x20, 0x74, 0x68, 0x65, 0x20, 0x63, 0x61, 0x72, 0x72, 0x69, 0x65, 0x72, 0x3a, 0x20,
  0x61, 0x6e, 0x20, 0x69, 0x6e, 0x2d, 0x6d, 0x65, 0x6d, 0x6f, 0x72, 0x79, 0x20, 0x72, 0x6f, 0x75,
  0x74, 0x65, 0x20, 0x73, 0x65, 0x72, 0x76, 0x65, 0x64, 0x20, 0x62, 0x79, 0x20, 0x74, 0x68, 0x65,
  0x0a, 0x20, 0x2a, 0x20, 0x6c, 0x6f, 0x6f, 0x70, 0x62, 0x61, 0x63, 0x6b, 0x20, 0x48, 0x54, 0x54,
  0x50, 0x20, 0x73, 0x65, 0x72, 0x76, 0x65, 0x72, 0x20, 0x69, 0x74, 0x73, 0x65, 0x6c, 0x66, 0x2e,
  0x20, 0x54, 0x68, 0x65, 0x20, 0x66, 0x65, 0x74, 0x63, 0x68, 0x20, 0x62, 0x65, 0x6c, 0x6f, 0x77,
  0x20, 0x69, 0x73, 0x20, 0x61, 0x20, 0x52, 0x45, 0x41, 0x4c, 0x20, 0x68, 0x74, 0x74, 0x70, 0x46,
  0x65, 0x74, 0x63, 0x68, 0x20, 0x6f, 0x76, 0x65, 0x72, 0x0a, 0x20, 0x2a, 0x20, 0x31, 0x32, 0x37,
  0x2e, 0x30, 0x2e, 0x30, 0x2e, 0x31, 0x20, 0xe2, 0x80, 0x94, 0x20, 0x6e, 0x6f, 0x20, 0x65, 0x78,
  0x74, 0x65, 0x72, 0x6e, 0x61, 0x6c, 0x20, 0x6e, 0x65, 0x74, 0x77, 0x6f, 0x72, 0x6b, 0x2c, 0x20,
  0x6e, 0x6f, 0x20, 0x66, 0x65, 0x74, 0x63, 0x68, 0x20, 0x73, 0x74, 0x75, 0x62, 0x2e, 0x20, 0x2a,
  0x2f, 0x0a, 0x63, 0x6f, 0x6e, 0x73, 0x74, 0x20, 0x73, 0x65, 0x72, 0x76, 0x65, 0x46, 0x72, 0x6f,
  0x6d, 0x43, 0x61, 0x72, 0x72, 0x69, 0x65, 0x72, 0x20, 0x3d, 0x20, 0x28, 0x70, 0x61, 0x74, 0x68,
  0x2c, 0x20, 0x62, 0x79, 0x74, 0x65, 0x73, 0x29, 0x20, 0x3d, 0x3e, 0x20, 0x7b, 0x0a, 0x20, 0x20,
  0x6c, 0x6f, 0x67, 0x2e, 0x64, 0x65, 0x62, 0x75, 0x67, 0x28, 0x27, 0x63, 0x61, 0x72, 0x72, 0x69,
  0x65, 0x72, 0x20, 0x72, 0x6f, 0x75, 0x74, 0x65, 0x20, 0x72, 0x65, 0x67, 0x69, 0x73, 0x74, 0x65,
  0x72, 0x27, 0x2c, 0x20, 0x7b, 0x20, 0x70, 0x61, 0x74, 0x68, 0x2c, 0x20, 0x62, 0x79, 0x74, 0x65,
  0x73, 0x3a, 0x20, 0x62, 0x79, 0x74, 0x65, 0x73, 0x2e, 0x6c, 0x65, 0x6e, 0x67, 0x74, 0x68, 0x20,
  0x7d, 0x29, 0x3b, 0x0a, 0x20, 0x20, 0x6c, 0x65, 0x74, 0x20, 0x62, 0x69, 0x6e, 0x61, 0x72, 0x79,
  0x20, 0x3d, 0x20, 0x27, 0x27, 0x3b, 0x0a, 0x20, 0x20, 0x66, 0x6f, 0x72, 0x20, 0x28, 0x6c, 0x65,
  0x74, 0x20, 0x69, 0x20, 0x3d, 0x20, 0x30, 0x3b, 0x20, 0x69, 0x20, 0x3c, 0x20, 0x62, 0x79, 0x74,
  0x65, 0x73, 0x2e, 0x6c, 0x65, 0x6e, 0x67, 0x74, 0x68, 0x3b, 0x20, 0x69, 0x2b, 0x2b, 0x29, 0x20,
  0x62, 0x69, 0x6e, 0x61, 0x72, 0x79, 0x20, 0x2b, 0x3d, 0x20, 0x53, 0x74, 0x72, 0x69, 0x6e, 0x67,
  0x2e, 0x66, 0x72, 0x6f, 0x6d, 0x43, 0x68, 0x61, 0x72, 0x43, 0x6f, 0x64, 0x65, 0x28, 0x62, 0x79,
  0x74, 0x65, 0x73, 0x5b, 0x69, 0x5d, 0x29, 0x3b, 0x0a, 0x20, 0x20, 0x67, 0x6c, 0x6f, 0x62, 0x61,
  0x6c, 0x54, 0x68, 0x69, 0x73, 0x2e, 0x5f, 0x5f, 0x64, 0x73, 0x68, 0x42, 0x75, 0x73, 0x50, 0x6f,
  0x73, 0x74, 0x3f, 0x2e, 0x28, 0x4a, 0x53, 0x4f, 0x4e, 0x2e, 0x73, 0x74, 0x72, 0x69, 0x6e, 0x67,
  0x69, 0x66, 0x79, 0x28, 0x7b, 0x0a, 0x20, 0x20, 0x20, 0x20, 0x74, 0x79, 0x70, 0x65, 0x3a, 0x20,
  0x27, 0x68, 0x74, 0x74, 0x70, 0x2e, 0x73, 0x65, 0x72, 0x76, 0x65, 0x27, 0x2c, 0x20, 0x70, 0x61,
  0x74, 0x68, 0x2c, 0x20, 0x62, 0x79, 0x74, 0x65, 0x73, 0x3a, 0x20, 0x62, 0x79, 0x74, 0x65, 0x73,
  0x2e, 0x6c, 0x65, 0x6e, 0x67, 0x74, 0x68, 0x2c, 0x20, 0x62, 0x6f, 0x64, 0x79, 0x42, 0x36, 0x34,
  0x3a, 0x20, 0x67, 0x6c, 0x6f, 0x62, 0x61, 0x6c, 0x54, 0x68, 0x69, 0x73, 0x2e, 0x62, 0x74, 0x6f,
  0x61, 0x28, 0x62, 0x69, 0x6e, 0x61, 0x72, 0x79, 0x29, 0x2c, 0x0a, 0x20, 0x20, 0x7d, 0x29, 0x29,
  0x3b, 0x0a, 0x7d, 0x3b, 0x0a, 0x0a, 0x63, 0x6f, 0x6e, 0x73, 0x74, 0x20, 0x53, 0x45, 0x53, 0x53,
  0x49, 0x4f, 0x4e, 0x5f, 0x49, 0x44, 0x20, 0x3d, 0x20, 0x27, 0x73, 0x2d, 0x6d, 0x33, 0x2d, 0x30,
  0x30, 0x30, 0x31, 0x27, 0x3b, 0x0a, 0x63, 0x6f, 0x6e, 0x73, 0x74, 0x20, 0x50, 0x4b, 0x47, 0x5f,
  0x50, 0x41, 0x54, 0x48, 0x20, 0x3d, 0x20, 0x27, 0x2f, 0x70, 0x61, 0x63, 0x6b, 0x61, 0x67, 0x65,
  0x73, 0x2f, 0x64, 0x73, 0x68, 0x2d, 0x6e, 0x6f, 0x74, 0x65, 0x73, 0x2d, 0x30, 0x2e, 0x31, 0x2e,
  0x30, 0x2e, 0x74, 0x61, 0x72, 0x27, 0x3b, 0x0a, 0x63, 0x6f, 0x6e, 0x73, 0x74, 0x20, 0x52, 0x45,
  0x53, 0x55, 0x4c, 0x54, 0x5f, 0x50, 0x41, 0x54, 0x48, 0x20, 0x3d, 0x20, 0x27, 0x6d, 0x33, 0x2d,
  0x66, 0x65, 0x74, 0x63, 0x68, 0x2d, 0x69, 0x6e, 0x73, 0x74, 0x61, 0x6c, 0x6c, 0x2f, 0x72, 0x65,
  0x73, 0x75, 0x6c, 0x74, 0x2e, 0x74, 0x78, 0x74, 0x27, 0x3b, 0x0a, 0x63, 0x6f, 0x6e, 0x73, 0x74,
  0x20, 0x52, 0x45, 0x53, 0x55, 0x4c, 0x54, 0x5f, 0x54, 0x45, 0x58, 0x54, 0x20, 0x3d, 0x20, 0x27,
  0x6d, 0x33, 0x2d, 0x66, 0x65, 0x74, 0x63, 0x68, 0x2d, 0x69, 0x6e, 0x73, 0x74, 0x61, 0x6c, 0x6c,
  0x20, 0x72, 0x65, 0x73, 0x75, 0x6c, 0x74, 0x3a, 0x20, 0x35, 0x20, 0x64, 0x65, 0x6c, 0x74, 0x61,
  0x73, 0x27, 0x3b, 0x20, 0x2f, 0x2f, 0x20, 0x33, 0x33, 0x20, 0x41, 0x53, 0x43, 0x49, 0x49, 0x20,
  0x62, 0x79, 0x74, 0x65, 0x73, 0x0a, 0x63, 0x6f, 0x6e, 0x73, 0x74, 0x20, 0x54, 0x55, 0x52, 0x4e,
  0x5f, 0x4f, 0x4e, 0x45, 0x20, 0x3d, 0x20, 0x5b, 0x27, 0x48, 0x65, 0x6c, 0x6c, 0x6f, 0x27, 0x2c,
  0x20, 0x27, 0x20, 0x66, 0x72, 0x6f, 0x6d, 0x27, 0x2c, 0x20, 0x27, 0x20, 0x44, 0x53, 0x48, 0x27,
  0x5d, 0x3b, 0x0a, 0x63, 0x6f, 0x6e, 0x73, 0x74, 0x20, 0x54, 0x55, 0x52, 0x4e, 0x5f, 0x54, 0x57,
  0x4f, 0x20, 0x3d, 0x20, 0x5b, 0x27, 0x20, 0x53, 0x61, 0x76, 0x65, 0x64, 0x27, 0x2c, 0x20, 0x27,
  0x20, 0x6f, 0x6b, 0x27, 0x5d, 0x3b, 0x0a, 0x0a, 0x2f, 0x2a, 0x2a, 0x20, 0x54, 0x68, 0x65, 0x20,
  0x70, 0x61, 0x63, 0x6b, 0x61, 0x67, 0x65, 0x20, 0x41, 0x52, 0x52, 0x49, 0x56, 0x45, 0x53, 0x20,
  0x6f, 0x76, 0x65, 0x72, 0x20, 0x74, 0x68, 0x65, 0x20, 0x6c, 0x6f, 0x6f, 0x70, 0x62, 0x61, 0x63,
  0x6b, 0x20, 0x63, 0x61, 0x72, 0x72, 0x69, 0x65, 0x72, 0x3a, 0x20, 0x72, 0x65, 0x61, 0x6c, 0x20,
  0x68, 0x74, 0x74, 0x70, 0x46, 0x65, 0x74, 0x63, 0x68, 0x20, 0xe2, 0x86, 0x92, 0x0a, 0x20, 0x2a,
  0x20, 0x73, 0x74, 0x72, 0x65, 0x61, 0x6d, 0x69, 0x6e, 0x67, 0x20, 0x62, 0x6f, 0x64, 0x79, 0x20,
  0xe2, 0x86, 0x92, 0x20, 0x74, 0x68, 0x65, 0x20, 0xc2, 0xa7, 0x34, 0x20, 0x70, 0x69, 0x70, 0x65,
  0x6c, 0x69, 0x6e, 0x65, 0x2c, 0x20, 0x77, 0x69, 0x74, 0x68, 0x20, 0x74, 0x68, 0x65, 0x20, 0x72,
  0x65, 0x63, 0x65, 0x69, 0x70, 0x74, 0x20, 0x6a, 0x6f, 0x75, 0x72, 0x6e, 0x61, 0x6c, 0x20, 0x72,
  0x65, 0x63, 0x6f, 0x72, 0x64, 0x69, 0x6e, 0x67, 0x0a, 0x20, 0x2a, 0x20, 0x70, 0x65, 0x6e, 0x64,
  0x69, 0x6e, 0x67, 0x20, 0xe2, 0x86, 0x92, 0x20, 0x63, 0x6f, 0x6d, 0x6d, 0x69, 0x74, 0x74, 0x65,
  0x64, 0x2e, 0x20, 0x2a, 0x2f, 0x0a, 0x63, 0x6f, 0x6e, 0x73, 0x74, 0x20, 0x66, 0x65, 0x74, 0x63,
  0x68, 0x49, 0x6e, 0x73, 0x74, 0x61, 0x6c, 0x6c, 0x50, 0x68, 0x61, 0x73, 0x65, 0x20, 0x3d, 0x20,
  0x61, 0x73, 0x79, 0x6e, 0x63, 0x20, 0x28, 0x72, 0x65, 0x67, 0x69, 0x73, 0x74, 0x72, 0x79, 0x2c,
  0x20, 0x70, 0x61, 0x63, 0x6b, 0x61, 0x67, 0x65, 0x42, 0x79, 0x74, 0x65, 0x73, 0x29, 0x20, 0x3d,
  0x3e, 0x20, 0x7b, 0x0a, 0x20, 0x20, 0x6c, 0x6f, 0x67, 0x2e, 0x64, 0x65, 0x62, 0x75, 0x67, 0x28,
  0x27, 0x66, 0x65, 0x74, 0x63, 0x68, 0x20, 0x69, 0x6e, 0x73, 0x74, 0x61, 0x6c, 0x6c, 0x20, 0x70,
  0x68, 0x61, 0x73, 0x65, 0x20, 0x62, 0x65, 0x67, 0x69, 0x6e, 0x27, 0x29, 0x3b, 0x0a, 0x20, 0x20,
  0x72, 0x65, 0x67, 0x69, 0x73, 0x74, 0x72, 0x79, 0x2e, 0x69, 0x6e, 0x73, 0x74, 0x61, 0x6c, 0x6c,
  0x28, 0x7b, 0x20, 0x6d, 0x61, 0x6e, 0x69, 0x66, 0x65, 0x73, 0x74, 0x3a, 0x20, 0x73, 0x75, 0x62,
  0x70, 0x72, 0x6f, 0x63, 0x65, 0x73, 0x73, 0x50, 0x6c, 0x75, 0x67, 0x69, 0x6e, 0x2e, 0x6d, 0x61,
  0x6e, 0x69, 0x66, 0x65, 0x73, 0x74, 0x2c, 0x20, 0x6d, 0x6f, 0x64, 0x75, 0x6c, 0x65, 0x3a, 0x20,
  0x73, 0x75, 0x62, 0x70, 0x72, 0x6f, 0x63, 0x65, 0x73, 0x73, 0x50, 0x6c, 0x75, 0x67, 0x69, 0x6e,
  0x20, 0x7d, 0x29, 0x3b, 0x0a, 0x20, 0x20, 0x72, 0x65, 0x67, 0x69, 0x73, 0x74, 0x72, 0x79, 0x2e,
  0x69, 0x6e, 0x73, 0x74, 0x61, 0x6c, 0x6c, 0x28, 0x7b, 0x20, 0x6d, 0x61, 0x6e, 0x69, 0x66, 0x65,
  0x73, 0x74, 0x3a, 0x20, 0x75, 0x69, 0x50, 0x6c, 0x75, 0x67, 0x69, 0x6e, 0x2e, 0x6d, 0x61, 0x6e,
  0x69, 0x66, 0x65, 0x73, 0x74, 0x2c, 0x20, 0x6d, 0x6f, 0x64, 0x75, 0x6c, 0x65, 0x3a, 0x20, 0x75,
  0x69, 0x50, 0x6c, 0x75, 0x67, 0x69, 0x6e, 0x20, 0x7d, 0x29, 0x3b, 0x0a, 0x20, 0x20, 0x72, 0x65,
  0x67, 0x69, 0x73, 0x74, 0x72, 0x79, 0x2e, 0x69, 0x6e, 0x73, 0x74, 0x61, 0x6c, 0x6c, 0x28, 0x7b,
  0x20, 0x6d, 0x61, 0x6e, 0x69, 0x66, 0x65, 0x73, 0x74, 0x3a, 0x20, 0x66, 0x73, 0x50, 0x6c, 0x75,
  0x67, 0x69, 0x6e, 0x2e, 0x6d, 0x61, 0x6e, 0x69, 0x66, 0x65, 0x73, 0x74, 0x2c, 0x20, 0x6d, 0x6f,
  0x64, 0x75, 0x6c, 0x65, 0x3a, 0x20, 0x66, 0x73, 0x50, 0x6c, 0x75, 0x67, 0x69, 0x6e, 0x20, 0x7d,
  0x29, 0x3b, 0x0a, 0x20, 0x20, 0x65, 0x6d, 0x69, 0x74, 0x28, 0x27, 0x66, 0x73, 0x2e, 0x72, 0x65,
  0x61, 0x64, 0x79, 0x27, 0x2c, 0x20, 0x7b, 0x20, 0x73, 0x65, 0x72, 0x76, 0x69, 0x63, 0x65, 0x3a,
  0x20, 0x27, 0x66, 0x73, 0x27, 0x20, 0x7d, 0x29, 0x3b, 0x0a, 0x0a, 0x20, 0x20, 0x63, 0x6f, 0x6e,
  0x73, 0x74, 0x20, 0x69, 0x6e, 0x66, 0x6f, 0x20, 0x3d, 0x20, 0x61, 0x77, 0x61, 0x69, 0x74, 0x20,
  0x6e, 0x65, 0x78, 0x74, 0x45, 0x76, 0x65, 0x6e, 0x74, 0x28, 0x27, 0x63, 0x61, 0x72, 0x72, 0x69,
  0x65, 0x72, 0x2e, 0x69, 0x6e, 0x66, 0x6f, 0x27, 0x29, 0x3b, 0x20, 0x2f, 0x2f, 0x20, 0x66, 0x69,
  0x72, 0x65, 0x64, 0x20, 0x77, 0x68, 0x65, 0x6e, 0x20, 0x74, 0x68, 0x65, 0x20, 0x70, 0x61, 0x67,
  0x65, 0x20, 0x63, 0x6f, 0x6e, 0x6e, 0x65, 0x63, 0x74, 0x65, 0x64, 0x0a, 0x20, 0x20, 0x65, 0x6d,
  0x69, 0x74, 0x28, 0x27, 0x63, 0x61, 0x72, 0x72, 0x69, 0x65, 0x72, 0x2e, 0x72, 0x65, 0x61, 0x64,
  0x79, 0x27, 0x2c, 0x20, 0x7b, 0x20, 0x73, 0x6f, 0x75, 0x72, 0x63, 0x65, 0x3a, 0x20, 0x27, 0x63,
  0x61, 0x72, 0x72, 0x69, 0x65, 0x72, 0x2e, 0x69, 0x6e, 0x66, 0x6f, 0x27, 0x2c, 0x20, 0x70, 0x6f,
  0x72, 0x74, 0x3a, 0x20, 0x69, 0x6e, 0x66, 0x6f, 0x2e, 0x70, 0x6f, 0x72, 0x74, 0x20, 0x7d, 0x29,
  0x3b, 0x0a, 0x20, 0x20, 0x73, 0x65, 0x72, 0x76, 0x65, 0x46, 0x72, 0x6f, 0x6d, 0x43, 0x61, 0x72,
  0x72, 0x69, 0x65, 0x72, 0x28, 0x50, 0x4b, 0x47, 0x5f, 0x50, 0x41, 0x54, 0x48, 0x2c, 0x20, 0x70,
  0x61, 0x63, 0x6b, 0x61, 0x67, 0x65, 0x42, 0x79, 0x74, 0x65, 0x73, 0x29, 0x3b, 0x0a, 0x20, 0x20,
  0x65, 0x6d, 0x69, 0x74, 0x28, 0x27, 0x66, 0x69, 0x78, 0x74, 0x75, 0x72, 0x65, 0x2e, 0x62, 0x75,
  0x69, 0x6c, 0x74, 0x27, 0x2c, 0x20, 0x7b, 0x20, 0x6d, 0x65, 0x6d, 0x62, 0x65, 0x72, 0x73, 0x3a,
  0x20, 0x32, 0x2c, 0x20, 0x62, 0x79, 0x74, 0x65, 0x73, 0x3a, 0x20, 0x70, 0x61, 0x63, 0x6b, 0x61,
  0x67, 0x65, 0x42, 0x79, 0x74, 0x65, 0x73, 0x2e, 0x6c, 0x65, 0x6e, 0x67, 0x74, 0x68, 0x20, 0x7d,
  0x29, 0x3b, 0x0a, 0x0a, 0x20, 0x20, 0x63, 0x6f, 0x6e, 0x73, 0x74, 0x20, 0x72, 0x65, 0x73, 0x75,
  0x6c, 0x74, 0x20, 0x3d, 0x20, 0x61, 0x77, 0x61, 0x69, 0x74, 0x20, 0x69, 0x6e, 0x73, 0x74, 0x61,
  0x6c, 0x6c, 0x46, 0x72, 0x6f, 0x6d, 0x46, 0x65, 0x74, 0x63, 0x68, 0x28, 0x7b, 0x0a, 0x20, 0x20,
  0x20, 0x20, 0x66, 0x65, 0x74, 0x63, 0x68, 0x49, 0x6d, 0x70, 0x6c, 0x3a, 0x20, 0x68, 0x74, 0x74,
  0x70, 0x46, 0x65, 0x74, 0x63, 0x68, 0x2c, 0x20, 0x2f, 0x2f, 0x20, 0x74, 0x68, 0x65, 0x20, 0x52,
  0x45, 0x41, 0x4c, 0x20, 0x67, 0x61, 0x74, 0x65, 0x77, 0x61, 0x79, 0x20, 0x70, 0x72, 0x69, 0x6d,
  0x69, 0x74, 0x69, 0x76, 0x65, 0x20, 0x6f, 0x76, 0x65, 0x72, 0x20, 0x74, 0x68, 0x65, 0x20, 0x6c,
  0x6f, 0x6f, 0x70, 0x62, 0x61, 0x63, 0x6b, 0x20, 0x63, 0x61, 0x72, 0x72, 0x69, 0x65, 0x72, 0x0a,
  0x20, 0x20, 0x20, 0x20, 0x75, 0x72, 0x6c, 0x3a, 0x20, 0x60, 0x68, 0x74, 0x74, 0x70, 0x3a, 0x2f,
  0x2f, 0x31, 0x32, 0x37, 0x2e, 0x30, 0x2e, 0x30, 0x2e, 0x31, 0x3a, 0x24, 0x7b, 0x69, 0x6e, 0x66,
  0x6f, 0x2e, 0x70, 0x6f, 0x72, 0x74, 0x7d, 0x24, 0x7b, 0x50, 0x4b, 0x47, 0x5f, 0x50, 0x41, 0x54,
  0x48, 0x7d, 0x60, 0x2c, 0x0a, 0x20, 0x20, 0x20, 0x20, 0x69, 0x64, 0x3a, 0x20, 0x27, 0x64, 0x73,
  0x68, 0x2d, 0x6e, 0x6f, 0x74, 0x65, 0x73, 0x27, 0x2c, 0x0a, 0x20, 0x20, 0x20, 0x20, 0x74, 0x72,
  0x75, 0x73, 0x74, 0x3a, 0x20, 0x7b, 0x0a, 0x20, 0x20, 0x20, 0x20, 0x20, 0x20, 0x62, 0x6c, 0x6f,
  0x62, 0x53, 0x68, 0x61, 0x32, 0x35, 0x36, 0x3a, 0x20, 0x73, 0x68, 0x61, 0x32, 0x35, 0x36, 0x48,
  0x65, 0x78, 0x28, 0x70, 0x61, 0x63, 0x6b, 0x61, 0x67, 0x65, 0x42, 0x79, 0x74, 0x65, 0x73, 0x29,
  0x2c, 0x0a, 0x20, 0x20, 0x20, 0x20, 0x20, 0x20, 0x6d, 0x61, 0x6e, 0x69, 0x66, 0x65, 0x73, 0x74,
  0x53, 0x68, 0x61, 0x32, 0x35, 0x36, 0x3a, 0x20, 0x73, 0x68, 0x61, 0x32, 0x35, 0x36, 0x48, 0x65,
  0x78, 0x28, 0x4e, 0x4f, 0x54, 0x45, 0x53, 0x5f, 0x4d, 0x41, 0x4e, 0x49, 0x46, 0x45, 0x53, 0x54,
  0x5f, 0x42, 0x59, 0x54, 0x45, 0x53, 0x29, 0x2c, 0x0a, 0x20, 0x20, 0x20, 0x20, 0x7d, 0x2c, 0x0a,
  0x20, 0x20, 0x20, 0x20, 0x74, 0x78, 0x49, 0x64, 0x3a, 0x20, 0x27, 0x6d, 0x33, 0x2d, 0x66, 0x30,
  0x30, 0x31, 0x27, 0x2c, 0x0a, 0x20, 0x20, 0x20, 0x20, 0x6f, 0x6e, 0x3a, 0x20, 0x6f, 0x6e, 0x53,
  0x74, 0x65, 0x70, 0x2c, 0x0a, 0x20, 0x20, 0x20, 0x20, 0x6a, 0x6f, 0x75, 0x72, 0x6e, 0x61, 0x6c,
  0x3a, 0x20, 0x74, 0x72, 0x75, 0x65, 0x2c, 0x0a, 0x20, 0x20, 0x7d, 0x29, 0x3b, 0x0a, 0x0a, 0x20,
  0x20, 0x63, 0x6f, 0x6e, 0x73, 0x74, 0x20, 0x6a, 0x6f, 0x75, 0x72, 0x6e, 0x61, 0x6c, 0x20, 0x3d,
  0x20, 0x61, 0x77, 0x61, 0x69, 0x74, 0x20, 0x72, 0x65, 0x61, 0x64, 0x4a, 0x6f, 0x75, 0x72, 0x6e,
  0x61, 0x6c, 0x28, 0x29, 0x3b, 0x0a, 0x20, 0x20, 0x64, 0x65, 0x6d, 0x61, 0x6e, 0x64, 0x28, 0x6a,
  0x6f, 0x75, 0x72, 0x6e, 0x61, 0x6c, 0x2e, 0x6c, 0x65, 0x6e, 0x67, 0x74, 0x68, 0x20, 0x3d, 0x3d,
  0x3d, 0x20, 0x32, 0x20, 0x26, 0x26, 0x20, 0x6a, 0x6f, 0x75, 0x72, 0x6e, 0x61, 0x6c, 0x5b, 0x30,
  0x5d, 0x2e, 0x74, 0x78, 0x49, 0x64, 0x20, 0x3d, 0x3d, 0x3d, 0x20, 0x27, 0x6d, 0x33, 0x2d, 0x66,
  0x30, 0x30, 0x31, 0x27, 0x0a, 0x20, 0x20, 0x20, 0x20, 0x26, 0x26, 0x20, 0x6a, 0x6f, 0x75, 0x72,
  0x6e, 0x61, 0x6c, 0x5b, 0x30, 0x5d, 0x2e, 0x72, 0x65, 0x63, 0x65, 0x69, 0x70, 0x74, 0x2e, 0x73,
  0x74, 0x61, 0x74, 0x75, 0x73, 0x20, 0x3d, 0x3d, 0x3d, 0x20, 0x27, 0x70, 0x65, 0x6e, 0x64, 0x69,
  0x6e, 0x67, 0x27, 0x20, 0x26, 0x26, 0x20, 0x6a, 0x6f, 0x75, 0x72, 0x6e, 0x61, 0x6c, 0x5b, 0x31,
  0x5d, 0x2e, 0x72, 0x65, 0x63, 0x65, 0x69, 0x70, 0x74, 0x2e, 0x73, 0x74, 0x61, 0x74, 0x75, 0x73,
  0x20, 0x3d, 0x3d, 0x3d, 0x20, 0x27, 0x63, 0x6f, 0x6d, 0x6d, 0x69, 0x74, 0x74, 0x65, 0x64, 0x27,
  0x2c, 0x0a, 0x20, 0x20, 0x27, 0x6a, 0x6f, 0x75, 0x72, 0x6e, 0x61, 0x6c, 0x20, 0x70, 0x65, 0x6e,
  0x64, 0x69, 0x6e, 0x67, 0xe2, 0x86, 0x92, 0x63, 0x6f, 0x6d, 0x6d, 0x69, 0x74, 0x74, 0x65, 0x64,
  0x20, 0x6f, 0x72, 0x64, 0x65, 0x72, 0x20, 0x64, 0x72, 0x69, 0x66, 0x74, 0x65, 0x64, 0x27, 0x29,
  0x3b, 0x0a, 0x20, 0x20, 0x65, 0x6d, 0x69, 0x74, 0x28, 0x27, 0x69, 0x6e, 0x73, 0x74, 0x61, 0x6c,
  0x6c, 0x2e, 0x72, 0x65, 0x63, 0x65, 0x69, 0x70, 0x74, 0x2e, 0x61, 0x73, 0x73, 0x65, 0x72, 0x74,
  0x65, 0x64, 0x27, 0x2c, 0x20, 0x7b, 0x0a, 0x20, 0x20, 0x20, 0x20, 0x73, 0x74, 0x61, 0x74, 0x75,
  0x73, 0x3a, 0x20, 0x72, 0x65, 0x73, 0x75, 0x6c, 0x74, 0x2e, 0x72, 0x65, 0x63, 0x65, 0x69, 0x70,
  0x74, 0x2e, 0x73, 0x74, 0x61, 0x74, 0x75, 0x73, 0x2c, 0x20, 0x69, 0x64, 0x3a, 0x20, 0x72, 0x65,
  0x73, 0x75, 0x6c, 0x74, 0x2e, 0x72, 0x65, 0x63, 0x65, 0x69, 0x70, 0x74, 0x2e, 0x69, 0x64, 0x2c,
  0x20, 0x76, 0x65, 0x72, 0x73, 0x69, 0x6f, 0x6e, 0x3a, 0x20, 0x72, 0x65, 0x73, 0x75, 0x6c, 0x74,
  0x2e, 0x72, 0x65, 0x63, 0x65, 0x69, 0x70, 0x74, 0x2e, 0x76, 0x65, 0x72, 0x73, 0x69, 0x6f, 0x6e,
  0x2c, 0x0a, 0x20, 0x20, 0x20, 0x20, 0x62, 0x6c, 0x6f, 0x62, 0x53, 0x68, 0x61, 0x32, 0x35, 0x36,
  0x3a, 0x20, 0x72, 0x65, 0x73, 0x75, 0x6c, 0x74, 0x2e, 0x72, 0x65, 0x63, 0x65, 0x69, 0x70, 0x74,
  0x2e, 0x62, 0x6c, 0x6f, 0x62, 0x53, 0x68, 0x61, 0x32, 0x35, 0x36, 0x2c, 0x20, 0x6a, 0x6f, 0x75,
  0x72, 0x6e, 0x61, 0x6c, 0x4c, 0x69, 0x6e, 0x65, 0x73, 0x3a, 0x20, 0x6a, 0x6f, 0x75, 0x72, 0x6e,
  0x61, 0x6c, 0x2e, 0x6c, 0x65, 0x6e, 0x67, 0x74, 0x68, 0x2c, 0x0a, 0x20, 0x20, 0x7d, 0x29, 0x3b,
  0x0a, 0x20, 0x20, 0x67, 0x6c, 0x6f, 0x62, 0x61, 0x6c, 0x54, 0x68, 0x69, 0x73, 0x2e, 0x5f, 0x5f,
  0x64, 0x73, 0x68, 0x4d, 0x6f, 0x64, 0x75, 0x6c, 0x65, 0x44, 0x65, 0x66, 0x69, 0x6e, 0x65, 0x28,
  0x72, 0x65, 0x73, 0x75, 0x6c, 0x74, 0x2e, 0x6d, 0x6f, 0x64, 0x75, 0x6c, 0x65, 0x49, 0x64, 0x2c,
  0x20, 0x74, 0x6f, 0x54, 0x65, 0x78, 0x74, 0x28, 0x72, 0x65, 0x73, 0x75, 0x6c, 0x74, 0x2e, 0x65,
  0x6e, 0x74, 0x72, 0x79, 0x53, 0x6f, 0x75, 0x72, 0x63, 0x65, 0x29, 0x29, 0x3b, 0x0a, 0x20, 0x20,
  0x72, 0x65, 0x67, 0x69, 0x73, 0x74, 0x72, 0x79, 0x2e, 0x69, 0x6e, 0x73, 0x74, 0x61, 0x6c, 0x6c,
  0x28, 0x7b, 0x20, 0x6d, 0x61, 0x6e, 0x69, 0x66, 0x65, 0x73, 0x74, 0x3a, 0x20, 0x72, 0x65, 0x73,
  0x75, 0x6c, 0x74, 0x2e, 0x6d, 0x61, 0x6e, 0x69, 0x66, 0x65, 0x73, 0x74, 0x2c, 0x20, 0x6d, 0x6f,
  0x64, 0x75, 0x6c, 0x65, 0x3a, 0x20, 0x61, 0x77, 0x61, 0x69, 0x74, 0x20, 0x69, 0x6d, 0x70, 0x6f,
  0x72, 0x74, 0x28, 0x72, 0x65, 0x73, 0x75, 0x6c, 0x74, 0x2e, 0x6d, 0x6f, 0x64, 0x75, 0x6c, 0x65,
  0x49, 0x64, 0x29, 0x20, 0x7d, 0x29, 0x3b, 0x0a, 0x20, 0x20, 0x72, 0x65, 0x67, 0x69, 0x73, 0x74,
  0x72, 0x79, 0x2e, 0x73, 0x65, 0x72, 0x76, 0x69, 0x63, 0x65, 0x28, 0x27, 0x6e, 0x6f, 0x74, 0x65,
  0x73, 0x27, 0x29, 0x3b, 0x20, 0x2f, 0x2f, 0x20, 0x66, 0x61, 0x69, 0x6c, 0x20, 0x6c, 0x6f, 0x75,
  0x64, 0x20, 0x75, 0x6e, 0x6c, 0x65, 0x73, 0x73, 0x20, 0x61, 0x63, 0x74, 0x69, 0x76, 0x61, 0x74,
  0x69, 0x6f, 0x6e, 0x20, 0x72, 0x65, 0x67, 0x69, 0x73, 0x74, 0x65, 0x72, 0x65, 0x64, 0x20, 0x69,
  0x74, 0x0a, 0x20, 0x20, 0x65, 0x6d, 0x69, 0x74, 0x28, 0x27, 0x69, 0x6e, 0x73, 0x74, 0x61, 0x6c,
  0x6c, 0x65, 0x64, 0x2e, 0x6c, 0x6f, 0x61, 0x64, 0x65, 0x64, 0x27, 0x2c, 0x20, 0x7b, 0x20, 0x69,
  0x64, 0x3a, 0x20, 0x72, 0x65, 0x73, 0x75, 0x6c, 0x74, 0x2e, 0x6d, 0x61, 0x6e, 0x69, 0x66, 0x65,
  0x73, 0x74, 0x2e, 0x69, 0x64, 0x2c, 0x20, 0x6d, 0x6f, 0x64, 0x75, 0x6c, 0x65, 0x49, 0x64, 0x3a,
  0x20, 0x72, 0x65, 0x73, 0x75, 0x6c, 0x74, 0x2e, 0x6d, 0x6f, 0x64, 0x75, 0x6c, 0x65, 0x49, 0x64,
  0x20, 0x7d, 0x29, 0x3b, 0x0a, 0x20, 0x20, 0x72, 0x65, 0x74, 0x75, 0x72, 0x6e, 0x20, 0x72, 0x65,
  0x73, 0x75, 0x6c, 0x74, 0x3b, 0x0a, 0x7d, 0x3b, 0x0a, 0x0a, 0x2f, 0x2a, 0x2a, 0x20, 0x54, 0x6f,
  0x6f, 0x6c, 0x62, 0x61, 0x72, 0x20, 0x73, 0x6c, 0x6f, 0x74, 0x73, 0x3a, 0x20, 0x6f, 0x6e, 0x65,
  0x20, 0x74, 0x68, 0x65, 0x20, 0x43, 0x4f, 0x4e, 0x46, 0x49, 0x47, 0x55, 0x52, 0x45, 0x44, 0x20,
  0x61, 0x6c, 0x6c, 0x6f, 0x77, 0x2d, 0x73, 0x65, 0x74, 0x20, 0x64, 0x65, 0x6e, 0x69, 0x65, 0x73,
  0x20, 0x28, 0x63, 0x61, 0x72, 0x72, 0x69, 0x65, 0x72, 0x20, 0x64, 0x72, 0x6f, 0x70, 0x73, 0x20,
  0x69, 0x74, 0x20, 0xe2, 0x80, 0x94, 0x0a, 0x20, 0x2a, 0x20, 0x74, 0x68, 0x65, 0x20, 0x70, 0x61,
  0x67, 0x65, 0x20, 0x6e, 0x65, 0x76, 0x65, 0x72, 0x20, 0x72, 0x65, 0x6e, 0x64, 0x65, 0x72, 0x73,
  0x20, 0x69, 0x74, 0x29, 0x2c, 0x20, 0x74, 0x68, 0x65, 0x6e, 0x20, 0x74, 0x68, 0x65, 0x20, 0x6f,
  0x6e, 0x65, 0x20, 0x74, 0x68, 0x65, 0x20, 0x70, 0x6c, 0x75, 0x67, 0x69, 0x6e, 0x20, 0x61, 0x63,
  0x74, 0x75, 0x61, 0x6c, 0x6c, 0x79, 0x20, 0x6f, 0x77, 0x6e, 0x73, 0x2e, 0x20, 0x2a, 0x2f, 0x0a,
  0x63, 0x6f, 0x6e, 0x73, 0x74, 0x20, 0x70, 0x72, 0x6f, 0x6a, 0x65, 0x63, 0x74, 0x53, 0x6c, 0x6f,
  0x74, 0x73, 0x20, 0x3d, 0x20, 0x28, 0x29, 0x20, 0x3d, 0x3e, 0x20, 0x7b, 0x0a, 0x20, 0x20, 0x6c,
  0x6f, 0x67, 0x2e, 0x64, 0x65, 0x62, 0x75, 0x67, 0x28, 0x27, 0x70, 0x72, 0x6f, 0x6a, 0x65, 0x63,
  0x74, 0x20, 0x74, 0x6f, 0x6f, 0x6c, 0x62, 0x61, 0x72, 0x20, 0x73, 0x6c, 0x6f, 0x74, 0x73, 0x27,
  0x2c, 0x20, 0x7b, 0x20, 0x63, 0x6f, 0x75, 0x6e, 0x74, 0x3a, 0x20, 0x32, 0x20, 0x7d, 0x29, 0x3b,
  0x0a, 0x20, 0x20, 0x70, 0x72, 0x6f, 0x6a, 0x65, 0x63, 0x74, 0x28, 0x7b, 0x20, 0x6b, 0x69, 0x6e,
  0x64, 0x3a, 0x20, 0x27, 0x73, 0x6c, 0x6f, 0x74, 0x2e, 0x72, 0x65, 0x67, 0x69, 0x73, 0x74, 0x65,
  0x72, 0x27, 0x2c, 0x20, 0x69, 0x64, 0x3a, 0x20, 0x27, 0x64, 0x65, 0x62, 0x75, 0x67, 0x2e, 0x63,
  0x6f, 0x6e, 0x73, 0x6f, 0x6c, 0x65, 0x27, 0x2c, 0x20, 0x6c, 0x61, 0x62, 0x65, 0x6c, 0x3a, 0x20,
  0x27, 0x64, 0x65, 0x62, 0x75, 0x67, 0x27, 0x2c, 0x20, 0x62, 0x79, 0x3a, 0x20, 0x27, 0x64, 0x73,
  0x68, 0x2e, 0x73, 0x70, 0x69, 0x6b, 0x65, 0x27, 0x20, 0x7d, 0x29, 0x3b, 0x0a, 0x20, 0x20, 0x70,
  0x72, 0x6f, 0x6a, 0x65, 0x63, 0x74, 0x28, 0x7b, 0x20, 0x6b, 0x69, 0x6e, 0x64, 0x3a, 0x20, 0x27,
  0x73, 0x6c, 0x6f, 0x74, 0x2e, 0x72, 0x65, 0x67, 0x69, 0x73, 0x74, 0x65, 0x72, 0x27, 0x2c, 0x20,
  0x69, 0x64, 0x3a, 0x20, 0x27, 0x6e, 0x6f, 0x74, 0x65, 0x73, 0x2e, 0x74, 0x6f, 0x6f, 0x6c, 0x62,
  0x61, 0x72, 0x27, 0x2c, 0x20, 0x6c, 0x61, 0x62, 0x65, 0x6c, 0x3a, 0x20, 0x27, 0x6e, 0x6f, 0x74,
  0x65, 0x73, 0x27, 0x2c, 0x20, 0x62, 0x79, 0x3a, 0x20, 0x27, 0x64, 0x73, 0x68, 0x2d, 0x6e, 0x6f,
  0x74, 0x65, 0x73, 0x27, 0x20, 0x7d, 0x29, 0x3b, 0x0a, 0x7d, 0x3b, 0x0a, 0x0a, 0x2f, 0x2a, 0x2a,
  0x20, 0x54, 0x77, 0x6f, 0x20, 0x63, 0x72, 0x61, 0x73, 0x68, 0x2d, 0x73, 0x69, 0x6d, 0x75, 0x6c,
  0x61, 0x74, 0x65, 0x64, 0x20, 0x74, 0x72, 0x61, 0x6e, 0x73, 0x61, 0x63, 0x74, 0x69, 0x6f, 0x6e,
  0x73, 0x20, 0x28, 0x73, 0x74, 0x61, 0x67, 0x65, 0x64, 0x20, 0x74, 0x72, 0x65, 0x65, 0x20, 0x2b,
  0x20, 0x50, 0x45, 0x4e, 0x44, 0x49, 0x4e, 0x47, 0x20, 0x72, 0x65, 0x63, 0x65, 0x69, 0x70, 0x74,
  0x2c, 0x20, 0x6e, 0x6f, 0x74, 0x68, 0x69, 0x6e, 0x67, 0x0a, 0x20, 0x2a, 0x20, 0x70, 0x72, 0x6f,
  0x6d, 0x6f, 0x74, 0x65, 0x64, 0x29, 0x2c, 0x20, 0x74, 0x68, 0x65, 0x6e, 0x20, 0x74, 0x68, 0x65,
  0x20, 0xc2, 0xa7, 0x34, 0x20, 0x73, 0x74, 0x61, 0x72, 0x74, 0x75, 0x70, 0x20, 0x72, 0x65, 0x70,
  0x6c, 0x61, 0x79, 0x20, 0x72, 0x65, 0x73, 0x6f, 0x6c, 0x76, 0x65, 0x73, 0x20, 0x62, 0x6f, 0x74,
  0x68, 0x2e, 0x20, 0x2a, 0x2f, 0x0a, 0x63, 0x6f, 0x6e, 0x73, 0x74, 0x20, 0x72, 0x65, 0x70, 0x6c,
  0x61, 0x79, 0x50, 0x68, 0x61, 0x73, 0x65, 0x20, 0x3d, 0x20, 0x61, 0x73, 0x79, 0x6e, 0x63, 0x20,
  0x28, 0x72, 0x65, 0x73, 0x75, 0x6c, 0x74, 0x2c, 0x20, 0x70, 0x61, 0x63, 0x6b, 0x61, 0x67, 0x65,
  0x42, 0x79, 0x74, 0x65, 0x73, 0x29, 0x20, 0x3d, 0x3e, 0x20, 0x7b, 0x0a, 0x20, 0x20, 0x6c, 0x6f,
  0x67, 0x2e, 0x64, 0x65, 0x62, 0x75, 0x67, 0x28, 0x27, 0x72, 0x65, 0x70, 0x6c, 0x61, 0x79, 0x20,
  0x70, 0x68, 0x61, 0x73, 0x65, 0x20, 0x62, 0x65, 0x67, 0x69, 0x6e, 0x27, 0x29, 0x3b, 0x0a, 0x20,
  0x20, 0x63, 0x6f, 0x6e, 0x73, 0x74, 0x20, 0x66, 0x69, 0x6c, 0x65, 0x73, 0x20, 0x3d, 0x20, 0x7b,
  0x0a, 0x20, 0x20, 0x20, 0x20, 0x27, 0x6d, 0x61, 0x6e, 0x69, 0x66, 0x65, 0x73, 0x74, 0x2e, 0x6a,
  0x73, 0x6f, 0x6e, 0x27, 0x3a, 0x20, 0x4e, 0x4f, 0x54, 0x45, 0x53, 0x5f, 0x4d, 0x41, 0x4e, 0x49,
  0x46, 0x45, 0x53, 0x54, 0x5f, 0x42, 0x59, 0x54, 0x45, 0x53, 0x2c, 0x0a, 0x20, 0x20, 0x20, 0x20,
  0x27, 0x62, 0x75, 0x6e, 0x64, 0x6c, 0x65, 0x2f, 0x69, 0x6e, 0x64, 0x65, 0x78, 0x2e, 0x6a, 0x73,
  0x27, 0x3a, 0x20, 0x74, 0x6f, 0x42, 0x79, 0x74, 0x65, 0x73, 0x28, 0x4e, 0x4f, 0x54, 0x45, 0x53,
  0x5f, 0x50, 0x4c, 0x55, 0x47, 0x49, 0x4e, 0x5f, 0x53, 0x4f, 0x55, 0x52, 0x43, 0x45, 0x29, 0x2c,
  0x0a, 0x20, 0x20, 0x7d, 0x3b, 0x0a, 0x20, 0x20, 0x63, 0x6f, 0x6e, 0x73, 0x74, 0x20, 0x63, 0x6f,
  0x6d, 0x6d, 0x6f, 0x6e, 0x20, 0x3d, 0x20, 0x7b, 0x20, 0x6d, 0x61, 0x6e, 0x69, 0x66, 0x65, 0x73,
  0x74, 0x3a, 0x20, 0x72, 0x65, 0x73, 0x75, 0x6c, 0x74, 0x2e, 0x6d, 0x61, 0x6e, 0x69, 0x66, 0x65,
  0x73, 0x74, 0x2c, 0x20, 0x66, 0x69, 0x6c, 0x65, 0x73, 0x2c, 0x20, 0x62, 0x6c, 0x6f, 0x62, 0x42,
  0x79, 0x74, 0x65, 0x73, 0x3a, 0x20, 0x70, 0x61, 0x63, 0x6b, 0x61, 0x67, 0x65, 0x42, 0x79, 0x74,
  0x65, 0x73, 0x20, 0x7d, 0x3b, 0x0a, 0x20, 0x20, 0x61, 0x77, 0x61, 0x69, 0x74, 0x20, 0x73, 0x69,
  0x6d, 0x75, 0x6c, 0x61, 0x74, 0x65, 0x43, 0x72, 0x61, 0x73, 0x68, 0x28, 0x7b, 0x20, 0x74, 0x78,
  0x49, 0x64, 0x3a, 0x20, 0x27, 0x6d, 0x33, 0x2d, 0x66, 0x30, 0x30, 0x32, 0x27, 0x2c, 0x20, 0x2e,
  0x2e, 0x2e, 0x63, 0x6f, 0x6d, 0x6d, 0x6f, 0x6e, 0x20, 0x7d, 0x29, 0x3b, 0x0a, 0x20, 0x20, 0x65,
  0x6d, 0x69, 0x74, 0x28, 0x27, 0x63, 0x72, 0x61, 0x73, 0x68, 0x2e, 0x73, 0x69, 0x6d, 0x75, 0x6c,
  0x61, 0x74, 0x65, 0x64, 0x27, 0x2c, 0x20, 0x7b, 0x20, 0x74, 0x78, 0x49, 0x64, 0x3a, 0x20, 0x27,
  0x6d, 0x33, 0x2d, 0x66, 0x30, 0x30, 0x32, 0x27, 0x2c, 0x20, 0x6d, 0x6f, 0x64, 0x65, 0x3a, 0x20,
  0x27, 0x73, 0x74, 0x61, 0x67, 0x65, 0x64, 0x2d, 0x76, 0x65, 0x72, 0x69, 0x66, 0x69, 0x65, 0x73,
  0x27, 0x2c, 0x20, 0x66, 0x69, 0x6c, 0x65, 0x73, 0x3a, 0x20, 0x32, 0x20, 0x7d, 0x29, 0x3b, 0x0a,
  0x20, 0x20, 0x61, 0x77, 0x61, 0x69, 0x74, 0x20, 0x73, 0x69, 0x6d, 0x75, 0x6c, 0x61, 0x74, 0x65,
  0x43, 0x72, 0x61, 0x73, 0x68, 0x28, 0x7b, 0x20, 0x74, 0x78, 0x49, 0x64, 0x3a, 0x20, 0x27, 0x6d,
  0x33, 0x2d, 0x66, 0x30, 0x30, 0x33, 0x27, 0x2c, 0x20, 0x2e, 0x2e, 0x2e, 0x63, 0x6f, 0x6d, 0x6d,
  0x6f, 0x6e, 0x2c, 0x20, 0x6f, 0x6d, 0x69, 0x74, 0x3a, 0x20, 0x5b, 0x27, 0x62, 0x75, 0x6e, 0x64,
  0x6c, 0x65, 0x2f, 0x69, 0x6e, 0x64, 0x65, 0x78, 0x2e, 0x6a, 0x73, 0x27, 0x5d, 0x20, 0x7d, 0x29,
  0x3b, 0x0a, 0x20, 0x20, 0x65, 0x6d, 0x69, 0x74, 0x28, 0x27, 0x63, 0x72, 0x61, 0x73, 0x68, 0x2e,
  0x73, 0x69, 0x6d, 0x75, 0x6c, 0x61, 0x74, 0x65, 0x64, 0x27, 0x2c, 0x20, 0x7b, 0x20, 0x74, 0x78,
  0x49, 0x64, 0x3a, 0x20, 0x27, 0x6d, 0x33, 0x2d, 0x66, 0x30, 0x30, 0x33, 0x27, 0x2c, 0x20, 0x6d,
  0x6f, 0x64, 0x65, 0x3a, 0x20, 0x27, 0x73, 0x74, 0x61, 0x67, 0x69, 0x6e, 0x67, 0x2d, 0x69, 0x6e,
  0x63, 0x6f, 0x6d, 0x70, 0x6c, 0x65, 0x74, 0x65, 0x27, 0x2c, 0x20, 0x66, 0x69, 0x6c, 0x65, 0x73,
  0x3a, 0x20, 0x31, 0x20, 0x7d, 0x29, 0x3b, 0x0a, 0x0a, 0x20, 0x20, 0x63, 0x6f, 0x6e, 0x73, 0x74,
  0x20, 0x73, 0x75, 0x6d, 0x6d, 0x61, 0x72, 0x79, 0x20, 0x3d, 0x20, 0x61, 0x77, 0x61, 0x69, 0x74,
  0x20, 0x72, 0x65, 0x70, 0x6c, 0x61, 0x79, 0x50, 0x65, 0x6e, 0x64, 0x69, 0x6e, 0x67, 0x52, 0x65,
  0x63, 0x65, 0x69, 0x70, 0x74, 0x73, 0x28, 0x7b, 0x0a, 0x20, 0x20, 0x20, 0x20, 0x6f, 0x6e, 0x3a,
  0x20, 0x28, 0x6e, 0x61, 0x6d, 0x65, 0x2c, 0x20, 0x66, 0x69, 0x65, 0x6c, 0x64, 0x73, 0x29, 0x20,
  0x3d, 0x3e, 0x20, 0x65, 0x6d, 0x69, 0x74, 0x28, 0x60, 0x72, 0x65, 0x70, 0x6c, 0x61, 0x79, 0x2e,
  0x24, 0x7b, 0x6e, 0x61, 0x6d, 0x65, 0x7d, 0x60, 0x2c, 0x20, 0x66, 0x69, 0x65, 0x6c, 0x64, 0x73,
  0x29, 0x2c, 0x0a, 0x20, 0x20, 0x7d, 0x29, 0x3b, 0x0a, 0x20, 0x20, 0x64, 0x65, 0x6d, 0x61, 0x6e,
  0x64, 0x28, 0x73, 0x75, 0x6d, 0x6d, 0x61, 0x72, 0x79, 0x2e, 0x63, 0x6f, 0x6d, 0x6d, 0x69, 0x74,
  0x74, 0x65, 0x64, 0x20, 0x3d, 0x3d, 0x3d, 0x20, 0x31, 0x20, 0x26, 0x26, 0x20, 0x73, 0x75, 0x6d,
  0x6d, 0x61, 0x72, 0x79, 0x2e, 0x72, 0x6f, 0x6c, 0x6c, 0x65, 0x64, 0x42, 0x61, 0x63, 0x6b, 0x20,
  0x3d, 0x3d, 0x3d, 0x20, 0x31, 0x2c, 0x20, 0x27, 0x72, 0x65, 0x70, 0x6c, 0x61, 0x79, 0x20, 0x73,
  0x75, 0x6d, 0x6d, 0x61, 0x72, 0x79, 0x20, 0x64, 0x72, 0x69, 0x66, 0x74, 0x65, 0x64, 0x27, 0x29,
  0x3b, 0x0a, 0x20, 0x20, 0x63, 0x6f, 0x6e, 0x73, 0x74, 0x20, 0x6a, 0x6f, 0x75, 0x72, 0x6e, 0x61,
  0x6c, 0x20, 0x3d, 0x20, 0x61, 0x77, 0x61, 0x69, 0x74, 0x20, 0x72, 0x65, 0x61, 0x64, 0x4a, 0x6f,
  0x75, 0x72, 0x6e, 0x61, 0x6c, 0x28, 0x29, 0x3b, 0x0a, 0x20, 0x20, 0x63, 0x6f, 0x6e, 0x73, 0x74,
  0x20, 0x6c, 0x61, 0x73, 0x74, 0x46, 0x6f, 0x72, 0x20, 0x3d, 0x20, 0x28, 0x74, 0x78, 0x49, 0x64,
  0x29, 0x20, 0x3d, 0x3e, 0x20, 0x6a, 0x6f, 0x75, 0x72, 0x6e, 0x61, 0x6c, 0x2e, 0x66, 0x69, 0x6c,
  0x74, 0x65, 0x72, 0x28, 0x28, 0x65, 0x29, 0x20, 0x3d, 0x3e, 0x20, 0x65, 0x2e, 0x74, 0x78, 0x49,
  0x64, 0x20, 0x3d, 0x3d, 0x3d, 0x20, 0x74, 0x78, 0x49, 0x64, 0x29, 0x2e, 0x70, 0x6f, 0x70, 0x28,
  0x29, 0x3b, 0x0a, 0x20, 0x20, 0x64, 0x65, 0x6d, 0x61, 0x6e, 0x64, 0x28, 0x6c, 0x61, 0x73, 0x74,
  0x46, 0x6f, 0x72, 0x28, 0x27, 0x6d, 0x33, 0x2d, 0x66, 0x30, 0x30, 0x32, 0x27, 0x29, 0x2e, 0x72,
  0x65, 0x63, 0x65, 0x69, 0x70, 0x74, 0x2e, 0x73, 0x74, 0x61, 0x74, 0x75, 0x73, 0x20, 0x3d, 0x3d,
  0x3d, 0x20, 0x27, 0x63, 0x6f, 0x6d, 0x6d, 0x69, 0x74, 0x74, 0x65, 0x64, 0x27, 0x0a, 0x20, 0x20,
  0x20, 0x20, 0x26, 0x26, 0x20, 0x6c, 0x61, 0x73, 0x74, 0x46, 0x6f, 0x72, 0x28, 0x27, 0x6d, 0x33,
  0x2d, 0x66, 0x30, 0x30, 0x33, 0x27, 0x29, 0x2e, 0x72, 0x65, 0x63, 0x65, 0x69, 0x70, 0x74, 0x2e,
  0x73, 0x74, 0x61, 0x74, 0x75, 0x73, 0x20, 0x3d, 0x3d, 0x3d, 0x20, 0x27, 0x72, 0x6f, 0x6c, 0x6c,
  0x65, 0x64, 0x2d, 0x62, 0x61, 0x63, 0x6b, 0x27, 0x2c, 0x20, 0x27, 0x72, 0x65, 0x70, 0x6c, 0x61,
  0x79, 0x20, 0x72, 0x65, 0x63, 0x65, 0x69, 0x70, 0x74, 0x73, 0x20, 0x64, 0x72, 0x69, 0x66, 0x74,
  0x65, 0x64, 0x27, 0x29, 0x3b, 0x0a, 0x20, 0x20, 0x65, 0x6d, 0x69, 0x74, 0x28, 0x27, 0x72, 0x65,
  0x70, 0x6c, 0x61, 0x79, 0x2e, 0x72, 0x65, 0x63, 0x65, 0x69, 0x70, 0x74, 0x2e, 0x61, 0x73, 0x73,
  0x65, 0x72, 0x74, 0x65, 0x64, 0x27, 0x2c, 0x20, 0x7b, 0x0a, 0x20, 0x20, 0x20, 0x20, 0x74, 0x78,
  0x49, 0x64, 0x3a, 0x20, 0x27, 0x6d, 0x33, 0x2d, 0x66, 0x30, 0x30, 0x32, 0x27, 0x2c, 0x20, 0x73,
  0x74, 0x61, 0x74, 0x75, 0x73, 0x3a, 0x20, 0x27, 0x63, 0x6f, 0x6d, 0x6d, 0x69, 0x74, 0x74, 0x65,
  0x64, 0x27, 0x2c, 0x20, 0x6a, 0x6f, 0x75, 0x72, 0x6e, 0x61, 0x6c, 0x4c, 0x69, 0x6e, 0x65, 0x73,
  0x3a, 0x20, 0x6a, 0x6f, 0x75, 0x72, 0x6e, 0x61, 0x6c, 0x2e, 0x6c, 0x65, 0x6e, 0x67, 0x74, 0x68,
  0x2c, 0x0a, 0x20, 0x20, 0x7d, 0x29, 0x3b, 0x0a, 0x20, 0x20, 0x2f, 0x2f, 0x20, 0x54, 0x68, 0x65,
  0x20, 0x72, 0x6f, 0x6c, 0x6c, 0x65, 0x64, 0x2d, 0x62, 0x61, 0x63, 0x6b, 0x20, 0x6c, 0x65, 0x67,
  0x20, 0x6d, 0x75, 0x73, 0x74, 0x20, 0x6e, 0x6f, 0x74, 0x20, 0x68, 0x61, 0x76, 0x65, 0x20, 0x74,
  0x6f, 0x75, 0x63, 0x68, 0x65, 0x64, 0x20, 0x74, 0x68, 0x65, 0x20, 0x46, 0x45, 0x54, 0x43, 0x48,
  0x2d, 0x49, 0x4e, 0x53, 0x54, 0x41, 0x4c, 0x4c, 0x45, 0x44, 0x20, 0x74, 0x72, 0x65, 0x65, 0x2e,
  0x0a, 0x20, 0x20, 0x63, 0x6f, 0x6e, 0x73, 0x74, 0x20, 0x73, 0x74, 0x69, 0x6c, 0x6c, 0x20, 0x3d,
  0x20, 0x28, 0x61, 0x77, 0x61, 0x69, 0x74, 0x20, 0x66, 0x73, 0x52, 0x65, 0x61, 0x64, 0x28, 0x27,
  0x61, 0x70, 0x70, 0x27, 0x2c, 0x20, 0x60, 0x24, 0x7b, 0x72, 0x65, 0x73, 0x75, 0x6c, 0x74, 0x2e,
  0x70, 0x6b, 0x67, 0x44, 0x69, 0x72, 0x7d, 0x2f, 0x6d, 0x61, 0x6e, 0x69, 0x66, 0x65, 0x73, 0x74,
  0x2e, 0x6a, 0x73, 0x6f, 0x6e, 0x60, 0x29, 0x29, 0x2e, 0x62, 0x79, 0x74, 0x65, 0x73, 0x3b, 0x0a,
  0x20, 0x20, 0x64, 0x65, 0x6d, 0x61, 0x6e, 0x64, 0x28, 0x73, 0x68, 0x61, 0x32, 0x35, 0x36, 0x48,
  0x65, 0x78, 0x28, 0x73, 0x74, 0x69, 0x6c, 0x6c, 0x29, 0x20, 0x3d, 0x3d, 0x3d, 0x20, 0x72, 0x65,
  0x73, 0x75, 0x6c, 0x74, 0x2e, 0x69, 0x6e, 0x74, 0x65, 0x67, 0x72, 0x69, 0x74, 0x79, 0x2e, 0x6d,
  0x61, 0x6e, 0x69, 0x66, 0x65, 0x73, 0x74, 0x53, 0x68, 0x61, 0x32, 0x35, 0x36, 0x2c, 0x0a, 0x20,
  0x20, 0x20, 0x20, 0x27, 0x72, 0x6f, 0x6c, 0x6c, 0x62, 0x61, 0x63, 0x6b, 0x20, 0x74, 0x6f, 0x75,
  0x63, 0x68, 0x65, 0x64, 0x20, 0x74, 0x68, 0x65, 0x20, 0x69, 0x6e, 0x73, 0x74, 0x61, 0x6c, 0x6c,
  0x65, 0x64, 0x20, 0x74, 0x72, 0x65, 0x65, 0x27, 0x29, 0x3b, 0x0a, 0x20, 0x20, 0x65, 0x6d, 0x69,
  0x74, 0x28, 0x27, 0x72, 0x65, 0x70, 0x6c, 0x61, 0x79, 0x2e, 0x74, 0x72, 0x65, 0x65, 0x2e, 0x69,
  0x6e, 0x74, 0x61, 0x63, 0x74, 0x27, 0x2c, 0x20, 0x7b, 0x20, 0x76, 0x65, 0x72, 0x69, 0x66, 0x69,
  0x65, 0x64, 0x3a, 0x20, 0x74, 0x72, 0x75, 0x65, 0x20, 0x7d, 0x29, 0x3b, 0x0a, 0x7d, 0x3b, 0x0a,
  0x0a, 0x2f, 0x2a, 0x2a, 0x20, 0x54, 0x61, 0x73, 0x6b, 0x20, 0x73, 0x74, 0x65, 0x70, 0x73, 0x20,
  0x28, 0x63, 0x6f, 0x6d, 0x70, 0x75, 0x74, 0x65, 0x20, 0x2b, 0x20, 0x70, 0x65, 0x72, 0x73, 0x69,
  0x73, 0x74, 0x29, 0x20, 0xe2, 0x80, 0x94, 0x20, 0x73, 0x61, 0x6d, 0x65, 0x20, 0x73, 0x68, 0x61,
  0x70, 0x65, 0x20, 0x61, 0x73, 0x20, 0x6d, 0x32, 0x2e, 0x73, 0x65, 0x73, 0x73, 0x69, 0x6f, 0x6e,
  0x2e, 0x20, 0x2a, 0x2f, 0x0a, 0x63, 0x6f, 0x6e, 0x73, 0x74, 0x20, 0x63, 0x6f, 0x6d, 0x70, 0x75,
  0x74, 0x65, 0x53, 0x74, 0x65, 0x70, 0x20, 0x3d, 0x20, 0x61, 0x73, 0x79, 0x6e, 0x63, 0x20, 0x28,
  0x63, 0x74, 0x78, 0x29, 0x20, 0x3d, 0x3e, 0x20, 0x7b, 0x0a, 0x20, 0x20, 0x63, 0x74, 0x78, 0x2e,
  0x72, 0x65, 0x70, 0x6f, 0x72, 0x74, 0x28, 0x27, 0x63, 0x6f, 0x6d, 0x70, 0x75, 0x74, 0x65, 0x64,
  0x27, 0x29, 0x3b, 0x0a, 0x20, 0x20, 0x6c, 0x6f, 0x67, 0x2e, 0x64, 0x65, 0x62, 0x75, 0x67, 0x28,
  0x27, 0x74, 0x61, 0x73, 0x6b, 0x20, 0x63, 0x6f, 0x6d, 0x70, 0x75, 0x74, 0x65, 0x20, 0x73, 0x74,
  0x65, 0x70, 0x20, 0x64, 0x6f, 0x6e, 0x65, 0x27, 0x29, 0x3b, 0x0a, 0x20, 0x20, 0x72, 0x65, 0x74,
  0x75, 0x72, 0x6e, 0x20, 0x27, 0x64, 0x65, 0x6c, 0x74, 0x61, 0x73, 0x3d, 0x35, 0x27, 0x3b, 0x0a,
  0x7d, 0x3b, 0x0a, 0x63, 0x6f, 0x6e, 0x73, 0x74, 0x20, 0x70, 0x65, 0x72, 0x73, 0x69, 0x73, 0x74,
  0x53, 0x74, 0x65, 0x70, 0x20, 0x3d, 0x20, 0x61, 0x73, 0x79, 0x6e, 0x63, 0x20, 0x28, 0x63, 0x74,
  0x78, 0x29, 0x20, 0x3d, 0x3e, 0x20, 0x7b, 0x0a, 0x20, 0x20, 0x6c, 0x6f, 0x67, 0x2e, 0x64, 0x65,
  0x62, 0x75, 0x67, 0x28, 0x27, 0x74, 0x61, 0x73, 0x6b, 0x20, 0x70, 0x65, 0x72, 0x73, 0x69, 0x73,
  0x74, 0x20, 0x73, 0x74, 0x65, 0x70, 0x20, 0x62, 0x65, 0x67, 0x69, 0x6e, 0x27, 0x2c, 0x20, 0x7b,
  0x20, 0x70, 0x61, 0x74, 0x68, 0x3a, 0x20, 0x52, 0x45, 0x53, 0x55, 0x4c, 0x54, 0x5f, 0x50, 0x41,
  0x54, 0x48, 0x20, 0x7d, 0x29, 0x3b, 0x0a, 0x20, 0x20, 0x72, 0x65, 0x74, 0x75, 0x72, 0x6e, 0x20,
  0x61, 0x77, 0x61, 0x69, 0x74, 0x20, 0x63, 0x74, 0x78, 0x2e, 0x66, 0x73, 0x2e, 0x77, 0x72, 0x69,
  0x74, 0x65, 0x54, 0x65, 0x78, 0x74, 0x28, 0x27, 0x61, 0x70, 0x70, 0x27, 0x2c, 0x20, 0x52, 0x45,
  0x53, 0x55, 0x4c, 0x54, 0x5f, 0x50, 0x41, 0x54, 0x48, 0x2c, 0x20, 0x52, 0x45, 0x53, 0x55, 0x4c,
  0x54, 0x5f, 0x54, 0x45, 0x58, 0x54, 0x29, 0x3b, 0x0a, 0x7d, 0x3b, 0x0a, 0x0a, 0x63, 0x6f, 0x6e,
  0x73, 0x74, 0x20, 0x73, 0x74, 0x72, 0x65, 0x61, 0x6d, 0x54, 0x75, 0x72, 0x6e, 0x20, 0x3d, 0x20,
  0x61, 0x73, 0x79, 0x6e, 0x63, 0x20, 0x28, 0x74, 0x75, 0x72, 0x6e, 0x2c, 0x20, 0x74, 0x6f, 0x6b,
  0x65, 0x6e, 0x73, 0x2c, 0x20, 0x73, 0x74, 0x61, 0x72, 0x74, 0x49, 0x6e, 0x64, 0x65, 0x78, 0x29,
  0x20, 0x3d, 0x3e, 0x20, 0x7b, 0x0a, 0x20, 0x20, 0x6c, 0x6f, 0x67, 0x2e, 0x64, 0x65, 0x62, 0x75,
  0x67, 0x28, 0x27, 0x73, 0x74, 0x72, 0x65, 0x61, 0x6d, 0x20, 0x74, 0x75, 0x72, 0x6e, 0x27, 0x2c,
  0x20, 0x7b, 0x20, 0x74, 0x75, 0x72, 0x6e, 0x2c, 0x20, 0x74, 0x6f, 0x6b, 0x65, 0x6e, 0x73, 0x3a,
  0x20, 0x74, 0x6f, 0x6b, 0x65, 0x6e, 0x73, 0x2e, 0x6c, 0x65, 0x6e, 0x67, 0x74, 0x68, 0x20, 0x7d,
  0x29, 0x3b, 0x0a, 0x20, 0x20, 0x65, 0x6d, 0x69, 0x74, 0x28, 0x27, 0x6c, 0x6c, 0x6d, 0x2e, 0x73,
  0x74, 0x72, 0x65, 0x61, 0x6d, 0x2e, 0x73, 0x74, 0x61, 0x72, 0x74, 0x65, 0x64, 0x27, 0x2c, 0x20,
  0x7b, 0x20, 0x74, 0x75, 0x72, 0x6e, 0x20, 0x7d, 0x29, 0x3b, 0x0a, 0x20, 0x20, 0x6c, 0x65, 0x74,
  0x20, 0x74, 0x65, 0x78, 0x74, 0x20, 0x3d, 0x20, 0x27, 0x27, 0x3b, 0x0a, 0x20, 0x20, 0x66, 0x6f,
  0x72, 0x20, 0x28, 0x6c, 0x65, 0x74, 0x20, 0x69, 0x20, 0x3d, 0x20, 0x30, 0x3b, 0x20, 0x69, 0x20,
  0x3c, 0x20, 0x74, 0x6f, 0x6b, 0x65, 0x6e, 0x73, 0x2e, 0x6c, 0x65, 0x6e, 0x67, 0x74, 0x68, 0x3b,
  0x20, 0x69, 0x2b, 0x2b, 0x29, 0x20, 0x7b, 0x0a, 0x20, 0x20, 0x20, 0x20, 0x61, 0x77, 0x61, 0x69,
  0x74, 0x20, 0x6e, 0x75, 0x6c, 0x6c, 0x3b, 0x20, 0x2f, 0x2f, 0x20, 0x65, 0x61, 0x63, 0x68, 0x20,
  0x64, 0x65, 0x6c, 0x74, 0x61, 0x20, 0x73, 0x65, 0x74, 0x74, 0x6c, 0x65, 0x73, 0x20, 0x6f, 0x6e,
  0x20, 0x69, 0x74, 0x73, 0x20, 0x6f, 0x77, 0x6e, 0x20, 0x72, 0x75, 0x6e, 0x74, 0x69, 0x6d, 0x65,
  0x2d, 0x71, 0x75, 0x65, 0x75, 0x65, 0x20, 0x74, 0x69, 0x63, 0x6b, 0x0a, 0x20, 0x20, 0x20, 0x20,
  0x74, 0x65, 0x78, 0x74, 0x20, 0x2b, 0x3d, 0x20, 0x74, 0x6f, 0x6b, 0x65, 0x6e, 0x73, 0x5b, 0x69,
  0x5d, 0x3b, 0x0a, 0x20, 0x20, 0x20, 0x20, 0x65, 0x6d, 0x69, 0x74, 0x28, 0x27, 0x6c, 0x6c, 0x6d,
  0x2e, 0x64, 0x65, 0x6c, 0x74, 0x61, 0x27, 0x2c, 0x20, 0x7b, 0x20, 0x69, 0x6e, 0x64, 0x65, 0x78,
  0x3a, 0x20, 0x73, 0x74, 0x61, 0x72, 0x74, 0x49, 0x6e, 0x64, 0x65, 0x78, 0x20, 0x2b, 0x20, 0x69,
  0x2c, 0x20, 0x74, 0x65, 0x78, 0x74, 0x3a, 0x20, 0x74, 0x6f, 0x6b, 0x65, 0x6e, 0x73, 0x5b, 0x69,
  0x5d, 0x20, 0x7d, 0x29, 0x3b, 0x0a, 0x20, 0x20, 0x20, 0x20, 0x70, 0x72, 0x6f, 0x6a, 0x65, 0x63,
  0x74, 0x28, 0x7b, 0x20, 0x6b, 0x69, 0x6e, 0x64, 0x3a, 0x20, 0x27, 0x74, 0x6f, 0x6b, 0x65, 0x6e,
  0x2d, 0x64, 0x65, 0x6c, 0x74, 0x61, 0x27, 0x2c, 0x20, 0x69, 0x6e, 0x64, 0x65, 0x78, 0x3a, 0x20,
  0x73, 0x74, 0x61, 0x72, 0x74, 0x49, 0x6e, 0x64, 0x65, 0x78, 0x20, 0x2b, 0x20, 0x69, 0x2c, 0x20,
  0x74, 0x65, 0x78, 0x74, 0x3a, 0x20, 0x74, 0x6f, 0x6b, 0x65, 0x6e, 0x73, 0x5b, 0x69, 0x5d, 0x20,
  0x7d, 0x29, 0x3b, 0x0a, 0x20, 0x20, 0x7d, 0x0a, 0x20, 0x20, 0x72, 0x65, 0x74, 0x75, 0x72, 0x6e,
  0x20, 0x74, 0x65, 0x78, 0x74, 0x3b, 0x0a, 0x7d, 0x3b, 0x0a, 0x0a, 0x2f, 0x2a, 0x2a, 0x20, 0x54,
  0x68, 0x65, 0x20, 0x6f, 0x6e, 0x65, 0x20, 0x74, 0x6f, 0x6f, 0x6c, 0x20, 0x63, 0x61, 0x6c, 0x6c,
  0x3a, 0x20, 0x61, 0x20, 0x73, 0x75, 0x62, 0x70, 0x72, 0x6f, 0x63, 0x65, 0x73, 0x73, 0x20, 0x74,
  0x61, 0x73, 0x6b, 0x20, 0x77, 0x68, 0x6f, 0x73, 0x65, 0x20, 0x70, 0x65, 0x72, 0x73, 0x69, 0x73,
  0x74, 0x20, 0x73, 0x74, 0x65, 0x70, 0x20, 0x77, 0x72, 0x69, 0x74, 0x65, 0x73, 0x20, 0x74, 0x68,
  0x65, 0x20, 0x74, 0x61, 0x73, 0x6b, 0x0a, 0x20, 0x2a, 0x20, 0x72, 0x65, 0x73, 0x75, 0x6c, 0x74,
  0x20, 0x76, 0x69, 0x61, 0x20, 0x64, 0x73, 0x68, 0x2d, 0x66, 0x73, 0x20, 0x75, 0x6e, 0x64, 0x65,
  0x72, 0x20, 0x73, 0x63, 0x6f, 0x70, 0x65, 0x20, 0x22, 0x61, 0x70, 0x70, 0x22, 0x2e, 0x20, 0x2a,
  0x2f, 0x0a, 0x63, 0x6f, 0x6e, 0x73, 0x74, 0x20, 0x70, 0x65, 0x72, 0x73, 0x69, 0x73, 0x74, 0x56,
  0x69, 0x61, 0x53, 0x75, 0x62, 0x70, 0x72, 0x6f, 0x63, 0x65, 0x73, 0x73, 0x20, 0x3d, 0x20, 0x61,
  0x73, 0x79, 0x6e, 0x63, 0x20, 0x28, 0x66, 0x73, 0x2c, 0x20, 0x73, 0x75, 0x62, 0x70, 0x72, 0x6f,
  0x63, 0x65, 0x73, 0x73, 0x29, 0x20, 0x3d, 0x3e, 0x20, 0x7b, 0x0a, 0x20, 0x20, 0x6c, 0x6f, 0x67,
  0x2e, 0x64, 0x65, 0x62, 0x75, 0x67, 0x28, 0x27, 0x74, 0x6f, 0x6f, 0x6c, 0x20, 0x63, 0x61, 0x6c,
  0x6c, 0x20, 0x62, 0x65, 0x67, 0x69, 0x6e, 0x27, 0x2c, 0x20, 0x7b, 0x20, 0x6e, 0x61, 0x6d, 0x65,
  0x3a, 0x20, 0x27, 0x6e, 0x6f, 0x74, 0x65, 0x73, 0x2e, 0x70, 0x65, 0x72, 0x73, 0x69, 0x73, 0x74,
  0x27, 0x20, 0x7d, 0x29, 0x3b, 0x0a, 0x20, 0x20, 0x65, 0x6d, 0x69, 0x74, 0x28, 0x27, 0x74, 0x6f,
  0x6f, 0x6c, 0x2e, 0x69, 0x6e, 0x76, 0x6f, 0x6b, 0x65, 0x64, 0x27, 0x2c, 0x20, 0x7b, 0x20, 0x6e,
  0x61, 0x6d, 0x65, 0x3a, 0x20, 0x27, 0x6e, 0x6f, 0x74, 0x65, 0x73, 0x2e, 0x70, 0x65, 0x72, 0x73,
  0x69, 0x73, 0x74, 0x27, 0x2c, 0x20, 0x63, 0x61, 0x6c, 0x6c, 0x3a, 0x20, 0x27, 0x74, 0x2d, 0x31,
  0x27, 0x20, 0x7d, 0x29, 0x3b, 0x0a, 0x20, 0x20, 0x70, 0x72, 0x6f, 0x6a, 0x65, 0x63, 0x74, 0x28,
  0x7b, 0x20, 0x6b, 0x69, 0x6e, 0x64, 0x3a, 0x20, 0x27, 0x74, 0x6f, 0x6f, 0x6c, 0x27, 0x2c, 0x20,
  0x6e, 0x61, 0x6d, 0x65, 0x3a, 0x20, 0x27, 0x6e, 0x6f, 0x74, 0x65, 0x73, 0x2e, 0x70, 0x65, 0x72,
  0x73, 0x69, 0x73, 0x74, 0x27, 0x2c, 0x20, 0x70, 0x68, 0x61, 0x73, 0x65, 0x3a, 0x20, 0x27, 0x69,
  0x6e, 0x76, 0x6f, 0x6b, 0x65, 0x27, 0x20, 0x7d, 0x29, 0x3b, 0x0a, 0x20, 0x20, 0x6c, 0x65, 0x74,
  0x20, 0x73, 0x74, 0x65, 0x70, 0x4e, 0x6f, 0x20, 0x3d, 0x20, 0x30, 0x3b, 0x0a, 0x20, 0x20, 0x63,
  0x6f, 0x6e, 0x73, 0x74, 0x20, 0x68, 0x61, 0x6e, 0x64, 0x6c, 0x65, 0x20, 0x3d, 0x20, 0x73, 0x75,
  0x62, 0x70, 0x72, 0x6f, 0x63, 0x65, 0x73, 0x73, 0x2e, 0x73, 0x70, 0x61, 0x77, 0x6e, 0x28, 0x7b,
  0x0a, 0x20, 0x20, 0x20, 0x20, 0x69, 0x64, 0x3a, 0x20, 0x27, 0x74, 0x61, 0x73, 0x6b, 0x2d, 0x31,
  0x27, 0x2c, 0x0a, 0x20, 0x20, 0x20, 0x20, 0x63, 0x6f, 0x6e, 0x74, 0x65, 0x78, 0x74, 0x3a, 0x20,
  0x7b, 0x20, 0x66, 0x73, 0x20, 0x7d, 0x2c, 0x0a, 0x20, 0x20, 0x20, 0x20, 0x73, 0x74, 0x65, 0x70,
  0x73, 0x3a, 0x20, 0x5b, 0x63, 0x6f, 0x6d, 0x70, 0x75, 0x74, 0x65, 0x53, 0x74, 0x65, 0x70, 0x2c,
  0x20, 0x70, 0x65, 0x72, 0x73, 0x69, 0x73, 0x74, 0x53, 0x74, 0x65, 0x70, 0x5d, 0x2c, 0x0a, 0x20,
  0x20, 0x7d, 0x29, 0x3b, 0x0a, 0x20, 0x20, 0x65, 0x6d, 0x69, 0x74, 0x28, 0x27, 0x73, 0x75, 0x62,
  0x70, 0x72, 0x6f, 0x63, 0x65, 0x73, 0x73, 0x2e, 0x73, 0x70, 0x61, 0x77, 0x6e, 0x65, 0x64, 0x27,
  0x2c, 0x20, 0x7b, 0x20, 0x74, 0x61, 0x73, 0x6b, 0x49, 0x64, 0x3a, 0x20, 0x68, 0x61, 0x6e, 0x64,
  0x6c, 0x65, 0x2e, 0x69, 0x64, 0x2c, 0x20, 0x73, 0x74, 0x65, 0x70, 0x73, 0x3a, 0x20, 0x32, 0x20,
  0x7d, 0x29, 0x3b, 0x0a, 0x20, 0x20, 0x68, 0x61, 0x6e, 0x64, 0x6c, 0x65, 0x2e, 0x6f, 0x6e, 0x28,
  0x27, 0x70, 0x72, 0x6f, 0x67, 0x72, 0x65, 0x73, 0x73, 0x27, 0x2c, 0x20, 0x28, 0x65, 0x76, 0x29,
  0x20, 0x3d, 0x3e, 0x20, 0x7b, 0x0a, 0x20, 0x20, 0x20, 0x20, 0x69, 0x66, 0x20, 0x28, 0x74, 0x79,
  0x70, 0x65, 0x6f, 0x66, 0x20, 0x65, 0x76, 0x2e, 0x73, 0x74, 0x65, 0x70, 0x20, 0x21, 0x3d, 0x3d,
  0x20, 0x27, 0x6e, 0x75, 0x6d, 0x62, 0x65, 0x72, 0x27, 0x29, 0x20, 0x72, 0x65, 0x74, 0x75, 0x72,
  0x6e, 0x3b, 0x20, 0x2f, 0x2f, 0x20, 0x6c, 0x61, 0x62, 0x65, 0x6c, 0x2d, 0x6f, 0x6e, 0x6c, 0x79,
  0x20, 0x72, 0x65, 0x70, 0x6f, 0x72, 0x74, 0x73, 0x20, 0x73, 0x74, 0x61, 0x79, 0x20, 0x69, 0x6e,
  0x74, 0x65, 0x72, 0x6e, 0x61, 0x6c, 0x0a, 0x20, 0x20, 0x20, 0x20, 0x73, 0x74, 0x65, 0x70, 0x4e,
  0x6f, 0x20, 0x3d, 0x20, 0x65, 0x76, 0x2e, 0x73, 0x74, 0x65, 0x70, 0x3b, 0x0a, 0x20, 0x20, 0x20,
  0x20, 0x65, 0x6d, 0x69, 0x74, 0x28, 0x27, 0x73, 0x75, 0x62, 0x70, 0x72, 0x6f, 0x63, 0x65, 0x73,
  0x73, 0x2e, 0x70, 0x72, 0x6f, 0x67, 0x72, 0x65, 0x73, 0x73, 0x27, 0x2c, 0x20, 0x7b, 0x20, 0x74,
  0x61, 0x73, 0x6b, 0x49, 0x64, 0x3a, 0x20, 0x68, 0x61, 0x6e, 0x64, 0x6c, 0x65, 0x2e, 0x69, 0x64,
  0x2c, 0x20, 0x73, 0x74, 0x65, 0x70, 0x3a, 0x20, 0x65, 0x76, 0x2e, 0x73, 0x74, 0x65, 0x70, 0x20,
  0x7d, 0x29, 0x3b, 0x0a, 0x20, 0x20, 0x7d, 0x29, 0x3b, 0x0a, 0x20, 0x20, 0x63, 0x6f, 0x6e, 0x73,
  0x74, 0x20, 0x6f, 0x75, 0x74, 0x63, 0x6f, 0x6d, 0x65, 0x20, 0x3d, 0x20, 0x61, 0x77, 0x61, 0x69,
  0x74, 0x20, 0x68, 0x61, 0x6e, 0x64, 0x6c, 0x65, 0x2e, 0x64, 0x6f, 0x6e, 0x65, 0x3b, 0x0a, 0x20,
  0x20, 0x64, 0x65, 0x6d, 0x61, 0x6e, 0x64, 0x28, 0x6f, 0x75, 0x74, 0x63, 0x6f, 0x6d, 0x65, 0x2e,
  0x6f, 0x6b, 0x2c, 0x20, 0x60, 0x73, 0x75, 0x62, 0x70, 0x72, 0x6f, 0x63, 0x65, 0x73, 0x73, 0x20,
  0x74, 0x61, 0x73, 0x6b, 0x20, 0x66, 0x61, 0x69, 0x6c, 0x65, 0x64, 0x3a, 0x20, 0x24, 0x7b, 0x6f,
  0x75, 0x74, 0x63, 0x6f, 0x6d, 0x65, 0x2e, 0x65, 0x72, 0x72, 0x6f, 0x72, 0x7d, 0x60, 0x29, 0x3b,
  0x0a, 0x20, 0x20, 0x64, 0x65, 0x6d, 0x61, 0x6e, 0x64, 0x28, 0x73, 0x74, 0x65, 0x70, 0x4e, 0x6f,
  0x20, 0x3d, 0x3d, 0x3d, 0x20, 0x32, 0x2c, 0x20, 0x60, 0x74, 0x61, 0x73, 0x6b, 0x20, 0x72, 0x65,
  0x70, 0x6f, 0x72, 0x74, 0x65, 0x64, 0x20, 0x24, 0x7b, 0x73, 0x74, 0x65, 0x70, 0x4e, 0x6f, 0x7d,
  0x20, 0x73, 0x74, 0x65, 0x70, 0x73, 0x2c, 0x20, 0x65, 0x78, 0x70, 0x65, 0x63, 0x74, 0x65, 0x64,
  0x20, 0x32, 0x60, 0x29, 0x3b, 0x0a, 0x20, 0x20, 0x65, 0x6d, 0x69, 0x74, 0x28, 0x27, 0x66, 0x73,
  0x2e, 0x77, 0x72, 0x69, 0x74, 0x65, 0x2e, 0x6f, 0x6b, 0x27, 0x2c, 0x20, 0x7b, 0x20, 0x77, 0x72,
  0x69, 0x74, 0x74, 0x65, 0x6e, 0x3a, 0x20, 0x6f, 0x75, 0x74, 0x63, 0x6f, 0x6d, 0x65, 0x2e, 0x72,
  0x65, 0x73, 0x75, 0x6c, 0x74, 0x2e, 0x77, 0x72, 0x69, 0x74, 0x74, 0x65, 0x6e, 0x2c, 0x20, 0x70,
  0x61, 0x74, 0x68, 0x3a, 0x20, 0x52, 0x45, 0x53, 0x55, 0x4c, 0x54, 0x5f, 0x50, 0x41, 0x54, 0x48,
  0x20, 0x7d, 0x29, 0x3b, 0x0a, 0x20, 0x20, 0x64, 0x65, 0x6d, 0x61, 0x6e, 0x64, 0x28, 0x6f, 0x75,
  0x74, 0x63, 0x6f, 0x6d, 0x65, 0x2e, 0x72, 0x65, 0x73, 0x75, 0x6c, 0x74, 0x2e, 0x77, 0x72, 0x69,
  0x74, 0x74, 0x65, 0x6e, 0x20, 0x3d, 0x3d, 0x3d, 0x20, 0x52, 0x45, 0x53, 0x55, 0x4c, 0x54, 0x5f,
  0x54, 0x45, 0x58, 0x54, 0x2e, 0x6c, 0x65, 0x6e, 0x67, 0x74, 0x68, 0x2c, 0x20, 0x27, 0x70, 0x65,
  0x72, 0x73, 0x69, 0x73, 0x74, 0x65, 0x64, 0x20, 0x62, 0x79, 0x74, 0x65, 0x20, 0x63, 0x6f, 0x75,
  0x6e, 0x74, 0x20, 0x64, 0x72, 0x69, 0x66, 0x74, 0x65, 0x64, 0x27, 0x29, 0x3b, 0x0a, 0x20, 0x20,
  0x65, 0x6d, 0x69, 0x74, 0x28, 0x27, 0x73, 0x75, 0x62, 0x70, 0x72, 0x6f, 0x63, 0x65, 0x73, 0x73,
  0x2e, 0x63, 0x6f, 0x6d, 0x70, 0x6c, 0x65, 0x74, 0x65, 0x64, 0x27, 0x2c, 0x20, 0x7b, 0x20, 0x74,
  0x61, 0x73, 0x6b, 0x49, 0x64, 0x3a, 0x20, 0x68, 0x61, 0x6e, 0x64, 0x6c, 0x65, 0x2e, 0x69, 0x64,
  0x2c, 0x20, 0x6f, 0x6b, 0x3a, 0x20, 0x6f, 0x75, 0x74, 0x63, 0x6f, 0x6d, 0x65, 0x2e, 0x6f, 0x6b,
  0x20, 0x7d, 0x29, 0x3b, 0x0a, 0x20, 0x20, 0x65, 0x6d, 0x69, 0x74, 0x28, 0x27, 0x74, 0x6f, 0x6f,
  0x6c, 0x2e, 0x72, 0x65, 0x73, 0x75, 0x6c, 0x74, 0x27, 0x2c, 0x20, 0x7b, 0x20, 0x6e, 0x61, 0x6d,
  0x65, 0x3a, 0x20, 0x27, 0x6e, 0x6f, 0x74, 0x65, 0x73, 0x2e, 0x70, 0x65, 0x72, 0x73, 0x69, 0x73,
  0x74, 0x27, 0x2c, 0x20, 0x63, 0x61, 0x6c, 0x6c, 0x3a, 0x20, 0x27, 0x74, 0x2d, 0x31, 0x27, 0x2c,
  0x20, 0x6f, 0x6b, 0x3a, 0x20, 0x6f, 0x75, 0x74, 0x63, 0x6f, 0x6d, 0x65, 0x2e, 0x6f, 0x6b, 0x20,
  0x7d, 0x29, 0x3b, 0x0a, 0x20, 0x20, 0x70, 0x72, 0x6f, 0x6a, 0x65, 0x63, 0x74, 0x28, 0x7b, 0x20,
  0x6b, 0x69, 0x6e, 0x64, 0x3a, 0x20, 0x27, 0x74, 0x6f, 0x6f, 0x6c, 0x27, 0x2c, 0x20, 0x6e, 0x61,
  0x6d, 0x65, 0x3a, 0x20, 0x27, 0x6e, 0x6f, 0x74, 0x65, 0x73, 0x2e, 0x70, 0x65, 0x72, 0x73, 0x69,
  0x73, 0x74, 0x27, 0x2c, 0x20, 0x70, 0x68, 0x61, 0x73, 0x65, 0x3a, 0x20, 0x27, 0x72, 0x65, 0x73,
  0x75, 0x6c, 0x74, 0x27, 0x2c, 0x20, 0x6f, 0x6b, 0x3a, 0x20, 0x6f, 0x75, 0x74, 0x63, 0x6f, 0x6d,
  0x65, 0x2e, 0x6f, 0x6b, 0x20, 0x7d, 0x29, 0x3b, 0x0a, 0x7d, 0x3b, 0x0a, 0x0a, 0x2f, 0x2a, 0x2a,
  0x20, 0x54, 0x68, 0x65, 0x20, 0x73, 0x65, 0x73, 0x73, 0x69, 0x6f, 0x6e, 0x20, 0x70, 0x68, 0x61,
  0x73, 0x65, 0x20, 0x28, 0x6d, 0x32, 0x2e, 0x73, 0x65, 0x73, 0x73, 0x69, 0x6f, 0x6e, 0x2d, 0x73,
  0x68, 0x61, 0x70, 0x65, 0x64, 0x29, 0x3a, 0x20, 0x74, 0x6f, 0x6b, 0x65, 0x6e, 0x20, 0x64, 0x65,
  0x6c, 0x74, 0x61, 0x73, 0x20, 0x61, 0x73, 0x20, 0x61, 0x6e, 0x20, 0x65, 0x76, 0x65, 0x6e, 0x74,
  0x0a, 0x20, 0x2a, 0x20, 0x73, 0x65, 0x71, 0x75, 0x65, 0x6e, 0x63, 0x65, 0x2c, 0x20, 0x6f, 0x6e,
  0x65, 0x20, 0x73, 0x75, 0x62, 0x70, 0x72, 0x6f, 0x63, 0x65, 0x73, 0x73, 0x20, 0x74, 0x6f, 0x6f,
  0x6c, 0x20, 0x63, 0x61, 0x6c, 0x6c, 0x20, 0x70, 0x65, 0x72, 0x73, 0x69, 0x73, 0x74, 0x69, 0x6e,
  0x67, 0x20, 0x76, 0x69, 0x61, 0x20, 0x64, 0x73, 0x68, 0x2d, 0x66, 0x73, 0x2e, 0x20, 0x2a, 0x2f,
  0x0a, 0x63, 0x6f, 0x6e, 0x73, 0x74, 0x20, 0x73, 0x65, 0x73, 0x73, 0x69, 0x6f, 0x6e, 0x50, 0x68,
  0x61, 0x73, 0x65, 0x20, 0x3d, 0x20, 0x61, 0x73, 0x79, 0x6e, 0x63, 0x20, 0x28, 0x72, 0x65, 0x67,
  0x69, 0x73, 0x74, 0x72, 0x79, 0x29, 0x20, 0x3d, 0x3e, 0x20, 0x7b, 0x0a, 0x20, 0x20, 0x6c, 0x6f,
  0x67, 0x2e, 0x64, 0x65, 0x62, 0x75, 0x67, 0x28, 0x27, 0x73, 0x65, 0x73, 0x73, 0x69, 0x6f, 0x6e,
  0x20, 0x70, 0x68, 0x61, 0x73, 0x65, 0x20, 0x62, 0x65, 0x67, 0x69, 0x6e, 0x27, 0x29, 0x3b, 0x0a,
  0x20, 0x20, 0x61, 0x77, 0x61, 0x69, 0x74, 0x20, 0x6e, 0x65, 0x78, 0x74, 0x45, 0x76, 0x65, 0x6e,
  0x74, 0x28, 0x27, 0x68, 0x6f, 0x73, 0x74, 0x2e, 0x69, 0x6e, 0x66, 0x6f, 0x27, 0x29, 0x3b, 0x20,
  0x2f, 0x2f, 0x20, 0x67, 0x61, 0x74, 0x65, 0x64, 0x20, 0x6f, 0x6e, 0x20, 0x74, 0x68, 0x65, 0x20,
  0x70, 0x61, 0x67, 0x65, 0x20, 0x61, 0x63, 0x6b, 0x69, 0x6e, 0x67, 0x20, 0x74, 0x68, 0x65, 0x20,
  0x41, 0x44, 0x4d, 0x49, 0x54, 0x54, 0x45, 0x44, 0x20, 0x73, 0x6c, 0x6f, 0x74, 0x0a, 0x20, 0x20,
  0x65, 0x6d, 0x69, 0x74, 0x28, 0x27, 0x68, 0x6f, 0x73, 0x74, 0x2e, 0x72, 0x65, 0x61, 0x64, 0x79,
  0x27, 0x2c, 0x20, 0x7b, 0x20, 0x73, 0x69, 0x67, 0x6e, 0x61, 0x6c, 0x6c, 0x65, 0x64, 0x3a, 0x20,
  0x74, 0x72, 0x75, 0x65, 0x20, 0x7d, 0x29, 0x3b, 0x0a, 0x0a, 0x20, 0x20, 0x63, 0x6f, 0x6e, 0x73,
  0x74, 0x20, 0x66, 0x73, 0x20, 0x3d, 0x20, 0x72, 0x65, 0x67, 0x69, 0x73, 0x74, 0x72, 0x79, 0x2e,
  0x73, 0x65, 0x72, 0x76, 0x69, 0x63, 0x65, 0x28, 0x27, 0x66, 0x73, 0x27, 0x29, 0x3b, 0x0a, 0x20,
  0x20, 0x63, 0x6f, 0x6e, 0x73, 0x74, 0x20, 0x73, 0x75, 0x62, 0x70, 0x72, 0x6f, 0x63, 0x65, 0x73,
  0x73, 0x20, 0x3d, 0x20, 0x72, 0x65, 0x67, 0x69, 0x73, 0x74, 0x72, 0x79, 0x2e, 0x73, 0x65, 0x72,
  0x76, 0x69, 0x63, 0x65, 0x28, 0x27, 0x73, 0x75, 0x62, 0x70, 0x72, 0x6f, 0x63, 0x65, 0x73, 0x73,
  0x27, 0x29, 0x3b, 0x0a, 0x20, 0x20, 0x63, 0x6f, 0x6e, 0x73, 0x74, 0x20, 0x73, 0x65, 0x73, 0x73,
  0x69, 0x6f, 0x6e, 0x20, 0x3d, 0x20, 0x7b, 0x20, 0x69, 0x64, 0x3a, 0x20, 0x53, 0x45, 0x53, 0x53,
  0x49, 0x4f, 0x4e, 0x5f, 0x49, 0x44, 0x2c, 0x20, 0x74, 0x72, 0x61, 0x6e, 0x73, 0x63, 0x72, 0x69,
  0x70, 0x74, 0x3a, 0x20, 0x5b, 0x5d, 0x2c, 0x20, 0x64, 0x65, 0x6c, 0x74, 0x61, 0x73, 0x3a, 0x20,
  0x30, 0x2c, 0x20, 0x74, 0x6f, 0x6f, 0x6c, 0x43, 0x61, 0x6c, 0x6c, 0x73, 0x3a, 0x20, 0x30, 0x20,
  0x7d, 0x3b, 0x0a, 0x20, 0x20, 0x65, 0x6d, 0x69, 0x74, 0x28, 0x27, 0x73, 0x65, 0x73, 0x73, 0x69,
  0x6f, 0x6e, 0x2e, 0x63, 0x72, 0x65, 0x61, 0x74, 0x65, 0x64, 0x27, 0x2c, 0x20, 0x7b, 0x20, 0x73,
  0x65, 0x73, 0x73, 0x69, 0x6f, 0x6e, 0x49, 0x64, 0x3a, 0x20, 0x73, 0x65, 0x73, 0x73, 0x69, 0x6f,
  0x6e, 0x2e, 0x69, 0x64, 0x2c, 0x20, 0x73, 0x63, 0x6f, 0x70, 0x65, 0x3a, 0x20, 0x27, 0x61, 0x70,
  0x70, 0x27, 0x20, 0x7d, 0x29, 0x3b, 0x0a, 0x20, 0x20, 0x70, 0x72, 0x6f, 0x6a, 0x65, 0x63, 0x74,
  0x28, 0x7b, 0x20, 0x6b, 0x69, 0x6e, 0x64, 0x3a, 0x20, 0x27, 0x73, 0x65, 0x73, 0x73, 0x69, 0x6f,
  0x6e, 0x27, 0x2c, 0x20, 0x69, 0x64, 0x3a, 0x20, 0x73, 0x65, 0x73, 0x73, 0x69, 0x6f, 0x6e, 0x2e,
  0x69, 0x64, 0x2c, 0x20, 0x73, 0x63, 0x6f, 0x70, 0x65, 0x3a, 0x20, 0x27, 0x61, 0x70, 0x70, 0x27,
  0x20, 0x7d, 0x29, 0x3b, 0x0a, 0x20, 0x20, 0x65, 0x6d, 0x69, 0x74, 0x28, 0x27, 0x61, 0x67, 0x65,
  0x6e, 0x74, 0x2e, 0x73, 0x74, 0x61, 0x72, 0x74, 0x65, 0x64, 0x27, 0x2c, 0x20, 0x7b, 0x20, 0x6d,
  0x6f, 0x64, 0x65, 0x6c, 0x3a, 0x20, 0x27, 0x6d, 0x6f, 0x63, 0x6b, 0x2d, 0x6d, 0x69, 0x6e, 0x69,
  0x27, 0x2c, 0x20, 0x74, 0x6f, 0x6f, 0x6c, 0x73, 0x3a, 0x20, 0x31, 0x20, 0x7d, 0x29, 0x3b, 0x0a,
  0x20, 0x20, 0x70, 0x72, 0x6f, 0x6a, 0x65, 0x63, 0x74, 0x28, 0x7b, 0x20, 0x6b, 0x69, 0x6e, 0x64,
  0x3a, 0x20, 0x27, 0x61, 0x67, 0x65, 0x6e, 0x74, 0x27, 0x2c, 0x20, 0x6d, 0x6f, 0x64, 0x65, 0x6c,
  0x3a, 0x20, 0x27, 0x6d, 0x6f, 0x63, 0x6b, 0x2d, 0x6d, 0x69, 0x6e, 0x69, 0x27, 0x2c, 0x20, 0x74,
  0x6f, 0x6f, 0x6c, 0x73, 0x3a, 0x20, 0x31, 0x20, 0x7d, 0x29, 0x3b, 0x0a, 0x0a, 0x20, 0x20, 0x63,
  0x6f, 0x6e, 0x73, 0x74, 0x20, 0x74, 0x75, 0x72, 0x6e, 0x31, 0x20, 0x3d, 0x20, 0x61, 0x77, 0x61,
  0x69, 0x74, 0x20, 0x73, 0x74, 0x72, 0x65, 0x61, 0x6d, 0x54, 0x75, 0x72, 0x6e, 0x28, 0x31, 0x2c,
  0x20, 0x54, 0x55, 0x52, 0x4e, 0x5f, 0x4f, 0x4e, 0x45, 0x2c, 0x20, 0x30, 0x29, 0x3b, 0x0a, 0x20,
  0x20, 0x73, 0x65, 0x73, 0x73, 0x69, 0x6f, 0x6e, 0x2e, 0x74, 0x72, 0x61, 0x6e, 0x73, 0x63, 0x72,
  0x69, 0x70, 0x74, 0x2e, 0x70, 0x75, 0x73, 0x68, 0x28, 0x74, 0x75, 0x72, 0x6e, 0x31, 0x29, 0x3b,
  0x0a, 0x20, 0x20, 0x73, 0x65, 0x73, 0x73, 0x69, 0x6f, 0x6e, 0x2e, 0x64, 0x65, 0x6c, 0x74, 0x61,
  0x73, 0x20, 0x2b, 0x3d, 0x20, 0x54, 0x55, 0x52, 0x4e, 0x5f, 0x4f, 0x4e, 0x45, 0x2e, 0x6c, 0x65,
  0x6e, 0x67, 0x74, 0x68, 0x3b, 0x0a, 0x20, 0x20, 0x73, 0x65, 0x73, 0x73, 0x69, 0x6f, 0x6e, 0x2e,
  0x74, 0x6f, 0x6f, 0x6c, 0x43, 0x61, 0x6c, 0x6c, 0x73, 0x20, 0x2b, 0x3d, 0x20, 0x31, 0x3b, 0x0a,
  0x20, 0x20, 0x65, 0x6d, 0x69, 0x74, 0x28, 0x27, 0x6c, 0x6c, 0x6d, 0x2e, 0x73, 0x74, 0x72, 0x65,
  0x61, 0x6d, 0x2e, 0x63, 0x6f, 0x6d, 0x70, 0x6c, 0x65, 0x74, 0x65, 0x64, 0x27, 0x2c, 0x20, 0x7b,
  0x20, 0x74, 0x75, 0x72, 0x6e, 0x3a, 0x20, 0x31, 0x2c, 0x20, 0x64, 0x65, 0x6c, 0x74, 0x61, 0x73,
  0x3a, 0x20, 0x54, 0x55, 0x52, 0x4e, 0x5f, 0x4f, 0x4e, 0x45, 0x2e, 0x6c, 0x65, 0x6e, 0x67, 0x74,
  0x68, 0x2c, 0x20, 0x74, 0x6f, 0x6f, 0x6c, 0x43, 0x61, 0x6c, 0x6c, 0x73, 0x3a, 0x20, 0x31, 0x20,
  0x7d, 0x29, 0x3b, 0x0a, 0x0a, 0x20, 0x20, 0x61, 0x77, 0x61, 0x69, 0x74, 0x20, 0x70, 0x65, 0x72,
  0x73, 0x69, 0x73, 0x74, 0x56, 0x69, 0x61, 0x53, 0x75, 0x62, 0x70, 0x72, 0x6f, 0x63, 0x65, 0x73,
  0x73, 0x28, 0x66, 0x73, 0x2c, 0x20, 0x73, 0x75, 0x62, 0x70, 0x72, 0x6f, 0x63, 0x65, 0x73, 0x73,
  0x29, 0x3b, 0x0a, 0x0a, 0x20, 0x20, 0x63, 0x6f, 0x6e, 0x73, 0x74, 0x20, 0x74, 0x75, 0x72, 0x6e,
  0x32, 0x20, 0x3d, 0x20, 0x61, 0x77, 0x61, 0x69, 0x74, 0x20, 0x73, 0x74, 0x72, 0x65, 0x61, 0x6d,
  0x54, 0x75, 0x72, 0x6e, 0x28, 0x32, 0x2c, 0x20, 0x54, 0x55, 0x52, 0x4e, 0x5f, 0x54, 0x57, 0x4f,
  0x2c, 0x20, 0x54, 0x55, 0x52, 0x4e, 0x5f, 0x4f, 0x4e, 0x45, 0x2e, 0x6c, 0x65, 0x6e, 0x67, 0x74,
  0x68, 0x29, 0x3b, 0x0a, 0x20, 0x20, 0x73, 0x65, 0x73, 0x73, 0x69, 0x6f, 0x6e, 0x2e, 0x74, 0x72,
  0x61, 0x6e, 0x73, 0x63, 0x72, 0x69, 0x70, 0x74, 0x2e, 0x70, 0x75, 0x73, 0x68, 0x28, 0x74, 0x75,
  0x72, 0x6e, 0x32, 0x29, 0x3b, 0x0a, 0x20, 0x20, 0x73, 0x65, 0x73, 0x73, 0x69, 0x6f, 0x6e, 0x2e,
  0x64, 0x65, 0x6c, 0x74, 0x61, 0x73, 0x20, 0x2b, 0x3d, 0x20, 0x54, 0x55, 0x52, 0x4e, 0x5f, 0x54,
  0x57, 0x4f, 0x2e, 0x6c, 0x65, 0x6e, 0x67, 0x74, 0x68, 0x3b, 0x0a, 0x20, 0x20, 0x65, 0x6d, 0x69,
  0x74, 0x28, 0x27, 0x6c, 0x6c, 0x6d, 0x2e, 0x73, 0x74, 0x72, 0x65, 0x61, 0x6d, 0x2e, 0x63, 0x6f,
  0x6d, 0x70, 0x6c, 0x65, 0x74, 0x65, 0x64, 0x27, 0x2c, 0x20, 0x7b, 0x20, 0x74, 0x75, 0x72, 0x6e,
  0x3a, 0x20, 0x32, 0x2c, 0x20, 0x64, 0x65, 0x6c, 0x74, 0x61, 0x73, 0x3a, 0x20, 0x54, 0x55, 0x52,
  0x4e, 0x5f, 0x54, 0x57, 0x4f, 0x2e, 0x6c, 0x65, 0x6e, 0x67, 0x74, 0x68, 0x2c, 0x20, 0x74, 0x6f,
  0x6f, 0x6c, 0x43, 0x61, 0x6c, 0x6c, 0x73, 0x3a, 0x20, 0x30, 0x20, 0x7d, 0x29, 0x3b, 0x0a, 0x0a,
  0x20, 0x20, 0x63, 0x6f, 0x6e, 0x73, 0x74, 0x20, 0x73, 0x74, 0x6f, 0x72, 0x65, 0x64, 0x20, 0x3d,
  0x20, 0x61, 0x77, 0x61, 0x69, 0x74, 0x20, 0x66, 0x73, 0x2e, 0x72, 0x65, 0x61, 0x64, 0x54, 0x65,
  0x78, 0x74, 0x28, 0x27, 0x61, 0x70, 0x70, 0x27, 0x2c, 0x20, 0x52, 0x45, 0x53, 0x55, 0x4c, 0x54,
  0x5f, 0x50, 0x41, 0x54, 0x48, 0x29, 0x3b, 0x0a, 0x20, 0x20, 0x64, 0x65, 0x6d, 0x61, 0x6e, 0x64,
  0x28, 0x73, 0x74, 0x6f, 0x72, 0x65, 0x64, 0x2e, 0x74, 0x65, 0x78, 0x74, 0x20, 0x3d, 0x3d, 0x3d,
  0x20, 0x52, 0x45, 0x53, 0x55, 0x4c, 0x54, 0x5f, 0x54, 0x45, 0x58, 0x54, 0x2c, 0x20, 0x27, 0x72,
  0x6f, 0x75, 0x6e, 0x64, 0x74, 0x72, 0x69, 0x70, 0x20, 0x74, 0x65, 0x78, 0x74, 0x20, 0x64, 0x72,
  0x69, 0x66, 0x74, 0x65, 0x64, 0x27, 0x29, 0x3b, 0x0a, 0x20, 0x20, 0x65, 0x6d, 0x69, 0x74, 0x28,
  0x27, 0x73, 0x65, 0x73, 0x73, 0x69, 0x6f, 0x6e, 0x2e, 0x63, 0x6f, 0x6d, 0x70, 0x6c, 0x65, 0x74,
  0x65, 0x64, 0x27, 0x2c, 0x20, 0x7b, 0x0a, 0x20, 0x20, 0x20, 0x20, 0x73, 0x65, 0x73, 0x73, 0x69,
  0x6f, 0x6e, 0x49, 0x64, 0x3a, 0x20, 0x73, 0x65, 0x73, 0x73, 0x69, 0x6f, 0x6e, 0x2e, 0x69, 0x64,
  0x2c, 0x0a, 0x20, 0x20, 0x20, 0x20, 0x73, 0x74, 0x61, 0x74, 0x75, 0x73, 0x3a, 0x20, 0x27, 0x70,
  0x61, 0x73, 0x73, 0x27, 0x2c, 0x0a, 0x20, 0x20, 0x20, 0x20, 0x64, 0x65, 0x6c, 0x74, 0x61, 0x73,
  0x3a, 0x20, 0x73, 0x65, 0x73, 0x73, 0x69, 0x6f, 0x6e, 0x2e, 0x64, 0x65, 0x6c, 0x74, 0x61, 0x73,
  0x2c, 0x0a, 0x20, 0x20, 0x20, 0x20, 0x74, 0x6f, 0x6f, 0x6c, 0x43, 0x61, 0x6c, 0x6c, 0x73, 0x3a,
  0x20, 0x73, 0x65, 0x73, 0x73, 0x69, 0x6f, 0x6e, 0x2e, 0x74, 0x6f, 0x6f, 0x6c, 0x43, 0x61, 0x6c,
  0x6c, 0x73, 0x2c, 0x0a, 0x20, 0x20, 0x20, 0x20, 0x70, 0x65, 0x72, 0x73, 0x69, 0x73, 0x74, 0x65,
  0x64, 0x3a, 0x20, 0x74, 0x72, 0x75, 0x65, 0x2c, 0x0a, 0x20, 0x20, 0x7d, 0x29, 0x3b, 0x0a, 0x20,
  0x20, 0x70, 0x72, 0x6f, 0x6a, 0x65, 0x63, 0x74, 0x28, 0x7b, 0x0a, 0x20, 0x20, 0x20, 0x20, 0x6b,
  0x69, 0x6e, 0x64, 0x3a, 0x20, 0x27, 0x63, 0x6f, 0x6d, 0x70, 0x6c, 0x65, 0x74, 0x65, 0x27, 0x2c,
  0x0a, 0x20, 0x20, 0x20, 0x20, 0x73, 0x74, 0x61, 0x74, 0x75, 0x73, 0x3a, 0x20, 0x27, 0x70, 0x61,
  0x73, 0x73, 0x27, 0x2c, 0x0a, 0x20, 0x20, 0x20, 0x20, 0x64, 0x65, 0x6c, 0x74, 0x61, 0x73, 0x3a,
  0x20, 0x73, 0x65, 0x73, 0x73, 0x69, 0x6f, 0x6e, 0x2e, 0x64, 0x65, 0x6c, 0x74, 0x61, 0x73, 0x2c,
  0x0a, 0x20, 0x20, 0x20, 0x20, 0x74, 0x6f, 0x6f, 0x6c, 0x43, 0x61, 0x6c, 0x6c, 0x73, 0x3a, 0x20,
  0x73, 0x65, 0x73, 0x73, 0x69, 0x6f, 0x6e, 0x2e, 0x74, 0x6f, 0x6f, 0x6c, 0x43, 0x61, 0x6c, 0x6c,
  0x73, 0x2c, 0x0a, 0x20, 0x20, 0x7d, 0x29, 0x3b, 0x0a, 0x7d, 0x3b, 0x0a, 0x0a, 0x63, 0x6f, 0x6e,
  0x73, 0x74, 0x20, 0x6d, 0x61, 0x69, 0x6e, 0x20, 0x3d, 0x20, 0x61, 0x73, 0x79, 0x6e, 0x63, 0x20,
  0x28, 0x29, 0x20, 0x3d, 0x3e, 0x20, 0x7b, 0x0a, 0x20, 0x20, 0x6c, 0x6f, 0x67, 0x2e, 0x64, 0x65,
  0x62, 0x75, 0x67, 0x28, 0x27, 0x6d, 0x61, 0x69, 0x6e, 0x20, 0x62, 0x65, 0x67, 0x69, 0x6e, 0x27,
  0x29, 0x3b, 0x0a, 0x20, 0x20, 0x65, 0x6d, 0x69, 0x74, 0x28, 0x27, 0x67, 0x61, 0x74, 0x65, 0x77,
  0x61, 0x79, 0x2e, 0x6e, 0x65, 0x67, 0x6f, 0x74, 0x69, 0x61, 0x74, 0x65, 0x64, 0x27, 0x2c, 0x20,
  0x7b, 0x20, 0x76, 0x65, 0x72, 0x73, 0x69, 0x6f, 0x6e, 0x3a, 0x20, 0x27, 0x67, 0x61, 0x74, 0x65,
  0x77, 0x61, 0x79, 0x40, 0x31, 0x27, 0x20, 0x7d, 0x29, 0x3b, 0x0a, 0x20, 0x20, 0x63, 0x6f, 0x6e,
  0x73, 0x74, 0x20, 0x72, 0x65, 0x67, 0x69, 0x73, 0x74, 0x72, 0x79, 0x20, 0x3d, 0x20, 0x63, 0x72,
  0x65, 0x61, 0x74, 0x65, 0x52, 0x65, 0x67, 0x69, 0x73, 0x74, 0x72, 0x79, 0x28, 0x29, 0x3b, 0x0a,
  0x20, 0x20, 0x63, 0x6f, 0x6e, 0x73, 0x74, 0x20, 0x70, 0x61, 0x63, 0x6b, 0x61, 0x67, 0x65, 0x42,
  0x79, 0x74, 0x65, 0x73, 0x20, 0x3d, 0x20, 0x62, 0x75, 0x69, 0x6c, 0x64, 0x4e, 0x6f, 0x74, 0x65,
  0x73, 0x54, 0x67, 0x7a, 0x28, 0x29, 0x3b, 0x0a, 0x20, 0x20, 0x63, 0x6f, 0x6e, 0x73, 0x74, 0x20,
  0x72, 0x65, 0x73, 0x75, 0x6c, 0x74, 0x20, 0x3d, 0x20, 0x61, 0x77, 0x61, 0x69, 0x74, 0x20, 0x66,
  0x65, 0x74, 0x63, 0x68, 0x49, 0x6e, 0x73, 0x74, 0x61, 0x6c, 0x6c, 0x50, 0x68, 0x61, 0x73, 0x65,
  0x28, 0x72, 0x65, 0x67, 0x69, 0x73, 0x74, 0x72, 0x79, 0x2c, 0x20, 0x70, 0x61, 0x63, 0x6b, 0x61,
  0x67, 0x65, 0x42, 0x79, 0x74, 0x65, 0x73, 0x29, 0x3b, 0x0a, 0x20, 0x20, 0x70, 0x72, 0x6f, 0x6a,
  0x65, 0x63, 0x74, 0x53, 0x6c, 0x6f, 0x74, 0x73, 0x28, 0x29, 0x3b, 0x0a, 0x20, 0x20, 0x61, 0x77,
  0x61, 0x69, 0x74, 0x20, 0x72, 0x65, 0x70, 0x6c, 0x61, 0x79, 0x50, 0x68, 0x61, 0x73, 0x65, 0x28,
  0x72, 0x65, 0x73, 0x75, 0x6c, 0x74, 0x2c, 0x20, 0x70, 0x61, 0x63, 0x6b, 0x61, 0x67, 0x65, 0x42,
  0x79, 0x74, 0x65, 0x73, 0x29, 0x3b, 0x0a, 0x20, 0x20, 0x61, 0x77, 0x61, 0x69, 0x74, 0x20, 0x73,
  0x65, 0x73, 0x73, 0x69, 0x6f, 0x6e, 0x50, 0x68, 0x61, 0x73, 0x65, 0x28, 0x72, 0x65, 0x67, 0x69,
  0x73, 0x74, 0x72, 0x79, 0x29, 0x3b, 0x0a, 0x20, 0x20, 0x67, 0x6c, 0x6f, 0x62, 0x61, 0x6c, 0x54,
  0x68, 0x69, 0x73, 0x2e, 0x5f, 0x5f, 0x64, 0x73, 0x68, 0x43, 0x6f, 0x6d, 0x70, 0x6c, 0x65, 0x74,
  0x65, 0x28, 0x74, 0x72, 0x75, 0x65, 0x2c, 0x20, 0x27, 0x6f, 0x6b, 0x27, 0x29, 0x3b, 0x0a, 0x7d,
  0x3b, 0x0a, 0x0a, 0x69, 0x66, 0x20, 0x28, 0x21, 0x67, 0x6c, 0x6f, 0x62, 0x61, 0x6c, 0x54, 0x68,
  0x69, 0x73, 0x2e, 0x5f, 0x5f, 0x64, 0x73, 0x68, 0x47, 0x61, 0x74, 0x65, 0x77, 0x61, 0x79, 0x4e,
  0x65, 0x67, 0x6f, 0x74, 0x69, 0x61, 0x74, 0x65, 0x28, 0x27, 0x67, 0x61, 0x74, 0x65, 0x77, 0x61,
  0x79, 0x40, 0x31, 0x27, 0x29, 0x29, 0x20, 0x7b, 0x0a, 0x20, 0x20, 0x66, 0x61, 0x69, 0x6c, 0x28,
  0x27, 0x67, 0x61, 0x74, 0x65, 0x77, 0x61, 0x79, 0x20, 0x6e, 0x65, 0x67, 0x6f, 0x74, 0x69, 0x61,
  0x74, 0x69, 0x6f, 0x6e, 0x20, 0x66, 0x61, 0x69, 0x6c, 0x65, 0x64, 0x27, 0x29, 0x3b, 0x0a, 0x7d,
  0x20, 0x65, 0x6c, 0x73, 0x65, 0x20, 0x7b, 0x0a, 0x20, 0x20, 0x2f, 0x2f, 0x20, 0x41, 0x6e, 0x20,
  0x75, 0x6e, 0x63, 0x61, 0x75, 0x67, 0x68, 0x74, 0x20, 0x72, 0x65, 0x6a, 0x65, 0x63, 0x74, 0x69,
  0x6f, 0x6e, 0x20, 0x77, 0x6f, 0x75, 0x6c, 0x64, 0x20, 0x6f, 0x74, 0x68, 0x65, 0x72, 0x77, 0x69,
  0x73, 0x65, 0x20, 0x64, 0x69, 0x65, 0x20, 0x73, 0x69, 0x6c, 0x65, 0x6e, 0x74, 0x6c, 0x79, 0x20,
  0x62, 0x65, 0x74, 0x77, 0x65, 0x65, 0x6e, 0x20, 0x70, 0x75, 0x6d, 0x70, 0x73, 0x20, 0xe2, 0x80,
  0x94, 0x0a, 0x20, 0x20, 0x2f, 0x2f, 0x20, 0x72, 0x6f, 0x75, 0x74, 0x65, 0x20, 0x65, 0x76, 0x65,
  0x72, 0x79, 0x20, 0x66, 0x61, 0x69, 0x6c, 0x75, 0x72, 0x65, 0x20, 0x74, 0x68, 0x72, 0x6f, 0x75,
  0x67, 0x68, 0x20, 0x74, 0x68, 0x65, 0x20, 0x73, 0x63, 0x65, 0x6e, 0x61, 0x72, 0x69, 0x6f, 0x20,
  0x76, 0x65, 0x72, 0x64, 0x69, 0x63, 0x74, 0x20, 0x28, 0x66, 0x61, 0x69, 0x6c, 0x20, 0x6c, 0x6f,
  0x75, 0x64, 0x2c, 0x20, 0x72, 0x75, 0x6c, 0x65, 0x20, 0x35, 0x29, 0x2e, 0x0a, 0x20, 0x20, 0x61,
  0x77, 0x61, 0x69, 0x74, 0x20, 0x6d, 0x61, 0x69, 0x6e, 0x28, 0x29, 0x2e, 0x63, 0x61, 0x74, 0x63,
  0x68, 0x28, 0x28, 0x65, 0x72, 0x72, 0x29, 0x20, 0x3d, 0x3e, 0x20, 0x66, 0x61, 0x69, 0x6c, 0x28,
  0x60, 0x75, 0x6e, 0x63, 0x61, 0x75, 0x67, 0x68, 0x74, 0x3a, 0x20, 0x24, 0x7b, 0x65, 0x72, 0x72,
  0x3f, 0x2e, 0x6d, 0x65, 0x73, 0x73, 0x61, 0x67, 0x65, 0x20, 0x3f, 0x3f, 0x20, 0x65, 0x72, 0x72,
  0x7d, 0x60, 0x29, 0x29, 0x3b, 0x0a, 0x7d, 0x0a,
  0x00
};

/* runtime/spike/install-fetch.js (2687 bytes) */
static const unsigned char DSH_INSTALL_FETCH_JS[] = {
  0x2f, 0x2a, 0x2a, 0x0a, 0x20, 0x2a, 0x20, 0x69, 0x6e, 0x73, 0x74, 0x61, 0x6c, 0x6c, 0x2d, 0x66,
  0x65, 0x74, 0x63, 0x68, 0x20, 0xe2, 0x80, 0x94, 0x20, 0x74, 0x68, 0x65, 0x20, 0x46, 0x45, 0x54,
  0x43, 0x48, 0x2d, 0x42, 0x41, 0x53, 0x45, 0x44, 0x20, 0x69, 0x6e, 0x73, 0x74, 0x61, 0x6c, 0x6c,
  0x65, 0x72, 0x20, 0x28, 0x4d, 0x33, 0x20, 0x73, 0x63, 0x6f, 0x70, 0x65, 0x3a, 0x20, 0x22, 0x69,
  0x6e, 0x73, 0x74, 0x61, 0x6c, 0x6c, 0x20, 0x61, 0x20, 0x70, 0x61, 0x63, 0x6b, 0x61, 0x67, 0x65,
  0x0a, 0x20, 0x2a, 0x20, 0x66, 0x65, 0x74, 0x63, 0x68, 0x65, 0x64, 0x20, 0x6f, 0x76, 0x65, 0x72,
  0x20, 0x68, 0x74, 0x74, 0x70, 0x46, 0x65, 0x74, 0x63, 0x68, 0x22, 0x29, 0x2e, 0x20, 0x60, 0x69,
  0x6e, 0x73, 0x74, 0x61, 0x6c, 0x6c, 0x46, 0x72, 0x6f, 0x6d, 0x46, 0x65, 0x74, 0x63, 0x68, 0x60,
  0x20, 0x63, 0x6f, 0x6e, 0x73, 0x75, 0x6d, 0x65, 0x73, 0x20, 0x61, 0x20, 0x66, 0x65, 0x74, 0x63,
  0x68, 0x20, 0x69, 0x6d, 0x70, 0x6c, 0x65, 0x6d, 0x65, 0x6e, 0x74, 0x61, 0x74, 0x69, 0x6f, 0x6e,
  0x0a, 0x20, 0x2a, 0x20, 0x74, 0x68, 0x61, 0x74, 0x20, 0x6d, 0x61, 0x74, 0x63, 0x68, 0x65, 0x73,
  0x20, 0x74, 0x68, 0x65, 0x20, 0x67, 0x61, 0x74, 0x65, 0x77, 0x61, 0x79, 0x20, 0x73, 0x68, 0x69,
  0x6d, 0x27, 0x73, 0x20, 0x60, 0x68, 0x74, 0x74, 0x70, 0x46, 0x65, 0x74, 0x63, 0x68, 0x60, 0x20,
  0x72, 0x65, 0x73, 0x70, 0x6f, 0x6e, 0x73, 0x65, 0x20, 0x73, 0x68, 0x61, 0x70, 0x65, 0x20, 0xe2,
  0x80, 0x94, 0x0a, 0x20, 0x2a, 0x20, 0x60, 0x7b, 0x73, 0x74, 0x61, 0x74, 0x75, 0x73, 0x2c, 0x20,
  0x62, 0x6f, 0x64, 0x79, 0x3a, 0x20, 0x41, 0x73, 0x79, 0x6e, 0x63, 0x49, 0x74, 0x65, 0x72, 0x61,
  0x62, 0x6c, 0x65, 0x3c, 0x55, 0x69, 0x6e, 0x74, 0x38, 0x41, 0x72, 0x72, 0x61, 0x79, 0x3e, 0x7d,
  0x60, 0x20, 0xe2, 0x80, 0x94, 0x20, 0x61, 0x63, 0x63, 0x75, 0x6d, 0x75, 0x6c, 0x61, 0x74, 0x65,
  0x73, 0x20, 0x74, 0x68, 0x65, 0x20, 0x53, 0x54, 0x52, 0x45, 0x41, 0x4d, 0x49, 0x4e, 0x47, 0x0a,
  0x20, 0x2a, 0x20, 0x62, 0x6f, 0x64, 0x79, 0x20, 0x69, 0x6e, 0x74, 0x6f, 0x20, 0x62, 0x79, 0x74,
  0x65, 0x73, 0x20, 0x28, 0x65, 0x76, 0x65, 0x6e, 0x74, 0x2d, 0x64, 0x72, 0x69, 0x76, 0x65, 0x6e,
  0x20, 0x64, 0x65, 0x6c, 0x74, 0x61, 0x73, 0x2c, 0x20, 0x6e, 0x65, 0x76, 0x65, 0x72, 0x20, 0x61,
  0x20, 0x62, 0x6c, 0x6f, 0x63, 0x6b, 0x69, 0x6e, 0x67, 0x20, 0x77, 0x68, 0x6f, 0x6c, 0x65, 0x2d,
  0x72, 0x65, 0x73, 0x75, 0x6c, 0x74, 0x29, 0x2c, 0x20, 0x61, 0x6e, 0x64, 0x0a, 0x20, 0x2a, 0x20,
  0x68, 0x61, 0x6e, 0x64, 0x73, 0x20, 0x74, 0x68, 0x65, 0x6d, 0x20, 0x74, 0x6f, 0x20, 0x74, 0x68,
  0x65, 0x20, 0x65, 0x78, 0x69, 0x73, 0x74, 0x69, 0x6e, 0x67, 0x20, 0xc2, 0xa7, 0x34, 0x20, 0x69,
  0x6e, 0x73, 0x74, 0x61, 0x6c, 0x6c, 0x20, 0x70, 0x69, 0x70, 0x65, 0x6c, 0x69, 0x6e, 0x65, 0x2e,
  0x20, 0x54, 0x68, 0x65, 0x20, 0x66, 0x65, 0x74, 0x63, 0x68, 0x20, 0x69, 0x6d, 0x70, 0x6c, 0x20,
  0x69, 0x73, 0x20, 0x61, 0x0a, 0x20, 0x2a, 0x20, 0x50, 0x41, 0x52, 0x41, 0x4d, 0x45, 0x54, 0x45,
  0x52, 0x2c, 0x20, 0x6e, 0x6f, 0x74, 0x20, 0x61, 0x6e, 0x20, 0x69, 0x6d, 0x70, 0x6f, 0x72, 0x74,
  0x20, 0x28, 0x44, 0x35, 0x2f, 0x44, 0x38, 0x3a, 0x20, 0x6e, 0x6f, 0x20, 0x68, 0x6f, 0x73, 0x74,
  0x54, 0x79, 0x70, 0x65, 0x20, 0x62, 0x72, 0x61, 0x6e, 0x63, 0x68, 0x69, 0x6e, 0x67, 0x29, 0x3a,
  0x0a, 0x20, 0x2a, 0x0a, 0x20, 0x2a, 0x20, 0x20, 0x20, 0x2d, 0x20, 0x74, 0x68, 0x65, 0x20, 0x69,
  0x4f, 0x53, 0x20, 0x63, 0x61, 0x72, 0x72, 0x69, 0x65, 0x72, 0x20, 0x68, 0x6f, 0x73, 0x74, 0x20,
  0x70, 0x61, 0x73, 0x73, 0x65, 0x73, 0x20, 0x74, 0x68, 0x65, 0x20, 0x52, 0x45, 0x41, 0x4c, 0x20,
  0x67, 0x61, 0x74, 0x65, 0x77, 0x61, 0x79, 0x20, 0x60, 0x68, 0x74, 0x74, 0x70, 0x46, 0x65, 0x74,
  0x63, 0x68, 0x60, 0x20, 0x28, 0x6f, 0x6e, 0x2d, 0x64, 0x65, 0x76, 0x69, 0x63, 0x65, 0x0a, 0x20,
  0x2a, 0x20, 0x20, 0x20, 0x20, 0x20, 0x45, 0x32, 0x45, 0x3a, 0x20, 0x74, 0x68, 0x65, 0x20, 0x70,
  0x61, 0x63, 0x6b, 0x61, 0x67, 0x65, 0x20, 0x69, 0x73, 0x20, 0x73, 0x65, 0x72, 0x76, 0x65, 0x64,
  0x20, 0x62, 0x79, 0x20, 0x74, 0x68, 0x65, 0x20, 0x6c, 0x6f, 0x6f, 0x70, 0x62, 0x61, 0x63, 0x6b,
  0x20, 0x63, 0x61, 0x72, 0x72, 0x69, 0x65, 0x72, 0x20, 0x69, 0x74, 0x73, 0x65, 0x6c, 0x66, 0x29,
  0x3b, 0x0a, 0x20, 0x2a, 0x20, 0x20, 0x20, 0x2d, 0x20, 0x68, 0x6f, 0x73, 0x74, 0x73, 0x20, 0x77,
  0x69, 0x74, 0x68, 0x6f, 0x75, 0x74, 0x20, 0x61, 0x20, 0x6e, 0x65, 0x74, 0x77, 0x6f, 0x72, 0x6b,
  0x20, 0x73, 0x75, 0x72, 0x66, 0x61, 0x63, 0x65, 0x20, 0x28, 0x74, 0x68, 0x65, 0x20, 0x64, 0x65,
  0x73, 0x6b, 0x74, 0x6f, 0x70, 0x20, 0x43, 0x4c, 0x49, 0x20, 0x73, 0x6d, 0x6f, 0x6b, 0x65, 0x20,
  0x62, 0x61, 0x63, 0x6b, 0x65, 0x6e, 0x64, 0x0a, 0x20, 0x2a, 0x20, 0x20, 0x20, 0x20, 0x20, 0x64,
  0x65, 0x63, 0x6c, 0x61, 0x72, 0x65, 0x73, 0x20, 0x68, 0x74, 0x74, 0x70, 0x46, 0x65, 0x74, 0x63,
  0x68, 0x20, 0x75, 0x6e, 0x61, 0x76, 0x61, 0x69, 0x6c, 0x61, 0x62, 0x6c, 0x65, 0x2c, 0x20, 0x68,
  0x6f, 0x6e, 0x65, 0x73, 0x74, 0x6c, 0x79, 0x29, 0x20, 0x70, 0x61, 0x73, 0x73, 0x20, 0x61, 0x20,
  0x73, 0x74, 0x75, 0x62, 0x20, 0x77, 0x69, 0x74, 0x68, 0x20, 0x74, 0x68, 0x65, 0x20, 0x73, 0x61,
  0x6d, 0x65, 0x0a, 0x20, 0x2a, 0x20, 0x20, 0x20, 0x20, 0x20, 0x72, 0x65, 0x73, 0x70, 0x6f, 0x6e,
  0x73, 0x65, 0x20, 0x73, 0x68, 0x61, 0x70, 0x65, 0x20, 0xe2, 0x80, 0x94, 0x20, 0x74, 0x68, 0x65,
  0x20, 0x6d, 0x33, 0x2e, 0x63, 0x6f, 0x6d, 0x70, 0x6c, 0x65, 0x74, 0x65, 0x20, 0x73, 0x63, 0x65,
  0x6e, 0x61, 0x72, 0x69, 0x6f, 0x20, 0x6c, 0x6f, 0x67, 0x73, 0x20, 0x69, 0x74, 0x73, 0x20, 0x73,
  0x74, 0x75, 0x62, 0x20, 0x61, 0x73, 0x0a, 0x20, 0x2a, 0x20, 0x20, 0x20, 0x20, 0x20, 0x60, 0x66,
  0x65, 0x74, 0x63, 0x68, 0x2e, 0x73, 0x74, 0x75, 0x62, 0x60, 0x2c, 0x20, 0x6b, 0x65, 0x65, 0x70,
  0x69, 0x6e, 0x67, 0x20, 0x74, 0x68, 0x65, 0x20, 0x73, 0x74, 0x72, 0x65, 0x61, 0x6d, 0x69, 0x6e,
  0x67, 0x20, 0x70, 0x61, 0x74, 0x68, 0x20, 0x75, 0x6e, 0x64, 0x65, 0x72, 0x20, 0x74, 0x65, 0x73,
  0x74, 0x20, 0x65, 0x76, 0x65, 0x72, 0x79, 0x77, 0x68, 0x65, 0x72, 0x65, 0x2e, 0x0a, 0x20, 0x2a,
  0x0a, 0x20, 0x2a, 0x20, 0x4c, 0x69, 0x66, 0x65, 0x63, 0x79, 0x63, 0x6c, 0x65, 0x20, 0x70, 0x72,
  0x6f, 0x67, 0x72, 0x65, 0x73, 0x73, 0x20, 0x72, 0x69, 0x64, 0x65, 0x73, 0x20, 0x74, 0x68, 0x65,
  0x20, 0x73, 0x61, 0x6d, 0x65, 0x20, 0x60, 0x6f, 0x6e, 0x28, 0x73, 0x74, 0x65, 0x70, 0x2c, 0x20,
  0x66, 0x69, 0x65, 0x6c, 0x64, 0x73, 0x29, 0x60, 0x20, 0x63, 0x61, 0x6c, 0x6c, 0x62, 0x61, 0x63,
  0x6b, 0x20, 0x61, 0x73, 0x20, 0x74, 0x68, 0x65, 0x0a, 0x20, 0x2a, 0x20, 0x70, 0x69, 0x70, 0x65,
  0x6c, 0x69, 0x6e, 0x65, 0x20, 0x28, 0x66, 0x65, 0x74, 0x63, 0x68, 0x2e, 0x73, 0x74, 0x61, 0x72,
  0x74, 0x20, 0x2f, 0x20, 0x66, 0x65, 0x74, 0x63, 0x68, 0x2e, 0x73, 0x74, 0x61, 0x74, 0x75, 0x73,
  0x20, 0x2f, 0x20, 0x66, 0x65, 0x74, 0x63, 0x68, 0x2e, 0x62, 0x6f, 0x64, 0x79, 0x29, 0x2c, 0x20,
  0x73, 0x6f, 0x20, 0x74, 0x68, 0x65, 0x20, 0x63, 0x61, 0x6c, 0x6c, 0x69, 0x6e, 0x67, 0x0a, 0x20,
  0x2a, 0x20, 0x73, 0x63, 0x65, 0x6e, 0x61, 0x72, 0x69, 0x6f, 0x20, 0x6f, 0x77, 0x6e, 0x73, 0x20,
  0x74, 0x68, 0x65, 0x20, 0x45, 0x32, 0x45, 0x20, 0x6c, 0x6f, 0x67, 0x20, 0x73, 0x74, 0x72, 0x65,
  0x61, 0x6d, 0x2e, 0x20, 0x41, 0x20, 0x6e, 0x6f, 0x6e, 0x2d, 0x32, 0x30, 0x30, 0x20, 0x73, 0x74,
  0x61, 0x74, 0x75, 0x73, 0x20, 0x72, 0x65, 0x6a, 0x65, 0x63, 0x74, 0x73, 0x20, 0x77, 0x69, 0x74,
  0x68, 0x0a, 0x20, 0x2a, 0x20, 0x49, 0x6e, 0x73, 0x74, 0x61, 0x6c, 0x6c, 0x52, 0x65, 0x6a, 0x65,
  0x63, 0x74, 0x65, 0x64, 0x20, 0x42, 0x45, 0x46, 0x4f, 0x52, 0x45, 0x20, 0x61, 0x6e, 0x79, 0x74,
  0x68, 0x69, 0x6e, 0x67, 0x20, 0x69, 0x73, 0x20, 0x73, 0x74, 0x6f, 0x72, 0x65, 0x64, 0x2e, 0x0a,
  0x20, 0x2a, 0x2f, 0x0a, 0x69, 0x6d, 0x70, 0x6f, 0x72, 0x74, 0x20, 0x7b, 0x20, 0x63, 0x72, 0x65,
  0x61, 0x74, 0x65, 0x4c, 0x6f, 0x67, 0x67, 0x65, 0x72, 0x20, 0x7d, 0x20, 0x66, 0x72, 0x6f, 0x6d,
  0x20, 0x27, 0x6c, 0x6f, 0x67, 0x67, 0x65, 0x72, 0x2e, 0x6a, 0x73, 0x27, 0x3b, 0x0a, 0x69, 0x6d,
  0x70, 0x6f, 0x72, 0x74, 0x20, 0x7b, 0x20, 0x69, 0x6e, 0x73, 0x74, 0x61, 0x6c, 0x6c, 0x50, 0x61,
  0x63, 0x6b, 0x61, 0x67, 0x65, 0x2c, 0x20, 0x49, 0x6e, 0x73, 0x74, 0x61, 0x6c, 0x6c, 0x52, 0x65,
  0x6a, 0x65, 0x63, 0x74, 0x65, 0x64, 0x20, 0x7d, 0x20, 0x66, 0x72, 0x6f, 0x6d, 0x20, 0x27, 0x69,
  0x6e, 0x73, 0x74, 0x61, 0x6c, 0x6c, 0x2d, 0x70, 0x69, 0x70, 0x65, 0x6c, 0x69, 0x6e, 0x65, 0x2e,
  0x6a, 0x73, 0x27, 0x3b, 0x0a, 0x0a, 0x63, 0x6f, 0x6e, 0x73, 0x74, 0x20, 0x6c, 0x6f, 0x67, 0x20,
  0x3d, 0x20, 0x63, 0x72, 0x65, 0x61, 0x74, 0x65, 0x4c, 0x6f, 0x67, 0x67, 0x65, 0x72, 0x28, 0x27,
  0x64, 0x73, 0x68, 0x2e, 0x69, 0x6e, 0x73, 0x74, 0x61, 0x6c, 0x6c, 0x2d, 0x66, 0x65, 0x74, 0x63,
  0x68, 0x27, 0x29, 0x3b, 0x0a, 0x0a, 0x2f, 0x2a, 0x2a, 0x0a, 0x20, 0x2a, 0x20, 0x46, 0x65, 0x74,
  0x63, 0x68, 0x20, 0x60, 0x75, 0x72, 0x6c, 0x60, 0x20, 0x74, 0x68, 0x72, 0x6f, 0x75, 0x67, 0x68,
  0x20, 0x60, 0x66, 0x65, 0x74, 0x63, 0x68, 0x49, 0x6d, 0x70, 0x6c, 0x60, 0x2c, 0x20, 0x64, 0x72,
  0x61, 0x69, 0x6e, 0x20, 0x74, 0x68, 0x65, 0x20, 0x73, 0x74, 0x72, 0x65, 0x61, 0x6d, 0x69, 0x6e,
  0x67, 0x20, 0x62, 0x6f, 0x64, 0x79, 0x20, 0x69, 0x6e, 0x74, 0x6f, 0x20, 0x62, 0x79, 0x74, 0x65,
  0x73, 0x2c, 0x20, 0x61, 0x6e, 0x64, 0x0a, 0x20, 0x2a, 0x20, 0x72, 0x75, 0x6e, 0x20, 0x74, 0x68,
  0x65, 0x20, 0x69, 0x6e, 0x73, 0x74, 0x61, 0x6c, 0x6c, 0x20, 0x74, 0x72, 0x61, 0x6e, 0x73, 0x61,
  0x63, 0x74, 0x69, 0x6f, 0x6e, 0x2e, 0x20, 0x41, 0x72, 0x67, 0x73, 0x3a, 0x20, 0x7b, 0x66, 0x65,
  0x74, 0x63, 0x68, 0x49, 0x6d, 0x70, 0x6c, 0x2c, 0x20, 0x75, 0x72, 0x6c, 0x2c, 0x20, 0x69, 0x64,
  0x2c, 0x20, 0x74, 0x72, 0x75, 0x73, 0x74, 0x2c, 0x20, 0x74, 0x78, 0x49, 0x64, 0x2c, 0x20, 0x6f,
  0x6e, 0x2c, 0x0a, 0x20, 0x2a, 0x20, 0x6a, 0x6f, 0x75, 0x72, 0x6e, 0x61, 0x6c, 0x7d, 0x2e, 0x20,
  0x52, 0x65, 0x73, 0x6f, 0x6c, 0x76, 0x65, 0x73, 0x20, 0x77, 0x68, 0x61, 0x74, 0x65, 0x76, 0x65,
  0x72, 0x20, 0x69, 0x6e, 0x73, 0x74, 0x61, 0x6c, 0x6c, 0x50, 0x61, 0x63, 0x6b, 0x61, 0x67, 0x65,
  0x20, 0x72, 0x65, 0x73, 0x6f, 0x6c, 0x76, 0x65, 0x73, 0x3b, 0x20, 0x72, 0x65, 0x6a, 0x65, 0x63,
  0x74, 0x73, 0x20, 0x77, 0x69, 0x74, 0x68, 0x0a, 0x20, 0x2a, 0x20, 0x49, 0x6e, 0x73, 0x74, 0x61,
  0x6c, 0x6c, 0x52, 0x65, 0x6a, 0x65, 0x63, 0x74, 0x65, 0x64, 0x20, 0x28, 0x6e, 0x65, 0x74, 0x77,
  0x6f, 0x72, 0x6b, 0x2f, 0x70, 0x61, 0x63, 0x6b, 0x61, 0x67, 0x65, 0x29, 0x20, 0x6f, 0x72, 0x20,
  0x74, 0x68, 0x65, 0x20, 0x70, 0x69, 0x70, 0x65, 0x6c, 0x69, 0x6e, 0x65, 0x27, 0x73, 0x20, 0x72,
  0x65, 0x6a, 0x65, 0x63, 0x74, 0x69, 0x6f, 0x6e, 0x73, 0x2e, 0x0a, 0x20, 0x2a, 0x2f, 0x0a, 0x65,
  0x78, 0x70, 0x6f, 0x72, 0x74, 0x20, 0x63, 0x6f, 0x6e, 0x73, 0x74, 0x20, 0x69, 0x6e, 0x73, 0x74,
  0x61, 0x6c, 0x6c, 0x46, 0x72, 0x6f, 0x6d, 0x46, 0x65, 0x74, 0x63, 0x68, 0x20, 0x3d, 0x20, 0x61,
  0x73, 0x79, 0x6e, 0x63, 0x20, 0x28, 0x7b, 0x20, 0x66, 0x65, 0x74, 0x63, 0x68, 0x49, 0x6d, 0x70,
  0x6c, 0x2c, 0x20, 0x75, 0x72, 0x6c, 0x2c, 0x20, 0x69, 0x64, 0x2c, 0x20, 0x74, 0x72, 0x75, 0x73,
  0x74, 0x2c, 0x20, 0x74, 0x78, 0x49, 0x64, 0x2c, 0x20, 0x6f, 0x6e, 0x20, 0x3d, 0x20, 0x28, 0x29,
  0x20, 0x3d, 0x3e, 0x20, 0x7b, 0x7d, 0x2c, 0x20, 0x6a, 0x6f, 0x75, 0x72, 0x6e, 0x61, 0x6c, 0x20,
  0x3d, 0x20, 0x66, 0x61, 0x6c, 0x73, 0x65, 0x20, 0x7d, 0x29, 0x20, 0x3d, 0x3e, 0x20, 0x7b, 0x0a,
  0x20, 0x20, 0x6c, 0x6f, 0x67, 0x2e, 0x64, 0x65, 0x62, 0x75, 0x67, 0x28, 0x27, 0x66, 0x65, 0x74,
  0x63, 0x68, 0x20, 0x69, 0x6e, 0x73, 0x74, 0x61, 0x6c, 0x6c, 0x20, 0x62, 0x65, 0x67, 0x69, 0x6e,
  0x27, 0x2c, 0x20, 0x7b, 0x20, 0x75, 0x72, 0x6c, 0x2c, 0x20, 0x69, 0x64, 0x2c, 0x20, 0x74, 0x78,
  0x49, 0x64, 0x20, 0x7d, 0x29, 0x3b, 0x0a, 0x20, 0x20, 0x69, 0x66, 0x20, 0x28, 0x74, 0x79, 0x70,
  0x65, 0x6f, 0x66, 0x20, 0x66, 0x65, 0x74, 0x63, 0x68, 0x49, 0x6d, 0x70, 0x6c, 0x20, 0x21, 0x3d,
  0x3d, 0x20, 0x27, 0x66, 0x75, 0x6e, 0x63, 0x74, 0x69, 0x6f, 0x6e, 0x27, 0x29, 0x20, 0x7b, 0x0a,
  0x20, 0x20, 0x20, 0x20, 0x74, 0x68, 0x72, 0x6f, 0x77, 0x20, 0x6e, 0x65, 0x77, 0x20, 0x49, 0x6e,
  0x73, 0x74, 0x61, 0x6c, 0x6c, 0x52, 0x65, 0x6a, 0x65, 0x63, 0x74, 0x65, 0x64, 0x28, 0x27, 0x69,
  0x6e, 0x76, 0x61, 0x6c, 0x69, 0x64, 0x27, 0x2c, 0x20, 0x27, 0x69, 0x6e, 0x73, 0x74, 0x61, 0x6c,
  0x6c, 0x46, 0x72, 0x6f, 0x6d, 0x46, 0x65, 0x74, 0x63, 0x68, 0x20, 0x6e, 0x65, 0x65, 0x64, 0x73,
  0x20, 0x61, 0x20, 0x66, 0x65, 0x74, 0x63, 0x68, 0x49, 0x6d, 0x70, 0x6c, 0x27, 0x29, 0x3b, 0x0a,
  0x20, 0x20, 0x7d, 0x0a, 0x20, 0x20, 0x6f, 0x6e, 0x28, 0x27, 0x66, 0x65, 0x74, 0x63, 0x68, 0x2e,
  0x73, 0x74, 0x61, 0x72, 0x74, 0x27, 0x2c, 0x20, 0x7b, 0x20, 0x75, 0x72, 0x6c, 0x20, 0x7d, 0x29,
  0x3b, 0x0a, 0x20, 0x20, 0x63, 0x6f, 0x6e, 0x73, 0x74, 0x20, 0x72, 0x65, 0x73, 0x20, 0x3d, 0x20,
  0x61, 0x77, 0x61, 0x69, 0x74, 0x20, 0x66, 0x65, 0x74, 0x63, 0x68, 0x49, 0x6d, 0x70, 0x6c, 0x28,
  0x75, 0x72, 0x6c, 0x29, 0x3b, 0x0a, 0x20, 0x20, 0x69, 0x66, 0x20, 0x28, 0x72, 0x65, 0x73, 0x2e,
  0x73, 0x74, 0x61, 0x74, 0x75, 0x73, 0x20, 0x21, 0x3d, 0x3d, 0x20, 0x32, 0x30, 0x30, 0x29, 0x20,
  0x7b, 0x0a, 0x20, 0x20, 0x20, 0x20, 0x74, 0x68, 0x72, 0x6f, 0x77, 0x20, 0x6e, 0x65, 0x77, 0x20,
  0x49, 0x6e, 0x73, 0x74, 0x61, 0x6c, 0x6c, 0x52, 0x65, 0x6a, 0x65, 0x63, 0x74, 0x65, 0x64, 0x28,
  0x27, 0x6e, 0x65, 0x74, 0x77, 0x6f, 0x72, 0x6b, 0x27, 0x2c, 0x20, 0x60, 0x66, 0x65, 0x74, 0x63,
  0x68, 0x20, 0x24, 0x7b, 0x75, 0x72, 0x6c, 0x7d, 0x20, 0x73, 0x74, 0x61, 0x74, 0x75, 0x73, 0x20,
  0x24, 0x7b, 0x72, 0x65, 0x73, 0x2e, 0x73, 0x74, 0x61, 0x74, 0x75, 0x73, 0x7d, 0x60, 0x2c, 0x20,
  0x7b, 0x20, 0x73, 0x74, 0x61, 0x74, 0x75, 0x73, 0x3a, 0x20, 0x72, 0x65, 0x73, 0x2e, 0x73, 0x74,
  0x61, 0x74, 0x75, 0x73, 0x20, 0x7d, 0x29, 0x3b, 0x0a, 0x20, 0x20, 0x7d, 0x0a, 0x20, 0x20, 0x6f,
  0x6e, 0x28, 0x27, 0x66, 0x65, 0x74, 0x63, 0x68, 0x2e, 0x73, 0x74, 0x61, 0x74, 0x75, 0x73, 0x27,
  0x2c, 0x20, 0x7b, 0x20, 0x73, 0x74, 0x61, 0x74, 0x75, 0x73, 0x3a, 0x20, 0x72, 0x65, 0x73, 0x2e,
  0x73, 0x74, 0x61, 0x74, 0x75, 0x73, 0x20, 0x7d, 0x29, 0x3b, 0x0a, 0x20, 0x20, 0x63, 0x6f, 0x6e,
  0x73, 0x74, 0x20, 0x63, 0x68, 0x75, 0x6e, 0x6b, 0x73, 0x20, 0x3d, 0x20, 0x5b, 0x5d, 0x3b, 0x0a,
  0x20, 0x20, 0x6c, 0x65, 0x74, 0x20, 0x74, 0x6f, 0x74, 0x61, 0x6c, 0x20, 0x3d, 0x20, 0x30, 0x3b,
  0x0a, 0x20, 0x20, 0x66, 0x6f, 0x72, 0x20, 0x61, 0x77, 0x61, 0x69, 0x74, 0x20, 0x28, 0x63, 0x6f,
  0x6e, 0x73, 0x74, 0x20, 0x63, 0x68, 0x75, 0x6e, 0x6b, 0x20, 0x6f, 0x66, 0x20, 0x72, 0x65, 0x73,
  0x2e, 0x62, 0x6f, 0x64, 0x79, 0x29, 0x20, 0x7b, 0x0a, 0x20, 0x20, 0x20, 0x20, 0x63, 0x68, 0x75,
  0x6e, 0x6b, 0x73, 0x2e, 0x70, 0x75, 0x73, 0x68, 0x28, 0x63, 0x68, 0x75, 0x6e, 0x6b, 0x29, 0x3b,
  0x0a, 0x20, 0x20, 0x20, 0x20, 0x74, 0x6f, 0x74, 0x61, 0x6c, 0x20, 0x2b, 0x3d, 0x20, 0x63, 0x68,
  0x75, 0x6e, 0x6b, 0x2e, 0x6c, 0x65, 0x6e, 0x67, 0x74, 0x68, 0x3b, 0x0a, 0x20, 0x20, 0x7d, 0x0a,
  0x20, 0x20, 0x6f, 0x6e, 0x28, 0x27, 0x66, 0x65, 0x74, 0x63, 0x68, 0x2e, 0x62, 0x6f, 0x64, 0x79,
  0x27, 0x2c, 0x20, 0x7b, 0x20, 0x63, 0x68, 0x75, 0x6e, 0x6b, 0x73, 0x3a, 0x20, 0x63, 0x68, 0x75,
  0x6e, 0x6b, 0x73, 0x2e, 0x6c, 0x65, 0x6e, 0x67, 0x74, 0x68, 0x2c, 0x20, 0x62, 0x79, 0x74, 0x65,
  0x73, 0x3a, 0x20, 0x74, 0x6f, 0x74, 0x61, 0x6c, 0x20, 0x7d, 0x29, 0x3b, 0x0a, 0x20, 0x20, 0x63,
  0x6f, 0x6e, 0x73, 0x74, 0x20, 0x62, 0x79, 0x74, 0x65, 0x73, 0x20, 0x3d, 0x20, 0x6e, 0x65, 0x77,
  0x20, 0x55, 0x69, 0x6e, 0x74, 0x38, 0x41, 0x72, 0x72, 0x61, 0x79, 0x28, 0x74, 0x6f, 0x74, 0x61,
  0x6c, 0x29, 0x3b, 0x0a, 0x20, 0x20, 0x6c, 0x65, 0x74, 0x20, 0x61, 0x74, 0x20, 0x3d, 0x20, 0x30,
  0x3b, 0x0a, 0x20, 0x20, 0x66, 0x6f, 0x72, 0x20, 0x28, 0x63, 0x6f, 0x6e, 0x73, 0x74, 0x20, 0x63,
  0x68, 0x75, 0x6e, 0x6b, 0x20, 0x6f, 0x66, 0x20, 0x63, 0x68, 0x75, 0x6e, 0x6b, 0x73, 0x29, 0x20,
  0x7b, 0x0a, 0x20, 0x20, 0x20, 0x20, 0x62, 0x79, 0x74, 0x65, 0x73, 0x2e, 0x73, 0x65, 0x74, 0x28,
  0x63, 0x68, 0x75, 0x6e, 0x6b, 0x2c, 0x20, 0x61, 0x74, 0x29, 0x3b, 0x0a, 0x20, 0x20, 0x20, 0x20,
  0x61, 0x74, 0x20, 0x2b, 0x3d, 0x20, 0x63, 0x68, 0x75, 0x6e, 0x6b, 0x2e, 0x6c, 0x65, 0x6e, 0x67,
  0x74, 0x68, 0x3b, 0x0a, 0x20, 0x20, 0x7d, 0x0a, 0x20, 0x20, 0x6c, 0x6f, 0x67, 0x2e, 0x64, 0x65,
  0x62, 0x75, 0x67, 0x28, 0x27, 0x66, 0x65, 0x74, 0x63, 0x68, 0x20, 0x62, 0x6f, 0x64, 0x79, 0x20,
  0x64, 0x72, 0x61, 0x69, 0x6e, 0x65, 0x64, 0x27, 0x2c, 0x20, 0x7b, 0x20, 0x63, 0x68, 0x75, 0x6e,
  0x6b, 0x73, 0x3a, 0x20, 0x63, 0x68, 0x75, 0x6e, 0x6b, 0x73, 0x2e, 0x6c, 0x65, 0x6e, 0x67, 0x74,
  0x68, 0x2c, 0x20, 0x62, 0x79, 0x74, 0x65, 0x73, 0x3a, 0x20, 0x74, 0x6f, 0x74, 0x61, 0x6c, 0x20,
  0x7d, 0x29, 0x3b, 0x0a, 0x20, 0x20, 0x72, 0x65, 0x74, 0x75, 0x72, 0x6e, 0x20, 0x61, 0x77, 0x61,
  0x69, 0x74, 0x20, 0x69, 0x6e, 0x73, 0x74, 0x61, 0x6c, 0x6c, 0x50, 0x61, 0x63, 0x6b, 0x61, 0x67,
  0x65, 0x28, 0x7b, 0x20, 0x69, 0x64, 0x2c, 0x20, 0x62, 0x79, 0x74, 0x65, 0x73, 0x2c, 0x20, 0x74,
  0x72, 0x75, 0x73, 0x74, 0x2c, 0x20, 0x74, 0x78, 0x49, 0x64, 0x2c, 0x20, 0x6f, 0x6e, 0x2c, 0x20,
  0x6a, 0x6f, 0x75, 0x72, 0x6e, 0x61, 0x6c, 0x20, 0x7d, 0x29, 0x3b, 0x0a, 0x7d, 0x3b, 0x0a,
  0x00
};

/* runtime/spike/receipt-journal.js (9242 bytes) */
static const unsigned char DSH_RECEIPT_JOURNAL_JS[] = {
  0x2f, 0x2a, 0x2a, 0x0a, 0x20, 0x2a, 0x20, 0x72, 0x65, 0x63, 0x65, 0x69, 0x70, 0x74, 0x2d, 0x6a,
  0x6f, 0x75, 0x72, 0x6e, 0x61, 0x6c, 0x20, 0xe2, 0x80, 0x94, 0x20, 0x74, 0x68, 0x65, 0x20, 0x72,
  0x65, 0x63, 0x65, 0x69, 0x70, 0x74, 0x73, 0x2f, 0x20, 0x41, 0x50, 0x50, 0x45, 0x4e, 0x44, 0x2d,
  0x4f, 0x4e, 0x4c, 0x59, 0x20, 0x4a, 0x4f, 0x55, 0x52, 0x4e, 0x41, 0x4c, 0x20, 0x61, 0x6e, 0x64,
  0x20, 0x74, 0x68, 0x65, 0x20, 0x50, 0x45, 0x4e, 0x44, 0x49, 0x4e, 0x47, 0x2d, 0x0a, 0x20, 0x2a,
  0x20, 0x52, 0x45, 0x43, 0x45, 0x49, 0x50, 0x54, 0x20, 0x53, 0x54, 0x41, 0x52, 0x54, 0x55, 0x50,
  0x20, 0x52, 0x45, 0x50, 0x4c, 0x41, 0x59, 0x20, 0x28, 0x64, 0x61, 0x74, 0x61, 0x2d, 0x70, 0x72,
  0x6f, 0x74, 0x6f, 0x63, 0x6f, 0x6c, 0x73, 0x2e, 0x6d, 0x64, 0x20, 0xc2, 0xa7, 0x34, 0x29, 0x3a,
  0x20, 0x22, 0x61, 0x6e, 0x20, 0x69, 0x6e, 0x73, 0x74, 0x61, 0x6c, 0x6c, 0x20, 0x69, 0x6e, 0x74,
  0x65, 0x72, 0x72, 0x75, 0x70, 0x74, 0x65, 0x64, 0x0a, 0x20, 0x2a, 0x20, 0x6d, 0x69, 0x64, 0x2d,
  0x74, 0x78, 0x20, 0x6c, 0x65, 0x61, 0x76, 0x65, 0x73, 0x20, 0x61, 0x20, 0x50, 0x45, 0x4e, 0x44,
  0x49, 0x4e, 0x47, 0x20, 0x72, 0x65, 0x63, 0x65, 0x69, 0x70, 0x74, 0x20, 0x2e, 0x2e, 0x2e, 0x20,
  0x41, 0x74, 0x20, 0x73, 0x74, 0x61, 0x72, 0x74, 0x75, 0x70, 0x20, 0x74, 0x68, 0x65, 0x20, 0x68,
  0x6f, 0x73, 0x74, 0x20, 0x72, 0x65, 0x70, 0x6c, 0x61, 0x79, 0x73, 0x20, 0x65, 0x76, 0x65, 0x72,
  0x79, 0x0a, 0x20, 0x2a, 0x20, 0x70, 0x65, 0x6e, 0x64, 0x69, 0x6e, 0x67, 0x20, 0x72, 0x65, 0x63,
  0x65, 0x69, 0x70, 0x74, 0x3a, 0x20, 0x63, 0x6f, 0x6d, 0x70, 0x6c, 0x65, 0x74, 0x65, 0x20, 0x74,
  0x68, 0x65, 0x20, 0x69, 0x6e, 0x73, 0x74, 0x61, 0x6c, 0x6c, 0x20, 0x69, 0x66, 0x20, 0x74, 0x68,
  0x65, 0x20, 0x73, 0x74, 0x61, 0x67, 0x65, 0x64, 0x20, 0x74, 0x72, 0x65, 0x65, 0x20, 0x76, 0x65,
  0x72, 0x69, 0x66, 0x69, 0x65, 0x73, 0x2c, 0x20, 0x65, 0x6c, 0x73, 0x65, 0x0a, 0x20, 0x2a, 0x20,
  0x72, 0x6f, 0x6c, 0x6c, 0x20, 0x69, 0x74, 0x20, 0x62, 0x61, 0x63, 0x6b, 0x20, 0x61, 0x6e, 0x64,
  0x20, 0x6d, 0x61, 0x72, 0x6b, 0x20, 0x74, 0x68, 0x65, 0x20, 0x72, 0x65, 0x63, 0x65, 0x69, 0x70,
  0x74, 0x20, 0x72, 0x6f, 0x6c, 0x6c, 0x65, 0x64, 0x2d, 0x62, 0x61, 0x63, 0x6b, 0x2e, 0x20, 0x41,
  0x20, 0x68, 0x6f, 0x73, 0x74, 0x20, 0x6e, 0x65, 0x76, 0x65, 0x72, 0x20, 0x6c, 0x65, 0x61, 0x76,
  0x65, 0x73, 0x20, 0x61, 0x0a, 0x20, 0x2a, 0x20, 0x70, 0x65, 0x6e, 0x64, 0x69, 0x6e, 0x67, 0x20,
  0x72, 0x65, 0x63, 0x65, 0x69, 0x70, 0x74, 0x20, 0x75, 0x6e, 0x65, 0x78, 0x61, 0x6d, 0x69, 0x6e,
  0x65, 0x64, 0x2e, 0x22, 0x0a, 0x20, 0x2a, 0x0a, 0x20, 0x2a, 0x20, 0x54, 0x68, 0x65, 0x20, 0x67,
  0x61, 0x74, 0x65, 0x77, 0x61, 0x79, 0x20, 0x66, 0x73, 0x20, 0x76, 0x31, 0x20, 0x68, 0x61, 0x73,
  0x20, 0x6e, 0x6f, 0x20, 0x72, 0x65, 0x61, 0x64, 0x64, 0x69, 0x72, 0x20, 0x70, 0x72, 0x69, 0x6d,
  0x69, 0x74, 0x69, 0x76, 0x65, 0x2c, 0x20, 0x73, 0x6f, 0x20, 0x74, 0x68, 0x65, 0x20, 0x70, 0x65,
  0x72, 0x2d, 0x74, 0x78, 0x20, 0x72, 0x65, 0x63, 0x65, 0x69, 0x70, 0x74, 0x20, 0x66, 0x69, 0x6c,
  0x65, 0x73, 0x0a, 0x20, 0x2a, 0x20, 0x61, 0x6c, 0x6f, 0x6e, 0x65, 0x20, 0x63, 0x61, 0x6e, 0x6e,
  0x6f, 0x74, 0x20, 0x62, 0x65, 0x20, 0x65, 0x6e, 0x75, 0x6d, 0x65, 0x72, 0x61, 0x74, 0x65, 0x64,
  0x3b, 0x20, 0x74, 0x68, 0x65, 0x20, 0x6a, 0x6f, 0x75, 0x72, 0x6e, 0x61, 0x6c, 0x20, 0x66, 0x69,
  0x6c, 0x65, 0x20, 0x60, 0x72, 0x65, 0x63, 0x65, 0x69, 0x70, 0x74, 0x73, 0x2f, 0x6a, 0x6f, 0x75,
  0x72, 0x6e, 0x61, 0x6c, 0x2e, 0x6a, 0x73, 0x6f, 0x6e, 0x6c, 0x60, 0x20, 0x69, 0x73, 0x0a, 0x20,
  0x2a, 0x20, 0x74, 0x68, 0x65, 0x20, 0x61, 0x70, 0x70, 0x65, 0x6e, 0x64, 0x2d, 0x6f, 0x6e, 0x6c,
  0x79, 0x20, 0x65, 0x6e, 0x75, 0x6d, 0x65, 0x72, 0x61, 0x74, 0x69, 0x6f, 0x6e, 0x20, 0x72, 0x65,
  0x63, 0x6f, 0x72, 0x64, 0x2e, 0x20, 0x45, 0x61, 0x63, 0x68, 0x20, 0x6c, 0x69, 0x6e, 0x65, 0x20,
  0x77, 0x72, 0x61, 0x70, 0x73, 0x20, 0x4f, 0x4e, 0x45, 0x20, 0x73, 0x63, 0x68, 0x65, 0x6d, 0x61,
  0x2d, 0x76, 0x61, 0x6c, 0x69, 0x64, 0x0a, 0x20, 0x2a, 0x20, 0x72, 0x65, 0x63, 0x65, 0x69, 0x70,
  0x74, 0x20, 0x28, 0x63, 0x6f, 0x6e, 0x74, 0x72, 0x61, 0x63, 0x74, 0x2f, 0x73, 0x63, 0x68, 0x65,
  0x6d, 0x61, 0x73, 0x2f, 0x72, 0x65, 0x63, 0x65, 0x69, 0x70, 0x74, 0x2e, 0x73, 0x63, 0x68, 0x65,
  0x6d, 0x61, 0x2e, 0x6a, 0x73, 0x6f, 0x6e, 0x20, 0xe2, 0x80, 0x94, 0x20, 0x61, 0x64, 0x64, 0x69,
  0x74, 0x69, 0x6f, 0x6e, 0x61, 0x6c, 0x50, 0x72, 0x6f, 0x70, 0x65, 0x72, 0x74, 0x69, 0x65, 0x73,
  0x0a, 0x20, 0x2a, 0x20, 0x66, 0x61, 0x6c, 0x73, 0x65, 0x2c, 0x20, 0x73, 0x6f, 0x20, 0x74, 0x68,
  0x65, 0x20, 0x74, 0x72, 0x61, 0x6e, 0x73, 0x61, 0x63, 0x74, 0x69, 0x6f, 0x6e, 0x20, 0x69, 0x64,
  0x20, 0x72, 0x69, 0x64, 0x65, 0x73, 0x20, 0x61, 0x6e, 0x20, 0x45, 0x4e, 0x56, 0x45, 0x4c, 0x4f,
  0x50, 0x45, 0x20, 0x66, 0x69, 0x65, 0x6c, 0x64, 0x2c, 0x20, 0x6e, 0x65, 0x76, 0x65, 0x72, 0x20,
  0x69, 0x6e, 0x73, 0x69, 0x64, 0x65, 0x20, 0x74, 0x68, 0x65, 0x0a, 0x20, 0x2a, 0x20, 0x72, 0x65,
  0x63, 0x65, 0x69, 0x70, 0x74, 0x29, 0x3a, 0x20, 0x7b, 0x22, 0x74, 0x78, 0x49, 0x64, 0x22, 0x3a,
  0x20, 0x3c, 0x69, 0x64, 0x3e, 0x2c, 0x20, 0x22, 0x72, 0x65, 0x63, 0x65, 0x69, 0x70, 0x74, 0x22,
  0x3a, 0x20, 0x7b, 0xe2, 0x80, 0xa6, 0x7d, 0x7d, 0x2e, 0x20, 0x54, 0x68, 0x65, 0x20, 0x69, 0x6e,
  0x73, 0x74, 0x61, 0x6c, 0x6c, 0x20, 0x70, 0x69, 0x70, 0x65, 0x6c, 0x69, 0x6e, 0x65, 0x20, 0x61,
  0x70, 0x70, 0x65, 0x6e, 0x64, 0x73, 0x0a, 0x20, 0x2a, 0x20, 0x70, 0x65, 0x6e, 0x64, 0x69, 0x6e,
  0x67, 0x20, 0xe2, 0x86, 0x92, 0x20, 0x63, 0x6f, 0x6d, 0x6d, 0x69, 0x74, 0x74, 0x65, 0x64, 0x3b,
  0x20, 0x61, 0x20, 0x66, 0x61, 0x69, 0x6c, 0x75, 0x72, 0x65, 0x20, 0x61, 0x66, 0x74, 0x65, 0x72,
  0x20, 0x74, 0x68, 0x65, 0x20, 0x70, 0x65, 0x6e, 0x64, 0x69, 0x6e, 0x67, 0x20, 0x72, 0x65, 0x63,
  0x65, 0x69, 0x70, 0x74, 0x20, 0x61, 0x70, 0x70, 0x65, 0x6e, 0x64, 0x73, 0x0a, 0x20, 0x2a, 0x20,
  0x72, 0x6f, 0x6c, 0x6c, 0x65, 0x64, 0x2d, 0x62, 0x61, 0x63, 0x6b, 0x2e, 0x20, 0x52, 0x65, 0x70,
  0x6c, 0x61, 0x79, 0x20, 0x72, 0x65, 0x61, 0x64, 0x73, 0x20, 0x74, 0x68, 0x65, 0x20, 0x6a, 0x6f,
  0x75, 0x72, 0x6e, 0x61, 0x6c, 0x20, 0x61, 0x6e, 0x64, 0x2c, 0x20, 0x66, 0x6f, 0x72, 0x20, 0x65,
  0x61, 0x63, 0x68, 0x20, 0x74, 0x72, 0x61, 0x6e, 0x73, 0x61, 0x63, 0x74, 0x69, 0x6f, 0x6e, 0x20,
  0x77, 0x68, 0x6f, 0x73, 0x65, 0x0a, 0x20, 0x2a, 0x20, 0x4c, 0x41, 0x54, 0x45, 0x53, 0x54, 0x20,
  0x65, 0x6e, 0x74, 0x72, 0x79, 0x20, 0x69, 0x73, 0x20, 0x73, 0x74, 0x69, 0x6c, 0x6c, 0x20, 0x70,
  0x65, 0x6e, 0x64, 0x69, 0x6e, 0x67, 0x3a, 0x0a, 0x20, 0x2a, 0x0a, 0x20, 0x2a, 0x20, 0x20, 0x20,
  0x2d, 0x20, 0x73, 0x74, 0x61, 0x67, 0x65, 0x64, 0x20, 0x74, 0x72, 0x65, 0x65, 0x20, 0x70, 0x72,
  0x65, 0x73, 0x65, 0x6e, 0x74, 0x20, 0x61, 0x6e, 0x64, 0x20, 0x76, 0x65, 0x72, 0x69, 0x66, 0x79,
  0x69, 0x6e, 0x67, 0x20, 0x28, 0x72, 0x65, 0x61, 0x64, 0x2d, 0x62, 0x61, 0x63, 0x6b, 0x20, 0x64,
  0x69, 0x67, 0x65, 0x73, 0x74, 0x73, 0x20, 0x6d, 0x61, 0x74, 0x63, 0x68, 0x20, 0x74, 0x68, 0x65,
  0x20, 0x73, 0x74, 0x61, 0x67, 0x65, 0x64, 0x0a, 0x20, 0x2a, 0x20, 0x20, 0x20, 0x20, 0x20, 0x69,
  0x6e, 0x74, 0x65, 0x67, 0x72, 0x69, 0x74, 0x79, 0x2e, 0x6a, 0x73, 0x6f, 0x6e, 0x2c, 0x20, 0x61,
  0x6e, 0x63, 0x68, 0x6f, 0x72, 0x65, 0x64, 0x20, 0x62, 0x79, 0x20, 0x74, 0x68, 0x65, 0x20, 0x70,
  0x65, 0x6e, 0x64, 0x69, 0x6e, 0x67, 0x20, 0x72, 0x65, 0x63, 0x65, 0x69, 0x70, 0x74, 0x27, 0x73,
  0x20, 0x74, 0x72, 0x65, 0x65, 0x53, 0x68, 0x61, 0x32, 0x35, 0x36, 0x29, 0x20, 0xe2, 0x86, 0x92,
  0x0a, 0x20, 0x2a, 0x20, 0x20, 0x20, 0x20, 0x20, 0x70, 0x72, 0x6f, 0x6d, 0x6f, 0x74, 0x65, 0x20,
  0x69, 0x74, 0x20, 0x74, 0x6f, 0x20, 0x70, 0x6c, 0x75, 0x67, 0x69, 0x6e, 0x73, 0x2f, 0x3c, 0x70,
  0x6b, 0x67, 0x3e, 0x40, 0x3c, 0x73, 0x65, 0x6d, 0x76, 0x65, 0x72, 0x3e, 0x2f, 0x20, 0x61, 0x6e,
  0x64, 0x20, 0x61, 0x70, 0x70, 0x65, 0x6e, 0x64, 0x20, 0x74, 0x68, 0x65, 0x20, 0x43, 0x4f, 0x4d,
  0x4d, 0x49, 0x54, 0x54, 0x45, 0x44, 0x0a, 0x20, 0x2a, 0x20, 0x20, 0x20, 0x20, 0x20, 0x72, 0x65,
  0x63, 0x65, 0x69, 0x70, 0x74, 0x20, 0x28, 0x74, 0x68, 0x65, 0x20, 0x69, 0x6e, 0x73, 0x74, 0x61,
  0x6c, 0x6c, 0x20, 0x63, 0x6f, 0x6d, 0x70, 0x6c, 0x65, 0x74, 0x65, 0x73, 0x29, 0x3b, 0x0a, 0x20,
  0x2a, 0x20, 0x20, 0x20, 0x2d, 0x20, 0x61, 0x6e, 0x79, 0x74, 0x68, 0x69, 0x6e, 0x67, 0x20, 0x65,
  0x6c, 0x73, 0x65, 0x20, 0x28, 0x6d, 0x69, 0x73, 0x73, 0x69, 0x6e, 0x67, 0x20, 0x66, 0x69, 0x6c,
  0x65, 0x2c, 0x20, 0x64, 0x69, 0x67, 0x65, 0x73, 0x74, 0x20, 0x64, 0x72, 0x69, 0x66, 0x74, 0x2c,
  0x20, 0x75, 0x6e, 0x70, 0x61, 0x72, 0x73, 0x61, 0x62, 0x6c, 0x65, 0x20, 0x6c, 0x65, 0x64, 0x67,
  0x65, 0x72, 0x29, 0x20, 0xe2, 0x86, 0x92, 0x0a, 0x20, 0x2a, 0x20, 0x20, 0x20, 0x20, 0x20, 0x61,
  0x70, 0x70, 0x65, 0x6e, 0x64, 0x20, 0x61, 0x20, 0x52, 0x4f, 0x4c, 0x4c, 0x45, 0x44, 0x2d, 0x42,
  0x41, 0x43, 0x4b, 0x20, 0x72, 0x65, 0x63, 0x65, 0x69, 0x70, 0x74, 0x3b, 0x20, 0x74, 0x68, 0x65,
  0x20, 0x69, 0x6e, 0x73, 0x74, 0x61, 0x6c, 0x6c, 0x65, 0x64, 0x20, 0x74, 0x72, 0x65, 0x65, 0x20,
  0x69, 0x73, 0x20, 0x75, 0x6e, 0x74, 0x6f, 0x75, 0x63, 0x68, 0x65, 0x64, 0x2e, 0x0a, 0x20, 0x2a,
  0x0a, 0x20, 0x2a, 0x20, 0x60, 0x73, 0x69, 0x6d, 0x75, 0x6c, 0x61, 0x74, 0x65, 0x43, 0x72, 0x61,
  0x73, 0x68, 0x60, 0x20, 0x69, 0x73, 0x20, 0x74, 0x68, 0x65, 0x20, 0x73, 0x63, 0x65, 0x6e, 0x61,
  0x72, 0x69, 0x6f, 0x2d, 0x73, 0x69, 0x64, 0x65, 0x20, 0x63, 0x6f, 0x75, 0x6e, 0x74, 0x65, 0x72,
  0x70, 0x61, 0x72, 0x74, 0x3a, 0x20, 0x69, 0x74, 0x20, 0x72, 0x65, 0x70, 0x72, 0x6f, 0x64, 0x75,
  0x63, 0x65, 0x73, 0x20, 0x61, 0x20, 0x63, 0x72, 0x61, 0x73, 0x68, 0x0a, 0x20, 0x2a, 0x20, 0x6d,
  0x69, 0x64, 0x2d, 0x74, 0x72, 0x61, 0x6e, 0x73, 0x61, 0x63, 0x74, 0x69, 0x6f, 0x6e, 0x20, 0x62,
  0x79, 0x20, 0x73, 0x74, 0x61, 0x67, 0x69, 0x6e, 0x67, 0x20, 0x61, 0x20, 0x28, 0x70, 0x6f, 0x73,
  0x73, 0x69, 0x62, 0x6c, 0x79, 0x20, 0x69, 0x6e, 0x63, 0x6f, 0x6d, 0x70, 0x6c, 0x65, 0x74, 0x65,
  0x29, 0x20, 0x74, 0x72, 0x65, 0x65, 0x20, 0x61, 0x6e, 0x64, 0x20, 0x61, 0x70, 0x70, 0x65, 0x6e,
  0x64, 0x69, 0x6e, 0x67, 0x20, 0x61, 0x0a, 0x20, 0x2a, 0x20, 0x50, 0x45, 0x4e, 0x44, 0x49, 0x4e,
  0x47, 0x20, 0x72, 0x65, 0x63, 0x65, 0x69, 0x70, 0x74, 0x20, 0x57, 0x49, 0x54, 0x48, 0x4f, 0x55,
  0x54, 0x20, 0x70, 0x72, 0x6f, 0x6d, 0x6f, 0x74, 0x69, 0x6e, 0x67, 0x20, 0xe2, 0x80, 0x94, 0x20,
  0x74, 0x68, 0x65, 0x20, 0x65, 0x78, 0x61, 0x63, 0x74, 0x20, 0x73, 0x74, 0x61, 0x74, 0x65, 0x20,
  0xc2, 0xa7, 0x34, 0x27, 0x73, 0x20, 0x72, 0x65, 0x70, 0x6c, 0x61, 0x79, 0x20, 0x65, 0x78, 0x69,
  0x73, 0x74, 0x73, 0x20, 0x74, 0x6f, 0x0a, 0x20, 0x2a, 0x20, 0x72, 0x65, 0x63, 0x6f, 0x76, 0x65,
  0x72, 0x20, 0x66, 0x72, 0x6f, 0x6d, 0x2e, 0x20, 0x43, 0x6f, 0x6d, 0x6d, 0x69, 0x74, 0x74, 0x65,
  0x64, 0x20, 0x72, 0x65, 0x63, 0x65, 0x69, 0x70, 0x74, 0x73, 0x20, 0x61, 0x72, 0x65, 0x20, 0x6e,
  0x65, 0x76, 0x65, 0x72, 0x20, 0x72, 0x65, 0x77, 0x72, 0x69, 0x74, 0x74, 0x65, 0x6e, 0x20, 0x6f,
  0x72, 0x20, 0x64, 0x65, 0x6c, 0x65, 0x74, 0x65, 0x64, 0x20, 0x28, 0xc2, 0xa7, 0x34, 0x29, 0x2e,
  0x0a, 0x20, 0x2a, 0x2f, 0x0a, 0x69, 0x6d, 0x70, 0x6f, 0x72, 0x74, 0x20, 0x7b, 0x20, 0x63, 0x72,
  0x65, 0x61, 0x74, 0x65, 0x4c, 0x6f, 0x67, 0x67, 0x65, 0x72, 0x20, 0x7d, 0x20, 0x66, 0x72, 0x6f,
  0x6d, 0x20, 0x27, 0x6c, 0x6f, 0x67, 0x67, 0x65, 0x72, 0x2e, 0x6a, 0x73, 0x27, 0x3b, 0x0a, 0x69,
  0x6d, 0x70, 0x6f, 0x72, 0x74, 0x20, 0x7b, 0x20, 0x66, 0x73, 0x52, 0x65, 0x61, 0x64, 0x2c, 0x20,
  0x66, 0x73, 0x57, 0x72, 0x69, 0x74, 0x65, 0x20, 0x7d, 0x20, 0x66, 0x72, 0x6f, 0x6d, 0x20, 0x27,
  0x67, 0x61, 0x74, 0x65, 0x77, 0x61, 0x79, 0x2e, 0x6a, 0x73, 0x27, 0x3b, 0x0a, 0x69, 0x6d, 0x70,
  0x6f, 0x72, 0x74, 0x20, 0x7b, 0x20, 0x73, 0x68, 0x61, 0x32, 0x35, 0x36, 0x48, 0x65, 0x78, 0x20,
  0x7d, 0x20, 0x66, 0x72, 0x6f, 0x6d, 0x20, 0x27, 0x73, 0x68, 0x61, 0x32, 0x35, 0x36, 0x2e, 0x6a,
  0x73, 0x27, 0x3b, 0x0a, 0x0a, 0x63, 0x6f, 0x6e, 0x73, 0x74, 0x20, 0x6c, 0x6f, 0x67, 0x20, 0x3d,
  0x20, 0x63, 0x72, 0x65, 0x61, 0x74, 0x65, 0x4c, 0x6f, 0x67, 0x67, 0x65, 0x72, 0x28, 0x27, 0x64,
  0x73, 0x68, 0x2e, 0x72, 0x65, 0x63, 0x65, 0x69, 0x70, 0x74, 0x2d, 0x6a, 0x6f, 0x75, 0x72, 0x6e,
  0x61, 0x6c, 0x27, 0x29, 0x3b, 0x0a, 0x63, 0x6f, 0x6e, 0x73, 0x74, 0x20, 0x53, 0x43, 0x4f, 0x50,
  0x45, 0x20, 0x3d, 0x20, 0x27, 0x61, 0x70, 0x70, 0x27, 0x3b, 0x0a, 0x65, 0x78, 0x70, 0x6f, 0x72,
  0x74, 0x20, 0x63, 0x6f, 0x6e, 0x73, 0x74, 0x20, 0x4a, 0x4f, 0x55, 0x52, 0x4e, 0x41, 0x4c, 0x5f,
  0x50, 0x41, 0x54, 0x48, 0x20, 0x3d, 0x20, 0x27, 0x72, 0x65, 0x63, 0x65, 0x69, 0x70, 0x74, 0x73,
  0x2f, 0x6a, 0x6f, 0x75, 0x72, 0x6e, 0x61, 0x6c, 0x2e, 0x6a, 0x73, 0x6f, 0x6e, 0x6c, 0x27, 0x3b,
  0x0a, 0x0a, 0x63, 0x6f, 0x6e, 0x73, 0x74, 0x20, 0x74, 0x6f, 0x54, 0x65, 0x78, 0x74, 0x20, 0x3d,
  0x20, 0x28, 0x62, 0x79, 0x74, 0x65, 0x73, 0x29, 0x20, 0x3d, 0x3e, 0x20, 0x5b, 0x2e, 0x2e, 0x2e,
  0x62, 0x79, 0x74, 0x65, 0x73, 0x5d, 0x2e, 0x6d, 0x61, 0x70, 0x28, 0x28, 0x63, 0x29, 0x20, 0x3d,
  0x3e, 0x20, 0x53, 0x74, 0x72, 0x69, 0x6e, 0x67, 0x2e, 0x66, 0x72, 0x6f, 0x6d, 0x43, 0x68, 0x61,
  0x72, 0x43, 0x6f, 0x64, 0x65, 0x28, 0x63, 0x29, 0x29, 0x2e, 0x6a, 0x6f, 0x69, 0x6e, 0x28, 0x27,
  0x27, 0x29, 0x3b, 0x0a, 0x63, 0x6f, 0x6e, 0x73, 0x74, 0x20, 0x74, 0x65, 0x78, 0x74, 0x42, 0x79,
  0x74, 0x65, 0x73, 0x20, 0x3d, 0x20, 0x28, 0x74, 0x65, 0x78, 0x74, 0x29, 0x20, 0x3d, 0x3e, 0x20,
  0x55, 0x69, 0x6e, 0x74, 0x38, 0x41, 0x72, 0x72, 0x61, 0x79, 0x2e, 0x66, 0x72, 0x6f, 0x6d, 0x28,
  0x5b, 0x2e, 0x2e, 0x2e, 0x74, 0x65, 0x78, 0x74, 0x5d, 0x2e, 0x6d, 0x61, 0x70, 0x28, 0x28, 0x63,
  0x29, 0x20, 0x3d, 0x3e, 0x20, 0x63, 0x2e, 0x63, 0x68, 0x61, 0x72, 0x43, 0x6f, 0x64, 0x65, 0x41,
  0x74, 0x28, 0x30, 0x29, 0x29, 0x29, 0x3b, 0x0a, 0x0a, 0x2f, 0x2a, 0x2a, 0x20, 0x41, 0x70, 0x70,
  0x65, 0x6e, 0x64, 0x20, 0x6f, 0x6e, 0x65, 0x20, 0x7b, 0x74, 0x78, 0x49, 0x64, 0x2c, 0x20, 0x72,
  0x65, 0x63, 0x65, 0x69, 0x70, 0x74, 0x7d, 0x20, 0x6c, 0x69, 0x6e, 0x65, 0x20, 0x74, 0x6f, 0x20,
  0x74, 0x68, 0x65, 0x20, 0x6a, 0x6f, 0x75, 0x72, 0x6e, 0x61, 0x6c, 0x20, 0x28, 0x66, 0x73, 0x20,
  0x61, 0x70, 0x70, 0x65, 0x6e, 0x64, 0x20, 0xe2, 0x80, 0x94, 0x20, 0x74, 0x68, 0x65, 0x20, 0x66,
  0x69, 0x6c, 0x65, 0x20, 0x69, 0x73, 0x0a, 0x20, 0x2a, 0x20, 0x6e, 0x65, 0x76, 0x65, 0x72, 0x20,
  0x72, 0x65, 0x77, 0x72, 0x69, 0x74, 0x74, 0x65, 0x6e, 0x3b, 0x20, 0xc2, 0xa7, 0x34, 0x20, 0x72,
  0x65, 0x63, 0x65, 0x69, 0x70, 0x74, 0x73, 0x20, 0x61, 0x72, 0x65, 0x20, 0x61, 0x70, 0x70, 0x65,
  0x6e, 0x64, 0x2d, 0x6f, 0x6e, 0x6c, 0x79, 0x29, 0x2e, 0x20, 0x2a, 0x2f, 0x0a, 0x65, 0x78, 0x70,
  0x6f, 0x72, 0x74, 0x20, 0x63, 0x6f, 0x6e, 0x73, 0x74, 0x20, 0x61, 0x70, 0x70, 0x65, 0x6e, 0x64,
  0x52, 0x65, 0x63, 0x65, 0x69, 0x70, 0x74, 0x20, 0x3d, 0x20, 0x61, 0x73, 0x79, 0x6e, 0x63, 0x20,
  0x28, 0x74, 0x78, 0x49, 0x64, 0x2c, 0x20, 0x72, 0x65, 0x63, 0x65, 0x69, 0x70, 0x74, 0x29, 0x20,
  0x3d, 0x3e, 0x20, 0x7b, 0x0a, 0x20, 0x20, 0x6c, 0x6f, 0x67, 0x2e, 0x64, 0x65, 0x62, 0x75, 0x67,
  0x28, 0x27, 0x6a, 0x6f, 0x75, 0x72, 0x6e, 0x61, 0x6c, 0x20, 0x61, 0x70, 0x70, 0x65, 0x6e, 0x64,
  0x27, 0x2c, 0x20, 0x7b, 0x20, 0x74, 0x78, 0x49, 0x64, 0x2c, 0x20, 0x73, 0x74, 0x61, 0x74, 0x75,
  0x73, 0x3a, 0x20, 0x72, 0x65, 0x63, 0x65, 0x69, 0x70, 0x74, 0x2e, 0x73, 0x74, 0x61, 0x74, 0x75,
  0x73, 0x20, 0x7d, 0x29, 0x3b, 0x0a, 0x20, 0x20, 0x61, 0x77, 0x61, 0x69, 0x74, 0x20, 0x66, 0x73,
  0x57, 0x72, 0x69, 0x74, 0x65, 0x28, 0x53, 0x43, 0x4f, 0x50, 0x45, 0x2c, 0x20, 0x4a, 0x4f, 0x55,
  0x52, 0x4e, 0x41, 0x4c, 0x5f, 0x50, 0x41, 0x54, 0x48, 0x2c, 0x0a, 0x20, 0x20, 0x20, 0x20, 0x74,
  0x65, 0x78, 0x74, 0x42, 0x79, 0x74, 0x65, 0x73, 0x28, 0x60, 0x24, 0x7b, 0x4a, 0x53, 0x4f, 0x4e,
  0x2e, 0x73, 0x74, 0x72, 0x69, 0x6e, 0x67, 0x69, 0x66, 0x79, 0x28, 0x7b, 0x20, 0x74, 0x78, 0x49,
  0x64, 0x2c, 0x20, 0x72, 0x65, 0x63, 0x65, 0x69, 0x70, 0x74, 0x20, 0x7d, 0x29, 0x7d, 0x5c, 0x6e,
  0x60, 0x29, 0x2c, 0x20, 0x7b, 0x20, 0x61, 0x70, 0x70, 0x65, 0x6e, 0x64, 0x3a, 0x20, 0x74, 0x72,
  0x75, 0x65, 0x20, 0x7d, 0x29, 0x3b, 0x0a, 0x7d, 0x3b, 0x0a, 0x0a, 0x2f, 0x2a, 0x2a, 0x20, 0x50,
  0x61, 0x72, 0x73, 0x65, 0x20, 0x65, 0x72, 0x72, 0x6f, 0x72, 0x20, 0x77, 0x69, 0x74, 0x68, 0x20,
  0x69, 0x74, 0x73, 0x20, 0x31, 0x2d, 0x62, 0x61, 0x73, 0x65, 0x64, 0x20, 0x6a, 0x6f, 0x75, 0x72,
  0x6e, 0x61, 0x6c, 0x20, 0x6c, 0x69, 0x6e, 0x65, 0x20, 0xe2, 0x80, 0x94, 0x20, 0x66, 0x61, 0x69,
  0x6c, 0x20, 0x6c, 0x6f, 0x75, 0x64, 0x2c, 0x20, 0x6e, 0x65, 0x76, 0x65, 0x72, 0x20, 0x73, 0x6b,
  0x69, 0x70, 0x2e, 0x20, 0x2a, 0x2f, 0x0a, 0x65, 0x78, 0x70, 0x6f, 0x72, 0x74, 0x20, 0x63, 0x6c,
  0x61, 0x73, 0x73, 0x20, 0x4a, 0x6f, 0x75, 0x72, 0x6e, 0x61, 0x6c, 0x45, 0x72, 0x72, 0x6f, 0x72,
  0x20, 0x65, 0x78, 0x74, 0x65, 0x6e, 0x64, 0x73, 0x20, 0x45, 0x72, 0x72, 0x6f, 0x72, 0x20, 0x7b,
  0x0a, 0x20, 0x20, 0x63, 0x6f, 0x6e, 0x73, 0x74, 0x72, 0x75, 0x63, 0x74, 0x6f, 0x72, 0x28, 0x6c,
  0x69, 0x6e, 0x65, 0x2c, 0x20, 0x6d, 0x65, 0x73, 0x73, 0x61, 0x67, 0x65, 0x29, 0x20, 0x7b, 0x0a,
  0x20, 0x20, 0x20, 0x20, 0x73, 0x75, 0x70, 0x65, 0x72, 0x28, 0x60, 0x72, 0x65, 0x63, 0x65, 0x69,
  0x70, 0x74, 0x20, 0x6a, 0x6f, 0x75, 0x72, 0x6e, 0x61, 0x6c, 0x20, 0x6c, 0x69, 0x6e, 0x65, 0x20,
  0x24, 0x7b, 0x6c, 0x69, 0x6e, 0x65, 0x7d, 0x3a, 0x20, 0x24, 0x7b, 0x6d, 0x65, 0x73, 0x73, 0x61,
  0x67, 0x65, 0x7d, 0x60, 0x29, 0x3b, 0x0a, 0x20, 0x20, 0x20, 0x20, 0x74, 0x68, 0x69, 0x73, 0x2e,
  0x6e, 0x61, 0x6d, 0x65, 0x20, 0x3d, 0x20, 0x27, 0x4a, 0x6f, 0x75, 0x72, 0x6e, 0x61, 0x6c, 0x45,
  0x72, 0x72, 0x6f, 0x72, 0x27, 0x3b, 0x0a, 0x20, 0x20, 0x20, 0x20, 0x6c, 0x6f, 0x67, 0x2e, 0x64,
  0x65, 0x62, 0x75, 0x67, 0x28, 0x27, 0x6a, 0x6f, 0x75, 0x72, 0x6e, 0x61, 0x6c, 0x20, 0x65, 0x72,
  0x72, 0x6f, 0x72, 0x27, 0x2c, 0x20, 0x7b, 0x20, 0x6c, 0x69, 0x6e, 0x65, 0x2c, 0x20, 0x6d, 0x65,
  0x73, 0x73, 0x61, 0x67, 0x65, 0x20, 0x7d, 0x29, 0x3b, 0x0a, 0x20, 0x20, 0x7d, 0x0a, 0x7d, 0x0a,
  0x0a, 0x2f, 0x2a, 0x2a, 0x20, 0x52, 0x65, 0x61, 0x64, 0x20, 0x74, 0x68, 0x65, 0x20, 0x77, 0x68,
  0x6f, 0x6c, 0x65, 0x20, 0x6a, 0x6f, 0x75, 0x72, 0x6e, 0x61, 0x6c, 0x20, 0x61, 0x73, 0x20, 0x5b,
  0x7b, 0x74, 0x78, 0x49, 0x64, 0x2c, 0x20, 0x72, 0x65, 0x63, 0x65, 0x69, 0x70, 0x74, 0x7d, 0x5d,
  0x2e, 0x20, 0x41, 0x20, 0x6d, 0x69, 0x73, 0x73, 0x69, 0x6e, 0x67, 0x20, 0x66, 0x69, 0x6c, 0x65,
  0x20, 0x69, 0x73, 0x20, 0x61, 0x6e, 0x20, 0x65, 0x6d, 0x70, 0x74, 0x79, 0x0a, 0x20, 0x2a, 0x20,
  0x6a, 0x6f, 0x75, 0x72, 0x6e, 0x61, 0x6c, 0x20, 0x28, 0x66, 0x72, 0x65, 0x73, 0x68, 0x20, 0x69,
  0x6e, 0x73, 0x74, 0x61, 0x6c, 0x6c, 0x29, 0x3b, 0x20, 0x61, 0x20, 0x6d, 0x61, 0x6c, 0x66, 0x6f,
  0x72, 0x6d, 0x65, 0x64, 0x20, 0x4c, 0x49, 0x4e, 0x45, 0x20, 0x69, 0x73, 0x20, 0x66, 0x61, 0x74,
  0x61, 0x6c, 0x20, 0x28, 0x66, 0x61, 0x69, 0x6c, 0x20, 0x6c, 0x6f, 0x75, 0x64, 0x2c, 0x20, 0x72,
  0x75, 0x6c, 0x65, 0x20, 0x35, 0x29, 0x2e, 0x20, 0x2a, 0x2f, 0x0a, 0x65, 0x78, 0x70, 0x6f, 0x72,
  0x74, 0x20, 0x63, 0x6f, 0x6e, 0x73, 0x74, 0x20, 0x72, 0x65, 0x61, 0x64, 0x4a, 0x6f, 0x75, 0x72,
  0x6e, 0x61, 0x6c, 0x20, 0x3d, 0x20, 0x61, 0x73, 0x79, 0x6e, 0x63, 0x20, 0x28, 0x29, 0x20, 0x3d,
  0x3e, 0x20, 0x7b, 0x0a, 0x20, 0x20, 0x6c, 0x65, 0x74, 0x20, 0x74, 0x65, 0x78, 0x74, 0x3b, 0x0a,
  0x20, 0x20, 0x74, 0x72, 0x79, 0x20, 0x7b, 0x0a, 0x20, 0x20, 0x20, 0x20, 0x63, 0x6f, 0x6e, 0x73,
  0x74, 0x20, 0x7b, 0x20, 0x62, 0x79, 0x74, 0x65, 0x73, 0x20, 0x7d, 0x20, 0x3d, 0x20, 0x61, 0x77,
  0x61, 0x69, 0x74, 0x20, 0x66, 0x73, 0x52, 0x65, 0x61, 0x64, 0x28, 0x53, 0x43, 0x4f, 0x50, 0x45,
  0x2c, 0x20, 0x4a, 0x4f, 0x55, 0x52, 0x4e, 0x41, 0x4c, 0x5f, 0x50, 0x41, 0x54, 0x48, 0x29, 0x3b,
  0x0a, 0x20, 0x20, 0x20, 0x20, 0x74, 0x65, 0x78, 0x74, 0x20, 0x3d, 0x20, 0x74, 0x6f, 0x54, 0x65,
  0x78, 0x74, 0x28, 0x62, 0x79, 0x74, 0x65, 0x73, 0x29, 0x3b, 0x0a, 0x20, 0x20, 0x7d, 0x20, 0x63,
  0x61, 0x74, 0x63, 0x68, 0x20, 0x28, 0x65, 0x72, 0x72, 0x29, 0x20, 0x7b, 0x0a, 0x20, 0x20, 0x20,
  0x20, 0x6c, 0x6f, 0x67, 0x2e, 0x64, 0x65, 0x62, 0x75, 0x67, 0x28, 0x27, 0x6a, 0x6f, 0x75, 0x72,
  0x6e, 0x61, 0x6c, 0x20, 0x61, 0x62, 0x73, 0x65, 0x6e, 0x74, 0x20, 0xe2, 0x80, 0x94, 0x20, 0x66,
  0x72, 0x65, 0x73, 0x68, 0x20, 0x69, 0x6e, 0x73, 0x74, 0x61, 0x6c, 0x6c, 0x27, 0x2c, 0x20, 0x7b,
  0x20, 0x63, 0x6f, 0x64, 0x65, 0x3a, 0x20, 0x65, 0x72, 0x72, 0x3f, 0x2e, 0x63, 0x6f, 0x64, 0x65,
  0x20, 0x7d, 0x29, 0x3b, 0x0a, 0x20, 0x20, 0x20, 0x20, 0x72, 0x65, 0x74, 0x75, 0x72, 0x6e, 0x20,
  0x5b, 0x5d, 0x3b, 0x0a, 0x20, 0x20, 0x7d, 0x0a, 0x20, 0x20, 0x63, 0x6f, 0x6e, 0x73, 0x74, 0x20,
  0x65, 0x6e, 0x74, 0x72, 0x69, 0x65, 0x73, 0x20, 0x3d, 0x20, 0x5b, 0x5d, 0x3b, 0x0a, 0x20, 0x20,
  0x66, 0x6f, 0x72, 0x20, 0x28, 0x63, 0x6f, 0x6e, 0x73, 0x74, 0x20, 0x5b, 0x69, 0x2c, 0x20, 0x6c,
  0x69, 0x6e, 0x65, 0x5d, 0x20, 0x6f, 0x66, 0x20, 0x74, 0x65, 0x78, 0x74, 0x2e, 0x73, 0x70, 0x6c,
  0x69, 0x74, 0x28, 0x27, 0x5c, 0x6e, 0x27, 0x29, 0x2e, 0x65, 0x6e, 0x74, 0x72, 0x69, 0x65, 0x73,
  0x28, 0x29, 0x29, 0x20, 0x7b, 0x0a, 0x20, 0x20, 0x20, 0x20, 0x69, 0x66, 0x20, 0x28, 0x6c, 0x69,
  0x6e, 0x65, 0x2e, 0x74, 0x72, 0x69, 0x6d, 0x28, 0x29, 0x20, 0x3d, 0x3d, 0x3d, 0x20, 0x27, 0x27,
  0x29, 0x20, 0x63, 0x6f, 0x6e, 0x74, 0x69, 0x6e, 0x75, 0x65, 0x3b, 0x0a, 0x20, 0x20, 0x20, 0x20,
  0x74, 0x72, 0x79, 0x20, 0x7b, 0x0a, 0x20, 0x20, 0x20, 0x20, 0x20, 0x20, 0x63, 0x6f, 0x6e, 0x73,
  0x74, 0x20, 0x65, 0x6e, 0x74, 0x72, 0x79, 0x20, 0x3d, 0x20, 0x4a, 0x53, 0x4f, 0x4e, 0x2e, 0x70,
  0x61, 0x72, 0x73, 0x65, 0x28, 0x6c, 0x69, 0x6e, 0x65, 0x29, 0x3b, 0x0a, 0x20, 0x20, 0x20, 0x20,
  0x20, 0x20, 0x69, 0x66, 0x20, 0x28, 0x21, 0x65, 0x6e, 0x74, 0x72, 0x79, 0x2e, 0x74, 0x78, 0x49,
  0x64, 0x20, 0x7c, 0x7c, 0x20, 0x21, 0x65, 0x6e, 0x74, 0x72, 0x79, 0x2e, 0x72, 0x65, 0x63, 0x65,
  0x69, 0x70, 0x74, 0x20, 0x7c, 0x7c, 0x20, 0x21, 0x65, 0x6e, 0x74, 0x72, 0x79, 0x2e, 0x72, 0x65,
  0x63, 0x65, 0x69, 0x70, 0x74, 0x2e, 0x73, 0x74, 0x61, 0x74, 0x75, 0x73, 0x29, 0x20, 0x7b, 0x0a,
  0x20, 0x20, 0x20, 0x20, 0x20, 0x20, 0x20, 0x20, 0x74, 0x68, 0x72, 0x6f, 0x77, 0x20, 0x6e, 0x65,
  0x77, 0x20, 0x45, 0x72, 0x72, 0x6f, 0x72, 0x28, 0x27, 0x65, 0x6e, 0x74, 0x72, 0x79, 0x20, 0x69,
  0x73, 0x20, 0x6e, 0x6f, 0x74, 0x20, 0x61, 0x20, 0x7b, 0x74, 0x78, 0x49, 0x64, 0x2c, 0x20, 0x72,
  0x65, 0x63, 0x65, 0x69, 0x70, 0x74, 0x7d, 0x20, 0x72, 0x65, 0x63, 0x6f, 0x72, 0x64, 0x27, 0x29,
  0x3b, 0x0a, 0x20, 0x20, 0x20, 0x20, 0x20, 0x20, 0x7d, 0x0a, 0x20, 0x20, 0x20, 0x20, 0x20, 0x20,
  0x65, 0x6e, 0x74, 0x72, 0x69, 0x65, 0x73, 0x2e, 0x70, 0x75, 0x73, 0x68, 0x28, 0x65, 0x6e, 0x74,
  0x72, 0x79, 0x29, 0x3b, 0x0a, 0x20, 0x20, 0x20, 0x20, 0x7d, 0x20, 0x63, 0x61, 0x74, 0x63, 0x68,
  0x20, 0x28, 0x65, 0x72, 0x72, 0x29, 0x20, 0x7b, 0x0a, 0x20, 0x20, 0x20, 0x20, 0x20, 0x20, 0x74,
  0x68, 0x72, 0x6f, 0x77, 0x20, 0x6e, 0x65, 0x77, 0x20, 0x4a, 0x6f, 0x75, 0x72, 0x6e, 0x61, 0x6c,
  0x45, 0x72, 0x72, 0x6f, 0x72, 0x28, 0x69, 0x20, 0x2b, 0x20, 0x31, 0x2c, 0x20, 0x65, 0x72, 0x72,
  0x2e, 0x6d, 0x65, 0x73, 0x73, 0x61, 0x67, 0x65, 0x29, 0x3b, 0x0a, 0x20, 0x20, 0x20, 0x20, 0x7d,
  0x0a, 0x20, 0x20, 0x7d, 0x0a, 0x20, 0x20, 0x6c, 0x6f, 0x67, 0x2e, 0x64, 0x65, 0x62, 0x75, 0x67,
  0x28, 0x27, 0x6a, 0x6f, 0x75, 0x72, 0x6e, 0x61, 0x6c, 0x20, 0x72, 0x65, 0x61, 0x64, 0x27, 0x2c,
  0x20, 0x7b, 0x20, 0x65, 0x6e, 0x74, 0x72, 0x69, 0x65, 0x73, 0x3a, 0x20, 0x65, 0x6e, 0x74, 0x72,
  0x69, 0x65, 0x73, 0x2e, 0x6c, 0x65, 0x6e, 0x67, 0x74, 0x68, 0x20, 0x7d, 0x29, 0x3b, 0x0a, 0x20,
  0x20, 0x72, 0x65, 0x74, 0x75, 0x72, 0x6e, 0x20, 0x65, 0x6e, 0x74, 0x72, 0x69, 0x65, 0x73, 0x3b,
  0x0a, 0x7d, 0x3b, 0x0a, 0x0a, 0x2f, 0x2a, 0x2a, 0x20, 0x54, 0x68, 0x65, 0x20, 0x74, 0x72, 0x61,
  0x6e, 0x73, 0x61, 0x63, 0x74, 0x69, 0x6f, 0x6e, 0x73, 0x20, 0x77, 0x68, 0x6f, 0x73, 0x65, 0x20,
  0x4c, 0x41, 0x54, 0x45, 0x53, 0x54, 0x20, 0x6a, 0x6f, 0x75, 0x72, 0x6e, 0x61, 0x6c, 0x20, 0x65,
  0x6e, 0x74, 0x72, 0x79, 0x20, 0x69, 0x73, 0x20, 0x73, 0x74, 0x69, 0x6c, 0x6c, 0x20, 0x70, 0x65,
  0x6e, 0x64, 0x69, 0x6e, 0x67, 0x2c, 0x20, 0x69, 0x6e, 0x0a, 0x20, 0x2a, 0x20, 0x66, 0x69, 0x72,
  0x73, 0x74, 0x2d, 0x73, 0x65, 0x65, 0x6e, 0x20, 0x6f, 0x72, 0x64, 0x65, 0x72, 0x20, 0xe2, 0x80,
  0x94, 0x20, 0x74, 0x68, 0x65, 0x20, 0x73, 0x74, 0x61, 0x72, 0x74, 0x75, 0x70, 0x20, 0x72, 0x65,
  0x70, 0x6c, 0x61, 0x79, 0x27, 0x73, 0x20, 0x77, 0x6f, 0x72, 0x6b, 0x20, 0x6c, 0x69, 0x73, 0x74,
  0x2e, 0x20, 0x2a, 0x2f, 0x0a, 0x65, 0x78, 0x70, 0x6f, 0x72, 0x74, 0x20, 0x63, 0x6f, 0x6e, 0x73,
  0x74, 0x20, 0x70, 0x65, 0x6e, 0x64, 0x69, 0x6e, 0x67, 0x54, 0x72, 0x61, 0x6e, 0x73, 0x61, 0x63,
  0x74, 0x69, 0x6f, 0x6e, 0x73, 0x20, 0x3d, 0x20, 0x28, 0x65, 0x6e, 0x74, 0x72, 0x69, 0x65, 0x73,
  0x29, 0x20, 0x3d, 0x3e, 0x20, 0x7b, 0x0a, 0x20, 0x20, 0x6c, 0x6f, 0x67, 0x2e, 0x64, 0x65, 0x62,
  0x75, 0x67, 0x28, 0x27, 0x73, 0x63, 0x61, 0x6e, 0x20, 0x70, 0x65, 0x6e, 0x64, 0x69, 0x6e, 0x67,
  0x27, 0x2c, 0x20, 0x7b, 0x20, 0x65, 0x6e, 0x74, 0x72, 0x69, 0x65, 0x73, 0x3a, 0x20, 0x65, 0x6e,
  0x74, 0x72, 0x69, 0x65, 0x73, 0x2e, 0x6c, 0x65, 0x6e, 0x67, 0x74, 0x68, 0x20, 0x7d, 0x29, 0x3b,
  0x0a, 0x20, 0x20, 0x63, 0x6f, 0x6e, 0x73, 0x74, 0x20, 0x6c, 0x61, 0x74, 0x65, 0x73, 0x74, 0x20,
  0x3d, 0x20, 0x6e, 0x65, 0x77, 0x20, 0x4d, 0x61, 0x70, 0x28, 0x29, 0x3b, 0x0a, 0x20, 0x20, 0x63,
  0x6f, 0x6e, 0x73, 0x74, 0x20, 0x6f, 0x72, 0x64, 0x65, 0x72, 0x20, 0x3d, 0x20, 0x5b, 0x5d, 0x3b,
  0x0a, 0x20, 0x20, 0x66, 0x6f, 0x72, 0x20, 0x28, 0x63, 0x6f, 0x6e, 0x73, 0x74, 0x20, 0x65, 0x6e,
  0x74, 0x72, 0x79, 0x20, 0x6f, 0x66, 0x20, 0x65, 0x6e, 0x74, 0x72, 0x69, 0x65, 0x73, 0x29, 0x20,
  0x7b, 0x0a, 0x20, 0x20, 0x20, 0x20, 0x69, 0x66, 0x20, 0x28, 0x21, 0x6c, 0x61, 0x74, 0x65, 0x73,
  0x74, 0x2e, 0x68, 0x61, 0x73, 0x28, 0x65, 0x6e, 0x74, 0x72, 0x79, 0x2e, 0x74, 0x78, 0x49, 0x64,
  0x29, 0x29, 0x20, 0x6f, 0x72, 0x64, 0x65, 0x72, 0x2e, 0x70, 0x75, 0x73, 0x68, 0x28, 0x65, 0x6e,
  0x74, 0x72, 0x79, 0x2e, 0x74, 0x78, 0x49, 0x64, 0x29, 0x3b, 0x0a, 0x20, 0x20, 0x20, 0x20, 0x6c,
  0x61, 0x74, 0x65, 0x73, 0x74, 0x2e, 0x73, 0x65, 0x74, 0x28, 0x65, 0x6e, 0x74, 0x72, 0x79, 0x2e,
  0x74, 0x78, 0x49, 0x64, 0x2c, 0x20, 0x65, 0x6e, 0x74, 0x72, 0x79, 0x29, 0x3b, 0x0a, 0x20, 0x20,
  0x7d, 0x0a, 0x20, 0x20, 0x72, 0x65, 0x74, 0x75, 0x72, 0x6e, 0x20, 0x6f, 0x72, 0x64, 0x65, 0x72,
  0x0a, 0x20, 0x20, 0x20, 0x20, 0x2e, 0x6d, 0x61, 0x70, 0x28, 0x28, 0x74, 0x78, 0x49, 0x64, 0x29,
  0x20, 0x3d, 0x3e, 0x20, 0x6c, 0x61, 0x74, 0x65, 0x73, 0x74, 0x2e, 0x67, 0x65, 0x74, 0x28, 0x74,
  0x78, 0x49, 0x64, 0x29, 0x29, 0x0a, 0x20, 0x20, 0x20, 0x20, 0x2e, 0x66, 0x69, 0x6c, 0x74, 0x65,
  0x72, 0x28, 0x28, 0x65, 0x6e, 0x74, 0x72, 0x79, 0x29, 0x20, 0x3d, 0x3e, 0x20, 0x65, 0x6e, 0x74,
  0x72, 0x79, 0x2e, 0x72, 0x65, 0x63, 0x65, 0x69, 0x70, 0x74, 0x2e, 0x73, 0x74, 0x61, 0x74, 0x75,
  0x73, 0x20, 0x3d, 0x3d, 0x3d, 0x20, 0x27, 0x70, 0x65, 0x6e, 0x64, 0x69, 0x6e, 0x67, 0x27, 0x29,
  0x3b, 0x0a, 0x7d, 0x3b, 0x0a, 0x0a, 0x2f, 0x2a, 0x2a, 0x20, 0x52, 0x65, 0x61, 0x64, 0x20, 0x61,
  0x20, 0x66, 0x69, 0x6c, 0x65, 0x20, 0x61, 0x6e, 0x64, 0x20, 0x63, 0x68, 0x65, 0x63, 0x6b, 0x20,
  0x69, 0x74, 0x73, 0x20, 0x73, 0x68, 0x61, 0x32, 0x35, 0x36, 0x20, 0x61, 0x67, 0x61, 0x69, 0x6e,
  0x73, 0x74, 0x20, 0x60, 0x68, 0x65, 0x78, 0x60, 0x20, 0x28, 0xc2, 0xa7, 0x33, 0x3a, 0x20, 0x76,
  0x65, 0x72, 0x69, 0x66, 0x79, 0x2c, 0x20, 0x6e, 0x65, 0x76, 0x65, 0x72, 0x20, 0x74, 0x72, 0x75,
  0x73, 0x74, 0x29, 0x2e, 0x20, 0x2a, 0x2f, 0x0a, 0x63, 0x6f, 0x6e, 0x73, 0x74, 0x20, 0x72, 0x65,
  0x61, 0x64, 0x42, 0x61, 0x63, 0x6b, 0x56, 0x65, 0x72, 0x69, 0x66, 0x69, 0x65, 0x64, 0x20, 0x3d,
  0x20, 0x61, 0x73, 0x79, 0x6e, 0x63, 0x20, 0x28, 0x70, 0x61, 0x74, 0x68, 0x2c, 0x20, 0x68, 0x65,
  0x78, 0x29, 0x20, 0x3d, 0x3e, 0x20, 0x7b, 0x0a, 0x20, 0x20, 0x6c, 0x6f, 0x67, 0x2e, 0x64, 0x65,
  0x62, 0x75, 0x67, 0x28, 0x27, 0x72, 0x65, 0x61, 0x64, 0x20, 0x62, 0x61, 0x63, 0x6b, 0x20, 0x76,
  0x65, 0x72, 0x69, 0x66, 0x69, 0x65, 0x64, 0x27, 0x2c, 0x20, 0x7b, 0x20, 0x70, 0x61, 0x74, 0x68,
  0x20, 0x7d, 0x29, 0x3b, 0x0a, 0x20, 0x20, 0x63, 0x6f, 0x6e, 0x73, 0x74, 0x20, 0x7b, 0x20, 0x62,
  0x79, 0x74, 0x65, 0x73, 0x20, 0x7d, 0x20, 0x3d, 0x20, 0x61, 0x77, 0x61, 0x69, 0x74, 0x20, 0x66,
  0x73, 0x52, 0x65, 0x61, 0x64, 0x28, 0x53, 0x43, 0x4f, 0x50, 0x45, 0x2c, 0x20, 0x70, 0x61, 0x74,
  0x68, 0x29, 0x3b, 0x0a, 0x20, 0x20, 0x63, 0x6f, 0x6e, 0x73, 0x74, 0x20, 0x67, 0x6f, 0x74, 0x20,
  0x3d, 0x20, 0x73, 0x68, 0x61, 0x32, 0x35, 0x36, 0x48, 0x65, 0x78, 0x28, 0x62, 0x79, 0x74, 0x65,
  0x73, 0x29, 0x3b, 0x0a, 0x20, 0x20, 0x69, 0x66, 0x20, 0x28, 0x67, 0x6f, 0x74, 0x20, 0x21, 0x3d,
  0x3d, 0x20, 0x68, 0x65, 0x78, 0x29, 0x20, 0x74, 0x68, 0x72, 0x6f, 0x77, 0x20, 0x6e, 0x65, 0x77,
  0x20, 0x45, 0x72, 0x72, 0x6f, 0x72, 0x28, 0x60, 0x64, 0x69, 0x67, 0x65, 0x73, 0x74, 0x20, 0x64,
  0x72, 0x69, 0x66, 0x74, 0x3a, 0x20, 0x24, 0x7b, 0x70, 0x61, 0x74, 0x68, 0x7d, 0x60, 0x29, 0x3b,
  0x0a, 0x20, 0x20, 0x72, 0x65, 0x74, 0x75, 0x72, 0x6e, 0x20, 0x62, 0x79, 0x74, 0x65, 0x73, 0x3b,
  0x0a, 0x7d, 0x3b, 0x0a, 0x0a, 0x2f, 0x2a, 0x2a, 0x20, 0x43, 0x6f, 0x6d, 0x70, 0x6c, 0x65, 0x74,
  0x65, 0x20, 0x6f, 0x6e, 0x65, 0x20, 0x70, 0x65, 0x6e, 0x64, 0x69, 0x6e, 0x67, 0x20, 0x69, 0x6e,
  0x73, 0x74, 0x61, 0x6c, 0x6c, 0x3a, 0x20, 0x76, 0x65, 0x72, 0x69, 0x66, 0x79, 0x20, 0x74, 0x68,
  0x65, 0x20, 0x73, 0x74, 0x61, 0x67, 0x65, 0x64, 0x20, 0x74, 0x72, 0x65, 0x65, 0x20, 0x28, 0x61,
  0x6e, 0x63, 0x68, 0x6f, 0x72, 0x65, 0x64, 0x20, 0x62, 0x79, 0x20, 0x74, 0x68, 0x65, 0x0a, 0x20,
  0x2a, 0x20, 0x70, 0x65, 0x6e, 0x64, 0x69, 0x6e, 0x67, 0x20, 0x72, 0x65, 0x63, 0x65, 0x69, 0x70,
  0x74, 0x27, 0x73, 0x20, 0x74, 0x72, 0x65, 0x65, 0x53, 0x68, 0x61, 0x32, 0x35, 0x36, 0x29, 0x2c,
  0x20, 0x70, 0x72, 0x6f, 0x6d, 0x6f, 0x74, 0x65, 0x20, 0x69, 0x74, 0x2c, 0x20, 0x61, 0x70, 0x70,
  0x65, 0x6e, 0x64, 0x20, 0x74, 0x68, 0x65, 0x20, 0x63, 0x6f, 0x6d, 0x6d, 0x69, 0x74, 0x74, 0x65,
  0x64, 0x20, 0x72, 0x65, 0x63, 0x65, 0x69, 0x70, 0x74, 0x2e, 0x0a, 0x20, 0x2a, 0x20, 0x54, 0x68,
  0x72, 0x6f, 0x77, 0x73, 0x20, 0x77, 0x68, 0x65, 0x6e, 0x20, 0x74, 0x68, 0x65, 0x20, 0x73, 0x74,
  0x61, 0x67, 0x65, 0x64, 0x20, 0x74, 0x72, 0x65, 0x65, 0x20, 0x64, 0x6f, 0x65, 0x73, 0x20, 0x6e,
  0x6f, 0x74, 0x20, 0x76, 0x65, 0x72, 0x69, 0x66, 0x79, 0x2e, 0x20, 0x2a, 0x2f, 0x0a, 0x63, 0x6f,
  0x6e, 0x73, 0x74, 0x20, 0x72, 0x65, 0x63, 0x6f, 0x76, 0x65, 0x72, 0x4f, 0x6e, 0x65, 0x20, 0x3d,
  0x20, 0x61, 0x73, 0x79, 0x6e, 0x63, 0x20, 0x28, 0x65, 0x6e, 0x74, 0x72, 0x79, 0x29, 0x20, 0x3d,
  0x3e, 0x20, 0x7b, 0x0a, 0x20, 0x20, 0x63, 0x6f, 0x6e, 0x73, 0x74, 0x20, 0x7b, 0x20, 0x74, 0x78,
  0x49, 0x64, 0x2c, 0x20, 0x72, 0x65, 0x63, 0x65, 0x69, 0x70, 0x74, 0x20, 0x7d, 0x20, 0x3d, 0x20,
  0x65, 0x6e, 0x74, 0x72, 0x79, 0x3b, 0x0a, 0x20, 0x20, 0x63, 0x6f, 0x6e, 0x73, 0x74, 0x20, 0x73,
  0x74, 0x61, 0x67, 0x69, 0x6e, 0x67, 0x20, 0x3d, 0x20, 0x60, 0x70, 0x6c, 0x75, 0x67, 0x69, 0x6e,
  0x73, 0x2f, 0x2e, 0x73, 0x74, 0x61, 0x67, 0x69, 0x6e, 0x67, 0x2d, 0x24, 0x7b, 0x74, 0x78, 0x49,
  0x64, 0x7d, 0x60, 0x3b, 0x0a, 0x20, 0x20, 0x6c, 0x6f, 0x67, 0x2e, 0x64, 0x65, 0x62, 0x75, 0x67,
  0x28, 0x27, 0x72, 0x65, 0x63, 0x6f, 0x76, 0x65, 0x72, 0x20, 0x62, 0x65, 0x67, 0x69, 0x6e, 0x27,
  0x2c, 0x20, 0x7b, 0x20, 0x74, 0x78, 0x49, 0x64, 0x2c, 0x20, 0x73, 0x74, 0x61, 0x67, 0x69, 0x6e,
  0x67, 0x20, 0x7d, 0x29, 0x3b, 0x0a, 0x20, 0x20, 0x63, 0x6f, 0x6e, 0x73, 0x74, 0x20, 0x69, 0x6e,
  0x74, 0x65, 0x67, 0x42, 0x79, 0x74, 0x65, 0x73, 0x20, 0x3d, 0x20, 0x61, 0x77, 0x61, 0x69, 0x74,
  0x20, 0x72, 0x65, 0x61, 0x64, 0x42, 0x61, 0x63, 0x6b, 0x56, 0x65, 0x72, 0x69, 0x66, 0x69, 0x65,
  0x64, 0x28, 0x60, 0x24, 0x7b, 0x73, 0x74, 0x61, 0x67, 0x69, 0x6e, 0x67, 0x7d, 0x2f, 0x69, 0x6e,
  0x74, 0x65, 0x67, 0x72, 0x69, 0x74, 0x79, 0x2e, 0x6a, 0x73, 0x6f, 0x6e, 0x60, 0x2c, 0x20, 0x72,
  0x65, 0x63, 0x65, 0x69, 0x70, 0x74, 0x2e, 0x74, 0x72, 0x65, 0x65, 0x53, 0x68, 0x61, 0x32, 0x35,
  0x36, 0x29, 0x3b, 0x0a, 0x20, 0x20, 0x63, 0x6f, 0x6e, 0x73, 0x74, 0x20, 0x6c, 0x65, 0x64, 0x67,
  0x65, 0x72, 0x20, 0x3d, 0x20, 0x4a, 0x53, 0x4f, 0x4e, 0x2e, 0x70, 0x61, 0x72, 0x73, 0x65, 0x28,
  0x74, 0x6f, 0x54, 0x65, 0x78, 0x74, 0x28, 0x69, 0x6e, 0x74, 0x65, 0x67, 0x42, 0x79, 0x74, 0x65,
  0x73, 0x29, 0x29, 0x3b, 0x0a, 0x20, 0x20, 0x66, 0x6f, 0x72, 0x20, 0x28, 0x63, 0x6f, 0x6e, 0x73,
  0x74, 0x20, 0x5b, 0x72, 0x65, 0x6c, 0x2c, 0x20, 0x68, 0x65, 0x78, 0x5d, 0x20, 0x6f, 0x66, 0x20,
  0x4f, 0x62, 0x6a, 0x65, 0x63, 0x74, 0x2e, 0x65, 0x6e, 0x74, 0x72, 0x69, 0x65, 0x73, 0x28, 0x6c,
  0x65, 0x64, 0x67, 0x65, 0x72, 0x2e, 0x66, 0x69, 0x6c, 0x65, 0x73, 0x29, 0x29, 0x20, 0x7b, 0x0a,
  0x20, 0x20, 0x20, 0x20, 0x61, 0x77, 0x61, 0x69, 0x74, 0x20, 0x72, 0x65, 0x61, 0x64, 0x42, 0x61,
  0x63, 0x6b, 0x56, 0x65, 0x72, 0x69, 0x66, 0x69, 0x65, 0x64, 0x28, 0x60, 0x24, 0x7b, 0x73, 0x74,
  0x61, 0x67, 0x69, 0x6e, 0x67, 0x7d, 0x2f, 0x24, 0x7b, 0x72, 0x65, 0x6c, 0x7d, 0x60, 0x2c, 0x20,
  0x68, 0x65, 0x78, 0x29, 0x3b, 0x0a, 0x20, 0x20, 0x7d, 0x0a, 0x20, 0x20, 0x63, 0x6f, 0x6e, 0x73,
  0x74, 0x20, 0x70, 0x6b, 0x67, 0x44, 0x69, 0x72, 0x20, 0x3d, 0x20, 0x60, 0x70, 0x6c, 0x75, 0x67,
  0x69, 0x6e, 0x73, 0x2f, 0x24, 0x7b, 0x72, 0x65, 0x63, 0x65, 0x69, 0x70, 0x74, 0x2e, 0x69, 0x64,
  0x7d, 0x40, 0x24, 0x7b, 0x72, 0x65, 0x63, 0x65, 0x69, 0x70, 0x74, 0x2e, 0x76, 0x65, 0x72, 0x73,
  0x69, 0x6f, 0x6e, 0x7d, 0x60, 0x3b, 0x0a, 0x20, 0x20, 0x66, 0x6f, 0x72, 0x20, 0x28, 0x63, 0x6f,
  0x6e, 0x73, 0x74, 0x20, 0x72, 0x65, 0x6c, 0x20, 0x6f, 0x66, 0x20, 0x5b, 0x2e, 0x2e, 0x2e, 0x4f,
  0x62, 0x6a, 0x65, 0x63, 0x74, 0x2e, 0x6b, 0x65, 0x79, 0x73, 0x28, 0x6c, 0x65, 0x64, 0x67, 0x65,
  0x72, 0x2e, 0x66, 0x69, 0x6c, 0x65, 0x73, 0x29, 0x2c, 0x20, 0x27, 0x69, 0x6e, 0x74, 0x65, 0x67,
  0x72, 0x69, 0x74, 0x79, 0x2e, 0x6a, 0x73, 0x6f, 0x6e, 0x27, 0x5d, 0x29, 0x20, 0x7b, 0x0a, 0x20,
  0x20, 0x20, 0x20, 0x63, 0x6f, 0x6e, 0x73, 0x74, 0x20, 0x7b, 0x20, 0x62, 0x79, 0x74, 0x65, 0x73,
  0x20, 0x7d, 0x20, 0x3d, 0x20, 0x61, 0x77, 0x61, 0x69, 0x74, 0x20, 0x66, 0x73, 0x52, 0x65, 0x61,
  0x64, 0x28, 0x53, 0x43, 0x4f, 0x50, 0x45, 0x2c, 0x20, 0x60, 0x24, 0x7b, 0x73, 0x74, 0x61, 0x67,
  0x69, 0x6e, 0x67, 0x7d, 0x2f, 0x24, 0x7b, 0x72, 0x65, 0x6c, 0x7d, 0x60, 0x29, 0x3b, 0x0a, 0x20,
  0x20, 0x20, 0x20, 0x61, 0x77, 0x61, 0x69, 0x74, 0x20, 0x66, 0x73, 0x57, 0x72, 0x69, 0x74, 0x65,
  0x28, 0x53, 0x43, 0x4f, 0x50, 0x45, 0x2c, 0x20, 0x60, 0x24, 0x7b, 0x70, 0x6b, 0x67, 0x44, 0x69,
  0x72, 0x7d, 0x2f, 0x24, 0x7b, 0x72, 0x65, 0x6c, 0x7d, 0x60, 0x2c, 0x20, 0x62, 0x79, 0x74, 0x65,
  0x73, 0x29, 0x3b, 0x0a, 0x20, 0x20, 0x7d, 0x0a, 0x20, 0x20, 0x63, 0x6f, 0x6e, 0x73, 0x74, 0x20,
  0x63, 0x6f, 0x6d, 0x6d, 0x69, 0x74, 0x74, 0x65, 0x64, 0x20, 0x3d, 0x20, 0x7b, 0x0a, 0x20, 0x20,
  0x20, 0x20, 0x72, 0x65, 0x63, 0x65, 0x69, 0x70, 0x74, 0x56, 0x65, 0x72, 0x73, 0x69, 0x6f, 0x6e,
  0x3a, 0x20, 0x31, 0x2c, 0x0a, 0x20, 0x20, 0x20, 0x20, 0x61, 0x63, 0x74, 0x69, 0x6f, 0x6e, 0x3a,
  0x20, 0x27, 0x69, 0x6e, 0x73, 0x74, 0x61, 0x6c, 0x6c, 0x27, 0x2c, 0x0a, 0x20, 0x20, 0x20, 0x20,
  0x69, 0x64, 0x3a, 0x20, 0x72, 0x65, 0x63, 0x65, 0x69, 0x70, 0x74, 0x2e, 0x69, 0x64, 0x2c, 0x0a,
  0x20, 0x20, 0x20, 0x20, 0x76, 0x65, 0x72, 0x73, 0x69, 0x6f, 0x6e, 0x3a, 0x20, 0x72, 0x65, 0x63,
  0x65, 0x69, 0x70, 0x74, 0x2e, 0x76, 0x65, 0x72, 0x73, 0x69, 0x6f, 0x6e, 0x2c, 0x0a, 0x20, 0x20,
  0x20, 0x20, 0x62, 0x6c, 0x6f, 0x62, 0x53, 0x68, 0x61, 0x32, 0x35, 0x36, 0x3a, 0x20, 0x72, 0x65,
  0x63, 0x65, 0x69, 0x70, 0x74, 0x2e, 0x62, 0x6c, 0x6f, 0x62, 0x53, 0x68, 0x61, 0x32, 0x35, 0x36,
  0x2c, 0x0a, 0x20, 0x20, 0x20, 0x20, 0x74, 0x72, 0x65, 0x65, 0x53, 0x68, 0x61, 0x32, 0x35, 0x36,
  0x3a, 0x20, 0x72, 0x65, 0x63, 0x65, 0x69, 0x70, 0x74, 0x2e, 0x74, 0x72, 0x65, 0x65, 0x53, 0x68,
  0x61, 0x32, 0x35, 0x36, 0x2c, 0x0a, 0x20, 0x20, 0x20, 0x20, 0x73, 0x74, 0x61, 0x74, 0x75, 0x73,
  0x3a, 0x20, 0x27, 0x63, 0x6f, 0x6d, 0x6d, 0x69, 0x74, 0x74, 0x65, 0x64, 0x27, 0x2c, 0x0a, 0x20,
  0x20, 0x20, 0x20, 0x70, 0x72, 0x65, 0x76, 0x69, 0x6f, 0x75, 0x73, 0x56, 0x65, 0x72, 0x73, 0x69,
  0x6f, 0x6e, 0x3a, 0x20, 0x72, 0x65, 0x63, 0x65, 0x69, 0x70, 0x74, 0x2e, 0x70, 0x72, 0x65, 0x76,
  0x69, 0x6f, 0x75, 0x73, 0x56, 0x65, 0x72, 0x73, 0x69, 0x6f, 0x6e, 0x20, 0x3f, 0x3f, 0x20, 0x6e,
  0x75, 0x6c, 0x6c, 0x2c, 0x0a, 0x20, 0x20, 0x20, 0x20, 0x73, 0x74, 0x61, 0x72, 0x74, 0x65, 0x64,
  0x41, 0x74, 0x3a, 0x20, 0x72, 0x65, 0x63, 0x65, 0x69, 0x70, 0x74, 0x2e, 0x73, 0x74, 0x61, 0x72,
  0x74, 0x65, 0x64, 0x41, 0x74, 0x2c, 0x0a, 0x20, 0x20, 0x20, 0x20, 0x63, 0x6f, 0x6d, 0x6d, 0x69,
  0x74, 0x74, 0x65, 0x64, 0x41, 0x74, 0x3a, 0x20, 0x6e, 0x65, 0x77, 0x20, 0x44, 0x61, 0x74, 0x65,
  0x28, 0x29, 0x2e, 0x74, 0x6f, 0x49, 0x53, 0x4f, 0x53, 0x74, 0x72, 0x69, 0x6e, 0x67, 0x28, 0x29,
  0x2c, 0x0a, 0x20, 0x20, 0x7d, 0x3b, 0x0a, 0x20, 0x20, 0x61, 0x77, 0x61, 0x69, 0x74, 0x20, 0x61,
  0x70, 0x70, 0x65, 0x6e, 0x64, 0x52, 0x65, 0x63, 0x65, 0x69, 0x70, 0x74, 0x28, 0x74, 0x78, 0x49,
  0x64, 0x2c, 0x20, 0x63, 0x6f, 0x6d, 0x6d, 0x69, 0x74, 0x74, 0x65, 0x64, 0x29, 0x3b, 0x0a, 0x20,
  0x20, 0x6c, 0x6f, 0x67, 0x2e, 0x64, 0x65, 0x62, 0x75, 0x67, 0x28, 0x27, 0x72, 0x65, 0x63, 0x6f,
  0x76, 0x65, 0x72, 0x20, 0x63, 0x6f, 0x6d, 0x6d, 0x69, 0x74, 0x74, 0x65, 0x64, 0x27, 0x2c, 0x20,
  0x7b, 0x20, 0x74, 0x78, 0x49, 0x64, 0x2c, 0x20, 0x70, 0x6b, 0x67, 0x44, 0x69, 0x72, 0x20, 0x7d,
  0x29, 0x3b, 0x0a, 0x20, 0x20, 0x72, 0x65, 0x74, 0x75, 0x72, 0x6e, 0x20, 0x63, 0x6f, 0x6d, 0x6d,
  0x69, 0x74, 0x74, 0x65, 0x64, 0x3b, 0x0a, 0x7d, 0x3b, 0x0a, 0x0a, 0x2f, 0x2a, 0x2a, 0x0a, 0x20,
  0x2a, 0x20, 0x54, 0x68, 0x65, 0x20, 0x53, 0x54, 0x41, 0x52, 0x54, 0x55, 0x50, 0x20, 0x52, 0x45,
  0x50, 0x4c, 0x41, 0x59, 0x3a, 0x20, 0x72, 0x65, 0x61, 0x64, 0x20, 0x74, 0x68, 0x65, 0x20, 0x6a,
  0x6f, 0x75, 0x72, 0x6e, 0x61, 0x6c, 0x2c, 0x20, 0x65, 0x78, 0x61, 0x6d, 0x69, 0x6e, 0x65, 0x20,
  0x65, 0x76, 0x65, 0x72, 0x79, 0x20, 0x70, 0x65, 0x6e, 0x64, 0x69, 0x6e, 0x67, 0x20, 0x72, 0x65,
  0x63, 0x65, 0x69, 0x70, 0x74, 0x2c, 0x20, 0x61, 0x6e, 0x64, 0x0a, 0x20, 0x2a, 0x20, 0x72, 0x65,
  0x73, 0x6f, 0x6c, 0x76, 0x65, 0x20, 0x65, 0x61, 0x63, 0x68, 0x20, 0x74, 0x6f, 0x20, 0x63, 0x6f,
  0x6d, 0x6d, 0x69, 0x74, 0x74, 0x65, 0x64, 0x20, 0x6f, 0x72, 0x20, 0x72, 0x6f, 0x6c, 0x6c, 0x65,
  0x64, 0x2d, 0x62, 0x61, 0x63, 0x6b, 0x20, 0x28, 0xc2, 0xa7, 0x34, 0x29, 0x2e, 0x20, 0x50, 0x72,
  0x6f, 0x67, 0x72, 0x65, 0x73, 0x73, 0x20, 0x72, 0x69, 0x64, 0x65, 0x73, 0x0a, 0x20, 0x2a, 0x20,
  0x6f, 0x6e, 0x20, 0x3d, 0x20, 0x28, 0x73, 0x74, 0x65, 0x70, 0x2c, 0x20, 0x66, 0x69, 0x65, 0x6c,
  0x64, 0x73, 0x29, 0x20, 0x77, 0x69, 0x74, 0x68, 0x20, 0x73, 0x74, 0x65, 0x70, 0x73, 0x20, 0x62,
  0x65, 0x67, 0x69, 0x6e, 0x20, 0x2f, 0x20, 0x63, 0x6f, 0x6d, 0x6d, 0x69, 0x74, 0x74, 0x65, 0x64,
  0x20, 0x2f, 0x20, 0x72, 0x6f, 0x6c, 0x6c, 0x65, 0x64, 0x2d, 0x62, 0x61, 0x63, 0x6b, 0x20, 0x2f,
  0x20, 0x64, 0x6f, 0x6e, 0x65, 0x2e, 0x0a, 0x20, 0x2a, 0x20, 0x52, 0x65, 0x73, 0x6f, 0x6c, 0x76,
  0x65, 0x73, 0x20, 0x7b, 0x63, 0x6f, 0x6d, 0x6d, 0x69, 0x74, 0x74, 0x65, 0x64, 0x2c, 0x20, 0x72,
  0x6f, 0x6c, 0x6c, 0x65, 0x64, 0x42, 0x61, 0x63, 0x6b, 0x7d, 0x2e, 0x0a, 0x20, 0x2a, 0x2f, 0x0a,
  0x65, 0x78, 0x70, 0x6f, 0x72, 0x74, 0x20, 0x63, 0x6f, 0x6e, 0x73, 0x74, 0x20, 0x72, 0x65, 0x70,
  0x6c, 0x61, 0x79, 0x50, 0x65, 0x6e, 0x64, 0x69, 0x6e, 0x67, 0x52, 0x65, 0x63, 0x65, 0x69, 0x70,
  0x74, 0x73, 0x20, 0x3d, 0x20, 0x61, 0x73, 0x79, 0x6e, 0x63, 0x20, 0x28, 0x7b, 0x20, 0x6f, 0x6e,
  0x20, 0x3d, 0x20, 0x28, 0x29, 0x20, 0x3d, 0x3e, 0x20, 0x7b, 0x7d, 0x20, 0x7d, 0x20, 0x3d, 0x20,
  0x7b, 0x7d, 0x29, 0x20, 0x3d, 0x3e, 0x20, 0x7b, 0x0a, 0x20, 0x20, 0x63, 0x6f, 0x6e, 0x73, 0x74,
  0x20, 0x70, 0x65, 0x6e, 0x64, 0x69, 0x6e, 0x67, 0x20, 0x3d, 0x20, 0x70, 0x65, 0x6e, 0x64, 0x69,
  0x6e, 0x67, 0x54, 0x72, 0x61, 0x6e, 0x73, 0x61, 0x63, 0x74, 0x69, 0x6f, 0x6e, 0x73, 0x28, 0x61,
  0x77, 0x61, 0x69, 0x74, 0x20, 0x72, 0x65, 0x61, 0x64, 0x4a, 0x6f, 0x75, 0x72, 0x6e, 0x61, 0x6c,
  0x28, 0x29, 0x29, 0x3b, 0x0a, 0x20, 0x20, 0x6c, 0x6f, 0x67, 0x2e, 0x64, 0x65, 0x62, 0x75, 0x67,
  0x28, 0x27, 0x72, 0x65, 0x70, 0x6c, 0x61, 0x79, 0x20, 0x62, 0x65, 0x67, 0x69, 0x6e, 0x27, 0x2c,
  0x20, 0x7b, 0x20, 0x70, 0x65, 0x6e, 0x64, 0x69, 0x6e, 0x67, 0x3a, 0x20, 0x70, 0x65, 0x6e, 0x64,
  0x69, 0x6e, 0x67, 0x2e, 0x6c, 0x65, 0x6e, 0x67, 0x74, 0x68, 0x20, 0x7d, 0x29, 0x3b, 0x0a, 0x20,
  0x20, 0x6f, 0x6e, 0x28, 0x27, 0x62, 0x65, 0x67, 0x69, 0x6e, 0x27, 0x2c, 0x20, 0x7b, 0x20, 0x70,
  0x65, 0x6e, 0x64, 0x69, 0x6e, 0x67, 0x3a, 0x20, 0x70, 0x65, 0x6e, 0x64, 0x69, 0x6e, 0x67, 0x2e,
  0x6c, 0x65, 0x6e, 0x67, 0x74, 0x68, 0x20, 0x7d, 0x29, 0x3b, 0x0a, 0x20, 0x20, 0x6c, 0x65, 0x74,
  0x20, 0x63, 0x6f, 0x6d, 0x6d, 0x69, 0x74, 0x74, 0x65, 0x64, 0x20, 0x3d, 0x20, 0x30, 0x3b, 0x0a,
  0x20, 0x20, 0x6c, 0x65, 0x74, 0x20, 0x72, 0x6f, 0x6c, 0x6c, 0x65, 0x64, 0x42, 0x61, 0x63, 0x6b,
  0x20, 0x3d, 0x20, 0x30, 0x3b, 0x0a, 0x20, 0x20, 0x66, 0x6f, 0x72, 0x20, 0x28, 0x63, 0x6f, 0x6e,
  0x73, 0x74, 0x20, 0x65, 0x6e, 0x74, 0x72, 0x79, 0x20, 0x6f, 0x66, 0x20, 0x70, 0x65, 0x6e, 0x64,
  0x69, 0x6e, 0x67, 0x29, 0x20, 0x7b, 0x0a, 0x20, 0x20, 0x20, 0x20, 0x63, 0x6f, 0x6e, 0x73, 0x74,
  0x20, 0x7b, 0x20, 0x74, 0x78, 0x49, 0x64, 0x2c, 0x20, 0x72, 0x65, 0x63, 0x65, 0x69, 0x70, 0x74,
  0x20, 0x7d, 0x20, 0x3d, 0x20, 0x65, 0x6e, 0x74, 0x72, 0x79, 0x3b, 0x0a, 0x20, 0x20, 0x20, 0x20,
  0x74, 0x72, 0x79, 0x20, 0x7b, 0x0a, 0x20, 0x20, 0x20, 0x20, 0x20, 0x20, 0x61, 0x77, 0x61, 0x69,
  0x74, 0x20, 0x72, 0x65, 0x63, 0x6f, 0x76, 0x65, 0x72, 0x4f, 0x6e, 0x65, 0x28, 0x65, 0x6e, 0x74,
  0x72, 0x79, 0x29, 0x3b, 0x0a, 0x20, 0x20, 0x20, 0x20, 0x20, 0x20, 0x63, 0x6f, 0x6d, 0x6d, 0x69,
  0x74, 0x74, 0x65, 0x64, 0x20, 0x2b, 0x3d, 0x20, 0x31, 0x3b, 0x0a, 0x20, 0x20, 0x20, 0x20, 0x20,
  0x20, 0x6f, 0x6e, 0x28, 0x27, 0x63, 0x6f, 0x6d, 0x6d, 0x69, 0x74, 0x74, 0x65, 0x64, 0x27, 0x2c,
  0x20, 0x7b, 0x20, 0x74, 0x78, 0x49, 0x64, 0x2c, 0x20, 0x69, 0x64, 0x3a, 0x20, 0x72, 0x65, 0x63,
  0x65, 0x69, 0x70, 0x74, 0x2e, 0x69, 0x64, 0x2c, 0x20, 0x76, 0x65, 0x72, 0x73, 0x69, 0x6f, 0x6e,
  0x3a, 0x20, 0x72, 0x65, 0x63, 0x65, 0x69, 0x70, 0x74, 0x2e, 0x76, 0x65, 0x72, 0x73, 0x69, 0x6f,
  0x6e, 0x20, 0x7d, 0x29, 0x3b, 0x0a, 0x20, 0x20, 0x20, 0x20, 0x7d, 0x20, 0x63, 0x61, 0x74, 0x63,
  0x68, 0x20, 0x28, 0x65, 0x72, 0x72, 0x29, 0x20, 0x7b, 0x0a, 0x20, 0x20, 0x20, 0x20, 0x20, 0x20,
  0x6c, 0x6f, 0x67, 0x2e, 0x64, 0x65, 0x62, 0x75, 0x67, 0x28, 0x27, 0x72, 0x65, 0x63, 0x6f, 0x76,
  0x65, 0x72, 0x20, 0x66, 0x61, 0x69, 0x6c, 0x65, 0x64, 0x20, 0xe2, 0x80, 0x94, 0x20, 0x72, 0x6f,
  0x6c, 0x6c, 0x69, 0x6e, 0x67, 0x20, 0x62, 0x61, 0x63, 0x6b, 0x27, 0x2c, 0x20, 0x7b, 0x20, 0x74,
  0x78, 0x49, 0x64, 0x2c, 0x20, 0x65, 0x72, 0x72, 0x6f, 0x72, 0x3a, 0x20, 0x65, 0x72, 0x72, 0x2e,
  0x6d, 0x65, 0x73, 0x73, 0x61, 0x67, 0x65, 0x20, 0x7d, 0x29, 0x3b, 0x0a, 0x20, 0x20, 0x20, 0x20,
  0x20, 0x20, 0x61, 0x77, 0x61, 0x69, 0x74, 0x20, 0x61, 0x70, 0x70, 0x65, 0x6e, 0x64, 0x52, 0x65,
  0x63, 0x65, 0x69, 0x70, 0x74, 0x28, 0x74, 0x78, 0x49, 0x64, 0x2c, 0x20, 0x7b, 0x0a, 0x20, 0x20,
  0x20, 0x20, 0x20, 0x20, 0x20, 0x20, 0x72, 0x65, 0x63, 0x65, 0x69, 0x70, 0x74, 0x56, 0x65, 0x72,
  0x73, 0x69, 0x6f, 0x6e, 0x3a, 0x20, 0x31, 0x2c, 0x0a, 0x20, 0x20, 0x20, 0x20, 0x20, 0x20, 0x20,
  0x20, 0x61, 0x63, 0x74, 0x69, 0x6f, 0x6e, 0x3a, 0x20, 0x27, 0x69, 0x6e, 0x73, 0x74, 0x61, 0x6c,
  0x6c, 0x27, 0x2c, 0x0a, 0x20, 0x20, 0x20, 0x20, 0x20, 0x20, 0x20, 0x20, 0x69, 0x64, 0x3a, 0x20,
  0x72, 0x65, 0x63, 0x65, 0x69, 0x70, 0x74, 0x2e, 0x69, 0x64, 0x2c, 0x0a, 0x20, 0x20, 0x20, 0x20,
  0x20, 0x20, 0x20, 0x20, 0x76, 0x65, 0x72, 0x73, 0x69, 0x6f, 0x6e, 0x3a, 0x20, 0x72, 0x65, 0x63,
  0x65, 0x69, 0x70, 0x74, 0x2e, 0x76, 0x65, 0x72, 0x73, 0x69, 0x6f, 0x6e, 0x2c, 0x0a, 0x20, 0x20,
  0x20, 0x20, 0x20, 0x20, 0x20, 0x20, 0x62, 0x6c, 0x6f, 0x62, 0x53, 0x68, 0x61, 0x32, 0x35, 0x36,
  0x3a, 0x20, 0x72, 0x65, 0x63, 0x65, 0x69, 0x70, 0x74, 0x2e, 0x62, 0x6c, 0x6f, 0x62, 0x53, 0x68,
  0x61, 0x32, 0x35, 0x36, 0x2c, 0x0a, 0x20, 0x20, 0x20, 0x20, 0x20, 0x20, 0x20, 0x20, 0x74, 0x72,
  0x65, 0x65, 0x53, 0x68, 0x61, 0x32, 0x35, 0x36, 0x3a, 0x20, 0x6e, 0x75, 0x6c, 0x6c, 0x2c, 0x0a,
  0x20, 0x20, 0x20, 0x20, 0x20, 0x20, 0x20, 0x20, 0x73, 0x74, 0x61, 0x74, 0x75, 0x73, 0x3a, 0x20,
  0x27, 0x72, 0x6f, 0x6c, 0x6c, 0x65, 0x64, 0x2d, 0x62, 0x61, 0x63, 0x6b, 0x27, 0x2c, 0x0a, 0x20,
  0x20, 0x20, 0x20, 0x20, 0x20, 0x20, 0x20, 0x70, 0x72, 0x65, 0x76, 0x69, 0x6f, 0x75, 0x73, 0x56,
  0x65, 0x72, 0x73, 0x69, 0x6f, 0x6e, 0x3a, 0x20, 0x72, 0x65, 0x63, 0x65, 0x69, 0x70, 0x74, 0x2e,
  0x70, 0x72, 0x65, 0x76, 0x69, 0x6f, 0x75, 0x73, 0x56, 0x65, 0x72, 0x73, 0x69, 0x6f, 0x6e, 0x20,
  0x3f, 0x3f, 0x20, 0x6e, 0x75, 0x6c, 0x6c, 0x2c, 0x0a, 0x20, 0x20, 0x20, 0x20, 0x20, 0x20, 0x20,
  0x20, 0x73, 0x74, 0x61, 0x72, 0x74, 0x65, 0x64, 0x41, 0x74, 0x3a, 0x20, 0x72, 0x65, 0x63, 0x65,
  0x69, 0x70, 0x74, 0x2e, 0x73, 0x74, 0x61, 0x72, 0x74, 0x65, 0x64, 0x41, 0x74, 0x2c, 0x0a, 0x20,
  0x20, 0x20, 0x20, 0x20, 0x20, 0x20, 0x20, 0x63, 0x6f, 0x6d, 0x6d, 0x69, 0x74, 0x74, 0x65, 0x64,
  0x41, 0x74, 0x3a, 0x20, 0x6e, 0x65, 0x77, 0x20, 0x44, 0x61, 0x74, 0x65, 0x28, 0x29, 0x2e, 0x74,
  0x6f, 0x49, 0x53, 0x4f, 0x53, 0x74, 0x72, 0x69, 0x6e, 0x67, 0x28, 0x29, 0x2c, 0x0a, 0x20, 0x20,
  0x20, 0x20, 0x20, 0x20, 0x7d, 0x29, 0x3b, 0x0a, 0x20, 0x20, 0x20, 0x20, 0x20, 0x20, 0x72, 0x6f,
  0x6c, 0x6c, 0x65, 0x64, 0x42, 0x61, 0x63, 0x6b, 0x20, 0x2b, 0x3d, 0x20, 0x31, 0x3b, 0x0a, 0x20,
  0x20, 0x20, 0x20, 0x20, 0x20, 0x6f, 0x6e, 0x28, 0x27, 0x72, 0x6f, 0x6c, 0x6c, 0x65, 0x64, 0x2d,
  0x62, 0x61, 0x63, 0x6b, 0x27, 0x2c, 0x20, 0x7b, 0x0a, 0x20, 0x20, 0x20, 0x20, 0x20, 0x20, 0x20,
  0x20, 0x74, 0x78, 0x49, 0x64, 0x2c, 0x20, 0x69, 0x64, 0x3a, 0x20, 0x72, 0x65, 0x63, 0x65, 0x69,
  0x70, 0x74, 0x2e, 0x69, 0x64, 0x2c, 0x20, 0x76, 0x65, 0x72, 0x73, 0x69, 0x6f, 0x6e, 0x3a, 0x20,
  0x72, 0x65, 0x63, 0x65, 0x69, 0x70, 0x74, 0x2e, 0x76, 0x65, 0x72, 0x73, 0x69, 0x6f, 0x6e, 0x2c,
  0x20, 0x72, 0x65, 0x61, 0x73, 0x6f, 0x6e, 0x3a, 0x20, 0x27, 0x76, 0x65, 0x72, 0x69, 0x66, 0x79,
  0x2d, 0x66, 0x61, 0x69, 0x6c, 0x65, 0x64, 0x27, 0x2c, 0x0a, 0x20, 0x20, 0x20, 0x20, 0x20, 0x20,
  0x7d, 0x29, 0x3b, 0x0a, 0x20, 0x20, 0x20, 0x20, 0x7d, 0x0a, 0x20, 0x20, 0x7d, 0x0a, 0x20, 0x20,
  0x6f, 0x6e, 0x28, 0x27, 0x64, 0x6f, 0x6e, 0x65, 0x27, 0x2c, 0x20, 0x7b, 0x20, 0x63, 0x6f, 0x6d,
  0x6d, 0x69, 0x74, 0x74, 0x65, 0x64, 0x2c, 0x20, 0x72, 0x6f, 0x6c, 0x6c, 0x65, 0x64, 0x42, 0x61,
  0x63, 0x6b, 0x20, 0x7d, 0x29, 0x3b, 0x0a, 0x20, 0x20, 0x72, 0x65, 0x74, 0x75, 0x72, 0x6e, 0x20,
  0x7b, 0x20, 0x63, 0x6f, 0x6d, 0x6d, 0x69, 0x74, 0x74, 0x65, 0x64, 0x2c, 0x20, 0x72, 0x6f, 0x6c,
  0x6c, 0x65, 0x64, 0x42, 0x61, 0x63, 0x6b, 0x20, 0x7d, 0x3b, 0x0a, 0x7d, 0x3b, 0x0a, 0x0a, 0x2f,
  0x2a, 0x2a, 0x0a, 0x20, 0x2a, 0x20, 0x43, 0x72, 0x61, 0x73, 0x68, 0x20, 0x73, 0x69, 0x6d, 0x75,
  0x6c, 0x61, 0x74, 0x69, 0x6f, 0x6e, 0x20, 0x66, 0x6f, 0x72, 0x20, 0x74, 0x68, 0x65, 0x20, 0x45,
  0x32, 0x45, 0x3a, 0x20, 0x73, 0x74, 0x61, 0x67, 0x65, 0x20, 0x60, 0x66, 0x69, 0x6c, 0x65, 0x73,
  0x60, 0x20, 0x28, 0x7b, 0x72, 0x65, 0x6c, 0x50, 0x61, 0x74, 0x68, 0x3a, 0x20, 0x62, 0x79, 0x74,
  0x65, 0x73, 0x7d, 0x29, 0x20, 0x75, 0x6e, 0x64, 0x65, 0x72, 0x0a, 0x20, 0x2a, 0x20, 0x60, 0x2e,
  0x73, 0x74, 0x61, 0x67, 0x69, 0x6e, 0x67, 0x2d, 0x3c, 0x74, 0x78, 0x49, 0x64, 0x3e, 0x2f, 0x60,
  0x20, 0xe2, 0x80, 0x94, 0x20, 0x61, 0x6c, 0x6c, 0x20, 0x65, 0x78, 0x63, 0x65, 0x70, 0x74, 0x20,
  0x70, 0x61, 0x74, 0x68, 0x73, 0x20, 0x6e, 0x61, 0x6d, 0x65, 0x64, 0x20, 0x69, 0x6e, 0x20, 0x60,
  0x6f, 0x6d, 0x69, 0x74, 0x60, 0x20, 0x28, 0x61, 0x6e, 0x20, 0x49, 0x4e, 0x54, 0x45, 0x52, 0x52,
  0x55, 0x50, 0x54, 0x45, 0x44, 0x0a, 0x20, 0x2a, 0x20, 0x75, 0x6e, 0x70, 0x61, 0x63, 0x6b, 0x29,
  0x20, 0xe2, 0x80, 0x94, 0x20, 0x77, 0x72, 0x69, 0x74, 0x65, 0x20, 0x74, 0x68, 0x65, 0x20, 0x6d,
  0x61, 0x74, 0x63, 0x68, 0x69, 0x6e, 0x67, 0x20, 0x69, 0x6e, 0x74, 0x65, 0x67, 0x72, 0x69, 0x74,
  0x79, 0x20, 0x6c, 0x65, 0x64, 0x67, 0x65, 0x72, 0x2c, 0x20, 0x61, 0x6e, 0x64, 0x20, 0x61, 0x70,
  0x70, 0x65, 0x6e, 0x64, 0x20, 0x74, 0x68, 0x65, 0x20, 0x50, 0x45, 0x4e, 0x44, 0x49, 0x4e, 0x47,
  0x0a, 0x20, 0x2a, 0x20, 0x72, 0x65, 0x63, 0x65, 0x69, 0x70, 0x74, 0x2e, 0x20, 0x4e, 0x6f, 0x74,
  0x68, 0x69, 0x6e, 0x67, 0x20, 0x69, 0x73, 0x20, 0x70, 0x72, 0x6f, 0x6d, 0x6f, 0x74, 0x65, 0x64,
  0x3a, 0x20, 0x65, 0x78, 0x61, 0x63, 0x74, 0x6c, 0x79, 0x20, 0xc2, 0xa7, 0x34, 0x27, 0x73, 0x20,
  0x69, 0x6e, 0x74, 0x65, 0x72, 0x72, 0x75, 0x70, 0x74, 0x65, 0x64, 0x20, 0x73, 0x74, 0x61, 0x74,
  0x65, 0x2e, 0x20, 0x41, 0x72, 0x67, 0x73, 0x3a, 0x0a, 0x20, 0x2a, 0x20, 0x7b, 0x74, 0x78, 0x49,
  0x64, 0x2c, 0x20, 0x6d, 0x61, 0x6e, 0x69, 0x66, 0x65, 0x73, 0x74, 0x2c, 0x20, 0x66, 0x69, 0x6c,
  0x65, 0x73, 0x2c, 0x20, 0x62, 0x6c, 0x6f, 0x62, 0x42, 0x79, 0x74, 0x65, 0x73, 0x2c, 0x20, 0x6f,
  0x6d, 0x69, 0x74, 0x7d, 0x20, 0xe2, 0x80, 0x94, 0x20, 0x62, 0x6c, 0x6f, 0x62, 0x42, 0x79, 0x74,
  0x65, 0x73, 0x20, 0x28, 0x74, 0x68, 0x65, 0x20, 0x70, 0x61, 0x63, 0x6b, 0x61, 0x67, 0x65, 0x20,
  0x62, 0x79, 0x74, 0x65, 0x73, 0x29, 0x0a, 0x20, 0x2a, 0x20, 0x61, 0x6e, 0x63, 0x68, 0x6f, 0x72,
  0x20, 0x74, 0x68, 0x65, 0x20, 0x72, 0x65, 0x63, 0x65, 0x69, 0x70, 0x74, 0x27, 0x73, 0x20, 0x62,
  0x6c, 0x6f, 0x62, 0x53, 0x68, 0x61, 0x32, 0x35, 0x36, 0x2e, 0x20, 0x52, 0x65, 0x73, 0x6f, 0x6c,
  0x76, 0x65, 0x73, 0x20, 0x74, 0x68, 0x65, 0x20, 0x70, 0x65, 0x6e, 0x64, 0x69, 0x6e, 0x67, 0x20,
  0x72, 0x65, 0x63, 0x65, 0x69, 0x70, 0x74, 0x2e, 0x0a, 0x20, 0x2a, 0x2f, 0x0a, 0x65, 0x78, 0x70,
  0x6f, 0x72, 0x74, 0x20, 0x63, 0x6f, 0x6e, 0x73, 0x74, 0x20, 0x73, 0x69, 0x6d, 0x75, 0x6c, 0x61,
  0x74, 0x65, 0x43, 0x72, 0x61, 0x73, 0x68, 0x20, 0x3d, 0x20, 0x61, 0x73, 0x79, 0x6e, 0x63, 0x20,
  0x28, 0x7b, 0x20, 0x74, 0x78, 0x49, 0x64, 0x2c, 0x20, 0x6d, 0x61, 0x6e, 0x69, 0x66, 0x65, 0x73,
  0x74, 0x2c, 0x20, 0x66, 0x69, 0x6c, 0x65, 0x73, 0x2c, 0x20, 0x62, 0x6c, 0x6f, 0x62, 0x42, 0x79,
  0x74, 0x65, 0x73, 0x2c, 0x20, 0x6f, 0x6d, 0x69, 0x74, 0x20, 0x3d, 0x20, 0x5b, 0x5d, 0x20, 0x7d,
  0x29, 0x20, 0x3d, 0x3e, 0x20, 0x7b, 0x0a, 0x20, 0x20, 0x6c, 0x6f, 0x67, 0x2e, 0x64, 0x65, 0x62,
  0x75, 0x67, 0x28, 0x27, 0x73, 0x69, 0x6d, 0x75, 0x6c, 0x61, 0x74, 0x65, 0x20, 0x63, 0x72, 0x61,
  0x73, 0x68, 0x27, 0x2c, 0x20, 0x7b, 0x20, 0x74, 0x78, 0x49, 0x64, 0x2c, 0x20, 0x6f, 0x6d, 0x69,
  0x74, 0x20, 0x7d, 0x29, 0x3b, 0x0a, 0x20, 0x20, 0x63, 0x6f, 0x6e, 0x73, 0x74, 0x20, 0x73, 0x74,
  0x61, 0x67, 0x65, 0x64, 0x20, 0x3d, 0x20, 0x4f, 0x62, 0x6a, 0x65, 0x63, 0x74, 0x2e, 0x66, 0x72,
  0x6f, 0x6d, 0x45, 0x6e, 0x74, 0x72, 0x69, 0x65, 0x73, 0x28, 0x0a, 0x20, 0x20, 0x20, 0x20, 0x4f,
  0x62, 0x6a, 0x65, 0x63, 0x74, 0x2e, 0x65, 0x6e, 0x74, 0x72, 0x69, 0x65, 0x73, 0x28, 0x66, 0x69,
  0x6c, 0x65, 0x73, 0x29, 0x2e, 0x66, 0x69, 0x6c, 0x74, 0x65, 0x72, 0x28, 0x28, 0x5b, 0x72, 0x65,
  0x6c, 0x5d, 0x29, 0x20, 0x3d, 0x3e, 0x20, 0x21, 0x6f, 0x6d, 0x69, 0x74, 0x2e, 0x69, 0x6e, 0x63,
  0x6c, 0x75, 0x64, 0x65, 0x73, 0x28, 0x72, 0x65, 0x6c, 0x29, 0x29, 0x29, 0x3b, 0x0a, 0x20, 0x20,
  0x2f, 0x2f, 0x20, 0x54, 0x68, 0x65, 0x20, 0x6c, 0x65, 0x64, 0x67, 0x65, 0x72, 0x20, 0x63, 0x6f,
  0x76, 0x65, 0x72, 0x73, 0x20, 0x74, 0x68, 0x65, 0x20, 0x46, 0x55, 0x4c, 0x4c, 0x20, 0x66, 0x69,
  0x6c, 0x65, 0x20, 0x73, 0x65, 0x74, 0x20, 0xe2, 0x80, 0x94, 0x20, 0x61, 0x6e, 0x20, 0x69, 0x6e,
  0x74, 0x65, 0x72, 0x72, 0x75, 0x70, 0x74, 0x65, 0x64, 0x20, 0x75, 0x6e, 0x70, 0x61, 0x63, 0x6b,
  0x20, 0x6d, 0x65, 0x61, 0x6e, 0x73, 0x20, 0x74, 0x68, 0x65, 0x0a, 0x20, 0x20, 0x2f, 0x2f, 0x20,
  0x73, 0x74, 0x61, 0x67, 0x69, 0x6e, 0x67, 0x20, 0x74, 0x72, 0x65, 0x65, 0x20, 0x69, 0x73, 0x20,
  0x6d, 0x69, 0x73, 0x73, 0x69, 0x6e, 0x67, 0x20, 0x62, 0x79, 0x74, 0x65, 0x73, 0x20, 0x74, 0x68,
  0x65, 0x20, 0x6c, 0x65, 0x64, 0x67, 0x65, 0x72, 0x20, 0x73, 0x74, 0x69, 0x6c, 0x6c, 0x20, 0x76,
  0x6f, 0x75, 0x63, 0x68, 0x65, 0x73, 0x20, 0x66, 0x6f, 0x72, 0x2c, 0x20, 0x77, 0x68, 0x69, 0x63,
  0x68, 0x20, 0x69, 0x73, 0x0a, 0x20, 0x20, 0x2f, 0x2f, 0x20, 0x65, 0x78, 0x61, 0x63, 0x74, 0x6c,
  0x79, 0x20, 0x74, 0x68, 0x65, 0x20, 0x76, 0x65, 0x72, 0x69, 0x66, 0x69, 0x63, 0x61, 0x74, 0x69,
  0x6f, 0x6e, 0x20, 0x66, 0x61, 0x69, 0x6c, 0x75, 0x72, 0x65, 0x20, 0x74, 0x68, 0x65, 0x20, 0x72,
  0x65, 0x70, 0x6c, 0x61, 0x79, 0x20, 0x6d, 0x75, 0x73, 0x74, 0x20, 0x63, 0x61, 0x74, 0x63, 0x68,
  0x2e, 0x0a, 0x20, 0x20, 0x63, 0x6f, 0x6e, 0x73, 0x74, 0x20, 0x64, 0x69, 0x67, 0x65, 0x73, 0x74,
  0x73, 0x20, 0x3d, 0x20, 0x4f, 0x62, 0x6a, 0x65, 0x63, 0x74, 0x2e, 0x66, 0x72, 0x6f, 0x6d, 0x45,
  0x6e, 0x74, 0x72, 0x69, 0x65, 0x73, 0x28, 0x0a, 0x20, 0x20, 0x20, 0x20, 0x4f, 0x62, 0x6a, 0x65,
  0x63, 0x74, 0x2e, 0x65, 0x6e, 0x74, 0x72, 0x69, 0x65, 0x73, 0x28, 0x66, 0x69, 0x6c, 0x65, 0x73,
  0x29, 0x2e, 0x6d, 0x61, 0x70, 0x28, 0x28, 0x5b, 0x72, 0x65, 0x6c, 0x2c, 0x20, 0x62, 0x79, 0x74,
  0x65, 0x73, 0x5d, 0x29, 0x20, 0x3d, 0x3e, 0x20, 0x5b, 0x72, 0x65, 0x6c, 0x2c, 0x20, 0x73, 0x68,
  0x61, 0x32, 0x35, 0x36, 0x48, 0x65, 0x78, 0x28, 0x62, 0x79, 0x74, 0x65, 0x73, 0x29, 0x5d, 0x29,
  0x29, 0x3b, 0x0a, 0x20, 0x20, 0x63, 0x6f, 0x6e, 0x73, 0x74, 0x20, 0x6c, 0x65, 0x64, 0x67, 0x65,
  0x72, 0x20, 0x3d, 0x20, 0x7b, 0x0a, 0x20, 0x20, 0x20, 0x20, 0x6c, 0x65, 0x64, 0x67, 0x65, 0x72,
  0x56, 0x65, 0x72, 0x73, 0x69, 0x6f, 0x6e, 0x3a, 0x20, 0x31, 0x2c, 0x0a, 0x20, 0x20, 0x20, 0x20,
  0x61, 0x6c, 0x67, 0x6f, 0x72, 0x69, 0x74, 0x68, 0x6d, 0x3a, 0x20, 0x27, 0x73, 0x68, 0x61, 0x32,
  0x35, 0x36, 0x27, 0x2c, 0x0a, 0x20, 0x20, 0x20, 0x20, 0x6d, 0x61, 0x6e, 0x69, 0x66, 0x65, 0x73,
  0x74, 0x53, 0x68, 0x61, 0x32, 0x35, 0x36, 0x3a, 0x20, 0x64, 0x69, 0x67, 0x65, 0x73, 0x74, 0x73,
  0x5b, 0x27, 0x6d, 0x61, 0x6e, 0x69, 0x66, 0x65, 0x73, 0x74, 0x2e, 0x6a, 0x73, 0x6f, 0x6e, 0x27,
  0x5d, 0x20, 0x3f, 0x3f, 0x20, 0x6e, 0x75, 0x6c, 0x6c, 0x2c, 0x0a, 0x20, 0x20, 0x20, 0x20, 0x66,
  0x69, 0x6c, 0x65, 0x73, 0x3a, 0x20, 0x64, 0x69, 0x67, 0x65, 0x73, 0x74, 0x73, 0x2c, 0x0a, 0x20,
  0x20, 0x7d, 0x3b, 0x0a, 0x20, 0x20, 0x63, 0x6f, 0x6e, 0x73, 0x74, 0x20, 0x69, 0x6e, 0x74, 0x65,
  0x67, 0x42, 0x79, 0x74, 0x65, 0x73, 0x20, 0x3d, 0x20, 0x74, 0x65, 0x78, 0x74, 0x42, 0x79, 0x74,
  0x65, 0x73, 0x28, 0x4a, 0x53, 0x4f, 0x4e, 0x2e, 0x73, 0x74, 0x72, 0x69, 0x6e, 0x67, 0x69, 0x66,
  0x79, 0x28, 0x6c, 0x65, 0x64, 0x67, 0x65, 0x72, 0x2c, 0x20, 0x6e, 0x75, 0x6c, 0x6c, 0x2c, 0x20,
  0x32, 0x29, 0x29, 0x3b, 0x0a, 0x20, 0x20, 0x63, 0x6f, 0x6e, 0x73, 0x74, 0x20, 0x73, 0x74, 0x61,
  0x67, 0x69, 0x6e, 0x67, 0x20, 0x3d, 0x20, 0x60, 0x70, 0x6c, 0x75, 0x67, 0x69, 0x6e, 0x73, 0x2f,
  0x2e, 0x73, 0x74, 0x61, 0x67, 0x69, 0x6e, 0x67, 0x2d, 0x24, 0x7b, 0x74, 0x78, 0x49, 0x64, 0x7d,
  0x60, 0x3b, 0x0a, 0x20, 0x20, 0x66, 0x6f, 0x72, 0x20, 0x28, 0x63, 0x6f, 0x6e, 0x73, 0x74, 0x20,
  0x5b, 0x72, 0x65, 0x6c, 0x2c, 0x20, 0x62, 0x79, 0x74, 0x65, 0x73, 0x5d, 0x20, 0x6f, 0x66, 0x20,
  0x4f, 0x62, 0x6a, 0x65, 0x63, 0x74, 0x2e, 0x65, 0x6e, 0x74, 0x72, 0x69, 0x65, 0x73, 0x28, 0x73,
  0x74, 0x61, 0x67, 0x65, 0x64, 0x29, 0x29, 0x20, 0x7b, 0x0a, 0x20, 0x20, 0x20, 0x20, 0x61, 0x77,
  0x61, 0x69, 0x74, 0x20, 0x66, 0x73, 0x57, 0x72, 0x69, 0x74, 0x65, 0x28, 0x53, 0x43, 0x4f, 0x50,
  0x45, 0x2c, 0x20, 0x60, 0x24, 0x7b, 0x73, 0x74, 0x61, 0x67, 0x69, 0x6e, 0x67, 0x7d, 0x2f, 0x24,
  0x7b, 0x72, 0x65, 0x6c, 0x7d, 0x60, 0x2c, 0x20, 0x62, 0x79, 0x74, 0x65, 0x73, 0x29, 0x3b, 0x0a,
  0x20, 0x20, 0x7d, 0x0a, 0x20, 0x20, 0x61, 0x77, 0x61, 0x69, 0x74, 0x20, 0x66, 0x73, 0x57, 0x72,
  0x69, 0x74, 0x65, 0x28, 0x53, 0x43, 0x4f, 0x50, 0x45, 0x2c, 0x20, 0x60, 0x24, 0x7b, 0x73, 0x74,
  0x61, 0x67, 0x69, 0x6e, 0x67, 0x7d, 0x2f, 0x69, 0x6e, 0x74, 0x65, 0x67, 0x72, 0x69, 0x74, 0x79,
  0x2e, 0x6a, 0x73, 0x6f, 0x6e, 0x60, 0x2c, 0x20, 0x69, 0x6e, 0x74, 0x65, 0x67, 0x42, 0x79, 0x74,
  0x65, 0x73, 0x29, 0x3b, 0x0a, 0x20, 0x20, 0x63, 0x6f, 0x6e, 0x73, 0x74, 0x20, 0x72, 0x65, 0x63,
  0x65, 0x69, 0x70, 0x74, 0x20, 0x3d, 0x20, 0x7b, 0x0a, 0x20, 0x20, 0x20, 0x20, 0x72, 0x65, 0x63,
  0x65, 0x69, 0x70, 0x74, 0x56, 0x65, 0x72, 0x73, 0x69, 0x6f, 0x6e, 0x3a, 0x20, 0x31, 0x2c, 0x0a,
  0x20, 0x20, 0x20, 0x20, 0x61, 0x63, 0x74, 0x69, 0x6f, 0x6e, 0x3a, 0x20, 0x27, 0x69, 0x6e, 0x73,
  0x74, 0x61, 0x6c, 0x6c, 0x27, 0x2c, 0x0a, 0x20, 0x20, 0x20, 0x20, 0x69, 0x64, 0x3a, 0x20, 0x6d,
  0x61, 0x6e, 0x69, 0x66, 0x65, 0x73, 0x74, 0x2e, 0x69, 0x64, 0x2c, 0x0a, 0x20, 0x20, 0x20, 0x20,
  0x76, 0x65, 0x72, 0x73, 0x69, 0x6f, 0x6e, 0x3a, 0x20, 0x6d, 0x61, 0x6e, 0x69, 0x66, 0x65, 0x73,
  0x74, 0x2e, 0x76, 0x65, 0x72, 0x73, 0x69, 0x6f, 0x6e, 0x2c, 0x0a, 0x20, 0x20, 0x20, 0x20, 0x62,
  0x6c, 0x6f, 0x62, 0x53, 0x68, 0x61, 0x32, 0x35, 0x36, 0x3a, 0x20, 0x73, 0x68, 0x61, 0x32, 0x35,
  0x36, 0x48, 0x65, 0x78, 0x28, 0x62, 0x6c, 0x6f, 0x62, 0x42, 0x79, 0x74, 0x65, 0x73, 0x29, 0x2c,
  0x0a, 0x20, 0x20, 0x20, 0x20, 0x74, 0x72, 0x65, 0x65, 0x53, 0x68, 0x61, 0x32, 0x35, 0x36, 0x3a,
  0x20, 0x73, 0x68, 0x61, 0x32, 0x35, 0x36, 0x48, 0x65, 0x78, 0x28, 0x69, 0x6e, 0x74, 0x65, 0x67,
  0x42, 0x79, 0x74, 0x65, 0x73, 0x29, 0x2c, 0x0a, 0x20, 0x20, 0x20, 0x20, 0x73, 0x74, 0x61, 0x74,
  0x75, 0x73, 0x3a, 0x20, 0x27, 0x70, 0x65, 0x6e, 0x64, 0x69, 0x6e, 0x67, 0x27, 0x2c, 0x0a, 0x20,
  0x20, 0x20, 0x20, 0x70, 0x72, 0x65, 0x76, 0x69, 0x6f, 0x75, 0x73, 0x56, 0x65, 0x72, 0x73, 0x69,
  0x6f, 0x6e, 0x3a, 0x20, 0x6e, 0x75, 0x6c, 0x6c, 0x2c, 0x0a, 0x20, 0x20, 0x20, 0x20, 0x73, 0x74,
  0x61, 0x72, 0x74, 0x65, 0x64, 0x41, 0x74, 0x3a, 0x20, 0x6e, 0x65, 0x77, 0x20, 0x44, 0x61, 0x74,
  0x65, 0x28, 0x29, 0x2e, 0x74, 0x6f, 0x49, 0x53, 0x4f, 0x53, 0x74, 0x72, 0x69, 0x6e, 0x67, 0x28,
  0x29, 0x2c, 0x0a, 0x20, 0x20, 0x20, 0x20, 0x63, 0x6f, 0x6d, 0x6d, 0x69, 0x74, 0x74, 0x65, 0x64,
  0x41, 0x74, 0x3a, 0x20, 0x6e, 0x75, 0x6c, 0x6c, 0x2c, 0x0a, 0x20, 0x20, 0x7d, 0x3b, 0x0a, 0x20,
  0x20, 0x61, 0x77, 0x61, 0x69, 0x74, 0x20, 0x61, 0x70, 0x70, 0x65, 0x6e, 0x64, 0x52, 0x65, 0x63,
  0x65, 0x69, 0x70, 0x74, 0x28, 0x74, 0x78, 0x49, 0x64, 0x2c, 0x20, 0x72, 0x65, 0x63, 0x65, 0x69,
  0x70, 0x74, 0x29, 0x3b, 0x0a, 0x20, 0x20, 0x72, 0x65, 0x74, 0x75, 0x72, 0x6e, 0x20, 0x72, 0x65,
  0x63, 0x65, 0x69, 0x70, 0x74, 0x3b, 0x0a, 0x7d, 0x3b, 0x0a,
  0x00
};

/* runtime/spike/profiles/m3-complete/cordis.patch.json (90 bytes) */
static const unsigned char DSH_PROFILE_M3_PATCH_JSON[] = {
  0x7b, 0x0a, 0x20, 0x20, 0x22, 0x77, 0x65, 0x62, 0x43, 0x6c, 0x69, 0x65, 0x6e, 0x74, 0x22, 0x3a,
  0x20, 0x22, 0x64, 0x73, 0x68, 0x2d, 0x77, 0x65, 0x62, 0x2d, 0x63, 0x6c, 0x69, 0x65, 0x6e, 0x74,
  0x2d, 0x6d, 0x69, 0x6e, 0x69, 0x22, 0x2c, 0x0a, 0x20, 0x20, 0x22, 0x73, 0x6c, 0x6f, 0x74, 0x73,
  0x22, 0x3a, 0x20, 0x7b, 0x0a, 0x20, 0x20, 0x20, 0x20, 0x22, 0x61, 0x6c, 0x6c, 0x6f, 0x77, 0x22,
  0x3a, 0x20, 0x5b, 0x22, 0x6e, 0x6f, 0x74, 0x65, 0x73, 0x2e, 0x74, 0x6f, 0x6f, 0x6c, 0x62, 0x61,
  0x72, 0x22, 0x5d, 0x0a, 0x20, 0x20, 0x7d, 0x0a, 0x7d, 0x0a,
  0x00
};

/* runtime/spike/web/index.html (390 bytes) */
static const unsigned char DSH_WEB_INDEX_HTML[] = {
  0x3c, 0x21, 0x64, 0x6f, 0x63, 0x74, 0x79, 0x70, 0x65, 0x20, 0x68, 0x74, 0x6d, 0x6c, 0x3e, 0x0a,
  0x3c, 0x68, 0x74, 0x6d, 0x6c, 0x20, 0x6c, 0x61, 0x6e, 0x67, 0x3d, 0x22, 0x65, 0x6e, 0x22, 0x3e,
  0x0a, 0x3c, 0x68, 0x65, 0x61, 0x64, 0x3e, 0x0a, 0x3c, 0x6d, 0x65, 0x74, 0x61, 0x20, 0x63, 0x68,
  0x61, 0x72, 0x73, 0x65, 0x74, 0x3d, 0x22, 0x75, 0x74, 0x66, 0x2d, 0x38, 0x22, 0x3e, 0x0a, 0x3c,
  0x6d, 0x65, 0x74, 0x61, 0x20, 0x6e, 0x61, 0x6d, 0x65, 0x3d, 0x22, 0x76, 0x69, 0x65, 0x77, 0x70,
  0x6f, 0x72, 0x74, 0x22, 0x20, 0x63, 0x6f, 0x6e, 0x74, 0x65, 0x6e, 0x74, 0x3d, 0x22, 0x77, 0x69,
  0x64, 0x74, 0x68, 0x3d, 0x64, 0x65, 0x76, 0x69, 0x63, 0x65, 0x2d, 0x77, 0x69, 0x64, 0x74, 0x68,
  0x2c, 0x20, 0x69, 0x6e, 0x69, 0x74, 0x69, 0x61, 0x6c, 0x2d, 0x73, 0x63, 0x61, 0x6c, 0x65, 0x3d,
  0x31, 0x22, 0x3e, 0x0a, 0x3c, 0x74, 0x69, 0x74, 0x6c, 0x65, 0x3e, 0x44, 0x53, 0x48, 0x20, 0x4d,
  0x31, 0x20, 0x63, 0x61, 0x72, 0x72, 0x69, 0x65, 0x72, 0x3c, 0x2f, 0x74, 0x69, 0x74, 0x6c, 0x65,
  0x3e, 0x0a, 0x3c, 0x2f, 0x68, 0x65, 0x61, 0x64, 0x3e, 0x0a, 0x3c, 0x62, 0x6f, 0x64, 0x79, 0x3e,
  0x0a, 0x3c, 0x68, 0x31, 0x3e, 0x44, 0x53, 0x48, 0x20, 0x4d, 0x31, 0x20, 0x6c, 0x6f, 0x63, 0x61,
  0x6c, 0x20, 0x63, 0x61, 0x72, 0x72, 0x69, 0x65, 0x72, 0x3c, 0x2f, 0x68, 0x31, 0x3e, 0x0a, 0x3c,
  0x70, 0x3e, 0x53, 0x65, 0x72, 0x76, 0x65, 0x64, 0x20, 0x62, 0x79, 0x20, 0x74, 0x68, 0x65, 0x20,
  0x68, 0x6f, 0x73, 0x74, 0x20, 0x63, 0x61, 0x72, 0x72, 0x69, 0x65, 0x72, 0x20, 0x6f, 0x76, 0x65,
  0x72, 0x20, 0x6c, 0x6f, 0x6f, 0x70, 0x62, 0x61, 0x63, 0x6b, 0x20, 0x48, 0x54, 0x54, 0x50, 0x3b,
  0x20, 0x74, 0x68, 0x69, 0x73, 0x20, 0x70, 0x61, 0x67, 0x65, 0x20, 0x74, 0x61, 0x6c, 0x6b, 0x73,
  0x20, 0x6f, 0x6e, 0x6c, 0x79, 0x20, 0x74, 0x68, 0x65, 0x20, 0x57, 0x53, 0x20, 0x70, 0x72, 0x6f,
  0x74, 0x6f, 0x63, 0x6f, 0x6c, 0x2e, 0x3c, 0x2f, 0x70, 0x3e, 0x0a, 0x3c, 0x70, 0x72, 0x65, 0x20,
  0x69, 0x64, 0x3d, 0x22, 0x73, 0x74, 0x61, 0x74, 0x75, 0x73, 0x22, 0x3e, 0x62, 0x6f, 0x6f, 0x74,
  0x69, 0x6e, 0x67, 0xe2, 0x80, 0xa6, 0x3c, 0x2f, 0x70, 0x72, 0x65, 0x3e, 0x0a, 0x3c, 0x73, 0x63,
  0x72, 0x69, 0x70, 0x74, 0x20, 0x73, 0x72, 0x63, 0x3d, 0x22, 0x2f, 0x63, 0x61, 0x72, 0x72, 0x69,
  0x65, 0x72, 0x2d, 0x70, 0x61, 0x67, 0x65, 0x2e, 0x6a, 0x73, 0x22, 0x3e, 0x3c, 0x2f, 0x73, 0x63,
  0x72, 0x69, 0x70, 0x74, 0x3e, 0x0a, 0x3c, 0x2f, 0x62, 0x6f, 0x64, 0x79, 0x3e, 0x0a, 0x3c, 0x2f,
  0x68, 0x74, 0x6d, 0x6c, 0x3e, 0x0a,
  0x00
};

/* runtime/spike/web/carrier-page.js (1204 bytes) */
static const unsigned char DSH_WEB_PAGE_JS[] = {
  0x2f, 0x2f, 0x20, 0x64, 0x73, 0x68, 0x3a, 0x6c, 0x6f, 0x67, 0x67, 0x69, 0x6e, 0x67, 0x2d, 0x65,
  0x78, 0x65, 0x6d, 0x70, 0x74, 0x20, 0x28, 0x50, 0x72, 0x65, 0x73, 0x65, 0x6e, 0x74, 0x61, 0x74,
  0x69, 0x6f, 0x6e, 0x2d, 0x73, 0x69, 0x64, 0x65, 0x20, 0x70, 0x61, 0x67, 0x65, 0x3a, 0x20, 0x64,
  0x65, 0x6c, 0x69, 0x62, 0x65, 0x72, 0x61, 0x74, 0x65, 0x6c, 0x79, 0x20, 0x6c, 0x6f, 0x67, 0x73,
  0x20, 0x6e, 0x6f, 0x74, 0x68, 0x69, 0x6e, 0x67, 0x20, 0xe2, 0x80, 0x94, 0x0a, 0x2f, 0x2f, 0x20,
  0x61, 0x6c, 0x6c, 0x20, 0x45, 0x32, 0x45, 0x20, 0x65, 0x76, 0x69, 0x64, 0x65, 0x6e, 0x63, 0x65,
  0x20, 0x66, 0x6c, 0x6f, 0x77, 0x73, 0x20, 0x74, 0x68, 0x72, 0x6f, 0x75, 0x67, 0x68, 0x20, 0x74,
  0x68, 0x65, 0x20, 0x72, 0x75, 0x6e, 0x74, 0x69, 0x6d, 0x65, 0x20, 0x6c, 0x6f, 0x67, 0x67, 0x65,
  0x72, 0x3b, 0x20, 0x74, 0x68, 0x65, 0x72, 0x65, 0x20, 0x69, 0x73, 0x20, 0x6e, 0x6f, 0x20, 0x6c,
  0x6f, 0x67, 0x67, 0x65, 0x72, 0x20, 0x68, 0x65, 0x72, 0x65, 0x29, 0x0a, 0x2f, 0x2a, 0x2a, 0x0a,
  0x20, 0x2a, 0x20, 0x53, 0x70, 0x69, 0x6b, 0x65, 0x20, 0x50, 0x72, 0x65, 0x73, 0x65, 0x6e, 0x74,
  0x61, 0x74, 0x69, 0x6f, 0x6e, 0x20, 0x70, 0x61, 0x67, 0x65, 0x20, 0x66, 0x6f, 0x72, 0x20, 0x74,
  0x68, 0x65, 0x20, 0x6c, 0x6f, 0x63, 0x61, 0x6c, 0x2d, 0x63, 0x61, 0x72, 0x72, 0x69, 0x65, 0x72,
  0x20, 0x74, 0x6f, 0x70, 0x6f, 0x6c, 0x6f, 0x67, 0x79, 0x2e, 0x20, 0x53, 0x65, 0x72, 0x76, 0x65,
  0x64, 0x20, 0x61, 0x73, 0x20, 0x61, 0x20, 0x73, 0x74, 0x61, 0x74, 0x69, 0x63, 0x0a, 0x20, 0x2a,
  0x20, 0x66, 0x69, 0x6c, 0x65, 0x20, 0x62, 0x79, 0x20, 0x74, 0x68, 0x65, 0x20, 0x68, 0x6f, 0x73,
  0x74, 0x20, 0x63, 0x61, 0x72, 0x72, 0x69, 0x65, 0x72, 0x3b, 0x20, 0x6b, 0x6e, 0x6f, 0x77, 0x73,
  0x20, 0x6e, 0x6f, 0x74, 0x68, 0x69, 0x6e, 0x67, 0x20, 0x61, 0x62, 0x6f, 0x75, 0x74, 0x20, 0x74,
  0x68, 0x65, 0x20, 0x68, 0x6f, 0x73, 0x74, 0x20, 0x65, 0x78, 0x63, 0x65, 0x70, 0x74, 0x20, 0x74,
  0x68, 0x65, 0x20, 0x57, 0x53, 0x0a, 0x20, 0x2a, 0x20, 0x70, 0x72, 0x6f, 0x74, 0x6f, 0x63, 0x6f,
  0x6c, 0x20, 0x28, 0x74, 0x68, 0x65, 0x20, 0x61, 0x72, 0x63, 0x68, 0x69, 0x74, 0x65, 0x63, 0x74,
  0x75, 0x72, 0x65, 0x27, 0x73, 0x20, 0x22, 0x69, 0x74, 0x20, 0x6f, 0x6e, 0x6c, 0x79, 0x20, 0x6b,
  0x6e, 0x6f, 0x77, 0x73, 0x20, 0x74, 0x68, 0x65, 0x20, 0x48, 0x54, 0x54, 0x50, 0x2f, 0x57, 0x53,
  0x20, 0x70, 0x72, 0x6f, 0x74, 0x6f, 0x63, 0x6f, 0x6c, 0x22, 0x20, 0x72, 0x75, 0x6c, 0x65, 0x29,
  0x2e, 0x0a, 0x20, 0x2a, 0x20, 0x50, 0x72, 0x6f, 0x74, 0x6f, 0x63, 0x6f, 0x6c, 0x3a, 0x20, 0x68,
  0x65, 0x6c, 0x6c, 0x6f, 0x20, 0xe2, 0x86, 0x92, 0x20, 0x28, 0x70, 0x69, 0x6e, 0x67, 0x20, 0xe2,
  0x86, 0x92, 0x20, 0x70, 0x6f, 0x6e, 0x67, 0x29, 0x2a, 0x20, 0xe2, 0x86, 0x92, 0x20, 0x70, 0x75,
  0x73, 0x68, 0x20, 0xe2, 0x86, 0x92, 0x20, 0x61, 0x63, 0x6b, 0x2e, 0x0a, 0x20, 0x2a, 0x2f, 0x0a,
  0x63, 0x6f, 0x6e, 0x73, 0x74, 0x20, 0x73, 0x74, 0x61, 0x74, 0x75, 0x73, 0x45, 0x6c, 0x20, 0x3d,
  0x20, 0x64, 0x6f, 0x63, 0x75, 0x6d, 0x65, 0x6e, 0x74, 0x2e, 0x67, 0x65, 0x74, 0x45, 0x6c, 0x65,
  0x6d, 0x65, 0x6e, 0x74, 0x42, 0x79, 0x49, 0x64, 0x28, 0x27, 0x73, 0x74, 0x61, 0x74, 0x75, 0x73,
  0x27, 0x29, 0x3b, 0x0a, 0x63, 0x6f, 0x6e, 0x73, 0x74, 0x20, 0x73, 0x74, 0x61, 0x74, 0x75, 0x73,
  0x20, 0x3d, 0x20, 0x28, 0x6c, 0x69, 0x6e, 0x65, 0x29, 0x20, 0x3d, 0x3e, 0x20, 0x7b, 0x20, 0x73,
  0x74, 0x61, 0x74, 0x75, 0x73, 0x45, 0x6c, 0x2e, 0x74, 0x65, 0x78, 0x74, 0x43, 0x6f, 0x6e, 0x74,
  0x65, 0x6e, 0x74, 0x20, 0x2b, 0x3d, 0x20, 0x6c, 0x69, 0x6e, 0x65, 0x20, 0x2b, 0x20, 0x27, 0x5c,
  0x6e, 0x27, 0x3b, 0x20, 0x7d, 0x3b, 0x0a, 0x63, 0x6f, 0x6e, 0x73, 0x74, 0x20, 0x73, 0x65, 0x6e,
  0x64, 0x20, 0x3d, 0x20, 0x28, 0x6f, 0x62, 0x6a, 0x29, 0x20, 0x3d, 0x3e, 0x20, 0x77, 0x73, 0x2e,
  0x73, 0x65, 0x6e, 0x64, 0x28, 0x4a, 0x53, 0x4f, 0x4e, 0x2e, 0x73, 0x74, 0x72, 0x69, 0x6e, 0x67,
  0x69, 0x66, 0x79, 0x28, 0x6f, 0x62, 0x6a, 0x29, 0x29, 0x3b, 0x0a, 0x63, 0x6f, 0x6e, 0x73, 0x74,
  0x20, 0x6e, 0x6f, 0x6e, 0x63, 0x65, 0x20, 0x3d, 0x20, 0x4d, 0x61, 0x74, 0x68, 0x2e, 0x72, 0x61,
  0x6e, 0x64, 0x6f, 0x6d, 0x28, 0x29, 0x2e, 0x74, 0x6f, 0x53, 0x74, 0x72, 0x69, 0x6e, 0x67, 0x28,
  0x33, 0x36, 0x29, 0x2e, 0x73, 0x6c, 0x69, 0x63, 0x65, 0x28, 0x32, 0x2c, 0x20, 0x31, 0x30, 0x29,
  0x3b, 0x0a, 0x63, 0x6f, 0x6e, 0x73, 0x74, 0x20, 0x77, 0x73, 0x20, 0x3d, 0x20, 0x6e, 0x65, 0x77,
  0x20, 0x57, 0x65, 0x62, 0x53, 0x6f, 0x63, 0x6b, 0x65, 0x74, 0x28, 0x27, 0x77, 0x73, 0x3a, 0x2f,
  0x2f, 0x27, 0x20, 0x2b, 0x20, 0x6c, 0x6f, 0x63, 0x61, 0x74, 0x69, 0x6f, 0x6e, 0x2e, 0x68, 0x6f,
  0x73, 0x74, 0x20, 0x2b, 0x20, 0x27, 0x2f, 0x77, 0x73, 0x27, 0x29, 0x3b, 0x0a, 0x0a, 0x77, 0x73,
  0x2e, 0x6f, 0x6e, 0x6f, 0x70, 0x65, 0x6e, 0x20, 0x3d, 0x20, 0x28, 0x29, 0x20, 0x3d, 0x3e, 0x20,
  0x7b, 0x0a, 0x20, 0x20, 0x73, 0x74, 0x61, 0x74, 0x75, 0x73, 0x28, 0x27, 0x77, 0x73, 0x20, 0x6f,
  0x70, 0x65, 0x6e, 0x20, 0xe2, 0x80, 0x94, 0x20, 0x68, 0x65, 0x6c, 0x6c, 0x6f, 0x20, 0x73, 0x65,
  0x6e, 0x74, 0x27, 0x29, 0x3b, 0x0a, 0x20, 0x20, 0x73, 0x65, 0x6e, 0x64, 0x28, 0x7b, 0x20, 0x74,
  0x79, 0x70, 0x65, 0x3a, 0x20, 0x27, 0x68, 0x65, 0x6c, 0x6c, 0x6f, 0x27, 0x2c, 0x20, 0x68, 0x72,
  0x65, 0x66, 0x3a, 0x20, 0x6c, 0x6f, 0x63, 0x61, 0x74, 0x69, 0x6f, 0x6e, 0x2e, 0x68, 0x72, 0x65,
  0x66, 0x20, 0x7d, 0x29, 0x3b, 0x0a, 0x7d, 0x3b, 0x0a, 0x77, 0x73, 0x2e, 0x6f, 0x6e, 0x6d, 0x65,
  0x73, 0x73, 0x61, 0x67, 0x65, 0x20, 0x3d, 0x20, 0x28, 0x65, 0x76, 0x29, 0x20, 0x3d, 0x3e, 0x20,
  0x7b, 0x0a, 0x20, 0x20, 0x63, 0x6f, 0x6e, 0x73, 0x74, 0x20, 0x6d, 0x73, 0x67, 0x20, 0x3d, 0x20,
  0x4a, 0x53, 0x4f, 0x4e, 0x2e, 0x70, 0x61, 0x72, 0x73, 0x65, 0x28, 0x65, 0x76, 0x2e, 0x64, 0x61,
  0x74, 0x61, 0x29, 0x3b, 0x0a, 0x20, 0x20, 0x69, 0x66, 0x20, 0x28, 0x6d, 0x73, 0x67, 0x2e, 0x74,
  0x79, 0x70, 0x65, 0x20, 0x3d, 0x3d, 0x3d, 0x20, 0x27, 0x70, 0x69, 0x6e, 0x67, 0x27, 0x29, 0x20,
  0x7b, 0x0a, 0x20, 0x20, 0x20, 0x20, 0x73, 0x65, 0x6e, 0x64, 0x28, 0x7b, 0x20, 0x74, 0x79, 0x70,
  0x65, 0x3a, 0x20, 0x27, 0x70, 0x6f, 0x6e, 0x67, 0x27, 0x2c, 0x20, 0x6e, 0x6f, 0x6e, 0x63, 0x65,
  0x3a, 0x20, 0x6d, 0x73, 0x67, 0x2e, 0x6e, 0x6f, 0x6e, 0x63, 0x65, 0x20, 0x7d, 0x29, 0x3b, 0x0a,
  0x20, 0x20, 0x20, 0x20, 0x73, 0x74, 0x61, 0x74, 0x75, 0x73, 0x28, 0x27, 0x70, 0x69, 0x6e, 0x67,
  0xe2, 0x86, 0x92, 0x70, 0x6f, 0x6e, 0x67, 0x20, 0x65, 0x63, 0x68, 0x6f, 0x65, 0x64, 0x27, 0x29,
  0x3b, 0x0a, 0x20, 0x20, 0x7d, 0x20, 0x65, 0x6c, 0x73, 0x65, 0x20, 0x69, 0x66, 0x20, 0x28, 0x6d,
  0x73, 0x67, 0x2e, 0x74, 0x79, 0x70, 0x65, 0x20, 0x3d, 0x3d, 0x3d, 0x20, 0x27, 0x70, 0x75, 0x73,
  0x68, 0x27, 0x29, 0x20, 0x7b, 0x0a, 0x20, 0x20, 0x20, 0x20, 0x73, 0x65, 0x6e, 0x64, 0x28, 0x7b,
  0x20, 0x74, 0x79, 0x70, 0x65, 0x3a, 0x20, 0x27, 0x61, 0x63, 0x6b, 0x27, 0x2c, 0x20, 0x6f, 0x66,
  0x3a, 0x20, 0x27, 0x70, 0x75, 0x73, 0x68, 0x27, 0x2c, 0x20, 0x62, 0x79, 0x74, 0x65, 0x73, 0x3a,
  0x20, 0x6d, 0x73, 0x67, 0x2e, 0x62, 0x79, 0x74, 0x65, 0x73, 0x20, 0x7d, 0x29, 0x3b, 0x0a, 0x20,
  0x20, 0x20, 0x20, 0x73, 0x74, 0x61, 0x74, 0x75, 0x73, 0x28, 0x27, 0x70, 0x75, 0x73, 0x68, 0x20,
  0x28, 0x27, 0x20, 0x2b, 0x20, 0x6d, 0x73, 0x67, 0x2e, 0x62, 0x79, 0x74, 0x65, 0x73, 0x20, 0x2b,
  0x20, 0x27, 0x42, 0x29, 0x20, 0x61, 0x63, 0x6b, 0x6e, 0x6f, 0x77, 0x6c, 0x65, 0x64, 0x67, 0x65,
  0x64, 0x27, 0x29, 0x3b, 0x0a, 0x20, 0x20, 0x7d, 0x0a, 0x7d, 0x3b, 0x0a, 0x77, 0x73, 0x2e, 0x6f,
  0x6e, 0x63, 0x6c, 0x6f, 0x73, 0x65, 0x20, 0x3d, 0x20, 0x28, 0x29, 0x20, 0x3d, 0x3e, 0x20, 0x73,
  0x74, 0x61, 0x74, 0x75, 0x73, 0x28, 0x27, 0x77, 0x73, 0x20, 0x63, 0x6c, 0x6f, 0x73, 0x65, 0x64,
  0x27, 0x29, 0x3b, 0x0a,
  0x00
};

/* runtime/spike/vendor/dsh/util-crypto@0.1.6-alpha.1/lib/index.js (1433 bytes) */
static const unsigned char DSH_PKG_CRYPTO_JS[] = {
  0x2f, 0x2f, 0x23, 0x72, 0x65, 0x67, 0x69, 0x6f, 0x6e, 0x20, 0x6c, 0x69, 0x62, 0x2f, 0x74, 0x79,
  0x70, 0x65, 0x73, 0x2f, 0x69, 0x6e, 0x64, 0x65, 0x78, 0x2e, 0x6a, 0x73, 0x0a, 0x2f, 0x2a, 0x2a,
  0x0a, 0x2a, 0x20, 0x55, 0x55, 0x49, 0x44, 0x20, 0x6d, 0x69, 0x6e, 0x74, 0x69, 0x6e, 0x67, 0x20,
  0x74, 0x68, 0x61, 0x74, 0x20, 0x77, 0x6f, 0x72, 0x6b, 0x73, 0x20, 0x69, 0x6e, 0x20, 0x65, 0x76,
  0x65, 0x72, 0x79, 0x20, 0x4a, 0x61, 0x76, 0x61, 0x53, 0x63, 0x72, 0x69, 0x70, 0x74, 0x20, 0x63,
  0x6f, 0x6e, 0x74, 0x65, 0x78, 0x74, 0x20, 0x74, 0x68, 0x69, 0x73, 0x20, 0x72, 0x65, 0x70, 0x6f,
  0x73, 0x69, 0x74, 0x6f, 0x72, 0x79, 0x20, 0x73, 0x68, 0x69, 0x70, 0x73, 0x0a, 0x2a, 0x20, 0x74,
  0x6f, 0x2e, 0x20, 0x60, 0x63, 0x72, 0x79, 0x70, 0x74, 0x6f, 0x2e, 0x72, 0x61, 0x6e, 0x64, 0x6f,
  0x6d, 0x55, 0x55, 0x49, 0x44, 0x60, 0x20, 0x69, 0x73, 0x20, 0x61, 0x20, 0x73, 0x65, 0x63, 0x75,
  0x72, 0x65, 0x2d, 0x63, 0x6f, 0x6e, 0x74, 0x65, 0x78, 0x74, 0x20, 0x57, 0x65, 0x62, 0x20, 0x41,
  0x50, 0x49, 0x20, 0xe2, 0x80, 0x94, 0x20, 0x61, 0x20, 0x70, 0x61, 0x67, 0x65, 0x20, 0x6f, 0x72,
  0x20, 0x77, 0x6f, 0x72, 0x6b, 0x65, 0x72, 0x0a, 0x2a, 0x20, 0x73, 0x65, 0x72, 0x76, 0x65, 0x64,
  0x20, 0x6f, 0x76, 0x65, 0x72, 0x20, 0x70, 0x6c, 0x61, 0x69, 0x6e, 0x20, 0x48, 0x54, 0x54, 0x50,
  0x20, 0x6f, 0x6e, 0x20, 0x61, 0x20, 0x4c, 0x41, 0x4e, 0x20, 0x61, 0x64, 0x64, 0x72, 0x65, 0x73,
  0x73, 0x20, 0x68, 0x61, 0x73, 0x20, 0x6e, 0x6f, 0x20, 0x73, 0x75, 0x63, 0x68, 0x20, 0x6d, 0x65,
  0x74, 0x68, 0x6f, 0x64, 0x20, 0xe2, 0x80, 0x94, 0x20, 0x77, 0x68, 0x69, 0x6c, 0x65, 0x0a, 0x2a,
  0x20, 0x60, 0x63, 0x72, 0x79, 0x70, 0x74, 0x6f, 0x2e, 0x67, 0x65, 0x74, 0x52, 0x61, 0x6e, 0x64,
  0x6f, 0x6d, 0x56, 0x61, 0x6c, 0x75, 0x65, 0x73, 0x60, 0x20, 0x69, 0x73, 0x20, 0x75, 0x6e, 0x72,
  0x65, 0x73, 0x74, 0x72, 0x69, 0x63, 0x74, 0x65, 0x64, 0x20, 0x65, 0x76, 0x65, 0x72, 0x79, 0x77,
  0x68, 0x65, 0x72, 0x65, 0x20, 0x28, 0x62, 0x72, 0x6f, 0x77, 0x73, 0x65, 0x72, 0x73, 0x2c, 0x20,
  0x77, 0x6f, 0x72, 0x6b, 0x65, 0x72, 0x73, 0x2c, 0x0a, 0x2a, 0x20, 0x4e, 0x6f, 0x64, 0x65, 0x20,
  0xe2, 0x89, 0xa5, 0x20, 0x31, 0x39, 0x29, 0x2e, 0x20, 0x4f, 0x6e, 0x65, 0x20, 0x69, 0x6d, 0x70,
  0x6c, 0x65, 0x6d, 0x65, 0x6e, 0x74, 0x61, 0x74, 0x69, 0x6f, 0x6e, 0x20, 0x68, 0x65, 0x72, 0x65,
  0x20, 0x72, 0x65, 0x70, 0x6c, 0x61, 0x63, 0x65, 0x73, 0x20, 0x70, 0x65, 0x72, 0x2d, 0x63, 0x61,
  0x6c, 0x6c, 0x65, 0x72, 0x20, 0x70, 0x6f, 0x6c, 0x79, 0x66, 0x69, 0x6c, 0x6c, 0x73, 0x3b, 0x20,
  0x74, 0x68, 0x65, 0x0a, 0x2a, 0x20, 0x60, 0x6e, 0x6f, 0x2d, 0x72, 0x65, 0x73, 0x74, 0x72, 0x69,
  0x63, 0x74, 0x65, 0x64, 0x2d, 0x70, 0x72, 0x6f, 0x70, 0x65, 0x72, 0x74, 0x69, 0x65, 0x73, 0x60,
  0x20, 0x6c, 0x69, 0x6e, 0x74, 0x20, 0x72, 0x75, 0x6c, 0x65, 0x20, 0x70, 0x6f, 0x69, 0x6e, 0x74,
  0x73, 0x20, 0x60, 0x63, 0x72, 0x79, 0x70, 0x74, 0x6f, 0x2e, 0x72, 0x61, 0x6e, 0x64, 0x6f, 0x6d,
  0x55, 0x55, 0x49, 0x44, 0x60, 0x20, 0x63, 0x61, 0x6c, 0x6c, 0x65, 0x72, 0x73, 0x20, 0x61, 0x74,
  0x0a, 0x2a, 0x20, 0x74, 0x68, 0x69, 0x73, 0x20, 0x6d, 0x6f, 0x64, 0x75, 0x6c, 0x65, 0x2e, 0x0a,
  0x2a, 0x20, 0x40, 0x6d, 0x6f, 0x64, 0x75, 0x6c, 0x65, 0x20, 0x40, 0x64, 0x65, 0x65, 0x70, 0x73,
  0x65, 0x65, 0x6b, 0x2d, 0x61, 0x69, 0x2f, 0x64, 0x73, 0x68, 0x2d, 0x75, 0x74, 0x69, 0x6c, 0x2d,
  0x63, 0x72, 0x79, 0x70, 0x74, 0x6f, 0x0a, 0x2a, 0x2f, 0x0a, 0x2f, 0x2a, 0x2a, 0x0a, 0x2a, 0x20,
  0x45, 0x6e, 0x63, 0x6f, 0x64, 0x65, 0x20, 0x62, 0x79, 0x74, 0x65, 0x73, 0x20, 0x61, 0x73, 0x20,
  0x63, 0x61, 0x6e, 0x6f, 0x6e, 0x69, 0x63, 0x61, 0x6c, 0x20, 0x62, 0x61, 0x73, 0x65, 0x36, 0x34,
  0x20, 0x77, 0x69, 0x74, 0x68, 0x6f, 0x75, 0x74, 0x20, 0x6f, 0x76, 0x65, 0x72, 0x66, 0x6c, 0x6f,
  0x77, 0x69, 0x6e, 0x67, 0x20, 0x66, 0x75, 0x6e, 0x63, 0x74, 0x69, 0x6f, 0x6e, 0x20, 0x61, 0x72,
  0x67, 0x75, 0x6d, 0x65, 0x6e, 0x74, 0x20, 0x6c, 0x69, 0x6d, 0x69, 0x74, 0x73, 0x2e, 0x0a, 0x2a,
  0x20, 0x40, 0x70, 0x61, 0x72, 0x61, 0x6d, 0x20, 0x64, 0x61, 0x74, 0x61, 0x20, 0x2d, 0x20, 0x42,
  0x79, 0x74, 0x65, 0x73, 0x20, 0x74, 0x6f, 0x20, 0x65, 0x6e, 0x63, 0x6f, 0x64, 0x65, 0x2e, 0x0a,
  0x2a, 0x20, 0x40, 0x72, 0x65, 0x74, 0x75, 0x72, 0x6e, 0x73, 0x20, 0x62, 0x61, 0x73, 0x65, 0x36,
  0x34, 0x20, 0x74, 0x65, 0x78, 0x74, 0x2e, 0x0a, 0x2a, 0x2f, 0x0a, 0x66, 0x75, 0x6e, 0x63, 0x74,
  0x69, 0x6f, 0x6e, 0x20, 0x62, 0x79, 0x74, 0x65, 0x73, 0x54, 0x6f, 0x42, 0x61, 0x73, 0x65, 0x36,
  0x34, 0x28, 0x64, 0x61, 0x74, 0x61, 0x29, 0x20, 0x7b, 0x0a, 0x09, 0x6c, 0x65, 0x74, 0x20, 0x62,
  0x69, 0x6e, 0x61, 0x72, 0x79, 0x20, 0x3d, 0x20, 0x22, 0x22, 0x3b, 0x0a, 0x09, 0x63, 0x6f, 0x6e,
  0x73, 0x74, 0x20, 0x63, 0x68, 0x75, 0x6e, 0x6b, 0x20, 0x3d, 0x20, 0x33, 0x32, 0x37, 0x36, 0x38,
  0x3b, 0x0a, 0x09, 0x66, 0x6f, 0x72, 0x20, 0x28, 0x6c, 0x65, 0x74, 0x20, 0x6f, 0x66, 0x66, 0x73,
  0x65, 0x74, 0x20, 0x3d, 0x20, 0x30, 0x3b, 0x20, 0x6f, 0x66, 0x66, 0x73, 0x65, 0x74, 0x20, 0x3c,
  0x20, 0x64, 0x61, 0x74, 0x61, 0x2e, 0x6c, 0x65, 0x6e, 0x67, 0x74, 0x68, 0x3b, 0x20, 0x6f, 0x66,
  0x66, 0x73, 0x65, 0x74, 0x20, 0x2b, 0x3d, 0x20, 0x63, 0x68, 0x75, 0x6e, 0x6b, 0x29, 0x20, 0x62,
  0x69, 0x6e, 0x61, 0x72, 0x79, 0x20, 0x2b, 0x3d, 0x20, 0x53, 0x74, 0x72, 0x69, 0x6e, 0x67, 0x2e,
  0x66, 0x72, 0x6f, 0x6d, 0x43, 0x68, 0x61, 0x72, 0x43, 0x6f, 0x64, 0x65, 0x28, 0x2e, 0x2e, 0x2e,
  0x64, 0x61, 0x74, 0x61, 0x2e, 0x73, 0x75, 0x62, 0x61, 0x72, 0x72, 0x61, 0x79, 0x28, 0x6f, 0x66,
  0x66, 0x73, 0x65, 0x74, 0x2c, 0x20, 0x6f, 0x66, 0x66, 0x73, 0x65, 0x74, 0x20, 0x2b, 0x20, 0x63,
  0x68, 0x75, 0x6e, 0x6b, 0x29, 0x29, 0x3b, 0x0a, 0x09, 0x72, 0x65, 0x74, 0x75, 0x72, 0x6e, 0x20,
  0x62, 0x74, 0x6f, 0x61, 0x28, 0x62, 0x69, 0x6e, 0x61, 0x72, 0x79, 0x29, 0x3b, 0x0a, 0x7d, 0x0a,
  0x2f, 0x2a, 0x2a, 0x0a, 0x2a, 0x20, 0x52, 0x61, 0x6e, 0x64, 0x6f, 0x6d, 0x20, 0x76, 0x34, 0x20,
  0x55, 0x55, 0x49, 0x44, 0x2c, 0x20, 0x6d, 0x69, 0x6e, 0x74, 0x65, 0x64, 0x20, 0x66, 0x72, 0x6f,
  0x6d, 0x20, 0x60, 0x63, 0x72, 0x79, 0x70, 0x74, 0x6f, 0x2e, 0x67, 0x65, 0x74, 0x52, 0x61, 0x6e,
  0x64, 0x6f, 0x6d, 0x56, 0x61, 0x6c, 0x75, 0x65, 0x73, 0x60, 0x2e, 0x0a, 0x2a, 0x20, 0x40, 0x72,
  0x65, 0x74, 0x75, 0x72, 0x6e, 0x73, 0x20, 0x74, 0x68, 0x65, 0x20, 0x55, 0x55, 0x49, 0x44, 0x20,
  0x73, 0x74, 0x72, 0x69, 0x6e, 0x67, 0x2e, 0x0a, 0x2a, 0x2f, 0x0a, 0x66, 0x75, 0x6e, 0x63, 0x74,
  0x69, 0x6f, 0x6e, 0x20, 0x72, 0x61, 0x6e, 0x64, 0x6f, 0x6d, 0x55, 0x55, 0x49, 0x44, 0x28, 0x29,
  0x20, 0x7b, 0x0a, 0x09, 0x63, 0x6f, 0x6e, 0x73, 0x74, 0x20, 0x62, 0x79, 0x74, 0x65, 0x73, 0x20,
  0x3d, 0x20, 0x67, 0x6c, 0x6f, 0x62, 0x61, 0x6c, 0x54, 0x68, 0x69, 0x73, 0x2e, 0x63, 0x72, 0x79,
  0x70, 0x74, 0x6f, 0x2e, 0x67, 0x65, 0x74, 0x52, 0x61, 0x6e, 0x64, 0x6f, 0x6d, 0x56, 0x61, 0x6c,
  0x75, 0x65, 0x73, 0x28, 0x6e, 0x65, 0x77, 0x20, 0x55, 0x69, 0x6e, 0x74, 0x38, 0x41, 0x72, 0x72,
  0x61, 0x79, 0x28, 0x31, 0x36, 0x29, 0x29, 0x3b, 0x0a, 0x09, 0x63, 0x6f, 0x6e, 0x73, 0x74, 0x20,
  0x68, 0x65, 0x78, 0x20, 0x3d, 0x20, 0x41, 0x72, 0x72, 0x61, 0x79, 0x2e, 0x66, 0x72, 0x6f, 0x6d,
  0x28, 0x62, 0x79, 0x74, 0x65, 0x73, 0x2c, 0x20, 0x28, 0x62, 0x79, 0x74, 0x65, 0x2c, 0x20, 0x69,
  0x6e, 0x64, 0x65, 0x78, 0x29, 0x20, 0x3d, 0x3e, 0x20, 0x7b, 0x0a, 0x09, 0x09, 0x72, 0x65, 0x74,
  0x75, 0x72, 0x6e, 0x20, 0x28, 0x69, 0x6e, 0x64, 0x65, 0x78, 0x20, 0x3d, 0x3d, 0x3d, 0x20, 0x36,
  0x20, 0x3f, 0x20, 0x62, 0x79, 0x74, 0x65, 0x20, 0x26, 0x20, 0x31, 0x35, 0x20, 0x7c, 0x20, 0x36,
  0x34, 0x20, 0x3a, 0x20, 0x69, 0x6e, 0x64, 0x65, 0x78, 0x20, 0x3d, 0x3d, 0x3d, 0x20, 0x38, 0x20,
  0x3f, 0x20, 0x62, 0x79, 0x74, 0x65, 0x20, 0x26, 0x20, 0x36, 0x33, 0x20, 0x7c, 0x20, 0x31, 0x32,
  0x38, 0x20, 0x3a, 0x20, 0x62, 0x79, 0x74, 0x65, 0x29, 0x2e, 0x74, 0x6f, 0x53, 0x74, 0x72, 0x69,
  0x6e, 0x67, 0x28, 0x31, 0x36, 0x29, 0x2e, 0x70, 0x61, 0x64, 0x53, 0x74, 0x61, 0x72, 0x74, 0x28,
  0x32, 0x2c, 0x20, 0x22, 0x30, 0x22, 0x29, 0x3b, 0x0a, 0x09, 0x7d, 0x29, 0x2e, 0x6a, 0x6f, 0x69,
  0x6e, 0x28, 0x22, 0x22, 0x29, 0x3b, 0x0a, 0x09, 0x72, 0x65, 0x74, 0x75, 0x72, 0x6e, 0x20, 0x60,
  0x24, 0x7b, 0x68, 0x65, 0x78, 0x2e, 0x73, 0x6c, 0x69, 0x63, 0x65, 0x28, 0x30, 0x2c, 0x20, 0x38,
  0x29, 0x7d, 0x2d, 0x24, 0x7b, 0x68, 0x65, 0x78, 0x2e, 0x73, 0x6c, 0x69, 0x63, 0x65, 0x28, 0x38,
  0x2c, 0x20, 0x31, 0x32, 0x29, 0x7d, 0x2d, 0x24, 0x7b, 0x68, 0x65, 0x78, 0x2e, 0x73, 0x6c, 0x69,
  0x63, 0x65, 0x28, 0x31, 0x32, 0x2c, 0x20, 0x31, 0x36, 0x29, 0x7d, 0x2d, 0x24, 0x7b, 0x68, 0x65,
  0x78, 0x2e, 0x73, 0x6c, 0x69, 0x63, 0x65, 0x28, 0x31, 0x36, 0x2c, 0x20, 0x32, 0x30, 0x29, 0x7d,
  0x2d, 0x24, 0x7b, 0x68, 0x65, 0x78, 0x2e, 0x73, 0x6c, 0x69, 0x63, 0x65, 0x28, 0x32, 0x30, 0x29,
  0x7d, 0x60, 0x3b, 0x0a, 0x7d, 0x0a, 0x2f, 0x2f, 0x23, 0x65, 0x6e, 0x64, 0x72, 0x65, 0x67, 0x69,
  0x6f, 0x6e, 0x0a, 0x65, 0x78, 0x70, 0x6f, 0x72, 0x74, 0x20, 0x7b, 0x20, 0x62, 0x79, 0x74, 0x65,
  0x73, 0x54, 0x6f, 0x42, 0x61, 0x73, 0x65, 0x36, 0x34, 0x2c, 0x20, 0x72, 0x61, 0x6e, 0x64, 0x6f,
  0x6d, 0x55, 0x55, 0x49, 0x44, 0x20, 0x7d, 0x3b, 0x0a,
  0x00
};

/* system-plugins/dsh-fs/manifest.json (248 bytes) */
static const unsigned char DSH_PLUGIN_FS_MANIFEST[] = {
  0x7b, 0x0a, 0x20, 0x20, 0x22, 0x73, 0x63, 0x68, 0x65, 0x6d, 0x61, 0x56, 0x65, 0x72, 0x73, 0x69,
  0x6f, 0x6e, 0x22, 0x3a, 0x20, 0x31, 0x2c, 0x0a, 0x20, 0x20, 0x22, 0x69, 0x64, 0x22, 0x3a, 0x20,
  0x22, 0x64, 0x73, 0x68, 0x2d, 0x66, 0x73, 0x22, 0x2c, 0x0a, 0x20, 0x20, 0x22, 0x76, 0x65, 0x72,
  0x73, 0x69, 0x6f, 0x6e, 0x22, 0x3a, 0x20, 0x22, 0x30, 0x2e, 0x31, 0x2e, 0x30, 0x22, 0x2c, 0x0a,
  0x20, 0x20, 0x22, 0x74, 0x79, 0x70, 0x65, 0x22, 0x3a, 0x20, 0x22, 0x73, 0x65, 0x72, 0x76, 0x69,
  0x63, 0x65, 0x22, 0x2c, 0x0a, 0x20, 0x20, 0x22, 0x65, 0x6e, 0x74, 0x72, 0x79, 0x22, 0x3a, 0x20,
  0x22, 0x69, 0x6e, 0x64, 0x65, 0x78, 0x2e, 0x6a, 0x73, 0x22, 0x2c, 0x0a, 0x20, 0x20, 0x22, 0x63,
  0x61, 0x70, 0x61, 0x62, 0x69, 0x6c, 0x69, 0x74, 0x69, 0x65, 0x73, 0x22, 0x3a, 0x20, 0x7b, 0x0a,
  0x20, 0x20, 0x20, 0x20, 0x22, 0x72, 0x65, 0x71, 0x75, 0x69, 0x72, 0x65, 0x64, 0x22, 0x3a, 0x20,
  0x5b, 0x22, 0x66, 0x73, 0x52, 0x65, 0x61, 0x64, 0x22, 0x2c, 0x20, 0x22, 0x66, 0x73, 0x57, 0x72,
  0x69, 0x74, 0x65, 0x22, 0x2c, 0x20, 0x22, 0x66, 0x73, 0x53, 0x63, 0x6f, 0x70, 0x65, 0x22, 0x5d,
  0x2c, 0x0a, 0x20, 0x20, 0x20, 0x20, 0x22, 0x6f, 0x70, 0x74, 0x69, 0x6f, 0x6e, 0x61, 0x6c, 0x22,
  0x3a, 0x20, 0x5b, 0x5d, 0x0a, 0x20, 0x20, 0x7d, 0x2c, 0x0a, 0x20, 0x20, 0x22, 0x68, 0x6f, 0x6f,
  0x6b, 0x73, 0x22, 0x3a, 0x20, 0x7b, 0x0a, 0x20, 0x20, 0x20, 0x20, 0x22, 0x61, 0x63, 0x74, 0x69,
  0x76, 0x61, 0x74, 0x65, 0x22, 0x3a, 0x20, 0x22, 0x61, 0x63, 0x74, 0x69, 0x76, 0x61, 0x74, 0x65,
  0x22, 0x0a, 0x20, 0x20, 0x7d, 0x0a, 0x7d, 0x0a,
  0x00
};

/* system-plugins/dsh-fs/index.js (3676 bytes) */
static const unsigned char DSH_PLUGIN_FS_JS[] = {
  0x2f, 0x2a, 0x2a, 0x0a, 0x20, 0x2a, 0x20, 0x64, 0x73, 0x68, 0x2d, 0x66, 0x73, 0x20, 0xe2, 0x80,
  0x94, 0x20, 0x73, 0x79, 0x73, 0x74, 0x65, 0x6d, 0x20, 0x69, 0x6d, 0x70, 0x6c, 0x65, 0x6d, 0x65,
  0x6e, 0x74, 0x61, 0x74, 0x69, 0x6f, 0x6e, 0x20, 0x70, 0x6c, 0x75, 0x67, 0x69, 0x6e, 0x20, 0x66,
  0x6f, 0x72, 0x20, 0x74, 0x68, 0x65, 0x20, 0x60, 0x66, 0x73, 0x60, 0x20, 0x73, 0x65, 0x72, 0x76,
  0x69, 0x63, 0x65, 0x20, 0x28, 0x4d, 0x32, 0x20, 0x76, 0x30, 0x29, 0x2e, 0x0a, 0x20, 0x2a, 0x0a,
  0x20, 0x2a, 0x20, 0x50, 0x6c, 0x61, 0x74, 0x66, 0x6f, 0x72, 0x6d, 0x2d, 0x6e, 0x65, 0x75, 0x74,
  0x72, 0x61, 0x6c, 0x3a, 0x20, 0x63, 0x6f, 0x6e, 0x73, 0x75, 0x6d, 0x65, 0x73, 0x20, 0x4f, 0x4e,
  0x4c, 0x59, 0x20, 0x74, 0x68, 0x65, 0x20, 0x66, 0x72, 0x6f, 0x7a, 0x65, 0x6e, 0x20, 0x63, 0x6f,
  0x6e, 0x74, 0x72, 0x61, 0x63, 0x74, 0x20, 0x70, 0x72, 0x69, 0x6d, 0x69, 0x74, 0x69, 0x76, 0x65,
  0x73, 0x0a, 0x20, 0x2a, 0x20, 0x28, 0x66, 0x73, 0x52, 0x65, 0x61, 0x64, 0x20, 0x2f, 0x20, 0x66,
  0x73, 0x57, 0x72, 0x69, 0x74, 0x65, 0x20, 0x2f, 0x20, 0x66, 0x73, 0x53, 0x63, 0x6f, 0x70, 0x65,
  0x20, 0x76, 0x69, 0x61, 0x20, 0x74, 0x68, 0x65, 0x20, 0x72, 0x75, 0x6e, 0x74, 0x69, 0x6d, 0x65,
  0x2f, 0x73, 0x70, 0x69, 0x6b, 0x65, 0x20, 0x67, 0x61, 0x74, 0x65, 0x77, 0x61, 0x79, 0x20, 0x73,
  0x68, 0x69, 0x6d, 0x29, 0x20, 0x61, 0x6e, 0x64, 0x20, 0x74, 0x68, 0x65, 0x0a, 0x20, 0x2a, 0x20,
  0x75, 0x6e, 0x69, 0x66, 0x69, 0x65, 0x64, 0x20, 0x6c, 0x6f, 0x67, 0x67, 0x65, 0x72, 0x2e, 0x20,
  0x45, 0x76, 0x65, 0x72, 0x79, 0x74, 0x68, 0x69, 0x6e, 0x67, 0x20, 0x69, 0x73, 0x20, 0x73, 0x63,
  0x6f, 0x70, 0x65, 0x2d, 0x72, 0x65, 0x6c, 0x61, 0x74, 0x69, 0x76, 0x65, 0x20, 0x50, 0x4f, 0x53,
  0x49, 0x58, 0x3a, 0x20, 0x70, 0x61, 0x74, 0x68, 0x73, 0x20, 0x6d, 0x75, 0x73, 0x74, 0x20, 0x62,
  0x65, 0x0a, 0x20, 0x2a, 0x20, 0x72, 0x65, 0x6c, 0x61, 0x74, 0x69, 0x76, 0x65, 0x2c, 0x20, 0x64,
  0x6f, 0x74, 0x2d, 0x66, 0x72, 0x65, 0x65, 0x20, 0x6f, 0x66, 0x20, 0x60, 0x2e, 0x2e, 0x60, 0x20,
  0x73, 0x65, 0x67, 0x6d, 0x65, 0x6e, 0x74, 0x73, 0x2c, 0x20, 0x61, 0x6e, 0x64, 0x20, 0x73, 0x74,
  0x61, 0x79, 0x20, 0x69, 0x6e, 0x73, 0x69, 0x64, 0x65, 0x20, 0x74, 0x68, 0x65, 0x20, 0x67, 0x72,
  0x61, 0x6e, 0x74, 0x65, 0x64, 0x20, 0x73, 0x63, 0x6f, 0x70, 0x65, 0x20, 0xe2, 0x80, 0x94, 0x0a,
  0x20, 0x2a, 0x20, 0x76, 0x69, 0x6f, 0x6c, 0x61, 0x74, 0x69, 0x6f, 0x6e, 0x73, 0x20, 0x72, 0x65,
  0x6a, 0x65, 0x63, 0x74, 0x20, 0x77, 0x69, 0x74, 0x68, 0x20, 0x74, 0x68, 0x65, 0x20, 0x63, 0x6f,
  0x6e, 0x74, 0x72, 0x61, 0x63, 0x74, 0x27, 0x73, 0x20, 0x22, 0x69, 0x6e, 0x76, 0x61, 0x6c, 0x69,
  0x64, 0x22, 0x20, 0x63, 0x6f, 0x64, 0x65, 0x20, 0x62, 0x65, 0x66, 0x6f, 0x72, 0x65, 0x20, 0x61,
  0x6e, 0x79, 0x20, 0x70, 0x72, 0x69, 0x6d, 0x69, 0x74, 0x69, 0x76, 0x65, 0x0a, 0x20, 0x2a, 0x20,
  0x63, 0x61, 0x6c, 0x6c, 0x20, 0x6c, 0x65, 0x61, 0x76, 0x65, 0x73, 0x20, 0x74, 0x68, 0x65, 0x20,
  0x70, 0x6c, 0x75, 0x67, 0x69, 0x6e, 0x20, 0x28, 0x64, 0x65, 0x66, 0x65, 0x6e, 0x73, 0x65, 0x20,
  0x69, 0x6e, 0x20, 0x64, 0x65, 0x70, 0x74, 0x68, 0x3b, 0x20, 0x74, 0x68, 0x65, 0x20, 0x68, 0x6f,
  0x73, 0x74, 0x20, 0x72, 0x65, 0x2d, 0x63, 0x68, 0x65, 0x63, 0x6b, 0x73, 0x29, 0x2e, 0x0a, 0x20,
  0x2a, 0x2f, 0x0a, 0x69, 0x6d, 0x70, 0x6f, 0x72, 0x74, 0x20, 0x7b, 0x20, 0x63, 0x72, 0x65, 0x61,
  0x74, 0x65, 0x4c, 0x6f, 0x67, 0x67, 0x65, 0x72, 0x20, 0x7d, 0x20, 0x66, 0x72, 0x6f, 0x6d, 0x20,
  0x27, 0x6c, 0x6f, 0x67, 0x67, 0x65, 0x72, 0x2e, 0x6a, 0x73, 0x27, 0x3b, 0x0a, 0x69, 0x6d, 0x70,
  0x6f, 0x72, 0x74, 0x20, 0x7b, 0x20, 0x66, 0x73, 0x52, 0x65, 0x61, 0x64, 0x2c, 0x20, 0x66, 0x73,
  0x57, 0x72, 0x69, 0x74, 0x65, 0x2c, 0x20, 0x47, 0x61, 0x74, 0x65, 0x77, 0x61, 0x79, 0x45, 0x72,
  0x72, 0x6f, 0x72, 0x20, 0x7d, 0x20, 0x66, 0x72, 0x6f, 0x6d, 0x20, 0x27, 0x67, 0x61, 0x74, 0x65,
  0x77, 0x61, 0x79, 0x2e, 0x6a, 0x73, 0x27, 0x3b, 0x0a, 0x0a, 0x63, 0x6f, 0x6e, 0x73, 0x74, 0x20,
  0x6c, 0x6f, 0x67, 0x20, 0x3d, 0x20, 0x63, 0x72, 0x65, 0x61, 0x74, 0x65, 0x4c, 0x6f, 0x67, 0x67,
  0x65, 0x72, 0x28, 0x27, 0x64, 0x73, 0x68, 0x2e, 0x66, 0x73, 0x27, 0x29, 0x3b, 0x0a, 0x0a, 0x2f,
  0x2a, 0x2a, 0x20, 0x54, 0x68, 0x65, 0x20, 0x73, 0x74, 0x61, 0x74, 0x69, 0x63, 0x20, 0x6d, 0x61,
  0x6e, 0x69, 0x66, 0x65, 0x73, 0x74, 0x20, 0x74, 0x68, 0x69, 0x73, 0x20, 0x70, 0x6c, 0x75, 0x67,
  0x69, 0x6e, 0x20, 0x69, 0x6e, 0x73, 0x74, 0x61, 0x6c, 0x6c, 0x73, 0x20, 0x75, 0x6e, 0x64, 0x65,
  0x72, 0x20, 0x28, 0x73, 0x63, 0x68, 0x65, 0x6d, 0x61, 0x56, 0x65, 0x72, 0x73, 0x69, 0x6f, 0x6e,
  0x20, 0x31, 0x29, 0x2e, 0x20, 0x2a, 0x2f, 0x0a, 0x65, 0x78, 0x70, 0x6f, 0x72, 0x74, 0x20, 0x63,
  0x6f, 0x6e, 0x73, 0x74, 0x20, 0x6d, 0x61, 0x6e, 0x69, 0x66, 0x65, 0x73, 0x74, 0x20, 0x3d, 0x20,
  0x7b, 0x0a, 0x20, 0x20, 0x73, 0x63, 0x68, 0x65, 0x6d, 0x61, 0x56, 0x65, 0x72, 0x73, 0x69, 0x6f,
  0x6e, 0x3a, 0x20, 0x31, 0x2c, 0x0a, 0x20, 0x20, 0x69, 0x64, 0x3a, 0x20, 0x27, 0x64, 0x73, 0x68,
  0x2d, 0x66, 0x73, 0x27, 0x2c, 0x0a, 0x20, 0x20, 0x76, 0x65, 0x72, 0x73, 0x69, 0x6f, 0x6e, 0x3a,
  0x20, 0x27, 0x30, 0x2e, 0x31, 0x2e, 0x30, 0x27, 0x2c, 0x0a, 0x20, 0x20, 0x74, 0x79, 0x70, 0x65,
  0x3a, 0x20, 0x27, 0x73, 0x65, 0x72, 0x76, 0x69, 0x63, 0x65, 0x27, 0x2c, 0x0a, 0x20, 0x20, 0x65,
  0x6e, 0x74, 0x72, 0x79, 0x3a, 0x20, 0x27, 0x69, 0x6e, 0x64, 0x65, 0x78, 0x2e, 0x6a, 0x73, 0x27,
  0x2c, 0x0a, 0x20, 0x20, 0x63, 0x61, 0x70, 0x61, 0x62, 0x69, 0x6c, 0x69, 0x74, 0x69, 0x65, 0x73,
  0x3a, 0x20, 0x7b, 0x20, 0x72, 0x65, 0x71, 0x75, 0x69, 0x72, 0x65, 0x64, 0x3a, 0x20, 0x5b, 0x27,
  0x66, 0x73, 0x52, 0x65, 0x61, 0x64, 0x27, 0x2c, 0x20, 0x27, 0x66, 0x73, 0x57, 0x72, 0x69, 0x74,
  0x65, 0x27, 0x2c, 0x20, 0x27, 0x66, 0x73, 0x53, 0x63, 0x6f, 0x70, 0x65, 0x27, 0x5d, 0x2c, 0x20,
  0x6f, 0x70, 0x74, 0x69, 0x6f, 0x6e, 0x61, 0x6c, 0x3a, 0x20, 0x5b, 0x5d, 0x20, 0x7d, 0x2c, 0x0a,
  0x20, 0x20, 0x68, 0x6f, 0x6f, 0x6b, 0x73, 0x3a, 0x20, 0x7b, 0x20, 0x61, 0x63, 0x74, 0x69, 0x76,
  0x61, 0x74, 0x65, 0x3a, 0x20, 0x27, 0x61, 0x63, 0x74, 0x69, 0x76, 0x61, 0x74, 0x65, 0x27, 0x20,
  0x7d, 0x2c, 0x0a, 0x7d, 0x3b, 0x0a, 0x0a, 0x2f, 0x2a, 0x2a, 0x20, 0x53, 0x63, 0x6f, 0x70, 0x65,
  0x2d, 0x72, 0x65, 0x6c, 0x61, 0x74, 0x69, 0x76, 0x65, 0x20, 0x50, 0x4f, 0x53, 0x49, 0x58, 0x20,
  0x70, 0x61, 0x74, 0x68, 0x20, 0x67, 0x75, 0x61, 0x72, 0x64, 0x3a, 0x20, 0x72, 0x65, 0x6c, 0x61,
  0x74, 0x69, 0x76, 0x65, 0x2c, 0x20, 0x6e, 0x6f, 0x20, 0x60, 0x2e, 0x2e, 0x60, 0x2c, 0x20, 0x6e,
  0x6f, 0x20, 0x65, 0x6d, 0x70, 0x74, 0x79, 0x20, 0x73, 0x65, 0x67, 0x6d, 0x65, 0x6e, 0x74, 0x73,
  0x2e, 0x20, 0x2a, 0x2f, 0x0a, 0x63, 0x6f, 0x6e, 0x73, 0x74, 0x20, 0x61, 0x73, 0x73, 0x65, 0x72,
  0x74, 0x50, 0x61, 0x74, 0x68, 0x20, 0x3d, 0x20, 0x28, 0x70, 0x61, 0x74, 0x68, 0x29, 0x20, 0x3d,
  0x3e, 0x20, 0x7b, 0x0a, 0x20, 0x20, 0x6c, 0x6f, 0x67, 0x2e, 0x64, 0x65, 0x62, 0x75, 0x67, 0x28,
  0x27, 0x70, 0x61, 0x74, 0x68, 0x20, 0x63, 0x68, 0x65, 0x63, 0x6b, 0x27, 0x2c, 0x20, 0x7b, 0x20,
  0x70, 0x61, 0x74, 0x68, 0x20, 0x7d, 0x29, 0x3b, 0x0a, 0x20, 0x20, 0x63, 0x6f, 0x6e, 0x73, 0x74,
  0x20, 0x62, 0x61, 0x64, 0x20, 0x3d, 0x20, 0x74, 0x79, 0x70, 0x65, 0x6f, 0x66, 0x20, 0x70, 0x61,
  0x74, 0x68, 0x20, 0x21, 0x3d, 0x3d, 0x20, 0x27, 0x73, 0x74, 0x72, 0x69, 0x6e, 0x67, 0x27, 0x20,
  0x7c, 0x7c, 0x20, 0x70, 0x61, 0x74, 0x68, 0x2e, 0x6c, 0x65, 0x6e, 0x67, 0x74, 0x68, 0x20, 0x3d,
  0x3d, 0x3d, 0x20, 0x30, 0x20, 0x7c, 0x7c, 0x20, 0x70, 0x61, 0x74, 0x68, 0x2e, 0x73, 0x74, 0x61,
  0x72, 0x74, 0x73, 0x57, 0x69, 0x74, 0x68, 0x28, 0x27, 0x2f, 0x27, 0x29, 0x0a, 0x20, 0x20, 0x20,
  0x20, 0x7c, 0x7c, 0x20, 0x70, 0x61, 0x74, 0x68, 0x2e, 0x73, 0x70, 0x6c, 0x69, 0x74, 0x28, 0x27,
  0x2f, 0x27, 0x29, 0x2e, 0x73, 0x6f, 0x6d, 0x65, 0x28, 0x28, 0x73, 0x65, 0x67, 0x29, 0x20, 0x3d,
  0x3e, 0x20, 0x73, 0x65, 0x67, 0x20, 0x3d, 0x3d, 0x3d, 0x20, 0x27, 0x27, 0x20, 0x7c, 0x7c, 0x20,
  0x73, 0x65, 0x67, 0x20, 0x3d, 0x3d, 0x3d, 0x20, 0x27, 0x2e, 0x27, 0x29, 0x0a, 0x20, 0x20, 0x20,
  0x20, 0x7c, 0x7c, 0x20, 0x70, 0x61, 0x74, 0x68, 0x2e, 0x73, 0x70, 0x6c, 0x69, 0x74, 0x28, 0x27,
  0x2f, 0x27, 0x29, 0x2e, 0x69, 0x6e, 0x63, 0x6c, 0x75, 0x64, 0x65, 0x73, 0x28, 0x27, 0x2e, 0x2e,
  0x27, 0x29, 0x3b, 0x0a, 0x20, 0x20, 0x69, 0x66, 0x20, 0x28, 0x62, 0x61, 0x64, 0x29, 0x20, 0x74,
  0x68, 0x72, 0x6f, 0x77, 0x20, 0x6e, 0x65, 0x77, 0x20, 0x47, 0x61, 0x74, 0x65, 0x77, 0x61, 0x79,
  0x45, 0x72, 0x72, 0x6f, 0x72, 0x28, 0x27, 0x69, 0x6e, 0x76, 0x61, 0x6c, 0x69, 0x64, 0x27, 0x2c,
  0x20, 0x27, 0x66, 0x73, 0x27, 0x2c, 0x20, 0x60, 0x70, 0x61, 0x74, 0x68, 0x20, 0x65, 0x73, 0x63,
  0x61, 0x70, 0x65, 0x73, 0x20, 0x69, 0x74, 0x73, 0x20, 0x73, 0x63, 0x6f, 0x70, 0x65, 0x3a, 0x20,
  0x24, 0x7b, 0x70, 0x61, 0x74, 0x68, 0x7d, 0x60, 0x29, 0x3b, 0x0a, 0x7d, 0x3b, 0x0a, 0x0a, 0x63,
  0x6f, 0x6e, 0x73, 0x74, 0x20, 0x65, 0x6e, 0x63, 0x6f, 0x64, 0x65, 0x20, 0x3d, 0x20, 0x28, 0x74,
  0x65, 0x78, 0x74, 0x29, 0x20, 0x3d, 0x3e, 0x20, 0x55, 0x69, 0x6e, 0x74, 0x38, 0x41, 0x72, 0x72,
  0x61, 0x79, 0x2e, 0x66, 0x72, 0x6f, 0x6d, 0x28, 0x5b, 0x2e, 0x2e, 0x2e, 0x74, 0x65, 0x78, 0x74,
  0x5d, 0x2e, 0x6d, 0x61, 0x70, 0x28, 0x28, 0x63, 0x29, 0x20, 0x3d, 0x3e, 0x20, 0x63, 0x2e, 0x63,
  0x68, 0x61, 0x72, 0x43, 0x6f, 0x64, 0x65, 0x41, 0x74, 0x28, 0x30, 0x29, 0x29, 0x29, 0x3b, 0x0a,
  0x63, 0x6f, 0x6e, 0x73, 0x74, 0x20, 0x64, 0x65, 0x63, 0x6f, 0x64, 0x65, 0x20, 0x3d, 0x20, 0x28,
  0x62, 0x79, 0x74, 0x65, 0x73, 0x29, 0x20, 0x3d, 0x3e, 0x20, 0x5b, 0x2e, 0x2e, 0x2e, 0x62, 0x79,
  0x74, 0x65, 0x73, 0x5d, 0x2e, 0x6d, 0x61, 0x70, 0x28, 0x28, 0x63, 0x29, 0x20, 0x3d, 0x3e, 0x20,
  0x53, 0x74, 0x72, 0x69, 0x6e, 0x67, 0x2e, 0x66, 0x72, 0x6f, 0x6d, 0x43, 0x68, 0x61, 0x72, 0x43,
  0x6f, 0x64, 0x65, 0x28, 0x63, 0x29, 0x29, 0x2e, 0x6a, 0x6f, 0x69, 0x6e, 0x28, 0x27, 0x27, 0x29,
  0x3b, 0x0a, 0x0a, 0x2f, 0x2a, 0x2a, 0x20, 0x42, 0x79, 0x74, 0x65, 0x20, 0x69, 0x6f, 0x20, 0x6f,
  0x76, 0x65, 0x72, 0x20, 0x74, 0x68, 0x65, 0x20, 0x70, 0x72, 0x69, 0x6d, 0x69, 0x74, 0x69, 0x76,
  0x65, 0x73, 0x2e, 0x20, 0x2a, 0x2f, 0x0a, 0x63, 0x6f, 0x6e, 0x73, 0x74, 0x20, 0x6d, 0x61, 0x6b,
  0x65, 0x49, 0x6f, 0x20, 0x3d, 0x20, 0x28, 0x29, 0x20, 0x3d, 0x3e, 0x20, 0x7b, 0x0a, 0x20, 0x20,
  0x63, 0x6f, 0x6e, 0x73, 0x74, 0x20, 0x72, 0x65, 0x61, 0x64, 0x20, 0x3d, 0x20, 0x61, 0x73, 0x79,
  0x6e, 0x63, 0x20, 0x28, 0x73, 0x63, 0x6f, 0x70, 0x65, 0x2c, 0x20, 0x70, 0x61, 0x74, 0x68, 0x29,
  0x20, 0x3d, 0x3e, 0x20, 0x7b, 0x0a, 0x20, 0x20, 0x20, 0x20, 0x6c, 0x6f, 0x67, 0x2e, 0x64, 0x65,
  0x62, 0x75, 0x67, 0x28, 0x27, 0x66, 0x73, 0x2e, 0x72, 0x65, 0x61, 0x64, 0x27, 0x2c, 0x20, 0x7b,
  0x20, 0x73, 0x63, 0x6f, 0x70, 0x65, 0x2c, 0x20, 0x70, 0x61, 0x74, 0x68, 0x20, 0x7d, 0x29, 0x3b,
  0x0a, 0x20, 0x20, 0x20, 0x20, 0x61, 0x73, 0x73, 0x65, 0x72, 0x74, 0x50, 0x61, 0x74, 0x68, 0x28,
  0x70, 0x61, 0x74, 0x68, 0x29, 0x3b, 0x0a, 0x20, 0x20, 0x20, 0x20, 0x72, 0x65, 0x74, 0x75, 0x72,
  0x6e, 0x20, 0x61, 0x77, 0x61, 0x69, 0x74, 0x20, 0x66, 0x73, 0x52, 0x65, 0x61, 0x64, 0x28, 0x73,
  0x63, 0x6f, 0x70, 0x65, 0x2c, 0x20, 0x70, 0x61, 0x74, 0x68, 0x29, 0x3b, 0x0a, 0x20, 0x20, 0x7d,
  0x3b, 0x0a, 0x20, 0x20, 0x63, 0x6f, 0x6e, 0x73, 0x74, 0x20, 0x77, 0x72, 0x69, 0x74, 0x65, 0x20,
  0x3d, 0x20, 0x61, 0x73, 0x79, 0x6e, 0x63, 0x20, 0x28, 0x73, 0x63, 0x6f, 0x70, 0x65, 0x2c, 0x20,
  0x70, 0x61, 0x74, 0x68, 0x2c, 0x20, 0x62, 0x79, 0x74, 0x65, 0x73, 0x2c, 0x20, 0x6f, 0x70, 0x74,
  0x73, 0x20, 0x3d, 0x20, 0x7b, 0x7d, 0x29, 0x20, 0x3d, 0x3e, 0x20, 0x7b, 0x0a, 0x20, 0x20, 0x20,
  0x20, 0x6c, 0x6f, 0x67, 0x2e, 0x64, 0x65, 0x62, 0x75, 0x67, 0x28, 0x27, 0x66, 0x73, 0x2e, 0x77,
  0x72, 0x69, 0x74, 0x65, 0x27, 0x2c, 0x20, 0x7b, 0x20, 0x73, 0x63, 0x6f, 0x70, 0x65, 0x2c, 0x20,
  0x70, 0x61, 0x74, 0x68, 0x2c, 0x20, 0x62, 0x79, 0x74, 0x65, 0x73, 0x3a, 0x20, 0x62, 0x79, 0x74,
  0x65, 0x73, 0x2e, 0x6c, 0x65, 0x6e, 0x67, 0x74, 0x68, 0x2c, 0x20, 0x61, 0x70, 0x70, 0x65, 0x6e,
  0x64, 0x3a, 0x20, 0x21, 0x21, 0x6f, 0x70, 0x74, 0x73, 0x2e, 0x61, 0x70, 0x70, 0x65, 0x6e, 0x64,
  0x20, 0x7d, 0x29, 0x3b, 0x0a, 0x20, 0x20, 0x20, 0x20, 0x61, 0x73, 0x73, 0x65, 0x72, 0x74, 0x50,
  0x61, 0x74, 0x68, 0x28, 0x70, 0x61, 0x74, 0x68, 0x29, 0x3b, 0x0a, 0x20, 0x20, 0x20, 0x20, 0x72,
  0x65, 0x74, 0x75, 0x72, 0x6e, 0x20, 0x61, 0x77, 0x61, 0x69, 0x74, 0x20, 0x66, 0x73, 0x57, 0x72,
  0x69, 0x74, 0x65, 0x28, 0x73, 0x63, 0x6f, 0x70, 0x65, 0x2c, 0x20, 0x70, 0x61, 0x74, 0x68, 0x2c,
  0x20, 0x62, 0x79, 0x74, 0x65, 0x73, 0x2c, 0x20, 0x6f, 0x70, 0x74, 0x73, 0x29, 0x3b, 0x0a, 0x20,
  0x20, 0x7d, 0x3b, 0x0a, 0x20, 0x20, 0x72, 0x65, 0x74, 0x75, 0x72, 0x6e, 0x20, 0x7b, 0x20, 0x72,
  0x65, 0x61, 0x64, 0x2c, 0x20, 0x77, 0x72, 0x69, 0x74, 0x65, 0x20, 0x7d, 0x3b, 0x0a, 0x7d, 0x3b,
  0x0a, 0x0a, 0x2f, 0x2a, 0x2a, 0x20, 0x54, 0x65, 0x78, 0x74, 0x20, 0x66, 0x6c, 0x61, 0x76, 0x6f,
  0x72, 0x73, 0x20, 0x6f, 0x76, 0x65, 0x72, 0x20, 0x74, 0x68, 0x65, 0x20, 0x62, 0x79, 0x74, 0x65,
  0x20, 0x69, 0x6f, 0x20, 0x28, 0x55, 0x54, 0x46, 0x2d, 0x38, 0x20, 0x63, 0x61, 0x6c, 0x6c, 0x65,
  0x72, 0x73, 0x20, 0x75, 0x73, 0x65, 0x20, 0x41, 0x53, 0x43, 0x49, 0x49, 0x20, 0x69, 0x6e, 0x20,
  0x76, 0x30, 0x29, 0x2e, 0x20, 0x2a, 0x2f, 0x0a, 0x63, 0x6f, 0x6e, 0x73, 0x74, 0x20, 0x6d, 0x61,
  0x6b, 0x65, 0x54, 0x65, 0x78, 0x74, 0x20, 0x3d, 0x20, 0x28, 0x69, 0x6f, 0x29, 0x20, 0x3d, 0x3e,
  0x20, 0x7b, 0x0a, 0x20, 0x20, 0x63, 0x6f, 0x6e, 0x73, 0x74, 0x20, 0x72, 0x65, 0x61, 0x64, 0x54,
  0x65, 0x78, 0x74, 0x20, 0x3d, 0x20, 0x61, 0x73, 0x79, 0x6e, 0x63, 0x20, 0x28, 0x73, 0x63, 0x6f,
  0x70, 0x65, 0x2c, 0x20, 0x70, 0x61, 0x74, 0x68, 0x29, 0x20, 0x3d, 0x3e, 0x20, 0x7b, 0x0a, 0x20,
  0x20, 0x20, 0x20, 0x63, 0x6f, 0x6e, 0x73, 0x74, 0x20, 0x7b, 0x20, 0x62, 0x79, 0x74, 0x65, 0x73,
  0x2c, 0x20, 0x6d, 0x74, 0x69, 0x6d, 0x65, 0x20, 0x7d, 0x20, 0x3d, 0x20, 0x61, 0x77, 0x61, 0x69,
  0x74, 0x20, 0x69, 0x6f, 0x2e, 0x72, 0x65, 0x61, 0x64, 0x28, 0x73, 0x63, 0x6f, 0x70, 0x65, 0x2c,
  0x20, 0x70, 0x61, 0x74, 0x68, 0x29, 0x3b, 0x0a, 0x20, 0x20, 0x20, 0x20, 0x6c, 0x6f, 0x67, 0x2e,
  0x64, 0x65, 0x62, 0x75, 0x67, 0x28, 0x27, 0x66, 0x73, 0x2e, 0x72, 0x65, 0x61, 0x64, 0x54, 0x65,
  0x78, 0x74, 0x27, 0x2c, 0x20, 0x7b, 0x20, 0x73, 0x63, 0x6f, 0x70, 0x65, 0x2c, 0x20, 0x70, 0x61,
  0x74, 0x68, 0x2c, 0x20, 0x63, 0x68, 0x61, 0x72, 0x73, 0x3a, 0x20, 0x62, 0x79, 0x74, 0x65, 0x73,
  0x2e, 0x6c, 0x65, 0x6e, 0x67, 0x74, 0x68, 0x20, 0x7d, 0x29, 0x3b, 0x0a, 0x20, 0x20, 0x20, 0x20,
  0x72, 0x65, 0x74, 0x75, 0x72, 0x6e, 0x20, 0x7b, 0x20, 0x74, 0x65, 0x78, 0x74, 0x3a, 0x20, 0x64,
  0x65, 0x63, 0x6f, 0x64, 0x65, 0x28, 0x62, 0x79, 0x74, 0x65, 0x73, 0x29, 0x2c, 0x20, 0x6d, 0x74,
  0x69, 0x6d, 0x65, 0x20, 0x7d, 0x3b, 0x0a, 0x20, 0x20, 0x7d, 0x3b, 0x0a, 0x20, 0x20, 0x63, 0x6f,
  0x6e, 0x73, 0x74, 0x20, 0x77, 0x72, 0x69, 0x74, 0x65, 0x54, 0x65, 0x78, 0x74, 0x20, 0x3d, 0x20,
  0x61, 0x73, 0x79, 0x6e, 0x63, 0x20, 0x28, 0x73, 0x63, 0x6f, 0x70, 0x65, 0x2c, 0x20, 0x70, 0x61,
  0x74, 0x68, 0x2c, 0x20, 0x74, 0x65, 0x78, 0x74, 0x2c, 0x20, 0x6f, 0x70, 0x74, 0x73, 0x20, 0x3d,
  0x20, 0x7b, 0x7d, 0x29, 0x20, 0x3d, 0x3e, 0x20, 0x7b, 0x0a, 0x20, 0x20, 0x20, 0x20, 0x6c, 0x6f,
  0x67, 0x2e, 0x64, 0x65, 0x62, 0x75, 0x67, 0x28, 0x27, 0x66, 0x73, 0x2e, 0x77, 0x72, 0x69, 0x74,
  0x65, 0x54, 0x65, 0x78, 0x74, 0x27, 0x2c, 0x20, 0x7b, 0x20, 0x73, 0x63, 0x6f, 0x70, 0x65, 0x2c,
  0x20, 0x70, 0x61, 0x74, 0x68, 0x2c, 0x20, 0x63, 0x68, 0x61, 0x72, 0x73, 0x3a, 0x20, 0x74, 0x65,
  0x78, 0x74, 0x2e, 0x6c, 0x65, 0x6e, 0x67, 0x74, 0x68, 0x20, 0x7d, 0x29, 0x3b, 0x0a, 0x20, 0x20,
  0x20, 0x20, 0x72, 0x65, 0x74, 0x75, 0x72, 0x6e, 0x20, 0x61, 0x77, 0x61, 0x69, 0x74, 0x20, 0x69,
  0x6f, 0x2e, 0x77, 0x72, 0x69, 0x74, 0x65, 0x28, 0x73, 0x63, 0x6f, 0x70, 0x65, 0x2c, 0x20, 0x70,
  0x61, 0x74, 0x68, 0x2c, 0x20, 0x65, 0x6e, 0x63, 0x6f, 0x64, 0x65, 0x28, 0x74, 0x65, 0x78, 0x74,
  0x29, 0x2c, 0x20, 0x6f, 0x70, 0x74, 0x73, 0x29, 0x3b, 0x0a, 0x20, 0x20, 0x7d, 0x3b, 0x0a, 0x20,
  0x20, 0x63, 0x6f, 0x6e, 0x73, 0x74, 0x20, 0x61, 0x70, 0x70, 0x65, 0x6e, 0x64, 0x54, 0x65, 0x78,
  0x74, 0x20, 0x3d, 0x20, 0x61, 0x73, 0x79, 0x6e, 0x63, 0x20, 0x28, 0x73, 0x63, 0x6f, 0x70, 0x65,
  0x2c, 0x20, 0x70, 0x61, 0x74, 0x68, 0x2c, 0x20, 0x74, 0x65, 0x78, 0x74, 0x29, 0x20, 0x3d, 0x3e,
  0x20, 0x7b, 0x0a, 0x20, 0x20, 0x20, 0x20, 0x6c, 0x6f, 0x67, 0x2e, 0x64, 0x65, 0x62, 0x75, 0x67,
  0x28, 0x27, 0x66, 0x73, 0x2e, 0x61, 0x70, 0x70, 0x65, 0x6e, 0x64, 0x54, 0x65, 0x78, 0x74, 0x27,
  0x2c, 0x20, 0x7b, 0x20, 0x73, 0x63, 0x6f, 0x70, 0x65, 0x2c, 0x20, 0x70, 0x61, 0x74, 0x68, 0x2c,
  0x20, 0x63, 0x68, 0x61, 0x72, 0x73, 0x3a, 0x20, 0x74, 0x65, 0x78, 0x74, 0x2e, 0x6c, 0x65, 0x6e,
  0x67, 0x74, 0x68, 0x20, 0x7d, 0x29, 0x3b, 0x0a, 0x20, 0x20, 0x20, 0x20, 0x72, 0x65, 0x74, 0x75,
  0x72, 0x6e, 0x20, 0x61, 0x77, 0x61, 0x69, 0x74, 0x20, 0x77, 0x72, 0x69, 0x74, 0x65, 0x54, 0x65,
  0x78, 0x74, 0x28, 0x73, 0x63, 0x6f, 0x70, 0x65, 0x2c, 0x20, 0x70, 0x61, 0x74, 0x68, 0x2c, 0x20,
  0x74, 0x65, 0x78, 0x74, 0x2c, 0x20, 0x7b, 0x20, 0x61, 0x70, 0x70, 0x65, 0x6e, 0x64, 0x3a, 0x20,
  0x74, 0x72, 0x75, 0x65, 0x20, 0x7d, 0x29, 0x3b, 0x0a, 0x20, 0x20, 0x7d, 0x3b, 0x0a, 0x20, 0x20,
  0x72, 0x65, 0x74, 0x75, 0x72, 0x6e, 0x20, 0x7b, 0x20, 0x72, 0x65, 0x61, 0x64, 0x54, 0x65, 0x78,
  0x74, 0x2c, 0x20, 0x77, 0x72, 0x69, 0x74, 0x65, 0x54, 0x65, 0x78, 0x74, 0x2c, 0x20, 0x61, 0x70,
  0x70, 0x65, 0x6e, 0x64, 0x54, 0x65, 0x78, 0x74, 0x20, 0x7d, 0x3b, 0x0a, 0x7d, 0x3b, 0x0a, 0x0a,
  0x2f, 0x2a, 0x2a, 0x20, 0x49, 0x6e, 0x74, 0x72, 0x6f, 0x73, 0x70, 0x65, 0x63, 0x74, 0x69, 0x6f,
  0x6e, 0x20, 0x6f, 0x76, 0x65, 0x72, 0x20, 0x74, 0x68, 0x65, 0x20, 0x62, 0x79, 0x74, 0x65, 0x20,
  0x69, 0x6f, 0x2e, 0x20, 0x65, 0x78, 0x69, 0x73, 0x74, 0x73, 0x20, 0x69, 0x73, 0x20, 0x66, 0x61,
  0x6c, 0x73, 0x65, 0x20, 0x4f, 0x4e, 0x4c, 0x59, 0x20, 0x6f, 0x6e, 0x20, 0x74, 0x68, 0x65, 0x20,
  0x69, 0x6f, 0x20, 0x6d, 0x69, 0x73, 0x73, 0x20, 0xe2, 0x80, 0x94, 0x0a, 0x20, 0x2a, 0x20, 0x65,
  0x76, 0x65, 0x72, 0x79, 0x20, 0x6f, 0x74, 0x68, 0x65, 0x72, 0x20, 0x47, 0x61, 0x74, 0x65, 0x77,
  0x61, 0x79, 0x45, 0x72, 0x72, 0x6f, 0x72, 0x20, 0x28, 0x64, 0x65, 0x6e, 0x69, 0x65, 0x64, 0x2f,
  0x69, 0x6e, 0x76, 0x61, 0x6c, 0x69, 0x64, 0x2f, 0x2e, 0x2e, 0x2e, 0x29, 0x20, 0x70, 0x72, 0x6f,
  0x70, 0x61, 0x67, 0x61, 0x74, 0x65, 0x73, 0x20, 0x74, 0x6f, 0x20, 0x74, 0x68, 0x65, 0x20, 0x63,
  0x61, 0x6c, 0x6c, 0x65, 0x72, 0x2e, 0x20, 0x2a, 0x2f, 0x0a, 0x63, 0x6f, 0x6e, 0x73, 0x74, 0x20,
  0x6d, 0x61, 0x6b, 0x65, 0x4d, 0x65, 0x74, 0x61, 0x20, 0x3d, 0x20, 0x28, 0x69, 0x6f, 0x29, 0x20,
  0x3d, 0x3e, 0x20, 0x7b, 0x0a, 0x20, 0x20, 0x63, 0x6f, 0x6e, 0x73, 0x74, 0x20, 0x65, 0x78, 0x69,
  0x73, 0x74, 0x73, 0x20, 0x3d, 0x20, 0x61, 0x73, 0x79, 0x6e, 0x63, 0x20, 0x28, 0x73, 0x63, 0x6f,
  0x70, 0x65, 0x2c, 0x20, 0x70, 0x61, 0x74, 0x68, 0x29, 0x20, 0x3d, 0x3e, 0x20, 0x7b, 0x0a, 0x20,
  0x20, 0x20, 0x20, 0x6c, 0x6f, 0x67, 0x2e, 0x64, 0x65, 0x62, 0x75, 0x67, 0x28, 0x27, 0x66, 0x73,
  0x2e, 0x65, 0x78, 0x69, 0x73, 0x74, 0x73, 0x27, 0x2c, 0x20, 0x7b, 0x20, 0x73, 0x63, 0x6f, 0x70,
  0x65, 0x2c, 0x20, 0x70, 0x61, 0x74, 0x68, 0x20, 0x7d, 0x29, 0x3b, 0x0a, 0x20, 0x20, 0x20, 0x20,
  0x74, 0x72, 0x79, 0x20, 0x7b, 0x0a, 0x20, 0x20, 0x20, 0x20, 0x20, 0x20, 0x61, 0x77, 0x61, 0x69,
  0x74, 0x20, 0x69, 0x6f, 0x2e, 0x72, 0x65, 0x61, 0x64, 0x28, 0x73, 0x63, 0x6f, 0x70, 0x65, 0x2c,
  0x20, 0x70, 0x61, 0x74, 0x68, 0x29, 0x3b, 0x0a, 0x20, 0x20, 0x20, 0x20, 0x20, 0x20, 0x72, 0x65,
  0x74, 0x75, 0x72, 0x6e, 0x20, 0x74, 0x72, 0x75, 0x65, 0x3b, 0x0a, 0x20, 0x20, 0x20, 0x20, 0x7d,
  0x20, 0x63, 0x61, 0x74, 0x63, 0x68, 0x20, 0x28, 0x65, 0x72, 0x72, 0x29, 0x20, 0x7b, 0x0a, 0x20,
  0x20, 0x20, 0x20, 0x20, 0x20, 0x69, 0x66, 0x20, 0x28, 0x65, 0x72, 0x72, 0x20, 0x26, 0x26, 0x20,
  0x65, 0x72, 0x72, 0x2e, 0x63, 0x6f, 0x64, 0x65, 0x20, 0x3d, 0x3d, 0x3d, 0x20, 0x27, 0x69, 0x6f,
  0x27, 0x29, 0x20, 0x72, 0x65, 0x74, 0x75, 0x72, 0x6e, 0x20, 0x66, 0x61, 0x6c, 0x73, 0x65, 0x3b,
  0x0a, 0x20, 0x20, 0x20, 0x20, 0x20, 0x20, 0x74, 0x68, 0x72, 0x6f, 0x77, 0x20, 0x65, 0x72, 0x72,
  0x3b, 0x0a, 0x20, 0x20, 0x20, 0x20, 0x7d, 0x0a, 0x20, 0x20, 0x7d, 0x3b, 0x0a, 0x20, 0x20, 0x63,
  0x6f, 0x6e, 0x73, 0x74, 0x20, 0x73, 0x74, 0x61, 0x74, 0x20, 0x3d, 0x20, 0x61, 0x73, 0x79, 0x6e,
  0x63, 0x20, 0x28, 0x73, 0x63, 0x6f, 0x70, 0x65, 0x2c, 0x20, 0x70, 0x61, 0x74, 0x68, 0x29, 0x20,
  0x3d, 0x3e, 0x20, 0x7b, 0x0a, 0x20, 0x20, 0x20, 0x20, 0x63, 0x6f, 0x6e, 0x73, 0x74, 0x20, 0x7b,
  0x20, 0x62, 0x79, 0x74, 0x65, 0x73, 0x2c, 0x20, 0x6d, 0x74, 0x69, 0x6d, 0x65, 0x20, 0x7d, 0x20,
  0x3d, 0x20, 0x61, 0x77, 0x61, 0x69, 0x74, 0x20, 0x69, 0x6f, 0x2e, 0x72, 0x65, 0x61, 0x64, 0x28,
  0x73, 0x63, 0x6f, 0x70, 0x65, 0x2c, 0x20, 0x70, 0x61, 0x74, 0x68, 0x29, 0x3b, 0x0a, 0x20, 0x20,
  0x20, 0x20, 0x6c, 0x6f, 0x67, 0x2e, 0x64, 0x65, 0x62, 0x75, 0x67, 0x28, 0x27, 0x66, 0x73, 0x2e,
  0x73, 0x74, 0x61, 0x74, 0x27, 0x2c, 0x20, 0x7b, 0x20, 0x73, 0x63, 0x6f, 0x70, 0x65, 0x2c, 0x20,
  0x70, 0x61, 0x74, 0x68, 0x2c, 0x20, 0x73, 0x69, 0x7a, 0x65, 0x3a, 0x20, 0x62, 0x79, 0x74, 0x65,
  0x73, 0x2e, 0x6c, 0x65, 0x6e, 0x67, 0x74, 0x68, 0x20, 0x7d, 0x29, 0x3b, 0x0a, 0x20, 0x20, 0x20,
  0x20, 0x72, 0x65, 0x74, 0x75, 0x72, 0x6e, 0x20, 0x7b, 0x20, 0x73, 0x69, 0x7a, 0x65, 0x3a, 0x20,
  0x62, 0x79, 0x74, 0x65, 0x73, 0x2e, 0x6c, 0x65, 0x6e, 0x67, 0x74, 0x68, 0x2c, 0x20, 0x6d, 0x74,
  0x69, 0x6d, 0x65, 0x20, 0x7d, 0x3b, 0x0a, 0x20, 0x20, 0x7d, 0x3b, 0x0a, 0x20, 0x20, 0x72, 0x65,
  0x74, 0x75, 0x72, 0x6e, 0x20, 0x7b, 0x20, 0x65, 0x78, 0x69, 0x73, 0x74, 0x73, 0x2c, 0x20, 0x73,
  0x74, 0x61, 0x74, 0x20, 0x7d, 0x3b, 0x0a, 0x7d, 0x3b, 0x0a, 0x0a, 0x2f, 0x2a, 0x2a, 0x20, 0x41,
  0x63, 0x74, 0x69, 0x76, 0x61, 0x74, 0x69, 0x6f, 0x6e, 0x20, 0x68, 0x6f, 0x6f, 0x6b, 0x20, 0x28,
  0x6d, 0x61, 0x6e, 0x69, 0x66, 0x65, 0x73, 0x74, 0x2e, 0x68, 0x6f, 0x6f, 0x6b, 0x73, 0x2e, 0x61,
  0x63, 0x74, 0x69, 0x76, 0x61, 0x74, 0x65, 0x29, 0x3a, 0x20, 0x72, 0x65, 0x67, 0x69, 0x73, 0x74,
  0x65, 0x72, 0x73, 0x20, 0x74, 0x68, 0x65, 0x20, 0x60, 0x66, 0x73, 0x60, 0x20, 0x73, 0x65, 0x72,
  0x76, 0x69, 0x63, 0x65, 0x2e, 0x20, 0x2a, 0x2f, 0x0a, 0x65, 0x78, 0x70, 0x6f, 0x72, 0x74, 0x20,
  0x66, 0x75, 0x6e, 0x63, 0x74, 0x69, 0x6f, 0x6e, 0x20, 0x61, 0x63, 0x74, 0x69, 0x76, 0x61, 0x74,
  0x65, 0x28, 0x7b, 0x20, 0x72, 0x65, 0x67, 0x69, 0x73, 0x74, 0x65, 0x72, 0x20, 0x7d, 0x29, 0x20,
  0x7b, 0x0a, 0x20, 0x20, 0x6c, 0x6f, 0x67, 0x2e, 0x64, 0x65, 0x62, 0x75, 0x67, 0x28, 0x27, 0x61,
  0x63, 0x74, 0x69, 0x76, 0x61, 0x74, 0x69, 0x6e, 0x67, 0x20, 0x64, 0x73, 0x68, 0x2d, 0x66, 0x73,
  0x27, 0x29, 0x3b, 0x0a, 0x20, 0x20, 0x63, 0x6f, 0x6e, 0x73, 0x74, 0x20, 0x69, 0x6f, 0x20, 0x3d,
  0x20, 0x6d, 0x61, 0x6b, 0x65, 0x49, 0x6f, 0x28, 0x29, 0x3b, 0x0a, 0x20, 0x20, 0x72, 0x65, 0x67,
  0x69, 0x73, 0x74, 0x65, 0x72, 0x28, 0x27, 0x66, 0x73, 0x27, 0x2c, 0x20, 0x7b, 0x20, 0x2e, 0x2e,
  0x2e, 0x69, 0x6f, 0x2c, 0x20, 0x2e, 0x2e, 0x2e, 0x6d, 0x61, 0x6b, 0x65, 0x54, 0x65, 0x78, 0x74,
  0x28, 0x69, 0x6f, 0x29, 0x2c, 0x20, 0x2e, 0x2e, 0x2e, 0x6d, 0x61, 0x6b, 0x65, 0x4d, 0x65, 0x74,
  0x61, 0x28, 0x69, 0x6f, 0x29, 0x20, 0x7d, 0x29, 0x3b, 0x0a, 0x7d, 0x0a,
  0x00
};

/* system-plugins/dsh-subprocess-quickjs/manifest.json (234 bytes) */
static const unsigned char DSH_PLUGIN_SUBPROCESS_MANIFEST[] = {
  0x7b, 0x0a, 0x20, 0x20, 0x22, 0x73, 0x63, 0x68, 0x65, 0x6d, 0x61, 0x56, 0x65, 0x72, 0x73, 0x69,
  0x6f, 0x6e, 0x22, 0x3a, 0x20, 0x31, 0x2c, 0x0a, 0x20, 0x20, 0x22, 0x69, 0x64, 0x22, 0x3a, 0x20,
  0x22, 0x64, 0x73, 0x68, 0x2d, 0x73, 0x75, 0x62, 0x70, 0x72, 0x6f, 0x63, 0x65, 0x73, 0x73, 0x2d,
  0x71, 0x75, 0x69, 0x63, 0x6b, 0x6a, 0x73, 0x22, 0x2c, 0x0a, 0x20, 0x20, 0x22, 0x76, 0x65, 0x72,
  0x73, 0x69, 0x6f, 0x6e, 0x22, 0x3a, 0x20, 0x22, 0x30, 0x2e, 0x31, 0x2e, 0x30, 0x22, 0x2c, 0x0a,
  0x20, 0x20, 0x22, 0x74, 0x79, 0x70, 0x65, 0x22, 0x3a, 0x20, 0x22, 0x73, 0x65, 0x72, 0x76, 0x69,
  0x63, 0x65, 0x22, 0x2c, 0x0a, 0x20, 0x20, 0x22, 0x65, 0x6e, 0x74, 0x72, 0x79, 0x22, 0x3a, 0x20,
  0x22, 0x69, 0x6e, 0x64, 0x65, 0x78, 0x2e, 0x6a, 0x73, 0x22, 0x2c, 0x0a, 0x20, 0x20, 0x22, 0x63,
  0x61, 0x70, 0x61, 0x62, 0x69, 0x6c, 0x69, 0x74, 0x69, 0x65, 0x73, 0x22, 0x3a, 0x20, 0x7b, 0x0a,
  0x20, 0x20, 0x20, 0x20, 0x22, 0x72, 0x65, 0x71, 0x75, 0x69, 0x72, 0x65, 0x64, 0x22, 0x3a, 0x20,
  0x5b, 0x5d, 0x2c, 0x0a, 0x20, 0x20, 0x20, 0x20, 0x22, 0x6f, 0x70, 0x74, 0x69, 0x6f, 0x6e, 0x61,
  0x6c, 0x22, 0x3a, 0x20, 0x5b, 0x5d, 0x0a, 0x20, 0x20, 0x7d, 0x2c, 0x0a, 0x20, 0x20, 0x22, 0x68,
  0x6f, 0x6f, 0x6b, 0x73, 0x22, 0x3a, 0x20, 0x7b, 0x0a, 0x20, 0x20, 0x20, 0x20, 0x22, 0x61, 0x63,
  0x74, 0x69, 0x76, 0x61, 0x74, 0x65, 0x22, 0x3a, 0x20, 0x22, 0x61, 0x63, 0x74, 0x69, 0x76, 0x61,
  0x74, 0x65, 0x22, 0x0a, 0x20, 0x20, 0x7d, 0x0a, 0x7d, 0x0a,
  0x00
};

/* system-plugins/dsh-subprocess-quickjs/index.js (3644 bytes) */
static const unsigned char DSH_PLUGIN_SUBPROCESS_JS[] = {
  0x2f, 0x2a, 0x2a, 0x0a, 0x20, 0x2a, 0x20, 0x64, 0x73, 0x68, 0x2d, 0x73, 0x75, 0x62, 0x70, 0x72,
  0x6f, 0x63, 0x65, 0x73, 0x73, 0x2d, 0x71, 0x75, 0x69, 0x63, 0x6b, 0x6a, 0x73, 0x20, 0xe2, 0x80,
  0x94, 0x20, 0x73, 0x79, 0x73, 0x74, 0x65, 0x6d, 0x20, 0x69, 0x6d, 0x70, 0x6c, 0x65, 0x6d, 0x65,
  0x6e, 0x74, 0x61, 0x74, 0x69, 0x6f, 0x6e, 0x20, 0x70, 0x6c, 0x75, 0x67, 0x69, 0x6e, 0x20, 0x66,
  0x6f, 0x72, 0x20, 0x74, 0x68, 0x65, 0x20, 0x60, 0x73, 0x75, 0x62, 0x70, 0x72, 0x6f, 0x63, 0x65,
  0x73, 0x73, 0x60, 0x0a, 0x20, 0x2a, 0x20, 0x73, 0x65, 0x72, 0x76, 0x69, 0x63, 0x65, 0x20, 0x28,
  0x4d, 0x32, 0x20, 0x76, 0x30, 0x29, 0x3a, 0x20, 0x74, 0x68, 0x65, 0x20, 0x69, 0x6e, 0x2d, 0x70,
  0x72, 0x6f, 0x63, 0x65, 0x73, 0x73, 0x20, 0x63, 0x6f, 0x72, 0x6f, 0x75, 0x74, 0x69, 0x6e, 0x65,
  0x20, 0x65, 0x78, 0x65, 0x63, 0x75, 0x74, 0x6f, 0x72, 0x2e, 0x20, 0x55, 0x70, 0x73, 0x74, 0x72,
  0x65, 0x61, 0x6d, 0x20, 0x60, 0x63, 0x74, 0x78, 0x2e, 0x73, 0x75, 0x62, 0x70, 0x72, 0x6f, 0x63,
  0x65, 0x73, 0x73, 0x60, 0x0a, 0x20, 0x2a, 0x20, 0x69, 0x73, 0x20, 0x61, 0x6e, 0x20, 0x61, 0x62,
  0x73, 0x74, 0x72, 0x61, 0x63, 0x74, 0x20, 0x53, 0x65, 0x72, 0x76, 0x69, 0x63, 0x65, 0x20, 0x77,
  0x68, 0x6f, 0x73, 0x65, 0x20, 0x60, 0x73, 0x70, 0x61, 0x77, 0x6e, 0x60, 0x20, 0x74, 0x68, 0x69,
  0x73, 0x20, 0x69, 0x6d, 0x70, 0x6c, 0x65, 0x6d, 0x65, 0x6e, 0x74, 0x73, 0x20, 0xe2, 0x80, 0x94,
  0x20, 0x4e, 0x4f, 0x20, 0x72, 0x65, 0x61, 0x6c, 0x20, 0x4f, 0x53, 0x20, 0x70, 0x72, 0x6f, 0x63,
  0x65, 0x73, 0x73, 0x65, 0x73, 0x2c, 0x0a, 0x20, 0x2a, 0x20, 0x4e, 0x4f, 0x20, 0x73, 0x75, 0x62,
  0x70, 0x72, 0x6f, 0x63, 0x65, 0x73, 0x73, 0x65, 0x73, 0x2c, 0x20, 0x4e, 0x4f, 0x20, 0x74, 0x68,
  0x72, 0x65, 0x61, 0x64, 0x73, 0x20, 0x28, 0x41, 0x52, 0x43, 0x48, 0x49, 0x54, 0x45, 0x43, 0x54,
  0x55, 0x52, 0x45, 0x2e, 0x6d, 0x64, 0x20, 0xc2, 0xa7, 0x36, 0x29, 0x3a, 0x20, 0x61, 0x20, 0x74,
  0x61, 0x73, 0x6b, 0x20, 0x69, 0x73, 0x20, 0x61, 0x20, 0x6c, 0x69, 0x73, 0x74, 0x20, 0x6f, 0x66,
  0x20, 0x4a, 0x53, 0x0a, 0x20, 0x2a, 0x20, 0x77, 0x6f, 0x72, 0x6b, 0x2d, 0x75, 0x6e, 0x69, 0x74,
  0x20, 0x73, 0x74, 0x65, 0x70, 0x73, 0x20, 0x65, 0x78, 0x65, 0x63, 0x75, 0x74, 0x65, 0x64, 0x20,
  0x73, 0x65, 0x72, 0x69, 0x61, 0x6c, 0x6c, 0x79, 0x20, 0x6f, 0x6e, 0x20, 0x74, 0x68, 0x65, 0x20,
  0x72, 0x75, 0x6e, 0x74, 0x69, 0x6d, 0x65, 0x20, 0x71, 0x75, 0x65, 0x75, 0x65, 0x20, 0x28, 0x6f,
  0x6e, 0x65, 0x20, 0x6d, 0x69, 0x63, 0x72, 0x6f, 0x74, 0x61, 0x73, 0x6b, 0x20, 0x63, 0x68, 0x61,
  0x69, 0x6e, 0x0a, 0x20, 0x2a, 0x20, 0x6f, 0x6e, 0x20, 0x74, 0x68, 0x65, 0x20, 0x73, 0x69, 0x6e,
  0x67, 0x6c, 0x65, 0x20, 0x4a, 0x53, 0x20, 0x74, 0x68, 0x72, 0x65, 0x61, 0x64, 0x29, 0x2e, 0x0a,
  0x20, 0x2a, 0x0a, 0x20, 0x2a, 0x20, 0x45, 0x76, 0x65, 0x6e, 0x74, 0x2d, 0x64, 0x72, 0x69, 0x76,
  0x65, 0x6e, 0x20, 0x6f, 0x6e, 0x6c, 0x79, 0x20, 0x28, 0x44, 0x38, 0x29, 0x3a, 0x20, 0x73, 0x70,
  0x61, 0x77, 0x6e, 0x20, 0x72, 0x65, 0x74, 0x75, 0x72, 0x6e, 0x73, 0x20, 0x61, 0x20, 0x68, 0x61,
  0x6e, 0x64, 0x6c, 0x65, 0x20, 0x69, 0x6d, 0x6d, 0x65, 0x64, 0x69, 0x61, 0x74, 0x65, 0x6c, 0x79,
  0x3b, 0x20, 0x70, 0x72, 0x6f, 0x67, 0x72, 0x65, 0x73, 0x73, 0x20, 0x61, 0x6e, 0x64, 0x0a, 0x20,
  0x2a, 0x20, 0x63, 0x6f, 0x6d, 0x70, 0x6c, 0x65, 0x74, 0x69, 0x6f, 0x6e, 0x20, 0x61, 0x72, 0x72,
  0x69, 0x76, 0x65, 0x20, 0x61, 0x73, 0x20, 0x65, 0x76, 0x65, 0x6e, 0x74, 0x73, 0x20, 0x6f, 0x6e,
  0x20, 0x74, 0x68, 0x65, 0x20, 0x68, 0x61, 0x6e, 0x64, 0x6c, 0x65, 0x2e, 0x20, 0x54, 0x68, 0x65,
  0x72, 0x65, 0x20, 0x69, 0x73, 0x20, 0x4e, 0x4f, 0x20, 0x62, 0x6c, 0x6f, 0x63, 0x6b, 0x69, 0x6e,
  0x67, 0x0a, 0x20, 0x2a, 0x20, 0x77, 0x68, 0x6f, 0x6c, 0x65, 0x2d, 0x72, 0x65, 0x73, 0x75, 0x6c,
  0x74, 0x20, 0x41, 0x50, 0x49, 0x20, 0xe2, 0x80, 0x94, 0x20, 0x60, 0x68, 0x61, 0x6e, 0x64, 0x6c,
  0x65, 0x2e, 0x64, 0x6f, 0x6e, 0x65, 0x60, 0x20, 0x69, 0x73, 0x20, 0x61, 0x20, 0x70, 0x72, 0x6f,
  0x6d, 0x69, 0x73, 0x65, 0x20, 0x44, 0x45, 0x52, 0x49, 0x56, 0x45, 0x44, 0x20, 0x66, 0x72, 0x6f,
  0x6d, 0x20, 0x74, 0x68, 0x65, 0x20, 0x27, 0x63, 0x6f, 0x6d, 0x70, 0x6c, 0x65, 0x74, 0x65, 0x27,
  0x0a, 0x20, 0x2a, 0x20, 0x65, 0x76, 0x65, 0x6e, 0x74, 0x2c, 0x20, 0x6e, 0x65, 0x76, 0x65, 0x72,
  0x20, 0x61, 0x20, 0x73, 0x79, 0x6e, 0x63, 0x68, 0x72, 0x6f, 0x6e, 0x6f, 0x75, 0x73, 0x20, 0x77,
  0x61, 0x69, 0x74, 0x2e, 0x0a, 0x20, 0x2a, 0x2f, 0x0a, 0x69, 0x6d, 0x70, 0x6f, 0x72, 0x74, 0x20,
  0x7b, 0x20, 0x63, 0x72, 0x65, 0x61, 0x74, 0x65, 0x4c, 0x6f, 0x67, 0x67, 0x65, 0x72, 0x20, 0x7d,
  0x20, 0x66, 0x72, 0x6f, 0x6d, 0x20, 0x27, 0x6c, 0x6f, 0x67, 0x67, 0x65, 0x72, 0x2e, 0x6a, 0x73,
  0x27, 0x3b, 0x0a, 0x0a, 0x63, 0x6f, 0x6e, 0x73, 0x74, 0x20, 0x6c, 0x6f, 0x67, 0x20, 0x3d, 0x20,
  0x63, 0x72, 0x65, 0x61, 0x74, 0x65, 0x4c, 0x6f, 0x67, 0x67, 0x65, 0x72, 0x28, 0x27, 0x64, 0x73,
  0x68, 0x2e, 0x73, 0x75, 0x62, 0x70, 0x72, 0x6f, 0x63, 0x65, 0x73, 0x73, 0x27, 0x29, 0x3b, 0x0a,
  0x0a, 0x2f, 0x2a, 0x2a, 0x20, 0x54, 0x68, 0x65, 0x20, 0x73, 0x74, 0x61, 0x74, 0x69, 0x63, 0x20,
  0x6d, 0x61, 0x6e, 0x69, 0x66, 0x65, 0x73, 0x74, 0x20, 0x74, 0x68, 0x69, 0x73, 0x20, 0x70, 0x6c,
  0x75, 0x67, 0x69, 0x6e, 0x20, 0x69, 0x6e, 0x73, 0x74, 0x61, 0x6c, 0x6c, 0x73, 0x20, 0x75, 0x6e,
  0x64, 0x65, 0x72, 0x20, 0x28, 0x73, 0x63, 0x68, 0x65, 0x6d, 0x61, 0x56, 0x65, 0x72, 0x73, 0x69,
  0x6f, 0x6e, 0x20, 0x31, 0x29, 0x2e, 0x20, 0x2a, 0x2f, 0x0a, 0x65, 0x78, 0x70, 0x6f, 0x72, 0x74,
  0x20, 0x63, 0x6f, 0x6e, 0x73, 0x74, 0x20, 0x6d, 0x61, 0x6e, 0x69, 0x66, 0x65, 0x73, 0x74, 0x20,
  0x3d, 0x20, 0x7b, 0x0a, 0x20, 0x20, 0x73, 0x63, 0x68, 0x65, 0x6d, 0x61, 0x56, 0x65, 0x72, 0x73,
  0x69, 0x6f, 0x6e, 0x3a, 0x20, 0x31, 0x2c, 0x0a, 0x20, 0x20, 0x69, 0x64, 0x3a, 0x20, 0x27, 0x64,
  0x73, 0x68, 0x2d, 0x73, 0x75, 0x62, 0x70, 0x72, 0x6f, 0x63, 0x65, 0x73, 0x73, 0x2d, 0x71, 0x75,
  0x69, 0x63, 0x6b, 0x6a, 0x73, 0x27, 0x2c, 0x0a, 0x20, 0x20, 0x76, 0x65, 0x72, 0x73, 0x69, 0x6f,
  0x6e, 0x3a, 0x20, 0x27, 0x30, 0x2e, 0x31, 0x2e, 0x30, 0x27, 0x2c, 0x0a, 0x20, 0x20, 0x74, 0x79,
  0x70, 0x65, 0x3a, 0x20, 0x27, 0x73, 0x65, 0x72, 0x76, 0x69, 0x63, 0x65, 0x27, 0x2c, 0x0a, 0x20,
  0x20, 0x65, 0x6e, 0x74, 0x72, 0x79, 0x3a, 0x20, 0x27, 0x69, 0x6e, 0x64, 0x65, 0x78, 0x2e, 0x6a,
  0x73, 0x27, 0x2c, 0x0a, 0x20, 0x20, 0x63, 0x61, 0x70, 0x61, 0x62, 0x69, 0x6c, 0x69, 0x74, 0x69,
  0x65, 0x73, 0x3a, 0x20, 0x7b, 0x20, 0x72, 0x65, 0x71, 0x75, 0x69, 0x72, 0x65, 0x64, 0x3a, 0x20,
  0x5b, 0x5d, 0x2c, 0x20, 0x6f, 0x70, 0x74, 0x69, 0x6f, 0x6e, 0x61, 0x6c, 0x3a, 0x20, 0x5b, 0x5d,
  0x20, 0x7d, 0x2c, 0x0a, 0x20, 0x20, 0x68, 0x6f, 0x6f, 0x6b, 0x73, 0x3a, 0x20, 0x7b, 0x20, 0x61,
  0x63, 0x74, 0x69, 0x76, 0x61, 0x74, 0x65, 0x3a, 0x20, 0x27, 0x61, 0x63, 0x74, 0x69, 0x76, 0x61,
  0x74, 0x65, 0x27, 0x20, 0x7d, 0x2c, 0x0a, 0x7d, 0x3b, 0x0a, 0x0a, 0x2f, 0x2a, 0x2a, 0x20, 0x4f,
  0x6e, 0x65, 0x20, 0x74, 0x61, 0x73, 0x6b, 0x20, 0x68, 0x61, 0x6e, 0x64, 0x6c, 0x65, 0x3a, 0x20,
  0x65, 0x76, 0x65, 0x6e, 0x74, 0x20, 0x73, 0x75, 0x62, 0x73, 0x63, 0x72, 0x69, 0x70, 0x74, 0x69,
  0x6f, 0x6e, 0x20, 0x70, 0x6c, 0x75, 0x73, 0x20, 0x74, 0x68, 0x65, 0x20, 0x65, 0x76, 0x65, 0x6e,
  0x74, 0x2d, 0x64, 0x65, 0x72, 0x69, 0x76, 0x65, 0x64, 0x20, 0x73, 0x65, 0x74, 0x74, 0x6c, 0x65,
  0x20, 0x70, 0x72, 0x6f, 0x6d, 0x69, 0x73, 0x65, 0x2e, 0x20, 0x2a, 0x2f, 0x0a, 0x63, 0x6f, 0x6e,
  0x73, 0x74, 0x20, 0x6d, 0x61, 0x6b, 0x65, 0x48, 0x61, 0x6e, 0x64, 0x6c, 0x65, 0x20, 0x3d, 0x20,
  0x28, 0x69, 0x64, 0x29, 0x20, 0x3d, 0x3e, 0x20, 0x7b, 0x0a, 0x20, 0x20, 0x6c, 0x6f, 0x67, 0x2e,
  0x64, 0x65, 0x62, 0x75, 0x67, 0x28, 0x27, 0x68, 0x61, 0x6e, 0x64, 0x6c, 0x65, 0x20, 0x63, 0x72,
  0x65, 0x61, 0x74, 0x65, 0x64, 0x27, 0x2c, 0x20, 0x7b, 0x20, 0x69, 0x64, 0x20, 0x7d, 0x29, 0x3b,
  0x0a, 0x20, 0x20, 0x63, 0x6f, 0x6e, 0x73, 0x74, 0x20, 0x6c, 0x69, 0x73, 0x74, 0x65, 0x6e, 0x65,
  0x72, 0x73, 0x20, 0x3d, 0x20, 0x6e, 0x65, 0x77, 0x20, 0x4d, 0x61, 0x70, 0x28, 0x29, 0x3b, 0x0a,
  0x20, 0x20, 0x63, 0x6f, 0x6e, 0x73, 0x74, 0x20, 0x6f, 0x6e, 0x20, 0x3d, 0x20, 0x28, 0x65, 0x76,
  0x65, 0x6e, 0x74, 0x2c, 0x20, 0x66, 0x6e, 0x29, 0x20, 0x3d, 0x3e, 0x20, 0x7b, 0x0a, 0x20, 0x20,
  0x20, 0x20, 0x6c, 0x6f, 0x67, 0x2e, 0x64, 0x65, 0x62, 0x75, 0x67, 0x28, 0x27, 0x73, 0x75, 0x62,
  0x73, 0x63, 0x72, 0x69, 0x62, 0x65, 0x27, 0x2c, 0x20, 0x7b, 0x20, 0x69, 0x64, 0x2c, 0x20, 0x65,
  0x76, 0x65, 0x6e, 0x74, 0x20, 0x7d, 0x29, 0x3b, 0x0a, 0x20, 0x20, 0x20, 0x20, 0x69, 0x66, 0x20,
  0x28, 0x21, 0x6c, 0x69, 0x73, 0x74, 0x65, 0x6e, 0x65, 0x72, 0x73, 0x2e, 0x68, 0x61, 0x73, 0x28,
  0x65, 0x76, 0x65, 0x6e, 0x74, 0x29, 0x29, 0x20, 0x6c, 0x69, 0x73, 0x74, 0x65, 0x6e, 0x65, 0x72,
  0x73, 0x2e, 0x73, 0x65, 0x74, 0x28, 0x65, 0x76, 0x65, 0x6e, 0x74, 0x2c, 0x20, 0x6e, 0x65, 0x77,
  0x20, 0x53, 0x65, 0x74, 0x28, 0x29, 0x29, 0x3b, 0x0a, 0x20, 0x20, 0x20, 0x20, 0x6c, 0x69, 0x73,
  0x74, 0x65, 0x6e, 0x65, 0x72, 0x73, 0x2e, 0x67, 0x65, 0x74, 0x28, 0x65, 0x76, 0x65, 0x6e, 0x74,
  0x29, 0x2e, 0x61, 0x64, 0x64, 0x28, 0x66, 0x6e, 0x29, 0x3b, 0x0a, 0x20, 0x20, 0x20, 0x20, 0x72,
  0x65, 0x74, 0x75, 0x72, 0x6e, 0x20, 0x28, 0x29, 0x20, 0x3d, 0x3e, 0x20, 0x6c, 0x69, 0x73, 0x74,
  0x65, 0x6e, 0x65, 0x72, 0x73, 0x2e, 0x67, 0x65, 0x74, 0x28, 0x65, 0x76, 0x65, 0x6e, 0x74, 0x29,
  0x3f, 0x2e, 0x64, 0x65, 0x6c, 0x65, 0x74, 0x65, 0x28, 0x66, 0x6e, 0x29, 0x3b, 0x0a, 0x20, 0x20,
  0x7d, 0x3b, 0x0a, 0x20, 0x20, 0x63, 0x6f, 0x6e, 0x73, 0x74, 0x20, 0x65, 0x6d, 0x69, 0x74, 0x20,
  0x3d, 0x20, 0x28, 0x65, 0x76, 0x65, 0x6e, 0x74, 0x2c, 0x20, 0x66, 0x69, 0x65, 0x6c, 0x64, 0x73,
  0x29, 0x20, 0x3d, 0x3e, 0x20, 0x7b, 0x0a, 0x20, 0x20, 0x20, 0x20, 0x6c, 0x6f, 0x67, 0x2e, 0x64,
  0x65, 0x62, 0x75, 0x67, 0x28, 0x27, 0x68, 0x61, 0x6e, 0x64, 0x6c, 0x65, 0x20, 0x65, 0x76, 0x65,
  0x6e, 0x74, 0x27, 0x2c, 0x20, 0x7b, 0x20, 0x69, 0x64, 0x2c, 0x20, 0x65, 0x76, 0x65, 0x6e, 0x74,
  0x2c, 0x20, 0x2e, 0x2e, 0x2e, 0x66, 0x69, 0x65, 0x6c, 0x64, 0x73, 0x20, 0x7d, 0x29, 0x3b, 0x0a,
  0x20, 0x20, 0x20, 0x20, 0x28, 0x6c, 0x69, 0x73, 0x74, 0x65, 0x6e, 0x65, 0x72, 0x73, 0x2e, 0x67,
  0x65, 0x74, 0x28, 0x65, 0x76, 0x65, 0x6e, 0x74, 0x29, 0x20, 0x3f, 0x3f, 0x20, 0x6e, 0x65, 0x77,
  0x20, 0x53, 0x65, 0x74, 0x28, 0x29, 0x29, 0x2e, 0x66, 0x6f, 0x72, 0x45, 0x61, 0x63, 0x68, 0x28,
  0x28, 0x66, 0x6e, 0x29, 0x20, 0x3d, 0x3e, 0x20, 0x66, 0x6e, 0x28, 0x7b, 0x20, 0x69, 0x64, 0x2c,
  0x20, 0x65, 0x76, 0x65, 0x6e, 0x74, 0x2c, 0x20, 0x2e, 0x2e, 0x2e, 0x66, 0x69, 0x65, 0x6c, 0x64,
  0x73, 0x20, 0x7d, 0x29, 0x29, 0x3b, 0x0a, 0x20, 0x20, 0x7d, 0x3b, 0x0a, 0x20, 0x20, 0x72, 0x65,
  0x74, 0x75, 0x72, 0x6e, 0x20, 0x7b, 0x20, 0x69, 0x64, 0x2c, 0x20, 0x6f, 0x6e, 0x2c, 0x20, 0x65,
  0x6d, 0x69, 0x74, 0x20, 0x7d, 0x3b, 0x0a, 0x7d, 0x3b, 0x0a, 0x0a, 0x2f, 0x2a, 0x2a, 0x20, 0x53,
  0x65, 0x72, 0x69, 0x61, 0x6c, 0x20, 0x73, 0x74, 0x65, 0x70, 0x20, 0x72, 0x75, 0x6e, 0x6e, 0x65,
  0x72, 0x20, 0xe2, 0x80, 0x94, 0x20, 0x74, 0x68, 0x65, 0x20, 0x77, 0x68, 0x6f, 0x6c, 0x65, 0x20,
  0x74, 0x61, 0x73, 0x6b, 0x20, 0x6c, 0x69, 0x76, 0x65, 0x73, 0x20, 0x6f, 0x6e, 0x20, 0x74, 0x68,
  0x65, 0x20, 0x72, 0x75, 0x6e, 0x74, 0x69, 0x6d, 0x65, 0x20, 0x71, 0x75, 0x65, 0x75, 0x65, 0x2e,
  0x20, 0x2a, 0x2f, 0x0a, 0x63, 0x6f, 0x6e, 0x73, 0x74, 0x20, 0x72, 0x75, 0x6e, 0x20, 0x3d, 0x20,
  0x61, 0x73, 0x79, 0x6e, 0x63, 0x20, 0x28, 0x68, 0x61, 0x6e, 0x64, 0x6c, 0x65, 0x2c, 0x20, 0x73,
  0x70, 0x65, 0x63, 0x29, 0x20, 0x3d, 0x3e, 0x20, 0x7b, 0x0a, 0x20, 0x20, 0x61, 0x77, 0x61, 0x69,
  0x74, 0x20, 0x6e, 0x75, 0x6c, 0x6c, 0x3b, 0x20, 0x2f, 0x2f, 0x20, 0x73, 0x70, 0x61, 0x77, 0x6e,
  0x20, 0x72, 0x65, 0x74, 0x75, 0x72, 0x6e, 0x73, 0x20, 0x66, 0x69, 0x72, 0x73, 0x74, 0x3b, 0x20,
  0x65, 0x76, 0x65, 0x72, 0x79, 0x20, 0x73, 0x74, 0x65, 0x70, 0x20, 0x72, 0x75, 0x6e, 0x73, 0x20,
  0x6f, 0x6e, 0x20, 0x61, 0x20, 0x6c, 0x61, 0x74, 0x65, 0x72, 0x20, 0x74, 0x69, 0x63, 0x6b, 0x0a,
  0x20, 0x20, 0x6c, 0x6f, 0x67, 0x2e, 0x64, 0x65, 0x62, 0x75, 0x67, 0x28, 0x27, 0x74, 0x61, 0x73,
  0x6b, 0x20, 0x73, 0x74, 0x61, 0x72, 0x74, 0x65, 0x64, 0x27, 0x2c, 0x20, 0x7b, 0x20, 0x69, 0x64,
  0x3a, 0x20, 0x68, 0x61, 0x6e, 0x64, 0x6c, 0x65, 0x2e, 0x69, 0x64, 0x2c, 0x20, 0x73, 0x74, 0x65,
  0x70, 0x73, 0x3a, 0x20, 0x73, 0x70, 0x65, 0x63, 0x2e, 0x73, 0x74, 0x65, 0x70, 0x73, 0x2e, 0x6c,
  0x65, 0x6e, 0x67, 0x74, 0x68, 0x20, 0x7d, 0x29, 0x3b, 0x0a, 0x20, 0x20, 0x68, 0x61, 0x6e, 0x64,
  0x6c, 0x65, 0x2e, 0x65, 0x6d, 0x69, 0x74, 0x28, 0x27, 0x73, 0x74, 0x61, 0x72, 0x74, 0x65, 0x64,
  0x27, 0x2c, 0x20, 0x7b, 0x20, 0x73, 0x74, 0x65, 0x70, 0x73, 0x3a, 0x20, 0x73, 0x70, 0x65, 0x63,
  0x2e, 0x73, 0x74, 0x65, 0x70, 0x73, 0x2e, 0x6c, 0x65, 0x6e, 0x67, 0x74, 0x68, 0x20, 0x7d, 0x29,
  0x3b, 0x0a, 0x20, 0x20, 0x63, 0x6f, 0x6e, 0x73, 0x74, 0x20, 0x63, 0x74, 0x78, 0x20, 0x3d, 0x20,
  0x7b, 0x20, 0x2e, 0x2e, 0x2e, 0x28, 0x73, 0x70, 0x65, 0x63, 0x2e, 0x63, 0x6f, 0x6e, 0x74, 0x65,
  0x78, 0x74, 0x20, 0x3f, 0x3f, 0x20, 0x7b, 0x7d, 0x29, 0x2c, 0x20, 0x72, 0x65, 0x70, 0x6f, 0x72,
  0x74, 0x3a, 0x20, 0x28, 0x6c, 0x61, 0x62, 0x65, 0x6c, 0x29, 0x20, 0x3d, 0x3e, 0x20, 0x68, 0x61,
  0x6e, 0x64, 0x6c, 0x65, 0x2e, 0x65, 0x6d, 0x69, 0x74, 0x28, 0x27, 0x70, 0x72, 0x6f, 0x67, 0x72,
  0x65, 0x73, 0x73, 0x27, 0x2c, 0x20, 0x7b, 0x20, 0x6c, 0x61, 0x62, 0x65, 0x6c, 0x20, 0x7d, 0x29,
  0x20, 0x7d, 0x3b, 0x0a, 0x20, 0x20, 0x6c, 0x65, 0x74, 0x20, 0x72, 0x65, 0x73, 0x75, 0x6c, 0x74,
  0x3b, 0x0a, 0x20, 0x20, 0x74, 0x72, 0x79, 0x20, 0x7b, 0x0a, 0x20, 0x20, 0x20, 0x20, 0x66, 0x6f,
  0x72, 0x20, 0x28, 0x6c, 0x65, 0x74, 0x20, 0x73, 0x74, 0x65, 0x70, 0x20, 0x3d, 0x20, 0x30, 0x3b,
  0x20, 0x73, 0x74, 0x65, 0x70, 0x20, 0x3c, 0x20, 0x73, 0x70, 0x65, 0x63, 0x2e, 0x73, 0x74, 0x65,
  0x70, 0x73, 0x2e, 0x6c, 0x65, 0x6e, 0x67, 0x74, 0x68, 0x3b, 0x20, 0x73, 0x74, 0x65, 0x70, 0x2b,
  0x2b, 0x29, 0x20, 0x7b, 0x0a, 0x20, 0x20, 0x20, 0x20, 0x20, 0x20, 0x6c, 0x6f, 0x67, 0x2e, 0x64,
  0x65, 0x62, 0x75, 0x67, 0x28, 0x27, 0x73, 0x74, 0x65, 0x70, 0x20, 0x62, 0x65, 0x67, 0x69, 0x6e,
  0x27, 0x2c, 0x20, 0x7b, 0x20, 0x69, 0x64, 0x3a, 0x20, 0x68, 0x61, 0x6e, 0x64, 0x6c, 0x65, 0x2e,
  0x69, 0x64, 0x2c, 0x20, 0x73, 0x74, 0x65, 0x70, 0x3a, 0x20, 0x73, 0x74, 0x65, 0x70, 0x20, 0x2b,
  0x20, 0x31, 0x20, 0x7d, 0x29, 0x3b, 0x0a, 0x20, 0x20, 0x20, 0x20, 0x20, 0x20, 0x72, 0x65, 0x73,
  0x75, 0x6c, 0x74, 0x20, 0x3d, 0x20, 0x61, 0x77, 0x61, 0x69, 0x74, 0x20, 0x73, 0x70, 0x65, 0x63,
  0x2e, 0x73, 0x74, 0x65, 0x70, 0x73, 0x5b, 0x73, 0x74, 0x65, 0x70, 0x5d, 0x28, 0x63, 0x74, 0x78,
  0x29, 0x3b, 0x0a, 0x20, 0x20, 0x20, 0x20, 0x20, 0x20, 0x68, 0x61, 0x6e, 0x64, 0x6c, 0x65, 0x2e,
  0x65, 0x6d, 0x69, 0x74, 0x28, 0x27, 0x70, 0x72, 0x6f, 0x67, 0x72, 0x65, 0x73, 0x73, 0x27, 0x2c,
  0x20, 0x7b, 0x20, 0x73, 0x74, 0x65, 0x70, 0x3a, 0x20, 0x73, 0x74, 0x65, 0x70, 0x20, 0x2b, 0x20,
  0x31, 0x2c, 0x20, 0x6f, 0x66, 0x3a, 0x20, 0x73, 0x70, 0x65, 0x63, 0x2e, 0x73, 0x74, 0x65, 0x70,
  0x73, 0x2e, 0x6c, 0x65, 0x6e, 0x67, 0x74, 0x68, 0x20, 0x7d, 0x29, 0x3b, 0x0a, 0x20, 0x20, 0x20,
  0x20, 0x7d, 0x0a, 0x20, 0x20, 0x20, 0x20, 0x68, 0x61, 0x6e, 0x64, 0x6c, 0x65, 0x2e, 0x65, 0x6d,
  0x69, 0x74, 0x28, 0x27, 0x63, 0x6f, 0x6d, 0x70, 0x6c, 0x65, 0x74, 0x65, 0x27, 0x2c, 0x20, 0x7b,
  0x20, 0x6f, 0x6b, 0x3a, 0x20, 0x74, 0x72, 0x75, 0x65, 0x2c, 0x20, 0x72, 0x65, 0x73, 0x75, 0x6c,
  0x74, 0x20, 0x7d, 0x29, 0x3b, 0x0a, 0x20, 0x20, 0x7d, 0x20, 0x63, 0x61, 0x74, 0x63, 0x68, 0x20,
  0x28, 0x65, 0x72, 0x72, 0x29, 0x20, 0x7b, 0x0a, 0x20, 0x20, 0x20, 0x20, 0x6c, 0x6f, 0x67, 0x2e,
  0x77, 0x61, 0x72, 0x6e, 0x28, 0x27, 0x74, 0x61, 0x73, 0x6b, 0x20, 0x66, 0x61, 0x69, 0x6c, 0x65,
  0x64, 0x27, 0x2c, 0x20, 0x7b, 0x20, 0x69, 0x64, 0x3a, 0x20, 0x68, 0x61, 0x6e, 0x64, 0x6c, 0x65,
  0x2e, 0x69, 0x64, 0x2c, 0x20, 0x6d, 0x65, 0x73, 0x73, 0x61, 0x67, 0x65, 0x3a, 0x20, 0x65, 0x72,
  0x72, 0x3f, 0x2e, 0x6d, 0x65, 0x73, 0x73, 0x61, 0x67, 0x65, 0x20, 0x7d, 0x29, 0x3b, 0x0a, 0x20,
  0x20, 0x20, 0x20, 0x68, 0x61, 0x6e, 0x64, 0x6c, 0x65, 0x2e, 0x65, 0x6d, 0x69, 0x74, 0x28, 0x27,
  0x63, 0x6f, 0x6d, 0x70, 0x6c, 0x65, 0x74, 0x65, 0x27, 0x2c, 0x20, 0x7b, 0x20, 0x6f, 0x6b, 0x3a,
  0x20, 0x66, 0x61, 0x6c, 0x73, 0x65, 0x2c, 0x20, 0x65, 0x72, 0x72, 0x6f, 0x72, 0x3a, 0x20, 0x53,
  0x74, 0x72, 0x69, 0x6e, 0x67, 0x28, 0x65, 0x72, 0x72, 0x3f, 0x2e, 0x6d, 0x65, 0x73, 0x73, 0x61,
  0x67, 0x65, 0x20, 0x3f, 0x3f, 0x20, 0x65, 0x72, 0x72, 0x29, 0x20, 0x7d, 0x29, 0x3b, 0x0a, 0x20,
  0x20, 0x7d, 0x0a, 0x7d, 0x3b, 0x0a, 0x0a, 0x2f, 0x2a, 0x2a, 0x20, 0x41, 0x63, 0x74, 0x69, 0x76,
  0x61, 0x74, 0x69, 0x6f, 0x6e, 0x20, 0x68, 0x6f, 0x6f, 0x6b, 0x20, 0x28, 0x6d, 0x61, 0x6e, 0x69,
  0x66, 0x65, 0x73, 0x74, 0x2e, 0x68, 0x6f, 0x6f, 0x6b, 0x73, 0x2e, 0x61, 0x63, 0x74, 0x69, 0x76,
  0x61, 0x74, 0x65, 0x29, 0x3a, 0x20, 0x72, 0x65, 0x67, 0x69, 0x73, 0x74, 0x65, 0x72, 0x73, 0x20,
  0x74, 0x68, 0x65, 0x20, 0x60, 0x73, 0x75, 0x62, 0x70, 0x72, 0x6f, 0x63, 0x65, 0x73, 0x73, 0x60,
  0x20, 0x73, 0x65, 0x72, 0x76, 0x69, 0x63, 0x65, 0x2e, 0x20, 0x2a, 0x2f, 0x0a, 0x65, 0x78, 0x70,
  0x6f, 0x72, 0x74, 0x20, 0x66, 0x75, 0x6e, 0x63, 0x74, 0x69, 0x6f, 0x6e, 0x20, 0x61, 0x63, 0x74,
  0x69, 0x76, 0x61, 0x74, 0x65, 0x28, 0x7b, 0x20, 0x72, 0x65, 0x67, 0x69, 0x73, 0x74, 0x65, 0x72,
  0x20, 0x7d, 0x29, 0x20, 0x7b, 0x0a, 0x20, 0x20, 0x6c, 0x6f, 0x67, 0x2e, 0x64, 0x65, 0x62, 0x75,
  0x67, 0x28, 0x27, 0x61, 0x63, 0x74, 0x69, 0x76, 0x61, 0x74, 0x69, 0x6e, 0x67, 0x20, 0x64, 0x73,
  0x68, 0x2d, 0x73, 0x75, 0x62, 0x70, 0x72, 0x6f, 0x63, 0x65, 0x73, 0x73, 0x2d, 0x71, 0x75, 0x69,
  0x63, 0x6b, 0x6a, 0x73, 0x27, 0x29, 0x3b, 0x0a, 0x20, 0x20, 0x6c, 0x65, 0x74, 0x20, 0x6e, 0x65,
  0x78, 0x74, 0x49, 0x64, 0x20, 0x3d, 0x20, 0x31, 0x3b, 0x0a, 0x0a, 0x20, 0x20, 0x2f, 0x2a, 0x2a,
  0x20, 0x73, 0x70, 0x61, 0x77, 0x6e, 0x28, 0x7b, 0x69, 0x64, 0x3f, 0x2c, 0x20, 0x73, 0x74, 0x65,
  0x70, 0x73, 0x2c, 0x20, 0x63, 0x6f, 0x6e, 0x74, 0x65, 0x78, 0x74, 0x3f, 0x7d, 0x29, 0x20, 0xe2,
  0x86, 0x92, 0x20, 0x68, 0x61, 0x6e, 0x64, 0x6c, 0x65, 0x2e, 0x20, 0x53, 0x74, 0x65, 0x70, 0x73,
  0x20, 0x61, 0x72, 0x65, 0x20, 0x61, 0x73, 0x79, 0x6e, 0x63, 0x20, 0x28, 0x63, 0x74, 0x78, 0x29,
  0x20, 0xe2, 0x86, 0x92, 0x20, 0x76, 0x61, 0x6c, 0x75, 0x65, 0x3b, 0x0a, 0x20, 0x20, 0x20, 0x2a,
  0x20, 0x63, 0x6f, 0x6e, 0x74, 0x65, 0x78, 0x74, 0x20, 0x69, 0x73, 0x20, 0x74, 0x68, 0x65, 0x20,
  0x63, 0x61, 0x6c, 0x6c, 0x65, 0x72, 0x2d, 0x70, 0x72, 0x6f, 0x76, 0x69, 0x64, 0x65, 0x64, 0x20,
  0x73, 0x65, 0x72, 0x76, 0x69, 0x63, 0x65, 0x20, 0x62, 0x61, 0x67, 0x20, 0x68, 0x61, 0x6e, 0x64,
  0x65, 0x64, 0x20, 0x74, 0x6f, 0x20, 0x65, 0x76, 0x65, 0x72, 0x79, 0x20, 0x73, 0x74, 0x65, 0x70,
  0x2e, 0x20, 0x2a, 0x2f, 0x0a, 0x20, 0x20, 0x63, 0x6f, 0x6e, 0x73, 0x74, 0x20, 0x73, 0x70, 0x61,
  0x77, 0x6e, 0x20, 0x3d, 0x20, 0x28, 0x73, 0x70, 0x65, 0x63, 0x29, 0x20, 0x3d, 0x3e, 0x20, 0x7b,
  0x0a, 0x20, 0x20, 0x20, 0x20, 0x63, 0x6f, 0x6e, 0x73, 0x74, 0x20, 0x69, 0x64, 0x20, 0x3d, 0x20,
  0x73, 0x70, 0x65, 0x63, 0x2e, 0x69, 0x64, 0x20, 0x3f, 0x3f, 0x20, 0x60, 0x74, 0x61, 0x73, 0x6b,
  0x2d, 0x24, 0x7b, 0x6e, 0x65, 0x78, 0x74, 0x49, 0x64, 0x7d, 0x60, 0x3b, 0x0a, 0x20, 0x20, 0x20,
  0x20, 0x6e, 0x65, 0x78, 0x74, 0x49, 0x64, 0x20, 0x2b, 0x3d, 0x20, 0x31, 0x3b, 0x0a, 0x20, 0x20,
  0x20, 0x20, 0x6c, 0x6f, 0x67, 0x2e, 0x64, 0x65, 0x62, 0x75, 0x67, 0x28, 0x27, 0x73, 0x70, 0x61,
  0x77, 0x6e, 0x27, 0x2c, 0x20, 0x7b, 0x20, 0x69, 0x64, 0x2c, 0x20, 0x73, 0x74, 0x65, 0x70, 0x73,
  0x3a, 0x20, 0x73, 0x70, 0x65, 0x63, 0x2e, 0x73, 0x74, 0x65, 0x70, 0x73, 0x2e, 0x6c, 0x65, 0x6e,
  0x67, 0x74, 0x68, 0x20, 0x7d, 0x29, 0x3b, 0x0a, 0x20, 0x20, 0x20, 0x20, 0x69, 0x66, 0x20, 0x28,
  0x21, 0x41, 0x72, 0x72, 0x61, 0x79, 0x2e, 0x69, 0x73, 0x41, 0x72, 0x72, 0x61, 0x79, 0x28, 0x73,
  0x70, 0x65, 0x63, 0x2e, 0x73, 0x74, 0x65, 0x70, 0x73, 0x29, 0x20, 0x7c, 0x7c, 0x20, 0x73, 0x70,
  0x65, 0x63, 0x2e, 0x73, 0x74, 0x65, 0x70, 0x73, 0x2e, 0x6c, 0x65, 0x6e, 0x67, 0x74, 0x68, 0x20,
  0x3d, 0x3d, 0x3d, 0x20, 0x30, 0x29, 0x20, 0x7b, 0x0a, 0x20, 0x20, 0x20, 0x20, 0x20, 0x20, 0x74,
  0x68, 0x72, 0x6f, 0x77, 0x20, 0x6e, 0x65, 0x77, 0x20, 0x45, 0x72, 0x72, 0x6f, 0x72, 0x28, 0x27,
  0x73, 0x75, 0x62, 0x70, 0x72, 0x6f, 0x63, 0x65, 0x73, 0x73, 0x2e, 0x73, 0x70, 0x61, 0x77, 0x6e,
  0x20, 0x6e, 0x65, 0x65, 0x64, 0x73, 0x20, 0x61, 0x20, 0x6e, 0x6f, 0x6e, 0x2d, 0x65, 0x6d, 0x70,
  0x74, 0x79, 0x20, 0x73, 0x74, 0x65, 0x70, 0x73, 0x20, 0x61, 0x72, 0x72, 0x61, 0x79, 0x27, 0x29,
  0x3b, 0x0a, 0x20, 0x20, 0x20, 0x20, 0x7d, 0x0a, 0x20, 0x20, 0x20, 0x20, 0x63, 0x6f, 0x6e, 0x73,
  0x74, 0x20, 0x68, 0x61, 0x6e, 0x64, 0x6c, 0x65, 0x20, 0x3d, 0x20, 0x6d, 0x61, 0x6b, 0x65, 0x48,
  0x61, 0x6e, 0x64, 0x6c, 0x65, 0x28, 0x69, 0x64, 0x29, 0x3b, 0x0a, 0x20, 0x20, 0x20, 0x20, 0x6c,
  0x65, 0x74, 0x20, 0x73, 0x65, 0x74, 0x74, 0x6c, 0x65, 0x3b, 0x0a, 0x20, 0x20, 0x20, 0x20, 0x63,
  0x6f, 0x6e, 0x73, 0x74, 0x20, 0x64, 0x6f, 0x6e, 0x65, 0x20, 0x3d, 0x20, 0x6e, 0x65, 0x77, 0x20,
  0x50, 0x72, 0x6f, 0x6d, 0x69, 0x73, 0x65, 0x28, 0x28, 0x72, 0x65, 0x73, 0x6f, 0x6c, 0x76, 0x65,
  0x29, 0x20, 0x3d, 0x3e, 0x20, 0x28, 0x73, 0x65, 0x74, 0x74, 0x6c, 0x65, 0x20, 0x3d, 0x20, 0x72,
  0x65, 0x73, 0x6f, 0x6c, 0x76, 0x65, 0x29, 0x29, 0x3b, 0x0a, 0x20, 0x20, 0x20, 0x20, 0x68, 0x61,
  0x6e, 0x64, 0x6c, 0x65, 0x2e, 0x6f, 0x6e, 0x28, 0x27, 0x63, 0x6f, 0x6d, 0x70, 0x6c, 0x65, 0x74,
  0x65, 0x27, 0x2c, 0x20, 0x28, 0x65, 0x76, 0x29, 0x20, 0x3d, 0x3e, 0x20, 0x7b, 0x0a, 0x20, 0x20,
  0x20, 0x20, 0x20, 0x20, 0x6c, 0x6f, 0x67, 0x2e, 0x64, 0x65, 0x62, 0x75, 0x67, 0x28, 0x27, 0x63,
  0x6f, 0x6d, 0x70, 0x6c, 0x65, 0x74, 0x65, 0x20, 0x6f, 0x62, 0x73, 0x65, 0x72, 0x76, 0x65, 0x64,
  0x27, 0x2c, 0x20, 0x7b, 0x20, 0x69, 0x64, 0x2c, 0x20, 0x6f, 0x6b, 0x3a, 0x20, 0x65, 0x76, 0x2e,
  0x6f, 0x6b, 0x20, 0x7d, 0x29, 0x3b, 0x0a, 0x20, 0x20, 0x20, 0x20, 0x20, 0x20, 0x73, 0x65, 0x74,
  0x74, 0x6c, 0x65, 0x28, 0x65, 0x76, 0x29, 0x3b, 0x0a, 0x20, 0x20, 0x20, 0x20, 0x7d, 0x29, 0x3b,
  0x0a, 0x20, 0x20, 0x20, 0x20, 0x72, 0x75, 0x6e, 0x28, 0x68, 0x61, 0x6e, 0x64, 0x6c, 0x65, 0x2c,
  0x20, 0x73, 0x70, 0x65, 0x63, 0x29, 0x3b, 0x20, 0x2f, 0x2f, 0x20, 0x73, 0x65, 0x72, 0x69, 0x61,
  0x6c, 0x20, 0x6d, 0x69, 0x63, 0x72, 0x6f, 0x74, 0x61, 0x73, 0x6b, 0x20, 0x63, 0x68, 0x61, 0x69,
  0x6e, 0x20, 0x6f, 0x6e, 0x20, 0x74, 0x68, 0x65, 0x20, 0x72, 0x75, 0x6e, 0x74, 0x69, 0x6d, 0x65,
  0x20, 0x71, 0x75, 0x65, 0x75, 0x65, 0x0a, 0x20, 0x20, 0x20, 0x20, 0x72, 0x65, 0x74, 0x75, 0x72,
  0x6e, 0x20, 0x7b, 0x20, 0x69, 0x64, 0x2c, 0x20, 0x6f, 0x6e, 0x3a, 0x20, 0x68, 0x61, 0x6e, 0x64,
  0x6c, 0x65, 0x2e, 0x6f, 0x6e, 0x2c, 0x20, 0x64, 0x6f, 0x6e, 0x65, 0x20, 0x7d, 0x3b, 0x0a, 0x20,
  0x20, 0x7d, 0x3b, 0x0a, 0x0a, 0x20, 0x20, 0x72, 0x65, 0x67, 0x69, 0x73, 0x74, 0x65, 0x72, 0x28,
  0x27, 0x73, 0x75, 0x62, 0x70, 0x72, 0x6f, 0x63, 0x65, 0x73, 0x73, 0x27, 0x2c, 0x20, 0x7b, 0x20,
  0x73, 0x70, 0x61, 0x77, 0x6e, 0x20, 0x7d, 0x29, 0x3b, 0x0a, 0x7d, 0x0a,
  0x00
};

/* system-plugins/dsh-ui/manifest.json (262 bytes) */
static const unsigned char DSH_PLUGIN_UI_MANIFEST[] = {
  0x7b, 0x0a, 0x20, 0x20, 0x22, 0x73, 0x63, 0x68, 0x65, 0x6d, 0x61, 0x56, 0x65, 0x72, 0x73, 0x69,
  0x6f, 0x6e, 0x22, 0x3a, 0x20, 0x31, 0x2c, 0x0a, 0x20, 0x20, 0x22, 0x69, 0x64, 0x22, 0x3a, 0x20,
  0x22, 0x64, 0x73, 0x68, 0x2d, 0x75, 0x69, 0x22, 0x2c, 0x0a, 0x20, 0x20, 0x22, 0x76, 0x65, 0x72,
  0x73, 0x69, 0x6f, 0x6e, 0x22, 0x3a, 0x20, 0x22, 0x30, 0x2e, 0x31, 0x2e, 0x30, 0x22, 0x2c, 0x0a,
  0x20, 0x20, 0x22, 0x74, 0x79, 0x70, 0x65, 0x22, 0x3a, 0x20, 0x22, 0x73, 0x65, 0x72, 0x76, 0x69,
  0x63, 0x65, 0x22, 0x2c, 0x0a, 0x20, 0x20, 0x22, 0x65, 0x6e, 0x74, 0x72, 0x79, 0x22, 0x3a, 0x20,
  0x22, 0x69, 0x6e, 0x64, 0x65, 0x78, 0x2e, 0x6a, 0x73, 0x22, 0x2c, 0x0a, 0x20, 0x20, 0x22, 0x63,
  0x61, 0x70, 0x61, 0x62, 0x69, 0x6c, 0x69, 0x74, 0x69, 0x65, 0x73, 0x22, 0x3a, 0x20, 0x7b, 0x0a,
  0x20, 0x20, 0x20, 0x20, 0x22, 0x72, 0x65, 0x71, 0x75, 0x69, 0x72, 0x65, 0x64, 0x22, 0x3a, 0x20,
  0x5b, 0x22, 0x6e, 0x6f, 0x74, 0x69, 0x66, 0x79, 0x22, 0x2c, 0x20, 0x22, 0x70, 0x72, 0x65, 0x73,
  0x65, 0x6e, 0x74, 0x41, 0x70, 0x70, 0x72, 0x6f, 0x76, 0x61, 0x6c, 0x22, 0x2c, 0x20, 0x22, 0x70,
  0x72, 0x65, 0x73, 0x65, 0x6e, 0x74, 0x50, 0x69, 0x63, 0x6b, 0x65, 0x72, 0x22, 0x5d, 0x2c, 0x0a,
  0x20, 0x20, 0x20, 0x20, 0x22, 0x6f, 0x70, 0x74, 0x69, 0x6f, 0x6e, 0x61, 0x6c, 0x22, 0x3a, 0x20,
  0x5b, 0x5d, 0x0a, 0x20, 0x20, 0x7d, 0x2c, 0x0a, 0x20, 0x20, 0x22, 0x68, 0x6f, 0x6f, 0x6b, 0x73,
  0x22, 0x3a, 0x20, 0x7b, 0x0a, 0x20, 0x20, 0x20, 0x20, 0x22, 0x61, 0x63, 0x74, 0x69, 0x76, 0x61,
  0x74, 0x65, 0x22, 0x3a, 0x20, 0x22, 0x61, 0x63, 0x74, 0x69, 0x76, 0x61, 0x74, 0x65, 0x22, 0x0a,
  0x20, 0x20, 0x7d, 0x0a, 0x7d, 0x0a,
  0x00
};

/* system-plugins/dsh-ui/index.js (2582 bytes) */
static const unsigned char DSH_PLUGIN_UI_JS[] = {
  0x2f, 0x2a, 0x2a, 0x0a, 0x20, 0x2a, 0x20, 0x64, 0x73, 0x68, 0x2d, 0x75, 0x69, 0x20, 0xe2, 0x80,
  0x94, 0x20, 0x73, 0x79, 0x73, 0x74, 0x65, 0x6d, 0x20, 0x69, 0x6d, 0x70, 0x6c, 0x65, 0x6d, 0x65,
  0x6e, 0x74, 0x61, 0x74, 0x69, 0x6f, 0x6e, 0x20, 0x70, 0x6c, 0x75, 0x67, 0x69, 0x6e, 0x20, 0x66,
  0x6f, 0x72, 0x20, 0x74, 0x68, 0x65, 0x20, 0x60, 0x75, 0x69, 0x60, 0x20, 0x73, 0x65, 0x72, 0x76,
  0x69, 0x63, 0x65, 0x20, 0x28, 0x4d, 0x32, 0x20, 0x76, 0x30, 0x29, 0x2e, 0x0a, 0x20, 0x2a, 0x0a,
  0x20, 0x2a, 0x20, 0x43, 0x6f, 0x6d, 0x70, 0x6f, 0x73, 0x65, 0x73, 0x20, 0x74, 0x68, 0x65, 0x20,
  0x6e, 0x61, 0x74, 0x69, 0x76, 0x65, 0x2d, 0x55, 0x49, 0x20, 0x63, 0x6f, 0x6e, 0x74, 0x72, 0x61,
  0x63, 0x74, 0x20, 0x70, 0x72, 0x69, 0x6d, 0x69, 0x74, 0x69, 0x76, 0x65, 0x73, 0x20, 0x69, 0x6e,
  0x74, 0x6f, 0x20, 0x74, 0x68, 0x65, 0x20, 0x73, 0x65, 0x73, 0x73, 0x69, 0x6f, 0x6e, 0x2d, 0x66,
  0x61, 0x63, 0x69, 0x6e, 0x67, 0x20, 0x73, 0x75, 0x72, 0x66, 0x61, 0x63, 0x65, 0x3a, 0x0a, 0x20,
  0x2a, 0x20, 0x61, 0x70, 0x70, 0x72, 0x6f, 0x76, 0x61, 0x6c, 0x20, 0xe2, 0x86, 0x92, 0x20, 0x70,
  0x72, 0x65, 0x73, 0x65, 0x6e, 0x74, 0x41, 0x70, 0x70, 0x72, 0x6f, 0x76, 0x61, 0x6c, 0x20, 0x28,
  0x7b, 0x61, 0x70, 0x70, 0x72, 0x6f, 0x76, 0x65, 0x64, 0x2c, 0x20, 0x72, 0x65, 0x6d, 0x65, 0x6d,
  0x62, 0x65, 0x72, 0x7d, 0x29, 0x2c, 0x20, 0x70, 0x69, 0x63, 0x6b, 0x65, 0x72, 0x20, 0xe2, 0x86,
  0x92, 0x20, 0x70, 0x72, 0x65, 0x73, 0x65, 0x6e, 0x74, 0x50, 0x69, 0x63, 0x6b, 0x65, 0x72, 0x0a,
  0x20, 0x2a, 0x20, 0x28, 0x7b, 0x73, 0x63, 0x6f, 0x70, 0x65, 0x2c, 0x20, 0x70, 0x61, 0x74, 0x68,
  0x7d, 0x20, 0x6f, 0x72, 0x20, 0x6e, 0x75, 0x6c, 0x6c, 0x20, 0x6f, 0x6e, 0x20, 0x64, 0x69, 0x73,
  0x6d, 0x69, 0x73, 0x73, 0x61, 0x6c, 0x29, 0x2c, 0x20, 0x61, 0x6e, 0x64, 0x20, 0x6e, 0x6f, 0x74,
  0x69, 0x66, 0x79, 0x20, 0xe2, 0x86, 0x92, 0x20, 0x6e, 0x6f, 0x74, 0x69, 0x66, 0x79, 0x28, 0x29,
  0x20, 0x50, 0x4c, 0x55, 0x53, 0x20, 0x74, 0x68, 0x65, 0x0a, 0x20, 0x2a, 0x20, 0x6e, 0x6f, 0x74,
  0x69, 0x66, 0x79, 0x2e, 0x72, 0x65, 0x73, 0x70, 0x6f, 0x6e, 0x73, 0x65, 0x20, 0x72, 0x6f, 0x75,
  0x6e, 0x64, 0x20, 0x74, 0x72, 0x69, 0x70, 0x20, 0x28, 0x74, 0x68, 0x65, 0x20, 0x70, 0x72, 0x6f,
  0x6d, 0x69, 0x73, 0x65, 0x20, 0x73, 0x65, 0x74, 0x74, 0x6c, 0x65, 0x73, 0x20, 0x66, 0x72, 0x6f,
  0x6d, 0x20, 0x74, 0x68, 0x65, 0x20, 0x72, 0x65, 0x73, 0x70, 0x6f, 0x6e, 0x73, 0x65, 0x20, 0x45,
  0x56, 0x45, 0x4e, 0x54, 0x20, 0xe2, 0x80, 0x94, 0x0a, 0x20, 0x2a, 0x20, 0x65, 0x76, 0x65, 0x6e,
  0x74, 0x2d, 0x64, 0x72, 0x69, 0x76, 0x65, 0x6e, 0x2c, 0x20, 0x6e, 0x65, 0x76, 0x65, 0x72, 0x20,
  0x61, 0x20, 0x62, 0x6c, 0x6f, 0x63, 0x6b, 0x69, 0x6e, 0x67, 0x20, 0x77, 0x68, 0x6f, 0x6c, 0x65,
  0x2d, 0x72, 0x65, 0x73, 0x75, 0x6c, 0x74, 0x20, 0x63, 0x61, 0x6c, 0x6c, 0x2c, 0x20, 0x44, 0x38,
  0x29, 0x2e, 0x0a, 0x20, 0x2a, 0x2f, 0x0a, 0x69, 0x6d, 0x70, 0x6f, 0x72, 0x74, 0x20, 0x7b, 0x20,
  0x63, 0x72, 0x65, 0x61, 0x74, 0x65, 0x4c, 0x6f, 0x67, 0x67, 0x65, 0x72, 0x20, 0x7d, 0x20, 0x66,
  0x72, 0x6f, 0x6d, 0x20, 0x27, 0x6c, 0x6f, 0x67, 0x67, 0x65, 0x72, 0x2e, 0x6a, 0x73, 0x27, 0x3b,
  0x0a, 0x69, 0x6d, 0x70, 0x6f, 0x72, 0x74, 0x20, 0x7b, 0x20, 0x6e, 0x6f, 0x74, 0x69, 0x66, 0x79,
  0x2c, 0x20, 0x6f, 0x6e, 0x45, 0x76, 0x65, 0x6e, 0x74, 0x2c, 0x20, 0x70, 0x72, 0x65, 0x73, 0x65,
  0x6e, 0x74, 0x41, 0x70, 0x70, 0x72, 0x6f, 0x76, 0x61, 0x6c, 0x2c, 0x20, 0x70, 0x72, 0x65, 0x73,
  0x65, 0x6e, 0x74, 0x50, 0x69, 0x63, 0x6b, 0x65, 0x72, 0x20, 0x7d, 0x20, 0x66, 0x72, 0x6f, 0x6d,
  0x20, 0x27, 0x67, 0x61, 0x74, 0x65, 0x77, 0x61, 0x79, 0x2e, 0x6a, 0x73, 0x27, 0x3b, 0x0a, 0x0a,
  0x63, 0x6f, 0x6e, 0x73, 0x74, 0x20, 0x6c, 0x6f, 0x67, 0x20, 0x3d, 0x20, 0x63, 0x72, 0x65, 0x61,
  0x74, 0x65, 0x4c, 0x6f, 0x67, 0x67, 0x65, 0x72, 0x28, 0x27, 0x64, 0x73, 0x68, 0x2e, 0x75, 0x69,
  0x27, 0x29, 0x3b, 0x0a, 0x0a, 0x2f, 0x2a, 0x2a, 0x20, 0x54, 0x68, 0x65, 0x20, 0x73, 0x74, 0x61,
  0x74, 0x69, 0x63, 0x20, 0x6d, 0x61, 0x6e, 0x69, 0x66, 0x65, 0x73, 0x74, 0x20, 0x74, 0x68, 0x69,
  0x73, 0x20, 0x70, 0x6c, 0x75, 0x67, 0x69, 0x6e, 0x20, 0x69, 0x6e, 0x73, 0x74, 0x61, 0x6c, 0x6c,
  0x73, 0x20, 0x75, 0x6e, 0x64, 0x65, 0x72, 0x20, 0x28, 0x73, 0x63, 0x68, 0x65, 0x6d, 0x61, 0x56,
  0x65, 0x72, 0x73, 0x69, 0x6f, 0x6e, 0x20, 0x31, 0x29, 0x2e, 0x20, 0x2a, 0x2f, 0x0a, 0x65, 0x78,
  0x70, 0x6f, 0x72, 0x74, 0x20, 0x63, 0x6f, 0x6e, 0x73, 0x74, 0x20, 0x6d, 0x61, 0x6e, 0x69, 0x66,
  0x65, 0x73, 0x74, 0x20, 0x3d, 0x20, 0x7b, 0x0a, 0x20, 0x20, 0x73, 0x63, 0x68, 0x65, 0x6d, 0x61,
  0x56, 0x65, 0x72, 0x73, 0x69, 0x6f, 0x6e, 0x3a, 0x20, 0x31, 0x2c, 0x0a, 0x20, 0x20, 0x69, 0x64,
  0x3a, 0x20, 0x27, 0x64, 0x73, 0x68, 0x2d, 0x75, 0x69, 0x27, 0x2c, 0x0a, 0x20, 0x20, 0x76, 0x65,
  0x72, 0x73, 0x69, 0x6f, 0x6e, 0x3a, 0x20, 0x27, 0x30, 0x2e, 0x31, 0x2e, 0x30, 0x27, 0x2c, 0x0a,
  0x20, 0x20, 0x74, 0x79, 0x70, 0x65, 0x3a, 0x20, 0x27, 0x73, 0x65, 0x72, 0x76, 0x69, 0x63, 0x65,
  0x27, 0x2c, 0x0a, 0x20, 0x20, 0x65, 0x6e, 0x74, 0x72, 0x79, 0x3a, 0x20, 0x27, 0x69, 0x6e, 0x64,
  0x65, 0x78, 0x2e, 0x6a, 0x73, 0x27, 0x2c, 0x0a, 0x20, 0x20, 0x63, 0x61, 0x70, 0x61, 0x62, 0x69,
  0x6c, 0x69, 0x74, 0x69, 0x65, 0x73, 0x3a, 0x20, 0x7b, 0x20, 0x72, 0x65, 0x71, 0x75, 0x69, 0x72,
  0x65, 0x64, 0x3a, 0x20, 0x5b, 0x27, 0x6e, 0x6f, 0x74, 0x69, 0x66, 0x79, 0x27, 0x2c, 0x20, 0x27,
  0x70, 0x72, 0x65, 0x73, 0x65, 0x6e, 0x74, 0x41, 0x70, 0x70, 0x72, 0x6f, 0x76, 0x61, 0x6c, 0x27,
  0x2c, 0x20, 0x27, 0x70, 0x72, 0x65, 0x73, 0x65, 0x6e, 0x74, 0x50, 0x69, 0x63, 0x6b, 0x65, 0x72,
  0x27, 0x5d, 0x2c, 0x20, 0x6f, 0x70, 0x74, 0x69, 0x6f, 0x6e, 0x61, 0x6c, 0x3a, 0x20, 0x5b, 0x5d,
  0x20, 0x7d, 0x2c, 0x0a, 0x20, 0x20, 0x68, 0x6f, 0x6f, 0x6b, 0x73, 0x3a, 0x20, 0x7b, 0x20, 0x61,
  0x63, 0x74, 0x69, 0x76, 0x61, 0x74, 0x65, 0x3a, 0x20, 0x27, 0x61, 0x63, 0x74, 0x69, 0x76, 0x61,
  0x74, 0x65, 0x27, 0x20, 0x7d, 0x2c, 0x0a, 0x7d, 0x3b, 0x0a, 0x0a, 0x2f, 0x2a, 0x2a, 0x20, 0x52,
  0x6f, 0x75, 0x74, 0x65, 0x73, 0x20, 0x62, 0x72, 0x69, 0x64, 0x67, 0x65, 0x20, 0x65, 0x76, 0x65,
  0x6e, 0x74, 0x73, 0x20, 0x74, 0x6f, 0x20, 0x74, 0x68, 0x65, 0x20, 0x6f, 0x6e, 0x65, 0x20, 0x77,
  0x61, 0x69, 0x74, 0x65, 0x72, 0x20, 0x6d, 0x61, 0x74, 0x63, 0x68, 0x69, 0x6e, 0x67, 0x20, 0x61,
  0x20, 0x6e, 0x6f, 0x74, 0x69, 0x66, 0x69, 0x63, 0x61, 0x74, 0x69, 0x6f, 0x6e, 0x20, 0x69, 0x64,
  0x2e, 0x20, 0x2a, 0x2f, 0x0a, 0x63, 0x6f, 0x6e, 0x73, 0x74, 0x20, 0x6d, 0x61, 0x6b, 0x65, 0x52,
  0x65, 0x73, 0x70, 0x6f, 0x6e, 0x73, 0x65, 0x73, 0x20, 0x3d, 0x20, 0x28, 0x29, 0x20, 0x3d, 0x3e,
  0x20, 0x7b, 0x0a, 0x20, 0x20, 0x63, 0x6f, 0x6e, 0x73, 0x74, 0x20, 0x77, 0x61, 0x69, 0x74, 0x65,
  0x72, 0x73, 0x20, 0x3d, 0x20, 0x6e, 0x65, 0x77, 0x20, 0x4d, 0x61, 0x70, 0x28, 0x29, 0x3b, 0x20,
  0x2f, 0x2f, 0x20, 0x69, 0x64, 0x20, 0xe2, 0x86, 0x92, 0x20, 0x72, 0x65, 0x73, 0x6f, 0x6c, 0x76,
  0x65, 0x0a, 0x20, 0x20, 0x6f, 0x6e, 0x45, 0x76, 0x65, 0x6e, 0x74, 0x28, 0x28, 0x65, 0x76, 0x29,
  0x20, 0x3d, 0x3e, 0x20, 0x7b, 0x0a, 0x20, 0x20, 0x20, 0x20, 0x69, 0x66, 0x20, 0x28, 0x65, 0x76,
  0x2e, 0x65, 0x76, 0x65, 0x6e, 0x74, 0x20, 0x21, 0x3d, 0x3d, 0x20, 0x27, 0x6e, 0x6f, 0x74, 0x69,
  0x66, 0x79, 0x2e, 0x72, 0x65, 0x73, 0x70, 0x6f, 0x6e, 0x73, 0x65, 0x27, 0x29, 0x20, 0x72, 0x65,
  0x74, 0x75, 0x72, 0x6e, 0x3b, 0x0a, 0x20, 0x20, 0x20, 0x20, 0x6c, 0x6f, 0x67, 0x2e, 0x64, 0x65,
  0x62, 0x75, 0x67, 0x28, 0x27, 0x6e, 0x6f, 0x74, 0x69, 0x66, 0x79, 0x2e, 0x72, 0x65, 0x73, 0x70,
  0x6f, 0x6e, 0x73, 0x65, 0x20, 0x73, 0x65, 0x65, 0x6e, 0x27, 0x2c, 0x20, 0x7b, 0x20, 0x69, 0x64,
  0x3a, 0x20, 0x65, 0x76, 0x2e, 0x69, 0x64, 0x20, 0x7d, 0x29, 0x3b, 0x0a, 0x20, 0x20, 0x20, 0x20,
  0x63, 0x6f, 0x6e, 0x73, 0x74, 0x20, 0x77, 0x61, 0x6b, 0x65, 0x20, 0x3d, 0x20, 0x77, 0x61, 0x69,
  0x74, 0x65, 0x72, 0x73, 0x2e, 0x67, 0x65, 0x74, 0x28, 0x65, 0x76, 0x2e, 0x69, 0x64, 0x29, 0x3b,
  0x0a, 0x20, 0x20, 0x20, 0x20, 0x69, 0x66, 0x20, 0x28, 0x77, 0x61, 0x6b, 0x65, 0x29, 0x20, 0x7b,
  0x0a, 0x20, 0x20, 0x20, 0x20, 0x20, 0x20, 0x77, 0x61, 0x69, 0x74, 0x65, 0x72, 0x73, 0x2e, 0x64,
  0x65, 0x6c, 0x65, 0x74, 0x65, 0x28, 0x65, 0x76, 0x2e, 0x69, 0x64, 0x29, 0x3b, 0x0a, 0x20, 0x20,
  0x20, 0x20, 0x20, 0x20, 0x77, 0x61, 0x6b, 0x65, 0x28, 0x65, 0x76, 0x29, 0x3b, 0x0a, 0x20, 0x20,
  0x20, 0x20, 0x7d, 0x0a, 0x20, 0x20, 0x7d, 0x29, 0x3b, 0x0a, 0x20, 0x20, 0x72, 0x65, 0x74, 0x75,
  0x72, 0x6e, 0x20, 0x7b, 0x0a, 0x20, 0x20, 0x20, 0x20, 0x61, 0x77, 0x61, 0x69, 0x74, 0x3a, 0x20,
  0x28, 0x69, 0x64, 0x29, 0x20, 0x3d, 0x3e, 0x20, 0x7b, 0x0a, 0x20, 0x20, 0x20, 0x20, 0x20, 0x20,
  0x6c, 0x6f, 0x67, 0x2e, 0x64, 0x65, 0x62, 0x75, 0x67, 0x28, 0x27, 0x61, 0x77, 0x61, 0x69, 0x74,
  0x20, 0x6e, 0x6f, 0x74, 0x69, 0x66, 0x79, 0x2e, 0x72, 0x65, 0x73, 0x70, 0x6f, 0x6e, 0x73, 0x65,
  0x27, 0x2c, 0x20, 0x7b, 0x20, 0x69, 0x64, 0x20, 0x7d, 0x29, 0x3b, 0x0a, 0x20, 0x20, 0x20, 0x20,
  0x20, 0x20, 0x72, 0x65, 0x74, 0x75, 0x72, 0x6e, 0x20, 0x6e, 0x65, 0x77, 0x20, 0x50, 0x72, 0x6f,
  0x6d, 0x69, 0x73, 0x65, 0x28, 0x28, 0x72, 0x65, 0x73, 0x6f, 0x6c, 0x76, 0x65, 0x29, 0x20, 0x3d,
  0x3e, 0x20, 0x77, 0x61, 0x69, 0x74, 0x65, 0x72, 0x73, 0x2e, 0x73, 0x65, 0x74, 0x28, 0x69, 0x64,
  0x2c, 0x20, 0x72, 0x65, 0x73, 0x6f, 0x6c, 0x76, 0x65, 0x29, 0x29, 0x3b, 0x0a, 0x20, 0x20, 0x20,
  0x20, 0x7d, 0x2c, 0x0a, 0x20, 0x20, 0x7d, 0x3b, 0x0a, 0x7d, 0x3b, 0x0a, 0x0a, 0x2f, 0x2a, 0x2a,
  0x20, 0x41, 0x63, 0x74, 0x69, 0x76, 0x61, 0x74, 0x69, 0x6f, 0x6e, 0x20, 0x68, 0x6f, 0x6f, 0x6b,
  0x20, 0x28, 0x6d, 0x61, 0x6e, 0x69, 0x66, 0x65, 0x73, 0x74, 0x2e, 0x68, 0x6f, 0x6f, 0x6b, 0x73,
  0x2e, 0x61, 0x63, 0x74, 0x69, 0x76, 0x61, 0x74, 0x65, 0x29, 0x3a, 0x20, 0x72, 0x65, 0x67, 0x69,
  0x73, 0x74, 0x65, 0x72, 0x73, 0x20, 0x74, 0x68, 0x65, 0x20, 0x60, 0x75, 0x69, 0x60, 0x20, 0x73,
  0x65, 0x72, 0x76, 0x69, 0x63, 0x65, 0x2e, 0x20, 0x2a, 0x2f, 0x0a, 0x65, 0x78, 0x70, 0x6f, 0x72,
  0x74, 0x20, 0x66, 0x75, 0x6e, 0x63, 0x74, 0x69, 0x6f, 0x6e, 0x20, 0x61, 0x63, 0x74, 0x69, 0x76,
  0x61, 0x74, 0x65, 0x28, 0x7b, 0x20, 0x72, 0x65, 0x67, 0x69, 0x73, 0x74, 0x65, 0x72, 0x20, 0x7d,
  0x29, 0x20, 0x7b, 0x0a, 0x20, 0x20, 0x6c, 0x6f, 0x67, 0x2e, 0x64, 0x65, 0x62, 0x75, 0x67, 0x28,
  0x27, 0x61, 0x63, 0x74, 0x69, 0x76, 0x61, 0x74, 0x69, 0x6e, 0x67, 0x20, 0x64, 0x73, 0x68, 0x2d,
  0x75, 0x69, 0x27, 0x29, 0x3b, 0x0a, 0x20, 0x20, 0x63, 0x6f, 0x6e, 0x73, 0x74, 0x20, 0x72, 0x65,
  0x73, 0x70, 0x6f, 0x6e, 0x73, 0x65, 0x73, 0x20, 0x3d, 0x20, 0x6d, 0x61, 0x6b, 0x65, 0x52, 0x65,
  0x73, 0x70, 0x6f, 0x6e, 0x73, 0x65, 0x73, 0x28, 0x29, 0x3b, 0x0a, 0x0a, 0x20, 0x20, 0x2f, 0x2a,
  0x2a, 0x20, 0x61, 0x70, 0x70, 0x72, 0x6f, 0x76, 0x61, 0x6c, 0x3a, 0x20, 0x72, 0x65, 0x73, 0x6f,
  0x6c, 0x76, 0x65, 0x73, 0x20, 0x7b, 0x61, 0x70, 0x70, 0x72, 0x6f, 0x76, 0x65, 0x64, 0x2c, 0x20,
  0x72, 0x65, 0x6d, 0x65, 0x6d, 0x62, 0x65, 0x72, 0x3f, 0x7d, 0x20, 0x77, 0x69, 0x74, 0x68, 0x20,
  0x74, 0x68, 0x65, 0x20, 0x75, 0x73, 0x65, 0x72, 0x27, 0x73, 0x20, 0x64, 0x65, 0x63, 0x69, 0x73,
  0x69, 0x6f, 0x6e, 0x2e, 0x20, 0x2a, 0x2f, 0x0a, 0x20, 0x20, 0x63, 0x6f, 0x6e, 0x73, 0x74, 0x20,
  0x61, 0x70, 0x70, 0x72, 0x6f, 0x76, 0x61, 0x6c, 0x20, 0x3d, 0x20, 0x61, 0x73, 0x79, 0x6e, 0x63,
  0x20, 0x28, 0x72, 0x65, 0x71, 0x29, 0x20, 0x3d, 0x3e, 0x20, 0x7b, 0x0a, 0x20, 0x20, 0x20, 0x20,
  0x6c, 0x6f, 0x67, 0x2e, 0x64, 0x65, 0x62, 0x75, 0x67, 0x28, 0x27, 0x75, 0x69, 0x2e, 0x61, 0x70,
  0x70, 0x72, 0x6f, 0x76, 0x61, 0x6c, 0x27, 0x2c, 0x20, 0x7b, 0x20, 0x74, 0x69, 0x74, 0x6c, 0x65,
  0x3a, 0x20, 0x72, 0x65, 0x71, 0x2e, 0x74, 0x69, 0x74, 0x6c, 0x65, 0x20, 0x7d, 0x29, 0x3b, 0x0a,
  0x20, 0x20, 0x20, 0x20, 0x72, 0x65, 0x74, 0x75, 0x72, 0x6e, 0x20, 0x61, 0x77, 0x61, 0x69, 0x74,
  0x20, 0x70, 0x72, 0x65, 0x73, 0x65, 0x6e, 0x74, 0x41, 0x70, 0x70, 0x72, 0x6f, 0x76, 0x61, 0x6c,
  0x28, 0x72, 0x65, 0x71, 0x29, 0x3b, 0x0a, 0x20, 0x20, 0x7d, 0x3b, 0x0a, 0x0a, 0x20, 0x20, 0x2f,
  0x2a, 0x2a, 0x20, 0x70, 0x69, 0x63, 0x6b, 0x65, 0x72, 0x3a, 0x20, 0x72, 0x65, 0x73, 0x6f, 0x6c,
  0x76, 0x65, 0x73, 0x20, 0x7b, 0x73, 0x63, 0x6f, 0x70, 0x65, 0x2c, 0x20, 0x70, 0x61, 0x74, 0x68,
  0x7d, 0x20, 0xe2, 0x80, 0x94, 0x20, 0x6f, 0x72, 0x20, 0x6e, 0x75, 0x6c, 0x6c, 0x20, 0x77, 0x68,
  0x65, 0x6e, 0x20, 0x74, 0x68, 0x65, 0x20, 0x75, 0x73, 0x65, 0x72, 0x20, 0x64, 0x69, 0x73, 0x6d,
  0x69, 0x73, 0x73, 0x65, 0x73, 0x2e, 0x20, 0x2a, 0x2f, 0x0a, 0x20, 0x20, 0x63, 0x6f, 0x6e, 0x73,
  0x74, 0x20, 0x70, 0x69, 0x63, 0x6b, 0x65, 0x72, 0x20, 0x3d, 0x20, 0x61, 0x73, 0x79, 0x6e, 0x63,
  0x20, 0x28, 0x72, 0x65, 0x71, 0x29, 0x20, 0x3d, 0x3e, 0x20, 0x7b, 0x0a, 0x20, 0x20, 0x20, 0x20,
  0x6c, 0x6f, 0x67, 0x2e, 0x64, 0x65, 0x62, 0x75, 0x67, 0x28, 0x27, 0x75, 0x69, 0x2e, 0x70, 0x69,
  0x63, 0x6b, 0x65, 0x72, 0x27, 0x2c, 0x20, 0x7b, 0x20, 0x6d, 0x6f, 0x64, 0x65, 0x3a, 0x20, 0x72,
  0x65, 0x71, 0x2e, 0x6d, 0x6f, 0x64, 0x65, 0x20, 0x7d, 0x29, 0x3b, 0x0a, 0x20, 0x20, 0x20, 0x20,
  0x72, 0x65, 0x74, 0x75, 0x72, 0x6e, 0x20, 0x61, 0x77, 0x61, 0x69, 0x74, 0x20, 0x70, 0x72, 0x65,
  0x73, 0x65, 0x6e, 0x74, 0x50, 0x69, 0x63, 0x6b, 0x65, 0x72, 0x28, 0x72, 0x65, 0x71, 0x29, 0x3b,
  0x0a, 0x20, 0x20, 0x7d, 0x3b, 0x0a, 0x0a, 0x20, 0x20, 0x2f, 0x2a, 0x2a, 0x20, 0x6e, 0x6f, 0x74,
  0x69, 0x66, 0x79, 0x3a, 0x20, 0x73, 0x63, 0x68, 0x65, 0x64, 0x75, 0x6c, 0x65, 0x73, 0x20, 0x74,
  0x68, 0x65, 0x20, 0x6e, 0x6f, 0x74, 0x69, 0x66, 0x69, 0x63, 0x61, 0x74, 0x69, 0x6f, 0x6e, 0x2c,
  0x20, 0x74, 0x68, 0x65, 0x6e, 0x20, 0x73, 0x65, 0x74, 0x74, 0x6c, 0x65, 0x73, 0x20, 0x6f, 0x6e,
  0x20, 0x69, 0x74, 0x73, 0x20, 0x72, 0x65, 0x73, 0x70, 0x6f, 0x6e, 0x73, 0x65, 0x20, 0x65, 0x76,
  0x65, 0x6e, 0x74, 0x0a, 0x20, 0x20, 0x20, 0x2a, 0x20, 0x28, 0x7b, 0x69, 0x64, 0x2c, 0x20, 0x61,
  0x63, 0x74, 0x69, 0x6f, 0x6e, 0x3f, 0x7d, 0x29, 0x2e, 0x20, 0x55, 0x6e, 0x6d, 0x61, 0x74, 0x63,
  0x68, 0x65, 0x64, 0x20, 0x72, 0x65, 0x73, 0x70, 0x6f, 0x6e, 0x73, 0x65, 0x73, 0x20, 0x28, 0x6f,
  0x74, 0x68, 0x65, 0x72, 0x20, 0x69, 0x64, 0x73, 0x29, 0x20, 0x70, 0x61, 0x73, 0x73, 0x20, 0x74,
  0x68, 0x72, 0x6f, 0x75, 0x67, 0x68, 0x20, 0x75, 0x6e, 0x74, 0x6f, 0x75, 0x63, 0x68, 0x65, 0x64,
  0x2e, 0x20, 0x2a, 0x2f, 0x0a, 0x20, 0x20, 0x63, 0x6f, 0x6e, 0x73, 0x74, 0x20, 0x6e, 0x6f, 0x74,
  0x69, 0x66, 0x79, 0x41, 0x6e, 0x64, 0x57, 0x61, 0x69, 0x74, 0x20, 0x3d, 0x20, 0x61, 0x73, 0x79,
  0x6e, 0x63, 0x20, 0x28, 0x70, 0x61, 0x79, 0x6c, 0x6f, 0x61, 0x64, 0x29, 0x20, 0x3d, 0x3e, 0x20,
  0x7b, 0x0a, 0x20, 0x20, 0x20, 0x20, 0x63, 0x6f, 0x6e, 0x73, 0x74, 0x20, 0x73, 0x63, 0x68, 0x65,
  0x64, 0x75, 0x6c, 0x65, 0x64, 0x20, 0x3d, 0x20, 0x61, 0x77, 0x61, 0x69, 0x74, 0x20, 0x6e, 0x6f,
  0x74, 0x69, 0x66, 0x79, 0x28, 0x70, 0x61, 0x79, 0x6c, 0x6f, 0x61, 0x64, 0x29, 0x3b, 0x0a, 0x20,
  0x20, 0x20, 0x20, 0x6c, 0x6f, 0x67, 0x2e, 0x64, 0x65, 0x62, 0x75, 0x67, 0x28, 0x27, 0x75, 0x69,
  0x2e, 0x6e, 0x6f, 0x74, 0x69, 0x66, 0x79, 0x20, 0x73, 0x63, 0x68, 0x65, 0x64, 0x75, 0x6c, 0x65,
  0x64, 0x27, 0x2c, 0x20, 0x7b, 0x20, 0x69, 0x64, 0x3a, 0x20, 0x73, 0x63, 0x68, 0x65, 0x64, 0x75,
  0x6c, 0x65, 0x64, 0x2e, 0x69, 0x64, 0x20, 0x7d, 0x29, 0x3b, 0x0a, 0x20, 0x20, 0x20, 0x20, 0x63,
  0x6f, 0x6e, 0x73, 0x74, 0x20, 0x72, 0x65, 0x73, 0x70, 0x6f, 0x6e, 0x73, 0x65, 0x20, 0x3d, 0x20,
  0x61, 0x77, 0x61, 0x69, 0x74, 0x20, 0x72, 0x65, 0x73, 0x70, 0x6f, 0x6e, 0x73, 0x65, 0x73, 0x2e,
  0x61, 0x77, 0x61, 0x69, 0x74, 0x28, 0x73, 0x63, 0x68, 0x65, 0x64, 0x75, 0x6c, 0x65, 0x64, 0x2e,
  0x69, 0x64, 0x29, 0x3b, 0x0a, 0x20, 0x20, 0x20, 0x20, 0x72, 0x65, 0x74, 0x75, 0x72, 0x6e, 0x20,
  0x7b, 0x20, 0x69, 0x64, 0x3a, 0x20, 0x73, 0x63, 0x68, 0x65, 0x64, 0x75, 0x6c, 0x65, 0x64, 0x2e,
  0x69, 0x64, 0x2c, 0x20, 0x61, 0x63, 0x74, 0x69, 0x6f, 0x6e, 0x3a, 0x20, 0x72, 0x65, 0x73, 0x70,
  0x6f, 0x6e, 0x73, 0x65, 0x2e, 0x61, 0x63, 0x74, 0x69, 0x6f, 0x6e, 0x20, 0x7d, 0x3b, 0x0a, 0x20,
  0x20, 0x7d, 0x3b, 0x0a, 0x0a, 0x20, 0x20, 0x72, 0x65, 0x67, 0x69, 0x73, 0x74, 0x65, 0x72, 0x28,
  0x27, 0x75, 0x69, 0x27, 0x2c, 0x20, 0x7b, 0x20, 0x61, 0x70, 0x70, 0x72, 0x6f, 0x76, 0x61, 0x6c,
  0x2c, 0x20, 0x70, 0x69, 0x63, 0x6b, 0x65, 0x72, 0x2c, 0x20, 0x6e, 0x6f, 0x74, 0x69, 0x66, 0x79,
  0x3a, 0x20, 0x6e, 0x6f, 0x74, 0x69, 0x66, 0x79, 0x41, 0x6e, 0x64, 0x57, 0x61, 0x69, 0x74, 0x20,
  0x7d, 0x29, 0x3b, 0x0a, 0x7d, 0x0a,
  0x00
};

/* runtime/spike/fixtures/dsh-notes.js (1991 bytes) */
static const unsigned char DSH_FIXTURE_NOTES_JS[] = {
  0x2f, 0x2a, 0x2a, 0x0a, 0x20, 0x2a, 0x20, 0x64, 0x73, 0x68, 0x2d, 0x6e, 0x6f, 0x74, 0x65, 0x73,
  0x20, 0x66, 0x69, 0x78, 0x74, 0x75, 0x72, 0x65, 0x20, 0xe2, 0x80, 0x94, 0x20, 0x62, 0x75, 0x69,
  0x6c, 0x64, 0x73, 0x20, 0x74, 0x68, 0x65, 0x20, 0x69, 0x6e, 0x73, 0x74, 0x61, 0x6c, 0x6c, 0x2d,
  0x70, 0x69, 0x70, 0x65, 0x6c, 0x69, 0x6e, 0x65, 0x27, 0x73, 0x20, 0x74, 0x65, 0x73, 0x74, 0x20,
  0x70, 0x61, 0x63, 0x6b, 0x61, 0x67, 0x65, 0x20, 0x61, 0x74, 0x20, 0x73, 0x63, 0x65, 0x6e, 0x61,
  0x72, 0x69, 0x6f, 0x0a, 0x20, 0x2a, 0x20, 0x74, 0x69, 0x6d, 0x65, 0x2e, 0x20, 0x54, 0x68, 0x65,
  0x20, 0x73, 0x70, 0x69, 0x6b, 0x65, 0x20, 0x4a, 0x53, 0x20, 0x63, 0x61, 0x6e, 0x6e, 0x6f, 0x74,
  0x20, 0x73, 0x68, 0x65, 0x6c, 0x6c, 0x20, 0x6f, 0x75, 0x74, 0x20, 0x28, 0x73, 0x69, 0x6e, 0x67,
  0x6c, 0x65, 0x2d, 0x74, 0x68, 0x72, 0x65, 0x61, 0x64, 0x65, 0x64, 0x20, 0x72, 0x75, 0x6e, 0x74,
  0x69, 0x6d, 0x65, 0x2c, 0x20, 0x6e, 0x6f, 0x0a, 0x20, 0x2a, 0x20, 0x73, 0x75, 0x62, 0x70, 0x72,
  0x6f, 0x63, 0x65, 0x73, 0x73, 0x65, 0x73, 0x29, 0x2c, 0x20, 0x73, 0x6f, 0x20, 0x74, 0x68, 0x65,
  0x20, 0x70, 0x61, 0x63, 0x6b, 0x61, 0x67, 0x65, 0x20, 0x74, 0x61, 0x72, 0x62, 0x61, 0x6c, 0x6c,
  0x20, 0x69, 0x73, 0x20, 0x77, 0x72, 0x69, 0x74, 0x74, 0x65, 0x6e, 0x20, 0x69, 0x6e, 0x20, 0x4a,
  0x53, 0x3a, 0x20, 0x61, 0x20, 0x64, 0x65, 0x74, 0x65, 0x72, 0x6d, 0x69, 0x6e, 0x69, 0x73, 0x74,
  0x69, 0x63, 0x0a, 0x20, 0x2a, 0x20, 0x75, 0x73, 0x74, 0x61, 0x72, 0x20, 0x61, 0x72, 0x63, 0x68,
  0x69, 0x76, 0x65, 0x20, 0x28, 0x74, 0x61, 0x72, 0x2d, 0x6d, 0x69, 0x6e, 0x69, 0x2e, 0x6a, 0x73,
  0x2c, 0x20, 0x6d, 0x74, 0x69, 0x6d, 0x65, 0x20, 0x30, 0x20, 0x65, 0x76, 0x65, 0x72, 0x79, 0x77,
  0x68, 0x65, 0x72, 0x65, 0x29, 0x20, 0x77, 0x69, 0x74, 0x68, 0x20, 0x74, 0x77, 0x6f, 0x20, 0x6d,
  0x65, 0x6d, 0x62, 0x65, 0x72, 0x73, 0x20, 0xe2, 0x80, 0x94, 0x0a, 0x20, 0x2a, 0x20, 0x6d, 0x61,
  0x6e, 0x69, 0x66, 0x65, 0x73, 0x74, 0x2e, 0x6a, 0x73, 0x6f, 0x6e, 0x20, 0x2b, 0x20, 0x62, 0x75,
  0x6e, 0x64, 0x6c, 0x65, 0x2f, 0x69, 0x6e, 0x64, 0x65, 0x78, 0x2e, 0x6a, 0x73, 0x20, 0xe2, 0x80,
  0x94, 0x20, 0x63, 0x61, 0x72, 0x72, 0x79, 0x69, 0x6e, 0x67, 0x20, 0x74, 0x68, 0x65, 0x20, 0x70,
  0x6c, 0x75, 0x67, 0x69, 0x6e, 0x20, 0x73, 0x6f, 0x75, 0x72, 0x63, 0x65, 0x20, 0x66, 0x72, 0x6f,
  0x6d, 0x0a, 0x20, 0x2a, 0x20, 0x66, 0x69, 0x78, 0x74, 0x75, 0x72, 0x65, 0x73, 0x2f, 0x64, 0x73,
  0x68, 0x2d, 0x6e, 0x6f, 0x74, 0x65, 0x73, 0x2d, 0x73, 0x6f, 0x75, 0x72, 0x63, 0x65, 0x2e, 0x6a,
  0x73, 0x2e, 0x20, 0x60, 0x62, 0x75, 0x69, 0x6c, 0x64, 0x4e, 0x6f, 0x74, 0x65, 0x73, 0x54, 0x67,
  0x7a, 0x28, 0x7b, 0x20, 0x74, 0x61, 0x6d, 0x70, 0x65, 0x72, 0x65, 0x64, 0x20, 0x7d, 0x29, 0x60,
  0x20, 0x66, 0x6c, 0x69, 0x70, 0x73, 0x20, 0x6f, 0x6e, 0x65, 0x20, 0x62, 0x79, 0x74, 0x65, 0x0a,
  0x20, 0x2a, 0x20, 0x6f, 0x66, 0x20, 0x74, 0x68, 0x65, 0x20, 0x65, 0x6e, 0x74, 0x72, 0x79, 0x20,
  0x73, 0x6f, 0x75, 0x72, 0x63, 0x65, 0x20, 0x73, 0x6f, 0x20, 0x74, 0x68, 0x65, 0x20, 0x69, 0x6e,
  0x74, 0x65, 0x67, 0x72, 0x69, 0x74, 0x79, 0x2d, 0x72, 0x65, 0x6a, 0x65, 0x63, 0x74, 0x69, 0x6f,
  0x6e, 0x20, 0x63, 0x61, 0x73, 0x65, 0x20, 0x65, 0x78, 0x65, 0x72, 0x63, 0x69, 0x73, 0x65, 0x73,
  0x20, 0x61, 0x20, 0x52, 0x45, 0x41, 0x4c, 0x0a, 0x20, 0x2a, 0x20, 0x74, 0x61, 0x6d, 0x70, 0x65,
  0x72, 0x65, 0x64, 0x20, 0x70, 0x61, 0x63, 0x6b, 0x61, 0x67, 0x65, 0x20, 0x28, 0x64, 0x69, 0x66,
  0x66, 0x65, 0x72, 0x65, 0x6e, 0x74, 0x20, 0x64, 0x69, 0x67, 0x65, 0x73, 0x74, 0x29, 0x2c, 0x20,
  0x6e, 0x6f, 0x74, 0x20, 0x61, 0x20, 0x66, 0x61, 0x6b, 0x65, 0x64, 0x20, 0x63, 0x68, 0x65, 0x63,
  0x6b, 0x73, 0x75, 0x6d, 0x2e, 0x0a, 0x20, 0x2a, 0x2f, 0x0a, 0x69, 0x6d, 0x70, 0x6f, 0x72, 0x74,
  0x20, 0x7b, 0x20, 0x63, 0x72, 0x65, 0x61, 0x74, 0x65, 0x4c, 0x6f, 0x67, 0x67, 0x65, 0x72, 0x20,
  0x7d, 0x20, 0x66, 0x72, 0x6f, 0x6d, 0x20, 0x27, 0x6c, 0x6f, 0x67, 0x67, 0x65, 0x72, 0x2e, 0x6a,
  0x73, 0x27, 0x3b, 0x0a, 0x69, 0x6d, 0x70, 0x6f, 0x72, 0x74, 0x20, 0x7b, 0x20, 0x74, 0x61, 0x72,
  0x57, 0x72, 0x69, 0x74, 0x65, 0x20, 0x7d, 0x20, 0x66, 0x72, 0x6f, 0x6d, 0x20, 0x27, 0x74, 0x61,
  0x72, 0x2d, 0x6d, 0x69, 0x6e, 0x69, 0x2e, 0x6a, 0x73, 0x27, 0x3b, 0x0a, 0x69, 0x6d, 0x70, 0x6f,
  0x72, 0x74, 0x20, 0x7b, 0x20, 0x4e, 0x4f, 0x54, 0x45, 0x53, 0x5f, 0x50, 0x4c, 0x55, 0x47, 0x49,
  0x4e, 0x5f, 0x53, 0x4f, 0x55, 0x52, 0x43, 0x45, 0x20, 0x7d, 0x20, 0x66, 0x72, 0x6f, 0x6d, 0x20,
  0x27, 0x66, 0x69, 0x78, 0x74, 0x75, 0x72, 0x65, 0x73, 0x2f, 0x64, 0x73, 0x68, 0x2d, 0x6e, 0x6f,
  0x74, 0x65, 0x73, 0x2d, 0x73, 0x6f, 0x75, 0x72, 0x63, 0x65, 0x2e, 0x6a, 0x73, 0x27, 0x3b, 0x0a,
  0x0a, 0x63, 0x6f, 0x6e, 0x73, 0x74, 0x20, 0x6c, 0x6f, 0x67, 0x20, 0x3d, 0x20, 0x63, 0x72, 0x65,
  0x61, 0x74, 0x65, 0x4c, 0x6f, 0x67, 0x67, 0x65, 0x72, 0x28, 0x27, 0x64, 0x73, 0x68, 0x2e, 0x6e,
  0x6f, 0x74, 0x65, 0x73, 0x2d, 0x66, 0x69, 0x78, 0x74, 0x75, 0x72, 0x65, 0x27, 0x29, 0x3b, 0x0a,
  0x0a, 0x2f, 0x2a, 0x2a, 0x20, 0x54, 0x68, 0x65, 0x20, 0x70, 0x61, 0x63, 0x6b, 0x61, 0x67, 0x65,
  0x20, 0x6d, 0x61, 0x6e, 0x69, 0x66, 0x65, 0x73, 0x74, 0x2c, 0x20, 0x76, 0x65, 0x72, 0x62, 0x61,
  0x74, 0x69, 0x6d, 0x20, 0x28, 0x61, 0x6c, 0x73, 0x6f, 0x20, 0x76, 0x61, 0x6c, 0x69, 0x64, 0x61,
  0x74, 0x65, 0x64, 0x20, 0x62, 0x79, 0x20, 0x74, 0x68, 0x65, 0x20, 0x70, 0x69, 0x70, 0x65, 0x6c,
  0x69, 0x6e, 0x65, 0x29, 0x2e, 0x20, 0x2a, 0x2f, 0x0a, 0x65, 0x78, 0x70, 0x6f, 0x72, 0x74, 0x20,
  0x63, 0x6f, 0x6e, 0x73, 0x74, 0x20, 0x4e, 0x4f, 0x54, 0x45, 0x53, 0x5f, 0x4d, 0x41, 0x4e, 0x49,
  0x46, 0x45, 0x53, 0x54, 0x20, 0x3d, 0x20, 0x7b, 0x0a, 0x20, 0x20, 0x73, 0x63, 0x68, 0x65, 0x6d,
  0x61, 0x56, 0x65, 0x72, 0x73, 0x69, 0x6f, 0x6e, 0x3a, 0x20, 0x31, 0x2c, 0x0a, 0x20, 0x20, 0x69,
  0x64, 0x3a, 0x20, 0x27, 0x64, 0x73, 0x68, 0x2d, 0x6e, 0x6f, 0x74, 0x65, 0x73, 0x27, 0x2c, 0x0a,
  0x20, 0x20, 0x76, 0x65, 0x72, 0x73, 0x69, 0x6f, 0x6e, 0x3a, 0x20, 0x27, 0x30, 0x2e, 0x31, 0x2e,
  0x30, 0x27, 0x2c, 0x0a, 0x20, 0x20, 0x74, 0x79, 0x70, 0x65, 0x3a, 0x20, 0x27, 0x73, 0x65, 0x72,
  0x76, 0x69, 0x63, 0x65, 0x27, 0x2c, 0x0a, 0x20, 0x20, 0x65, 0x6e, 0x74, 0x72, 0x79, 0x3a, 0x20,
  0x27, 0x69, 0x6e, 0x64, 0x65, 0x78, 0x2e, 0x6a, 0x73, 0x27, 0x2c, 0x0a, 0x20, 0x20, 0x63, 0x61,
  0x70, 0x61, 0x62, 0x69, 0x6c, 0x69, 0x74, 0x69, 0x65, 0x73, 0x3a, 0x20, 0x7b, 0x20, 0x72, 0x65,
  0x71, 0x75, 0x69, 0x72, 0x65, 0x64, 0x3a, 0x20, 0x5b, 0x27, 0x66, 0x73, 0x52, 0x65, 0x61, 0x64,
  0x27, 0x2c, 0x20, 0x27, 0x66, 0x73, 0x57, 0x72, 0x69, 0x74, 0x65, 0x27, 0x5d, 0x2c, 0x20, 0x6f,
  0x70, 0x74, 0x69, 0x6f, 0x6e, 0x61, 0x6c, 0x3a, 0x20, 0x5b, 0x5d, 0x20, 0x7d, 0x2c, 0x0a, 0x20,
  0x20, 0x68, 0x6f, 0x6f, 0x6b, 0x73, 0x3a, 0x20, 0x7b, 0x20, 0x61, 0x63, 0x74, 0x69, 0x76, 0x61,
  0x74, 0x65, 0x3a, 0x20, 0x27, 0x61, 0x63, 0x74, 0x69, 0x76, 0x61, 0x74, 0x65, 0x27, 0x20, 0x7d,
  0x2c, 0x0a, 0x7d, 0x3b, 0x0a, 0x0a, 0x63, 0x6f, 0x6e, 0x73, 0x74, 0x20, 0x74, 0x6f, 0x42, 0x79,
  0x74, 0x65, 0x73, 0x20, 0x3d, 0x20, 0x28, 0x74, 0x65, 0x78, 0x74, 0x29, 0x20, 0x3d, 0x3e, 0x20,
  0x55, 0x69, 0x6e, 0x74, 0x38, 0x41, 0x72, 0x72, 0x61, 0x79, 0x2e, 0x66, 0x72, 0x6f, 0x6d, 0x28,
  0x5b, 0x2e, 0x2e, 0x2e, 0x74, 0x65, 0x78, 0x74, 0x5d, 0x2e, 0x6d, 0x61, 0x70, 0x28, 0x28, 0x63,
  0x29, 0x20, 0x3d, 0x3e, 0x20, 0x63, 0x2e, 0x63, 0x68, 0x61, 0x72, 0x43, 0x6f, 0x64, 0x65, 0x41,
  0x74, 0x28, 0x30, 0x29, 0x29, 0x29, 0x3b, 0x0a, 0x0a, 0x2f, 0x2a, 0x2a, 0x20, 0x54, 0x68, 0x65,
  0x20, 0x6d, 0x61, 0x6e, 0x69, 0x66, 0x65, 0x73, 0x74, 0x20, 0x6d, 0x65, 0x6d, 0x62, 0x65, 0x72,
  0x20, 0x62, 0x79, 0x74, 0x65, 0x73, 0x2c, 0x20, 0x76, 0x65, 0x72, 0x62, 0x61, 0x74, 0x69, 0x6d,
  0x20, 0xe2, 0x80, 0x94, 0x20, 0x74, 0x68, 0x65, 0x20, 0x74, 0x72, 0x75, 0x73, 0x74, 0x20, 0x72,
  0x65, 0x63, 0x6f, 0x72, 0x64, 0x20, 0x61, 0x6e, 0x63, 0x68, 0x6f, 0x72, 0x73, 0x0a, 0x20, 0x2a,
  0x20, 0x6d, 0x61, 0x6e, 0x69, 0x66, 0x65, 0x73, 0x74, 0x53, 0x68, 0x61, 0x32, 0x35, 0x36, 0x20,
  0x6f, 0x6e, 0x20, 0x65, 0x78, 0x61, 0x63, 0x74, 0x6c, 0x79, 0x20, 0x74, 0x68, 0x65, 0x73, 0x65,
  0x20, 0x62, 0x79, 0x74, 0x65, 0x73, 0x2e, 0x20, 0x2a, 0x2f, 0x0a, 0x65, 0x78, 0x70, 0x6f, 0x72,
  0x74, 0x20, 0x63, 0x6f, 0x6e, 0x73, 0x74, 0x20, 0x4e, 0x4f, 0x54, 0x45, 0x53, 0x5f, 0x4d, 0x41,
  0x4e, 0x49, 0x46, 0x45, 0x53, 0x54, 0x5f, 0x42, 0x59, 0x54, 0x45, 0x53, 0x20, 0x3d, 0x20, 0x74,
  0x6f, 0x42, 0x79, 0x74, 0x65, 0x73, 0x28, 0x60, 0x24, 0x7b, 0x4a, 0x53, 0x4f, 0x4e, 0x2e, 0x73,
  0x74, 0x72, 0x69, 0x6e, 0x67, 0x69, 0x66, 0x79, 0x28, 0x4e, 0x4f, 0x54, 0x45, 0x53, 0x5f, 0x4d,
  0x41, 0x4e, 0x49, 0x46, 0x45, 0x53, 0x54, 0x2c, 0x20, 0x6e, 0x75, 0x6c, 0x6c, 0x2c, 0x20, 0x32,
  0x29, 0x7d, 0x5c, 0x6e, 0x60, 0x29, 0x3b, 0x0a, 0x0a, 0x2f, 0x2a, 0x2a, 0x20, 0x50, 0x61, 0x63,
  0x6b, 0x61, 0x67, 0x65, 0x20, 0x62, 0x79, 0x74, 0x65, 0x73, 0x3a, 0x20, 0x7b, 0x74, 0x61, 0x6d,
  0x70, 0x65, 0x72, 0x65, 0x64, 0x3a, 0x66, 0x61, 0x6c, 0x73, 0x65, 0x7d, 0x20, 0xe2, 0x86, 0x92,
  0x20, 0x74, 0x68, 0x65, 0x20, 0x68, 0x6f, 0x6e, 0x65, 0x73, 0x74, 0x20, 0x70, 0x6c, 0x75, 0x67,
  0x69, 0x6e, 0x3b, 0x20, 0x7b, 0x74, 0x61, 0x6d, 0x70, 0x65, 0x72, 0x65, 0x64, 0x3a, 0x74, 0x72,
  0x75, 0x65, 0x7d, 0x20, 0xe2, 0x86, 0x92, 0x0a, 0x20, 0x2a, 0x20, 0x73, 0x61, 0x6d, 0x65, 0x20,
  0x6d, 0x61, 0x6e, 0x69, 0x66, 0x65, 0x73, 0x74, 0x2c, 0x20, 0x65, 0x6e, 0x74, 0x72, 0x79, 0x20,
  0x73, 0x6f, 0x75, 0x72, 0x63, 0x65, 0x20, 0x77, 0x69, 0x74, 0x68, 0x20, 0x61, 0x70, 0x70, 0x65,
  0x6e, 0x64, 0x65, 0x64, 0x20, 0x28, 0x61, 0x74, 0x74, 0x61, 0x63, 0x6b, 0x65, 0x72, 0x29, 0x20,
  0x63, 0x6f, 0x64, 0x65, 0x2e, 0x20, 0x2a, 0x2f, 0x0a, 0x65, 0x78, 0x70, 0x6f, 0x72, 0x74, 0x20,
  0x63, 0x6f, 0x6e, 0x73, 0x74, 0x20, 0x62, 0x75, 0x69, 0x6c, 0x64, 0x4e, 0x6f, 0x74, 0x65, 0x73,
  0x54, 0x67, 0x7a, 0x20, 0x3d, 0x20, 0x28, 0x7b, 0x20, 0x74, 0x61, 0x6d, 0x70, 0x65, 0x72, 0x65,
  0x64, 0x20, 0x3d, 0x20, 0x66, 0x61, 0x6c, 0x73, 0x65, 0x20, 0x7d, 0x20, 0x3d, 0x20, 0x7b, 0x7d,
  0x29, 0x20, 0x3d, 0x3e, 0x20, 0x7b, 0x0a, 0x20, 0x20, 0x63, 0x6f, 0x6e, 0x73, 0x74, 0x20, 0x73,
  0x6f, 0x75, 0x72, 0x63, 0x65, 0x20, 0x3d, 0x20, 0x74, 0x61, 0x6d, 0x70, 0x65, 0x72, 0x65, 0x64,
  0x0a, 0x20, 0x20, 0x20, 0x20, 0x3f, 0x20, 0x60, 0x24, 0x7b, 0x4e, 0x4f, 0x54, 0x45, 0x53, 0x5f,
  0x50, 0x4c, 0x55, 0x47, 0x49, 0x4e, 0x5f, 0x53, 0x4f, 0x55, 0x52, 0x43, 0x45, 0x7d, 0x5c, 0x6e,
  0x2f, 0x2f, 0x20, 0x74, 0x61, 0x6d, 0x70, 0x65, 0x72, 0x65, 0x64, 0x3a, 0x20, 0x65, 0x78, 0x74,
  0x72, 0x61, 0x20, 0x63, 0x6f, 0x64, 0x65, 0x20, 0x61, 0x6e, 0x20, 0x61, 0x74, 0x74, 0x61, 0x63,
  0x6b, 0x65, 0x72, 0x20, 0x73, 0x68, 0x69, 0x70, 0x70, 0x65, 0x64, 0x5c, 0x6e, 0x60, 0x0a, 0x20,
  0x20, 0x20, 0x20, 0x3a, 0x20, 0x4e, 0x4f, 0x54, 0x45, 0x53, 0x5f, 0x50, 0x4c, 0x55, 0x47, 0x49,
  0x4e, 0x5f, 0x53, 0x4f, 0x55, 0x52, 0x43, 0x45, 0x3b, 0x0a, 0x20, 0x20, 0x63, 0x6f, 0x6e, 0x73,
  0x74, 0x20, 0x6d, 0x65, 0x6d, 0x62, 0x65, 0x72, 0x73, 0x20, 0x3d, 0x20, 0x5b, 0x0a, 0x20, 0x20,
  0x20, 0x20, 0x7b, 0x20, 0x70, 0x61, 0x74, 0x68, 0x3a, 0x20, 0x27, 0x6d, 0x61, 0x6e, 0x69, 0x66,
  0x65, 0x73, 0x74, 0x2e, 0x6a, 0x73, 0x6f, 0x6e, 0x27, 0x2c, 0x20, 0x62, 0x79, 0x74, 0x65, 0x73,
  0x3a, 0x20, 0x4e, 0x4f, 0x54, 0x45, 0x53, 0x5f, 0x4d, 0x41, 0x4e, 0x49, 0x46, 0x45, 0x53, 0x54,
  0x5f, 0x42, 0x59, 0x54, 0x45, 0x53, 0x20, 0x7d, 0x2c, 0x0a, 0x20, 0x20, 0x20, 0x20, 0x7b, 0x20,
  0x70, 0x61, 0x74, 0x68, 0x3a, 0x20, 0x27, 0x62, 0x75, 0x6e, 0x64, 0x6c, 0x65, 0x2f, 0x69, 0x6e,
  0x64, 0x65, 0x78, 0x2e, 0x6a, 0x73, 0x27, 0x2c, 0x20, 0x62, 0x79, 0x74, 0x65, 0x73, 0x3a, 0x20,
  0x74, 0x6f, 0x42, 0x79, 0x74, 0x65, 0x73, 0x28, 0x73, 0x6f, 0x75, 0x72, 0x63, 0x65, 0x29, 0x20,
  0x7d, 0x2c, 0x0a, 0x20, 0x20, 0x5d, 0x3b, 0x0a, 0x20, 0x20, 0x63, 0x6f, 0x6e, 0x73, 0x74, 0x20,
  0x62, 0x79, 0x74, 0x65, 0x73, 0x20, 0x3d, 0x20, 0x74, 0x61, 0x72, 0x57, 0x72, 0x69, 0x74, 0x65,
  0x28, 0x6d, 0x65, 0x6d, 0x62, 0x65, 0x72, 0x73, 0x29, 0x3b, 0x0a, 0x20, 0x20, 0x6c, 0x6f, 0x67,
  0x2e, 0x64, 0x65, 0x62, 0x75, 0x67, 0x28, 0x27, 0x66, 0x69, 0x78, 0x74, 0x75, 0x72, 0x65, 0x20,
  0x70, 0x61, 0x63, 0x6b, 0x61, 0x67, 0x65, 0x20, 0x62, 0x75, 0x69, 0x6c, 0x74, 0x27, 0x2c, 0x20,
  0x7b, 0x20, 0x74, 0x61, 0x6d, 0x70, 0x65, 0x72, 0x65, 0x64, 0x2c, 0x20, 0x62, 0x79, 0x74, 0x65,
  0x73, 0x3a, 0x20, 0x62, 0x79, 0x74, 0x65, 0x73, 0x2e, 0x6c, 0x65, 0x6e, 0x67, 0x74, 0x68, 0x20,
  0x7d, 0x29, 0x3b, 0x0a, 0x20, 0x20, 0x72, 0x65, 0x74, 0x75, 0x72, 0x6e, 0x20, 0x62, 0x79, 0x74,
  0x65, 0x73, 0x3b, 0x0a, 0x7d, 0x3b, 0x0a,
  0x00
};

/* runtime/spike/fixtures/dsh-notes-source.js (1673 bytes) */
static const unsigned char DSH_FIXTURE_NOTES_SOURCE_JS[] = {
  0x2f, 0x2f, 0x20, 0x64, 0x73, 0x68, 0x3a, 0x6c, 0x6f, 0x67, 0x67, 0x69, 0x6e, 0x67, 0x2d, 0x65,
  0x78, 0x65, 0x6d, 0x70, 0x74, 0x20, 0x28, 0x74, 0x68, 0x69, 0x73, 0x20, 0x66, 0x69, 0x6c, 0x65,
  0x20, 0x69, 0x73, 0x20, 0x44, 0x41, 0x54, 0x41, 0x2c, 0x20, 0x6e, 0x6f, 0x74, 0x20, 0x65, 0x78,
  0x65, 0x63, 0x75, 0x74, 0x69, 0x6e, 0x67, 0x20, 0x63, 0x6f, 0x64, 0x65, 0x20, 0xe2, 0x80, 0x94,
  0x20, 0x69, 0x74, 0x20, 0x63, 0x61, 0x72, 0x72, 0x69, 0x65, 0x73, 0x20, 0x74, 0x68, 0x65, 0x0a,
  0x2f, 0x2f, 0x20, 0x64, 0x73, 0x68, 0x2d, 0x6e, 0x6f, 0x74, 0x65, 0x73, 0x20, 0x70, 0x6c, 0x75,
  0x67, 0x69, 0x6e, 0x20, 0x73, 0x6f, 0x75, 0x72, 0x63, 0x65, 0x20, 0x61, 0x73, 0x20, 0x61, 0x20,
  0x74, 0x65, 0x6d, 0x70, 0x6c, 0x61, 0x74, 0x65, 0x20, 0x6c, 0x69, 0x74, 0x65, 0x72, 0x61, 0x6c,
  0x20, 0x73, 0x6f, 0x20, 0x74, 0x68, 0x65, 0x20, 0x69, 0x6e, 0x73, 0x74, 0x61, 0x6c, 0x6c, 0x20,
  0x70, 0x69, 0x70, 0x65, 0x6c, 0x69, 0x6e, 0x65, 0x20, 0x63, 0x61, 0x6e, 0x0a, 0x2f, 0x2f, 0x20,
  0x70, 0x61, 0x63, 0x6b, 0x61, 0x67, 0x65, 0x20, 0x69, 0x74, 0x20, 0x69, 0x6e, 0x74, 0x6f, 0x20,
  0x61, 0x20, 0x66, 0x69, 0x78, 0x74, 0x75, 0x72, 0x65, 0x20, 0x74, 0x61, 0x72, 0x62, 0x61, 0x6c,
  0x6c, 0x20, 0x61, 0x74, 0x20, 0x73, 0x63, 0x65, 0x6e, 0x61, 0x72, 0x69, 0x6f, 0x20, 0x74, 0x69,
  0x6d, 0x65, 0x3b, 0x20, 0x74, 0x68, 0x65, 0x20, 0x73, 0x70, 0x69, 0x6b, 0x65, 0x20, 0x4a, 0x53,
  0x20, 0x63, 0x61, 0x6e, 0x6e, 0x6f, 0x74, 0x0a, 0x2f, 0x2f, 0x20, 0x73, 0x68, 0x65, 0x6c, 0x6c,
  0x20, 0x6f, 0x75, 0x74, 0x20, 0x74, 0x6f, 0x20, 0x74, 0x61, 0x72, 0x2f, 0x6e, 0x70, 0x6d, 0x2c,
  0x20, 0x73, 0x6f, 0x20, 0x74, 0x68, 0x65, 0x20, 0x70, 0x61, 0x63, 0x6b, 0x61, 0x67, 0x65, 0x20,
  0x69, 0x73, 0x20, 0x62, 0x75, 0x69, 0x6c, 0x74, 0x20, 0x69, 0x6e, 0x20, 0x4a, 0x53, 0x20, 0x66,
  0x72, 0x6f, 0x6d, 0x20, 0x74, 0x68, 0x65, 0x73, 0x65, 0x20, 0x62, 0x79, 0x74, 0x65, 0x73, 0x29,
  0x0a, 0x2f, 0x2a, 0x2a, 0x0a, 0x20, 0x2a, 0x20, 0x54, 0x68, 0x65, 0x20, 0x64, 0x73, 0x68, 0x2d,
  0x6e, 0x6f, 0x74, 0x65, 0x73, 0x20, 0x66, 0x69, 0x78, 0x74, 0x75, 0x72, 0x65, 0x20, 0x70, 0x6c,
  0x75, 0x67, 0x69, 0x6e, 0x20, 0x53, 0x4f, 0x55, 0x52, 0x43, 0x45, 0x20, 0x28, 0x74, 0x68, 0x65,
  0x20, 0x62, 0x79, 0x74, 0x65, 0x73, 0x20, 0x74, 0x68, 0x61, 0x74, 0x20, 0x67, 0x6f, 0x20, 0x69,
  0x6e, 0x73, 0x69, 0x64, 0x65, 0x20, 0x74, 0x68, 0x65, 0x20, 0x70, 0x61, 0x63, 0x6b, 0x61, 0x67,
  0x65, 0x0a, 0x20, 0x2a, 0x20, 0x74, 0x61, 0x72, 0x62, 0x61, 0x6c, 0x6c, 0x29, 0x2e, 0x20, 0x49,
  0x74, 0x20, 0x69, 0x73, 0x20, 0x61, 0x20, 0x72, 0x65, 0x61, 0x6c, 0x20, 0x73, 0x79, 0x73, 0x74,
  0x65, 0x6d, 0x2d, 0x70, 0x6c, 0x75, 0x67, 0x69, 0x6e, 0x2d, 0x73, 0x68, 0x61, 0x70, 0x65, 0x64,
  0x20, 0x45, 0x53, 0x4d, 0x20, 0x6d, 0x6f, 0x64, 0x75, 0x6c, 0x65, 0x3a, 0x20, 0x73, 0x74, 0x61,
  0x74, 0x69, 0x63, 0x20, 0x6d, 0x61, 0x6e, 0x69, 0x66, 0x65, 0x73, 0x74, 0x20, 0x2b, 0x0a, 0x20,
  0x2a, 0x20, 0x61, 0x6e, 0x20, 0x61, 0x63, 0x74, 0x69, 0x76, 0x61, 0x74, 0x65, 0x20, 0x66, 0x61,
  0x63, 0x74, 0x6f, 0x72, 0x79, 0x20, 0x74, 0x68, 0x61, 0x74, 0x20, 0x72, 0x65, 0x67, 0x69, 0x73,
  0x74, 0x65, 0x72, 0x73, 0x20, 0x61, 0x20, 0x74, 0x72, 0x69, 0x76, 0x69, 0x61, 0x6c, 0x20, 0x60,
  0x6e, 0x6f, 0x74, 0x65, 0x73, 0x60, 0x20, 0x73, 0x65, 0x72, 0x76, 0x69, 0x63, 0x65, 0x20, 0x6f,
  0x76, 0x65, 0x72, 0x20, 0x74, 0x68, 0x65, 0x20, 0x66, 0x73, 0x0a, 0x20, 0x2a, 0x20, 0x73, 0x65,
  0x72, 0x76, 0x69, 0x63, 0x65, 0x20, 0x69, 0x74, 0x20, 0x72, 0x65, 0x73, 0x6f, 0x6c, 0x76, 0x65,
  0x73, 0x20, 0x66, 0x72, 0x6f, 0x6d, 0x20, 0x74, 0x68, 0x65, 0x20, 0x72, 0x65, 0x67, 0x69, 0x73,
  0x74, 0x72, 0x79, 0x20, 0x63, 0x6f, 0x6e, 0x74, 0x65, 0x78, 0x74, 0x2e, 0x20, 0x49, 0x6d, 0x70,
  0x6f, 0x72, 0x74, 0x20, 0x73, 0x70, 0x65, 0x63, 0x69, 0x66, 0x69, 0x65, 0x72, 0x73, 0x20, 0x73,
  0x74, 0x61, 0x79, 0x0a, 0x20, 0x2a, 0x20, 0x62, 0x75, 0x6e, 0x64, 0x6c, 0x65, 0x2d, 0x72, 0x6f,
  0x6f, 0x74, 0x2d, 0x72, 0x65, 0x6c, 0x61, 0x74, 0x69, 0x76, 0x65, 0x20, 0x28, 0x60, 0x6c, 0x6f,
  0x67, 0x67, 0x65, 0x72, 0x2e, 0x6a, 0x73, 0x60, 0x29, 0x20, 0xe2, 0x80, 0x94, 0x20, 0x74, 0x68,
  0x65, 0x20, 0x6f, 0x6e, 0x65, 0x2d, 0x63, 0x61, 0x6e, 0x6f, 0x6e, 0x69, 0x63, 0x61, 0x6c, 0x2d,
  0x73, 0x70, 0x65, 0x63, 0x69, 0x66, 0x69, 0x65, 0x72, 0x20, 0x72, 0x75, 0x6c, 0x65, 0x20, 0x66,
  0x72, 0x6f, 0x6d, 0x0a, 0x20, 0x2a, 0x20, 0x72, 0x75, 0x6e, 0x74, 0x69, 0x6d, 0x65, 0x2f, 0x73,
  0x70, 0x69, 0x6b, 0x65, 0x2f, 0x52, 0x45, 0x41, 0x44, 0x4d, 0x45, 0x2e, 0x6d, 0x64, 0x2e, 0x0a,
  0x20, 0x2a, 0x2f, 0x0a, 0x65, 0x78, 0x70, 0x6f, 0x72, 0x74, 0x20, 0x63, 0x6f, 0x6e, 0x73, 0x74,
  0x20, 0x4e, 0x4f, 0x54, 0x45, 0x53, 0x5f, 0x50, 0x4c, 0x55, 0x47, 0x49, 0x4e, 0x5f, 0x53, 0x4f,
  0x55, 0x52, 0x43, 0x45, 0x20, 0x3d, 0x20, 0x60, 0x69, 0x6d, 0x70, 0x6f, 0x72, 0x74, 0x20, 0x7b,
  0x20, 0x63, 0x72, 0x65, 0x61, 0x74, 0x65, 0x4c, 0x6f, 0x67, 0x67, 0x65, 0x72, 0x20, 0x7d, 0x20,
  0x66, 0x72, 0x6f, 0x6d, 0x20, 0x27, 0x6c, 0x6f, 0x67, 0x67, 0x65, 0x72, 0x2e, 0x6a, 0x73, 0x27,
  0x3b, 0x0a, 0x0a, 0x63, 0x6f, 0x6e, 0x73, 0x74, 0x20, 0x6c, 0x6f, 0x67, 0x20, 0x3d, 0x20, 0x63,
  0x72, 0x65, 0x61, 0x74, 0x65, 0x4c, 0x6f, 0x67, 0x67, 0x65, 0x72, 0x28, 0x27, 0x64, 0x73, 0x68,
  0x2e, 0x6e, 0x6f, 0x74, 0x65, 0x73, 0x27, 0x29, 0x3b, 0x0a, 0x0a, 0x65, 0x78, 0x70, 0x6f, 0x72,
  0x74, 0x20, 0x63, 0x6f, 0x6e, 0x73, 0x74, 0x20, 0x6d, 0x61, 0x6e, 0x69, 0x66, 0x65, 0x73, 0x74,
  0x20, 0x3d, 0x20, 0x7b, 0x0a, 0x20, 0x20, 0x73, 0x63, 0x68, 0x65, 0x6d, 0x61, 0x56, 0x65, 0x72,
  0x73, 0x69, 0x6f, 0x6e, 0x3a, 0x20, 0x31, 0x2c, 0x0a, 0x20, 0x20, 0x69, 0x64, 0x3a, 0x20, 0x27,
  0x64, 0x73, 0x68, 0x2d, 0x6e, 0x6f, 0x74, 0x65, 0x73, 0x27, 0x2c, 0x0a, 0x20, 0x20, 0x76, 0x65,
  0x72, 0x73, 0x69, 0x6f, 0x6e, 0x3a, 0x20, 0x27, 0x30, 0x2e, 0x31, 0x2e, 0x30, 0x27, 0x2c, 0x0a,
  0x20, 0x20, 0x74, 0x79, 0x70, 0x65, 0x3a, 0x20, 0x27, 0x73, 0x65, 0x72, 0x76, 0x69, 0x63, 0x65,
  0x27, 0x2c, 0x0a, 0x20, 0x20, 0x65, 0x6e, 0x74, 0x72, 0x79, 0x3a, 0x20, 0x27, 0x69, 0x6e, 0x64,
  0x65, 0x78, 0x2e, 0x6a, 0x73, 0x27, 0x2c, 0x0a, 0x20, 0x20, 0x63, 0x61, 0x70, 0x61, 0x62, 0x69,
  0x6c, 0x69, 0x74, 0x69, 0x65, 0x73, 0x3a, 0x20, 0x7b, 0x20, 0x72, 0x65, 0x71, 0x75, 0x69, 0x72,
  0x65, 0x64, 0x3a, 0x20, 0x5b, 0x27, 0x66, 0x73, 0x52, 0x65, 0x61, 0x64, 0x27, 0x2c, 0x20, 0x27,
  0x66, 0x73, 0x57, 0x72, 0x69, 0x74, 0x65, 0x27, 0x5d, 0x2c, 0x20, 0x6f, 0x70, 0x74, 0x69, 0x6f,
  0x6e, 0x61, 0x6c, 0x3a, 0x20, 0x5b, 0x5d, 0x20, 0x7d, 0x2c, 0x0a, 0x20, 0x20, 0x68, 0x6f, 0x6f,
  0x6b, 0x73, 0x3a, 0x20, 0x7b, 0x20, 0x61, 0x63, 0x74, 0x69, 0x76, 0x61, 0x74, 0x65, 0x3a, 0x20,
  0x27, 0x61, 0x63, 0x74, 0x69, 0x76, 0x61, 0x74, 0x65, 0x27, 0x20, 0x7d, 0x2c, 0x0a, 0x7d, 0x3b,
  0x0a, 0x0a, 0x2f, 0x2a, 0x2a, 0x20, 0x64, 0x73, 0x68, 0x2d, 0x6e, 0x6f, 0x74, 0x65, 0x73, 0x20,
  0xe2, 0x80, 0x94, 0x20, 0x69, 0x6e, 0x73, 0x74, 0x61, 0x6c, 0x6c, 0x65, 0x64, 0x2d, 0x70, 0x6c,
  0x75, 0x67, 0x69, 0x6e, 0x20, 0x66, 0x69, 0x78, 0x74, 0x75, 0x72, 0x65, 0x3a, 0x20, 0x61, 0x20,
  0x74, 0x72, 0x69, 0x76, 0x69, 0x61, 0x6c, 0x20, 0x6e, 0x6f, 0x74, 0x65, 0x73, 0x20, 0x73, 0x65,
  0x72, 0x76, 0x69, 0x63, 0x65, 0x20, 0x6f, 0x76, 0x65, 0x72, 0x20, 0x74, 0x68, 0x65, 0x0a, 0x20,
  0x2a, 0x20, 0x66, 0x73, 0x20, 0x73, 0x65, 0x72, 0x76, 0x69, 0x63, 0x65, 0x2c, 0x20, 0x72, 0x65,
  0x73, 0x6f, 0x6c, 0x76, 0x65, 0x64, 0x20, 0x66, 0x72, 0x6f, 0x6d, 0x20, 0x74, 0x68, 0x65, 0x20,
  0x72, 0x65, 0x67, 0x69, 0x73, 0x74, 0x72, 0x79, 0x20, 0x63, 0x6f, 0x6e, 0x74, 0x65, 0x78, 0x74,
  0x20, 0x61, 0x74, 0x20, 0x61, 0x63, 0x74, 0x69, 0x76, 0x61, 0x74, 0x69, 0x6f, 0x6e, 0x20, 0x74,
  0x69, 0x6d, 0x65, 0x2e, 0x20, 0x2a, 0x2f, 0x0a, 0x65, 0x78, 0x70, 0x6f, 0x72, 0x74, 0x20, 0x66,
  0x75, 0x6e, 0x63, 0x74, 0x69, 0x6f, 0x6e, 0x20, 0x61, 0x63, 0x74, 0x69, 0x76, 0x61, 0x74, 0x65,
  0x28, 0x7b, 0x20, 0x72, 0x65, 0x67, 0x69, 0x73, 0x74, 0x65, 0x72, 0x2c, 0x20, 0x73, 0x65, 0x72,
  0x76, 0x69, 0x63, 0x65, 0x20, 0x7d, 0x29, 0x20, 0x7b, 0x0a, 0x20, 0x20, 0x6c, 0x6f, 0x67, 0x2e,
  0x64, 0x65, 0x62, 0x75, 0x67, 0x28, 0x27, 0x61, 0x63, 0x74, 0x69, 0x76, 0x61, 0x74, 0x69, 0x6e,
  0x67, 0x20, 0x64, 0x73, 0x68, 0x2d, 0x6e, 0x6f, 0x74, 0x65, 0x73, 0x27, 0x29, 0x3b, 0x0a, 0x20,
  0x20, 0x63, 0x6f, 0x6e, 0x73, 0x74, 0x20, 0x66, 0x73, 0x20, 0x3d, 0x20, 0x73, 0x65, 0x72, 0x76,
  0x69, 0x63, 0x65, 0x28, 0x27, 0x66, 0x73, 0x27, 0x29, 0x3b, 0x0a, 0x20, 0x20, 0x72, 0x65, 0x67,
  0x69, 0x73, 0x74, 0x65, 0x72, 0x28, 0x27, 0x6e, 0x6f, 0x74, 0x65, 0x73, 0x27, 0x2c, 0x20, 0x7b,
  0x0a, 0x20, 0x20, 0x20, 0x20, 0x61, 0x73, 0x79, 0x6e, 0x63, 0x20, 0x77, 0x72, 0x69, 0x74, 0x65,
  0x28, 0x73, 0x63, 0x6f, 0x70, 0x65, 0x2c, 0x20, 0x72, 0x65, 0x6c, 0x2c, 0x20, 0x74, 0x65, 0x78,
  0x74, 0x29, 0x20, 0x7b, 0x0a, 0x20, 0x20, 0x20, 0x20, 0x20, 0x20, 0x6c, 0x6f, 0x67, 0x2e, 0x64,
  0x65, 0x62, 0x75, 0x67, 0x28, 0x27, 0x6e, 0x6f, 0x74, 0x65, 0x73, 0x2e, 0x77, 0x72, 0x69, 0x74,
  0x65, 0x27, 0x2c, 0x20, 0x7b, 0x20, 0x73, 0x63, 0x6f, 0x70, 0x65, 0x2c, 0x20, 0x72, 0x65, 0x6c,
  0x20, 0x7d, 0x29, 0x3b, 0x0a, 0x20, 0x20, 0x20, 0x20, 0x20, 0x20, 0x72, 0x65, 0x74, 0x75, 0x72,
  0x6e, 0x20, 0x61, 0x77, 0x61, 0x69, 0x74, 0x20, 0x66, 0x73, 0x2e, 0x77, 0x72, 0x69, 0x74, 0x65,
  0x54, 0x65, 0x78, 0x74, 0x28, 0x73, 0x63, 0x6f, 0x70, 0x65, 0x2c, 0x20, 0x27, 0x6d, 0x33, 0x2d,
  0x69, 0x6e, 0x73, 0x74, 0x61, 0x6c, 0x6c, 0x2f, 0x27, 0x20, 0x2b, 0x20, 0x72, 0x65, 0x6c, 0x2c,
  0x20, 0x74, 0x65, 0x78, 0x74, 0x29, 0x3b, 0x0a, 0x20, 0x20, 0x20, 0x20, 0x7d, 0x2c, 0x0a, 0x20,
  0x20, 0x20, 0x20, 0x61, 0x73, 0x79, 0x6e, 0x63, 0x20, 0x72, 0x65, 0x61, 0x64, 0x28, 0x73, 0x63,
  0x6f, 0x70, 0x65, 0x2c, 0x20, 0x72, 0x65, 0x6c, 0x29, 0x20, 0x7b, 0x0a, 0x20, 0x20, 0x20, 0x20,
  0x20, 0x20, 0x6c, 0x6f, 0x67, 0x2e, 0x64, 0x65, 0x62, 0x75, 0x67, 0x28, 0x27, 0x6e, 0x6f, 0x74,
  0x65, 0x73, 0x2e, 0x72, 0x65, 0x61, 0x64, 0x27, 0x2c, 0x20, 0x7b, 0x20, 0x73, 0x63, 0x6f, 0x70,
  0x65, 0x2c, 0x20, 0x72, 0x65, 0x6c, 0x20, 0x7d, 0x29, 0x3b, 0x0a, 0x20, 0x20, 0x20, 0x20, 0x20,
  0x20, 0x72, 0x65, 0x74, 0x75, 0x72, 0x6e, 0x20, 0x61, 0x77, 0x61, 0x69, 0x74, 0x20, 0x66, 0x73,
  0x2e, 0x72, 0x65, 0x61, 0x64, 0x54, 0x65, 0x78, 0x74, 0x28, 0x73, 0x63, 0x6f, 0x70, 0x65, 0x2c,
  0x20, 0x27, 0x6d, 0x33, 0x2d, 0x69, 0x6e, 0x73, 0x74, 0x61, 0x6c, 0x6c, 0x2f, 0x27, 0x20, 0x2b,
  0x20, 0x72, 0x65, 0x6c, 0x29, 0x3b, 0x0a, 0x20, 0x20, 0x20, 0x20, 0x7d, 0x2c, 0x0a, 0x20, 0x20,
  0x7d, 0x29, 0x3b, 0x0a, 0x7d, 0x0a, 0x60, 0x3b, 0x0a,
  0x00
};

/* presentation/web-client/manifest.json (177 bytes) */
static const unsigned char DSH_WEBCLIENT_MANIFEST[] = {
  0x7b, 0x0a, 0x20, 0x20, 0x22, 0x73, 0x63, 0x68, 0x65, 0x6d, 0x61, 0x56, 0x65, 0x72, 0x73, 0x69,
  0x6f, 0x6e, 0x22, 0x3a, 0x20, 0x31, 0x2c, 0x0a, 0x20, 0x20, 0x22, 0x69, 0x64, 0x22, 0x3a, 0x20,
  0x22, 0x64, 0x73, 0x68, 0x2d, 0x77, 0x65, 0x62, 0x2d, 0x63, 0x6c, 0x69, 0x65, 0x6e, 0x74, 0x22,
  0x2c, 0x0a, 0x20, 0x20, 0x22, 0x76, 0x65, 0x72, 0x73, 0x69, 0x6f, 0x6e, 0x22, 0x3a, 0x20, 0x22,
  0x30, 0x2e, 0x31, 0x2e, 0x30, 0x22, 0x2c, 0x0a, 0x20, 0x20, 0x22, 0x74, 0x79, 0x70, 0x65, 0x22,
  0x3a, 0x20, 0x22, 0x77, 0x65, 0x62, 0x2d, 0x63, 0x6c, 0x69, 0x65, 0x6e, 0x74, 0x22, 0x2c, 0x0a,
  0x20, 0x20, 0x22, 0x77, 0x65, 0x62, 0x22, 0x3a, 0x20, 0x22, 0x77, 0x65, 0x62, 0x22, 0x2c, 0x0a,
  0x20, 0x20, 0x22, 0x63, 0x61, 0x70, 0x61, 0x62, 0x69, 0x6c, 0x69, 0x74, 0x69, 0x65, 0x73, 0x22,
  0x3a, 0x20, 0x7b, 0x0a, 0x20, 0x20, 0x20, 0x20, 0x22, 0x72, 0x65, 0x71, 0x75, 0x69, 0x72, 0x65,
  0x64, 0x22, 0x3a, 0x20, 0x5b, 0x5d, 0x2c, 0x0a, 0x20, 0x20, 0x20, 0x20, 0x22, 0x6f, 0x70, 0x74,
  0x69, 0x6f, 0x6e, 0x61, 0x6c, 0x22, 0x3a, 0x20, 0x5b, 0x5d, 0x0a, 0x20, 0x20, 0x7d, 0x0a, 0x7d,
  0x0a,
  0x00
};

/* presentation/web-client/web/index.html (1471 bytes) */
static const unsigned char DSH_WEBCLIENT_INDEX_HTML[] = {
  0x3c, 0x21, 0x64, 0x6f, 0x63, 0x74, 0x79, 0x70, 0x65, 0x20, 0x68, 0x74, 0x6d, 0x6c, 0x3e, 0x0a,
  0x3c, 0x68, 0x74, 0x6d, 0x6c, 0x20, 0x6c, 0x61, 0x6e, 0x67, 0x3d, 0x22, 0x65, 0x6e, 0x22, 0x3e,
  0x0a, 0x3c, 0x68, 0x65, 0x61, 0x64, 0x3e, 0x0a, 0x3c, 0x6d, 0x65, 0x74, 0x61, 0x20, 0x63, 0x68,
  0x61, 0x72, 0x73, 0x65, 0x74, 0x3d, 0x22, 0x75, 0x74, 0x66, 0x2d, 0x38, 0x22, 0x3e, 0x0a, 0x3c,
  0x6d, 0x65, 0x74, 0x61, 0x20, 0x6e, 0x61, 0x6d, 0x65, 0x3d, 0x22, 0x76, 0x69, 0x65, 0x77, 0x70,
  0x6f, 0x72, 0x74, 0x22, 0x20, 0x63, 0x6f, 0x6e, 0x74, 0x65, 0x6e, 0x74, 0x3d, 0x22, 0x77, 0x69,
  0x64, 0x74, 0x68, 0x3d, 0x64, 0x65, 0x76, 0x69, 0x63, 0x65, 0x2d, 0x77, 0x69, 0x64, 0x74, 0x68,
  0x2c, 0x20, 0x69, 0x6e, 0x69, 0x74, 0x69, 0x61, 0x6c, 0x2d, 0x73, 0x63, 0x61, 0x6c, 0x65, 0x3d,
  0x31, 0x22, 0x3e, 0x0a, 0x3c, 0x74, 0x69, 0x74, 0x6c, 0x65, 0x3e, 0x44, 0x53, 0x48, 0x20, 0x57,
  0x65, 0x62, 0x20, 0x43, 0x6c, 0x69, 0x65, 0x6e, 0x74, 0x3c, 0x2f, 0x74, 0x69, 0x74, 0x6c, 0x65,
  0x3e, 0x0a, 0x3c, 0x73, 0x74, 0x79, 0x6c, 0x65, 0x3e, 0x0a, 0x20, 0x20, 0x3a, 0x72, 0x6f, 0x6f,
  0x74, 0x20, 0x7b, 0x20, 0x63, 0x6f, 0x6c, 0x6f, 0x72, 0x2d, 0x73, 0x63, 0x68, 0x65, 0x6d, 0x65,
  0x3a, 0x20, 0x64, 0x61, 0x72, 0x6b, 0x3b, 0x20, 0x7d, 0x0a, 0x20, 0x20, 0x62, 0x6f, 0x64, 0x79,
  0x20, 0x7b, 0x0a, 0x20, 0x20, 0x20, 0x20, 0x6d, 0x61, 0x72, 0x67, 0x69, 0x6e, 0x3a, 0x20, 0x30,
  0x3b, 0x20, 0x66, 0x6f, 0x6e, 0x74, 0x3a, 0x20, 0x31, 0x35, 0x70, 0x78, 0x2f, 0x31, 0x2e, 0x34,
  0x35, 0x20, 0x2d, 0x61, 0x70, 0x70, 0x6c, 0x65, 0x2d, 0x73, 0x79, 0x73, 0x74, 0x65, 0x6d, 0x2c,
  0x20, 0x73, 0x79, 0x73, 0x74, 0x65, 0x6d, 0x2d, 0x75, 0x69, 0x2c, 0x20, 0x73, 0x61, 0x6e, 0x73,
  0x2d, 0x73, 0x65, 0x72, 0x69, 0x66, 0x3b, 0x0a, 0x20, 0x20, 0x20, 0x20, 0x62, 0x61, 0x63, 0x6b,
  0x67, 0x72, 0x6f, 0x75, 0x6e, 0x64, 0x3a, 0x20, 0x23, 0x30, 0x62, 0x30, 0x65, 0x31, 0x34, 0x3b,
  0x20, 0x63, 0x6f, 0x6c, 0x6f, 0x72, 0x3a, 0x20, 0x23, 0x64, 0x62, 0x65, 0x32, 0x65, 0x65, 0x3b,
  0x20, 0x64, 0x69, 0x73, 0x70, 0x6c, 0x61, 0x79, 0x3a, 0x20, 0x66, 0x6c, 0x65, 0x78, 0x3b, 0x20,
  0x66, 0x6c, 0x65, 0x78, 0x2d, 0x64, 0x69, 0x72, 0x65, 0x63, 0x74, 0x69, 0x6f, 0x6e, 0x3a, 0x20,
  0x63, 0x6f, 0x6c, 0x75, 0x6d, 0x6e, 0x3b, 0x0a, 0x20, 0x20, 0x20, 0x20, 0x68, 0x65, 0x69, 0x67,
  0x68, 0x74, 0x3a, 0x20, 0x31, 0x30, 0x30, 0x64, 0x76, 0x68, 0x3b, 0x0a, 0x20, 0x20, 0x7d, 0x0a,
  0x20, 0x20, 0x68, 0x65, 0x61, 0x64, 0x65, 0x72, 0x20, 0x7b, 0x0a, 0x20, 0x20, 0x20, 0x20, 0x70,
  0x61, 0x64, 0x64, 0x69, 0x6e, 0x67, 0x3a, 0x20, 0x31, 0x30, 0x70, 0x78, 0x20, 0x31, 0x34, 0x70,
  0x78, 0x3b, 0x20, 0x66, 0x6f, 0x6e, 0x74, 0x2d, 0x73, 0x69, 0x7a, 0x65, 0x3a, 0x20, 0x31, 0x33,
  0x70, 0x78, 0x3b, 0x20, 0x63, 0x6f, 0x6c, 0x6f, 0x72, 0x3a, 0x20, 0x23, 0x38, 0x62, 0x39, 0x36,
  0x61, 0x38, 0x3b, 0x0a, 0x20, 0x20, 0x20, 0x20, 0x62, 0x6f, 0x72, 0x64, 0x65, 0x72, 0x2d, 0x62,
  0x6f, 0x74, 0x74, 0x6f, 0x6d, 0x3a, 0x20, 0x31, 0x70, 0x78, 0x20, 0x73, 0x6f, 0x6c, 0x69, 0x64,
  0x20, 0x23, 0x31, 0x64, 0x32, 0x34, 0x33, 0x30, 0x3b, 0x20, 0x64, 0x69, 0x73, 0x70, 0x6c, 0x61,
  0x79, 0x3a, 0x20, 0x66, 0x6c, 0x65, 0x78, 0x3b, 0x20, 0x67, 0x61, 0x70, 0x3a, 0x20, 0x38, 0x70,
  0x78, 0x3b, 0x20, 0x61, 0x6c, 0x69, 0x67, 0x6e, 0x2d, 0x69, 0x74, 0x65, 0x6d, 0x73, 0x3a, 0x20,
  0x63, 0x65, 0x6e, 0x74, 0x65, 0x72, 0x3b, 0x0a, 0x20, 0x20, 0x7d, 0x0a, 0x20, 0x20, 0x23, 0x64,
  0x6f, 0x74, 0x20, 0x7b, 0x20, 0x77, 0x69, 0x64, 0x74, 0x68, 0x3a, 0x20, 0x39, 0x70, 0x78, 0x3b,
  0x20, 0x68, 0x65, 0x69, 0x67, 0x68, 0x74, 0x3a, 0x20, 0x39, 0x70, 0x78, 0x3b, 0x20, 0x62, 0x6f,
  0x72, 0x64, 0x65, 0x72, 0x2d, 0x72, 0x61, 0x64, 0x69, 0x75, 0x73, 0x3a, 0x20, 0x35, 0x30, 0x25,
  0x3b, 0x20, 0x62, 0x61, 0x63, 0x6b, 0x67, 0x72, 0x6f, 0x75, 0x6e, 0x64, 0x3a, 0x20, 0x23, 0x62,
  0x33, 0x34, 0x31, 0x33, 0x63, 0x3b, 0x20, 0x7d, 0x0a, 0x20, 0x20, 0x23, 0x64, 0x6f, 0x74, 0x2e,
  0x6f, 0x6e, 0x20, 0x7b, 0x20, 0x62, 0x61, 0x63, 0x6b, 0x67, 0x72, 0x6f, 0x75, 0x6e, 0x64, 0x3a,
  0x20, 0x23, 0x33, 0x66, 0x39, 0x64, 0x36, 0x33, 0x3b, 0x20, 0x7d, 0x0a, 0x20, 0x20, 0x23, 0x74,
  0x6f, 0x6f, 0x6c, 0x62, 0x61, 0x72, 0x20, 0x7b, 0x20, 0x64, 0x69, 0x73, 0x70, 0x6c, 0x61, 0x79,
  0x3a, 0x20, 0x66, 0x6c, 0x65, 0x78, 0x3b, 0x20, 0x67, 0x61, 0x70, 0x3a, 0x20, 0x36, 0x70, 0x78,
  0x3b, 0x20, 0x6d, 0x61, 0x72, 0x67, 0x69, 0x6e, 0x2d, 0x6c, 0x65, 0x66, 0x74, 0x3a, 0x20, 0x61,
  0x75, 0x74, 0x6f, 0x3b, 0x20, 0x7d, 0x0a, 0x20, 0x20, 0x23, 0x74, 0x6f, 0x6f, 0x6c, 0x62, 0x61,
  0x72, 0x20, 0x62, 0x75, 0x74, 0x74, 0x6f, 0x6e, 0x20, 0x7b, 0x0a, 0x20, 0x20, 0x20, 0x20, 0x66,
  0x6f, 0x6e, 0x74, 0x3a, 0x20, 0x69, 0x6e, 0x68, 0x65, 0x72, 0x69, 0x74, 0x3b, 0x20, 0x66, 0x6f,
  0x6e, 0x74, 0x2d, 0x73, 0x69, 0x7a, 0x65, 0x3a, 0x20, 0x31, 0x31, 0x70, 0x78, 0x3b, 0x20, 0x62,
  0x61, 0x63, 0x6b, 0x67, 0x72, 0x6f, 0x75, 0x6e, 0x64, 0x3a, 0x20, 0x23, 0x31, 0x64, 0x32, 0x34,
  0x33, 0x30, 0x3b, 0x20, 0x63, 0x6f, 0x6c, 0x6f, 0x72, 0x3a, 0x20, 0x23, 0x64, 0x62, 0x65, 0x32,
  0x65, 0x65, 0x3b, 0x0a, 0x20, 0x20, 0x20, 0x20, 0x62, 0x6f, 0x72, 0x64, 0x65, 0x72, 0x3a, 0x20,
  0x31, 0x70, 0x78, 0x20, 0x73, 0x6f, 0x6c, 0x69, 0x64, 0x20, 0x23, 0x33, 0x64, 0x34, 0x38, 0x35,
  0x62, 0x3b, 0x20, 0x62, 0x6f, 0x72, 0x64, 0x65, 0x72, 0x2d, 0x72, 0x61, 0x64, 0x69, 0x75, 0x73,
  0x3a, 0x20, 0x34, 0x70, 0x78, 0x3b, 0x20, 0x70, 0x61, 0x64, 0x64, 0x69, 0x6e, 0x67, 0x3a, 0x20,
  0x32, 0x70, 0x78, 0x20, 0x38, 0x70, 0x78, 0x3b, 0x0a, 0x20, 0x20, 0x7d, 0x0a, 0x20, 0x20, 0x23,
  0x73, 0x74, 0x72, 0x65, 0x61, 0x6d, 0x20, 0x7b, 0x0a, 0x20, 0x20, 0x20, 0x20, 0x66, 0x6c, 0x65,
  0x78, 0x3a, 0x20, 0x31, 0x3b, 0x20, 0x6f, 0x76, 0x65, 0x72, 0x66, 0x6c, 0x6f, 0x77, 0x2d, 0x79,
  0x3a, 0x20, 0x61, 0x75, 0x74, 0x6f, 0x3b, 0x20, 0x70, 0x61, 0x64, 0x64, 0x69, 0x6e, 0x67, 0x3a,
  0x20, 0x31, 0x34, 0x70, 0x78, 0x3b, 0x20, 0x77, 0x68, 0x69, 0x74, 0x65, 0x2d, 0x73, 0x70, 0x61,
  0x63, 0x65, 0x3a, 0x20, 0x70, 0x72, 0x65, 0x2d, 0x77, 0x72, 0x61, 0x70, 0x3b, 0x0a, 0x20, 0x20,
  0x20, 0x20, 0x77, 0x6f, 0x72, 0x64, 0x2d, 0x62, 0x72, 0x65, 0x61, 0x6b, 0x3a, 0x20, 0x62, 0x72,
  0x65, 0x61, 0x6b, 0x2d, 0x77, 0x6f, 0x72, 0x64, 0x3b, 0x0a, 0x20, 0x20, 0x7d, 0x0a, 0x20, 0x20,
  0x2e, 0x6d, 0x73, 0x67, 0x20, 0x7b, 0x20, 0x6d, 0x61, 0x72, 0x67, 0x69, 0x6e, 0x2d, 0x62, 0x6f,
  0x74, 0x74, 0x6f, 0x6d, 0x3a, 0x20, 0x31, 0x32, 0x70, 0x78, 0x3b, 0x20, 0x7d, 0x0a, 0x20, 0x20,
  0x2e, 0x72, 0x6f, 0x6c, 0x65, 0x20, 0x7b, 0x20, 0x66, 0x6f, 0x6e, 0x74, 0x2d, 0x73, 0x69, 0x7a,
  0x65, 0x3a, 0x20, 0x31, 0x31, 0x70, 0x78, 0x3b, 0x20, 0x6c, 0x65, 0x74, 0x74, 0x65, 0x72, 0x2d,
  0x73, 0x70, 0x61, 0x63, 0x69, 0x6e, 0x67, 0x3a, 0x20, 0x2e, 0x30, 0x38, 0x65, 0x6d, 0x3b, 0x20,
  0x74, 0x65, 0x78, 0x74, 0x2d, 0x74, 0x72, 0x61, 0x6e, 0x73, 0x66, 0x6f, 0x72, 0x6d, 0x3a, 0x20,
  0x75, 0x70, 0x70, 0x65, 0x72, 0x63, 0x61, 0x73, 0x65, 0x3b, 0x0a, 0x20, 0x20, 0x20, 0x20, 0x20,
  0x20, 0x20, 0x20, 0x20, 0x20, 0x63, 0x6f, 0x6c, 0x6f, 0x72, 0x3a, 0x20, 0x23, 0x36, 0x66, 0x37,
  0x62, 0x38, 0x66, 0x3b, 0x20, 0x6d, 0x61, 0x72, 0x67, 0x69, 0x6e, 0x2d, 0x62, 0x6f, 0x74, 0x74,
  0x6f, 0x6d, 0x3a, 0x20, 0x33, 0x70, 0x78, 0x3b, 0x20, 0x7d, 0x0a, 0x20, 0x20, 0x2e, 0x74, 0x6f,
  0x6f, 0x6c, 0x20, 0x7b, 0x20, 0x63, 0x6f, 0x6c, 0x6f, 0x72, 0x3a, 0x20, 0x23, 0x64, 0x39, 0x61,
  0x35, 0x34, 0x61, 0x3b, 0x20, 0x66, 0x6f, 0x6e, 0x74, 0x2d, 0x73, 0x69, 0x7a, 0x65, 0x3a, 0x20,
  0x31, 0x33, 0x70, 0x78, 0x3b, 0x20, 0x6d, 0x61, 0x72, 0x67, 0x69, 0x6e, 0x3a, 0x20, 0x34, 0x70,
  0x78, 0x20, 0x30, 0x3b, 0x20, 0x7d, 0x0a, 0x20, 0x20, 0x2e, 0x73, 0x79, 0x73, 0x20, 0x20, 0x7b,
  0x20, 0x63, 0x6f, 0x6c, 0x6f, 0x72, 0x3a, 0x20, 0x23, 0x35, 0x66, 0x36, 0x62, 0x37, 0x65, 0x3b,
  0x20, 0x66, 0x6f, 0x6e, 0x74, 0x2d, 0x73, 0x69, 0x7a, 0x65, 0x3a, 0x20, 0x31, 0x32, 0x70, 0x78,
  0x3b, 0x20, 0x6d, 0x61, 0x72, 0x67, 0x69, 0x6e, 0x3a, 0x20, 0x32, 0x70, 0x78, 0x20, 0x30, 0x3b,
  0x20, 0x7d, 0x0a, 0x3c, 0x2f, 0x73, 0x74, 0x79, 0x6c, 0x65, 0x3e, 0x0a, 0x3c, 0x2f, 0x68, 0x65,
  0x61, 0x64, 0x3e, 0x0a, 0x3c, 0x62, 0x6f, 0x64, 0x79, 0x3e, 0x0a, 0x3c, 0x68, 0x65, 0x61, 0x64,
  0x65, 0x72, 0x3e, 0x3c, 0x73, 0x70, 0x61, 0x6e, 0x20, 0x69, 0x64, 0x3d, 0x22, 0x64, 0x6f, 0x74,
  0x22, 0x3e, 0x3c, 0x2f, 0x73, 0x70, 0x61, 0x6e, 0x3e, 0x3c, 0x73, 0x70, 0x61, 0x6e, 0x20, 0x69,
  0x64, 0x3d, 0x22, 0x73, 0x74, 0x61, 0x74, 0x75, 0x73, 0x22, 0x3e, 0x63, 0x6f, 0x6e, 0x6e, 0x65,
  0x63, 0x74, 0x69, 0x6e, 0x67, 0xe2, 0x80, 0xa6, 0x3c, 0x2f, 0x73, 0x70, 0x61, 0x6e, 0x3e, 0x3c,
  0x73, 0x70, 0x61, 0x6e, 0x20, 0x69, 0x64, 0x3d, 0x22, 0x74, 0x6f, 0x6f, 0x6c, 0x62, 0x61, 0x72,
  0x22, 0x3e, 0x3c, 0x2f, 0x73, 0x70, 0x61, 0x6e, 0x3e, 0x3c, 0x2f, 0x68, 0x65, 0x61, 0x64, 0x65,
  0x72, 0x3e, 0x0a, 0x3c, 0x6d, 0x61, 0x69, 0x6e, 0x20, 0x69, 0x64, 0x3d, 0x22, 0x73, 0x74, 0x72,
  0x65, 0x61, 0x6d, 0x22, 0x3e, 0x3c, 0x2f, 0x6d, 0x61, 0x69, 0x6e, 0x3e, 0x0a, 0x3c, 0x73, 0x63,
  0x72, 0x69, 0x70, 0x74, 0x20, 0x73, 0x72, 0x63, 0x3d, 0x22, 0x2e, 0x2f, 0x6d, 0x61, 0x69, 0x6e,
  0x2e, 0x6a, 0x73, 0x22, 0x3e, 0x3c, 0x2f, 0x73, 0x63, 0x72, 0x69, 0x70, 0x74, 0x3e, 0x0a, 0x3c,
  0x2f, 0x62, 0x6f, 0x64, 0x79, 0x3e, 0x0a, 0x3c, 0x2f, 0x68, 0x74, 0x6d, 0x6c, 0x3e, 0x0a,
  0x00
};

/* presentation/web-client/web/main.js (3717 bytes) */
static const unsigned char DSH_WEBCLIENT_MAIN_JS[] = {
  0x2f, 0x2f, 0x20, 0x64, 0x73, 0x68, 0x3a, 0x6c, 0x6f, 0x67, 0x67, 0x69, 0x6e, 0x67, 0x2d, 0x65,
  0x78, 0x65, 0x6d, 0x70, 0x74, 0x20, 0x28, 0x50, 0x72, 0x65, 0x73, 0x65, 0x6e, 0x74, 0x61, 0x74,
  0x69, 0x6f, 0x6e, 0x2d, 0x73, 0x69, 0x64, 0x65, 0x20, 0x70, 0x61, 0x67, 0x65, 0x3a, 0x20, 0x64,
  0x65, 0x6c, 0x69, 0x62, 0x65, 0x72, 0x61, 0x74, 0x65, 0x6c, 0x79, 0x20, 0x6c, 0x6f, 0x67, 0x73,
  0x20, 0x6e, 0x6f, 0x74, 0x68, 0x69, 0x6e, 0x67, 0x20, 0xe2, 0x80, 0x94, 0x0a, 0x2f, 0x2f, 0x20,
  0x61, 0x6c, 0x6c, 0x20, 0x45, 0x32, 0x45, 0x20, 0x65, 0x76, 0x69, 0x64, 0x65, 0x6e, 0x63, 0x65,
  0x20, 0x66, 0x6c, 0x6f, 0x77, 0x73, 0x20, 0x74, 0x68, 0x72, 0x6f, 0x75, 0x67, 0x68, 0x20, 0x74,
  0x68, 0x65, 0x20, 0x72, 0x75, 0x6e, 0x74, 0x69, 0x6d, 0x65, 0x2f, 0x63, 0x61, 0x72, 0x72, 0x69,
  0x65, 0x72, 0x20, 0x6c, 0x6f, 0x67, 0x67, 0x65, 0x72, 0x73, 0x3b, 0x20, 0x74, 0x68, 0x65, 0x72,
  0x65, 0x20, 0x69, 0x73, 0x20, 0x6e, 0x6f, 0x0a, 0x2f, 0x2f, 0x20, 0x6c, 0x6f, 0x67, 0x67, 0x65,
  0x72, 0x20, 0x68, 0x65, 0x72, 0x65, 0x29, 0x0a, 0x2f, 0x2a, 0x2a, 0x0a, 0x20, 0x2a, 0x20, 0x44,
  0x53, 0x48, 0x20, 0x57, 0x65, 0x62, 0x20, 0x43, 0x6c, 0x69, 0x65, 0x6e, 0x74, 0x20, 0x76, 0x30,
  0x20, 0xe2, 0x80, 0x94, 0x20, 0x74, 0x68, 0x65, 0x20, 0x22, 0x55, 0x49, 0x20, 0x69, 0x73, 0x20,
  0x61, 0x20, 0x70, 0x6c, 0x75, 0x67, 0x69, 0x6e, 0x22, 0x20, 0x61, 0x63, 0x63, 0x65, 0x70, 0x74,
  0x61, 0x6e, 0x63, 0x65, 0x20, 0x63, 0x72, 0x69, 0x74, 0x65, 0x72, 0x69, 0x6f, 0x6e, 0x2e, 0x0a,
  0x20, 0x2a, 0x0a, 0x20, 0x2a, 0x20, 0x4b, 0x6e, 0x6f, 0x77, 0x73, 0x20, 0x4f, 0x4e, 0x4c, 0x59,
  0x20, 0x74, 0x68, 0x65, 0x20, 0x6c, 0x6f, 0x6f, 0x70, 0x62, 0x61, 0x63, 0x6b, 0x20, 0x48, 0x54,
  0x54, 0x50, 0x20, 0x2b, 0x20, 0x57, 0x53, 0x20, 0x70, 0x72, 0x6f, 0x74, 0x6f, 0x63, 0x6f, 0x6c,
  0x20, 0x28, 0x7a, 0x65, 0x72, 0x6f, 0x20, 0x68, 0x6f, 0x73, 0x74, 0x20, 0x61, 0x77, 0x61, 0x72,
  0x65, 0x6e, 0x65, 0x73, 0x73, 0x29, 0x3a, 0x20, 0x69, 0x74, 0x0a, 0x20, 0x2a, 0x20, 0x64, 0x65,
  0x72, 0x69, 0x76, 0x65, 0x73, 0x20, 0x74, 0x68, 0x65, 0x20, 0x57, 0x53, 0x20, 0x55, 0x52, 0x4c,
  0x20, 0x66, 0x72, 0x6f, 0x6d, 0x20, 0x69, 0x74, 0x73, 0x20, 0x6f, 0x77, 0x6e, 0x20, 0x6c, 0x6f,
  0x63, 0x61, 0x74, 0x69, 0x6f, 0x6e, 0x2c, 0x20, 0x73, 0x61, 0x79, 0x73, 0x20, 0x68, 0x65, 0x6c,
  0x6c, 0x6f, 0x2c, 0x20, 0x61, 0x6e, 0x64, 0x20, 0x72, 0x65, 0x6e, 0x64, 0x65, 0x72, 0x73, 0x20,
  0x74, 0x68, 0x65, 0x0a, 0x20, 0x2a, 0x20, 0x73, 0x65, 0x73, 0x73, 0x69, 0x6f, 0x6e, 0x20, 0x70,
  0x72, 0x6f, 0x6a, 0x65, 0x63, 0x74, 0x69, 0x6f, 0x6e, 0x20, 0x65, 0x76, 0x65, 0x6e, 0x74, 0x73,
  0x20, 0x69, 0x74, 0x20, 0x72, 0x65, 0x63, 0x65, 0x69, 0x76, 0x65, 0x73, 0x2e, 0x20, 0x50, 0x72,
  0x6f, 0x74, 0x6f, 0x63, 0x6f, 0x6c, 0x20, 0x73, 0x65, 0x73, 0x73, 0x69, 0x6f, 0x6e, 0x2d, 0x70,
  0x72, 0x6f, 0x6a, 0x65, 0x63, 0x74, 0x69, 0x6f, 0x6e, 0x40, 0x30, 0x3a, 0x0a, 0x20, 0x2a, 0x20,
  0x20, 0x20, 0xe2, 0x86, 0x92, 0x20, 0x7b, 0x22, 0x74, 0x79, 0x70, 0x65, 0x22, 0x3a, 0x22, 0x68,
  0x65, 0x6c, 0x6c, 0x6f, 0x22, 0x2c, 0x22, 0x68, 0x72, 0x65, 0x66, 0x22, 0x3a, 0xe2, 0x80, 0xa6,
  0x2c, 0x22, 0x70, 0x72, 0x6f, 0x74, 0x6f, 0x63, 0x6f, 0x6c, 0x22, 0x3a, 0x22, 0x73, 0x65, 0x73,
  0x73, 0x69, 0x6f, 0x6e, 0x2d, 0x70, 0x72, 0x6f, 0x6a, 0x65, 0x63, 0x74, 0x69, 0x6f, 0x6e, 0x40,
  0x30, 0x22, 0x7d, 0x0a, 0x20, 0x2a, 0x20, 0x20, 0x20, 0xe2, 0x86, 0x90, 0x20, 0x7b, 0x22, 0x74,
  0x79, 0x70, 0x65, 0x22, 0x3a, 0x22, 0x77, 0x73, 0x2e, 0x68, 0x65, 0x6c, 0x6c, 0x6f, 0x22, 0x2c,
  0xe2, 0x80, 0xa6, 0x7d, 0x20, 0x7c, 0x20, 0x7b, 0x22, 0x74, 0x79, 0x70, 0x65, 0x22, 0x3a, 0x22,
  0x72, 0x65, 0x70, 0x6c, 0x61, 0x79, 0x22, 0x2c, 0x22, 0x65, 0x76, 0x65, 0x6e, 0x74, 0x73, 0x22,
  0x3a, 0x5b, 0xe2, 0x80, 0xa6, 0x5d, 0x7d, 0x0a, 0x20, 0x2a, 0x20, 0x20, 0x20, 0xe2, 0x86, 0x90,
  0x20, 0x7b, 0x22, 0x6b, 0x69, 0x6e, 0x64, 0x22, 0x3a, 0x22, 0x73, 0x65, 0x73, 0x73, 0x69, 0x6f,
  0x6e, 0x22, 0x7c, 0x22, 0x61, 0x67, 0x65, 0x6e, 0x74, 0x22, 0x7c, 0x22, 0x74, 0x6f, 0x6b, 0x65,
  0x6e, 0x2d, 0x64, 0x65, 0x6c, 0x74, 0x61, 0x22, 0x7c, 0x22, 0x74, 0x6f, 0x6f, 0x6c, 0x22, 0x7c,
  0x22, 0x63, 0x6f, 0x6d, 0x70, 0x6c, 0x65, 0x74, 0x65, 0x22, 0x2c, 0x20, 0xe2, 0x80, 0xa6, 0x7d,
  0x0a, 0x20, 0x2a, 0x20, 0x50, 0x6c, 0x75, 0x73, 0x20, 0x6f, 0x6e, 0x65, 0x20, 0x74, 0x69, 0x6e,
  0x79, 0x20, 0x74, 0x79, 0x70, 0x65, 0x64, 0x20, 0x65, 0x78, 0x74, 0x65, 0x6e, 0x73, 0x69, 0x6f,
  0x6e, 0x20, 0x70, 0x6f, 0x69, 0x6e, 0x74, 0x20, 0x28, 0x4d, 0x33, 0x29, 0x3a, 0x20, 0x74, 0x68,
  0x65, 0x20, 0x74, 0x6f, 0x6f, 0x6c, 0x62, 0x61, 0x72, 0x20, 0x73, 0x6c, 0x6f, 0x74, 0x20, 0xe2,
  0x80, 0x94, 0x20, 0x61, 0x20, 0x70, 0x6c, 0x75, 0x67, 0x69, 0x6e, 0x0a, 0x20, 0x2a, 0x20, 0x70,
  0x72, 0x6f, 0x6a, 0x65, 0x63, 0x74, 0x73, 0x20, 0x7b, 0x22, 0x6b, 0x69, 0x6e, 0x64, 0x22, 0x3a,
  0x22, 0x73, 0x6c, 0x6f, 0x74, 0x2e, 0x72, 0x65, 0x67, 0x69, 0x73, 0x74, 0x65, 0x72, 0x22, 0x2c,
  0x22, 0x69, 0x64, 0x22, 0x3a, 0xe2, 0x80, 0xa6, 0x2c, 0x22, 0x6c, 0x61, 0x62, 0x65, 0x6c, 0x22,
  0x3a, 0xe2, 0x80, 0xa6, 0x7d, 0x3b, 0x20, 0x74, 0x68, 0x65, 0x20, 0x70, 0x61, 0x67, 0x65, 0x20,
  0x72, 0x65, 0x6e, 0x64, 0x65, 0x72, 0x73, 0x20, 0x61, 0x0a, 0x20, 0x2a, 0x20, 0x74, 0x6f, 0x6f,
  0x6c, 0x62, 0x61, 0x72, 0x20, 0x62, 0x75, 0x74, 0x74, 0x6f, 0x6e, 0x20, 0x61, 0x6e, 0x64, 0x20,
  0x41, 0x43, 0x4b, 0x53, 0x20, 0x69, 0x74, 0x20, 0x28, 0x7b, 0x22, 0x74, 0x79, 0x70, 0x65, 0x22,
  0x3a, 0x22, 0x73, 0x6c, 0x6f, 0x74, 0x2e, 0x61, 0x63, 0x6b, 0x22, 0x2c, 0x22, 0x69, 0x64, 0x22,
  0x3a, 0xe2, 0x80, 0xa6, 0x2c, 0x22, 0x6c, 0x61, 0x62, 0x65, 0x6c, 0x22, 0x3a, 0xe2, 0x80, 0xa6,
  0x7d, 0x29, 0x20, 0x73, 0x6f, 0x20, 0x74, 0x68, 0x65, 0x0a, 0x20, 0x2a, 0x20, 0x63, 0x61, 0x72,
  0x72, 0x69, 0x65, 0x72, 0x20, 0x63, 0x61, 0x6e, 0x20, 0x65, 0x76, 0x69, 0x64, 0x65, 0x6e, 0x63,
  0x65, 0x20, 0x74, 0x68, 0x65, 0x20, 0x72, 0x65, 0x6e, 0x64, 0x65, 0x72, 0x65, 0x64, 0x20, 0x73,
  0x74, 0x61, 0x74, 0x65, 0x2e, 0x0a, 0x20, 0x2a, 0x20, 0x54, 0x6f, 0x6b, 0x65, 0x6e, 0x20, 0x64,
  0x65, 0x6c, 0x74, 0x61, 0x73, 0x20, 0x61, 0x70, 0x70, 0x65, 0x6e, 0x64, 0x20, 0x69, 0x6e, 0x74,
  0x6f, 0x20, 0x74, 0x68, 0x65, 0x20, 0x6c, 0x69, 0x76, 0x65, 0x20, 0x74, 0x72, 0x61, 0x6e, 0x73,
  0x63, 0x72, 0x69, 0x70, 0x74, 0x3b, 0x20, 0x74, 0x6f, 0x6f, 0x6c, 0x20, 0x61, 0x6e, 0x64, 0x20,
  0x73, 0x79, 0x73, 0x74, 0x65, 0x6d, 0x20, 0x65, 0x76, 0x65, 0x6e, 0x74, 0x73, 0x0a, 0x20, 0x2a,
  0x20, 0x72, 0x65, 0x6e, 0x64, 0x65, 0x72, 0x20, 0x61, 0x73, 0x20, 0x74, 0x68, 0x65, 0x69, 0x72,
  0x20, 0x6f, 0x77, 0x6e, 0x20, 0x6c, 0x69, 0x6e, 0x65, 0x73, 0x3b, 0x20, 0x22, 0x63, 0x6f, 0x6d,
  0x70, 0x6c, 0x65, 0x74, 0x65, 0x22, 0x20, 0x63, 0x6c, 0x6f, 0x73, 0x65, 0x73, 0x20, 0x74, 0x68,
  0x65, 0x20, 0x6d, 0x65, 0x73, 0x73, 0x61, 0x67, 0x65, 0x2e, 0x0a, 0x20, 0x2a, 0x2f, 0x0a, 0x63,
  0x6f, 0x6e, 0x73, 0x74, 0x20, 0x73, 0x74, 0x72, 0x65, 0x61, 0x6d, 0x45, 0x6c, 0x20, 0x3d, 0x20,
  0x64, 0x6f, 0x63, 0x75, 0x6d, 0x65, 0x6e, 0x74, 0x2e, 0x67, 0x65, 0x74, 0x45, 0x6c, 0x65, 0x6d,
  0x65, 0x6e, 0x74, 0x42, 0x79, 0x49, 0x64, 0x28, 0x27, 0x73, 0x74, 0x72, 0x65, 0x61, 0x6d, 0x27,
  0x29, 0x3b, 0x0a, 0x63, 0x6f, 0x6e, 0x73, 0x74, 0x20, 0x73, 0x74, 0x61, 0x74, 0x75, 0x73, 0x45,
  0x6c, 0x20, 0x3d, 0x20, 0x64, 0x6f, 0x63, 0x75, 0x6d, 0x65, 0x6e, 0x74, 0x2e, 0x67, 0x65, 0x74,
  0x45, 0x6c, 0x65, 0x6d, 0x65, 0x6e, 0x74, 0x42, 0x79, 0x49, 0x64, 0x28, 0x27, 0x73, 0x74, 0x61,
  0x74, 0x75, 0x73, 0x27, 0x29, 0x3b, 0x0a, 0x63, 0x6f, 0x6e, 0x73, 0x74, 0x20, 0x64, 0x6f, 0x74,
  0x45, 0x6c, 0x20, 0x3d, 0x20, 0x64, 0x6f, 0x63, 0x75, 0x6d, 0x65, 0x6e, 0x74, 0x2e, 0x67, 0x65,
  0x74, 0x45, 0x6c, 0x65, 0x6d, 0x65, 0x6e, 0x74, 0x42, 0x79, 0x49, 0x64, 0x28, 0x27, 0x64, 0x6f,
  0x74, 0x27, 0x29, 0x3b, 0x0a, 0x63, 0x6f, 0x6e, 0x73, 0x74, 0x20, 0x74, 0x6f, 0x6f, 0x6c, 0x62,
  0x61, 0x72, 0x45, 0x6c, 0x20, 0x3d, 0x20, 0x64, 0x6f, 0x63, 0x75, 0x6d, 0x65, 0x6e, 0x74, 0x2e,
  0x67, 0x65, 0x74, 0x45, 0x6c, 0x65, 0x6d, 0x65, 0x6e, 0x74, 0x42, 0x79, 0x49, 0x64, 0x28, 0x27,
  0x74, 0x6f, 0x6f, 0x6c, 0x62, 0x61, 0x72, 0x27, 0x29, 0x3b, 0x0a, 0x0a, 0x63, 0x6f, 0x6e, 0x73,
  0x74, 0x20, 0x73, 0x63, 0x72, 0x6f, 0x6c, 0x6c, 0x44, 0x6f, 0x77, 0x6e, 0x20, 0x3d, 0x20, 0x28,
  0x29, 0x20, 0x3d, 0x3e, 0x20, 0x7b, 0x20, 0x73, 0x74, 0x72, 0x65, 0x61, 0x6d, 0x45, 0x6c, 0x2e,
  0x73, 0x63, 0x72, 0x6f, 0x6c, 0x6c, 0x54, 0x6f, 0x70, 0x20, 0x3d, 0x20, 0x73, 0x74, 0x72, 0x65,
  0x61, 0x6d, 0x45, 0x6c, 0x2e, 0x73, 0x63, 0x72, 0x6f, 0x6c, 0x6c, 0x48, 0x65, 0x69, 0x67, 0x68,
  0x74, 0x3b, 0x20, 0x7d, 0x3b, 0x0a, 0x63, 0x6f, 0x6e, 0x73, 0x74, 0x20, 0x6c, 0x69, 0x6e, 0x65,
  0x20, 0x3d, 0x20, 0x28, 0x63, 0x6c, 0x73, 0x2c, 0x20, 0x74, 0x65, 0x78, 0x74, 0x29, 0x20, 0x3d,
  0x3e, 0x20, 0x7b, 0x0a, 0x20, 0x20, 0x63, 0x6f, 0x6e, 0x73, 0x74, 0x20, 0x64, 0x69, 0x76, 0x20,
  0x3d, 0x20, 0x64, 0x6f, 0x63, 0x75, 0x6d, 0x65, 0x6e, 0x74, 0x2e, 0x63, 0x72, 0x65, 0x61, 0x74,
  0x65, 0x45, 0x6c, 0x65, 0x6d, 0x65, 0x6e, 0x74, 0x28, 0x27, 0x64, 0x69, 0x76, 0x27, 0x29, 0x3b,
  0x0a, 0x20, 0x20, 0x64, 0x69, 0x76, 0x2e, 0x63, 0x6c, 0x61, 0x73, 0x73, 0x4e, 0x61, 0x6d, 0x65,
  0x20, 0x3d, 0x20, 0x63, 0x6c, 0x73, 0x3b, 0x0a, 0x20, 0x20, 0x64, 0x69, 0x76, 0x2e, 0x74, 0x65,
  0x78, 0x74, 0x43, 0x6f, 0x6e, 0x74, 0x65, 0x6e, 0x74, 0x20, 0x3d, 0x20, 0x74, 0x65, 0x78, 0x74,
  0x3b, 0x0a, 0x20, 0x20, 0x73, 0x74, 0x72, 0x65, 0x61, 0x6d, 0x45, 0x6c, 0x2e, 0x61, 0x70, 0x70,
  0x65, 0x6e, 0x64, 0x43, 0x68, 0x69, 0x6c, 0x64, 0x28, 0x64, 0x69, 0x76, 0x29, 0x3b, 0x0a, 0x20,
  0x20, 0x73, 0x63, 0x72, 0x6f, 0x6c, 0x6c, 0x44, 0x6f, 0x77, 0x6e, 0x28, 0x29, 0x3b, 0x0a, 0x20,
  0x20, 0x72, 0x65, 0x74, 0x75, 0x72, 0x6e, 0x20, 0x64, 0x69, 0x76, 0x3b, 0x0a, 0x7d, 0x3b, 0x0a,
  0x0a, 0x63, 0x6f, 0x6e, 0x73, 0x74, 0x20, 0x73, 0x65, 0x73, 0x73, 0x69, 0x6f, 0x6e, 0x20, 0x3d,
  0x20, 0x7b, 0x20, 0x65, 0x6c, 0x3a, 0x20, 0x6e, 0x75, 0x6c, 0x6c, 0x2c, 0x20, 0x74, 0x65, 0x78,
  0x74, 0x3a, 0x20, 0x27, 0x27, 0x20, 0x7d, 0x3b, 0x0a, 0x0a, 0x63, 0x6f, 0x6e, 0x73, 0x74, 0x20,
  0x62, 0x65, 0x67, 0x69, 0x6e, 0x41, 0x73, 0x73, 0x69, 0x73, 0x74, 0x61, 0x6e, 0x74, 0x20, 0x3d,
  0x20, 0x28, 0x29, 0x20, 0x3d, 0x3e, 0x20, 0x7b, 0x0a, 0x20, 0x20, 0x69, 0x66, 0x20, 0x28, 0x73,
  0x65, 0x73, 0x73, 0x69, 0x6f, 0x6e, 0x2e, 0x65, 0x6c, 0x29, 0x20, 0x72, 0x65, 0x74, 0x75, 0x72,
  0x6e, 0x3b, 0x0a, 0x20, 0x20, 0x63, 0x6f, 0x6e, 0x73, 0x74, 0x20, 0x77, 0x72, 0x61, 0x70, 0x20,
  0x3d, 0x20, 0x64, 0x6f, 0x63, 0x75, 0x6d, 0x65, 0x6e, 0x74, 0x2e, 0x63, 0x72, 0x65, 0x61, 0x74,
  0x65, 0x45, 0x6c, 0x65, 0x6d, 0x65, 0x6e, 0x74, 0x28, 0x27, 0x64, 0x69, 0x76, 0x27, 0x29, 0x3b,
  0x0a, 0x20, 0x20, 0x77, 0x72, 0x61, 0x70, 0x2e, 0x63, 0x6c, 0x61, 0x73, 0x73, 0x4e, 0x61, 0x6d,
  0x65, 0x20, 0x3d, 0x20, 0x27, 0x6d, 0x73, 0x67, 0x27, 0x3b, 0x0a, 0x20, 0x20, 0x63, 0x6f, 0x6e,
  0x73, 0x74, 0x20, 0x72, 0x6f, 0x6c, 0x65, 0x20, 0x3d, 0x20, 0x64, 0x6f, 0x63, 0x75, 0x6d, 0x65,
  0x6e, 0x74, 0x2e, 0x63, 0x72, 0x65, 0x61, 0x74, 0x65, 0x45, 0x6c, 0x65, 0x6d, 0x65, 0x6e, 0x74,
  0x28, 0x27, 0x64, 0x69, 0x76, 0x27, 0x29, 0x3b, 0x0a, 0x20, 0x20, 0x72, 0x6f, 0x6c, 0x65, 0x2e,
  0x63, 0x6c, 0x61, 0x73, 0x73, 0x4e, 0x61, 0x6d, 0x65, 0x20, 0x3d, 0x20, 0x27, 0x72, 0x6f, 0x6c,
  0x65, 0x27, 0x3b, 0x0a, 0x20, 0x20, 0x72, 0x6f, 0x6c, 0x65, 0x2e, 0x74, 0x65, 0x78, 0x74, 0x43,
  0x6f, 0x6e, 0x74, 0x65, 0x6e, 0x74, 0x20, 0x3d, 0x20, 0x27, 0x61, 0x73, 0x73, 0x69, 0x73, 0x74,
  0x61, 0x6e, 0x74, 0x27, 0x3b, 0x0a, 0x20, 0x20, 0x63, 0x6f, 0x6e, 0x73, 0x74, 0x20, 0x62, 0x6f,
  0x64, 0x79, 0x20, 0x3d, 0x20, 0x64, 0x6f, 0x63, 0x75, 0x6d, 0x65, 0x6e, 0x74, 0x2e, 0x63, 0x72,
  0x65, 0x61, 0x74, 0x65, 0x45, 0x6c, 0x65, 0x6d, 0x65, 0x6e, 0x74, 0x28, 0x27, 0x64, 0x69, 0x76,
  0x27, 0x29, 0x3b, 0x0a, 0x20, 0x20, 0x77, 0x72, 0x61, 0x70, 0x2e, 0x61, 0x70, 0x70, 0x65, 0x6e,
  0x64, 0x43, 0x68, 0x69, 0x6c, 0x64, 0x28, 0x72, 0x6f, 0x6c, 0x65, 0x29, 0x3b, 0x0a, 0x20, 0x20,
  0x77, 0x72, 0x61, 0x70, 0x2e, 0x61, 0x70, 0x70, 0x65, 0x6e, 0x64, 0x43, 0x68, 0x69, 0x6c, 0x64,
  0x28, 0x62, 0x6f, 0x64, 0x79, 0x29, 0x3b, 0x0a, 0x20, 0x20, 0x73, 0x74, 0x72, 0x65, 0x61, 0x6d,
  0x45, 0x6c, 0x2e, 0x61, 0x70, 0x70, 0x65, 0x6e, 0x64, 0x43, 0x68, 0x69, 0x6c, 0x64, 0x28, 0x77,
  0x72, 0x61, 0x70, 0x29, 0x3b, 0x0a, 0x20, 0x20, 0x73, 0x65, 0x73, 0x73, 0x69, 0x6f, 0x6e, 0x2e,
  0x65, 0x6c, 0x20, 0x3d, 0x20, 0x62, 0x6f, 0x64, 0x79, 0x3b, 0x0a, 0x20, 0x20, 0x73, 0x65, 0x73,
  0x73, 0x69, 0x6f, 0x6e, 0x2e, 0x74, 0x65, 0x78, 0x74, 0x20, 0x3d, 0x20, 0x27, 0x27, 0x3b, 0x0a,
  0x7d, 0x3b, 0x0a, 0x0a, 0x63, 0x6f, 0x6e, 0x73, 0x74, 0x20, 0x61, 0x70, 0x70, 0x6c, 0x79, 0x20,
  0x3d, 0x20, 0x28, 0x65, 0x76, 0x29, 0x20, 0x3d, 0x3e, 0x20, 0x7b, 0x0a, 0x20, 0x20, 0x69, 0x66,
  0x20, 0x28, 0x65, 0x76, 0x2e, 0x6b, 0x69, 0x6e, 0x64, 0x20, 0x3d, 0x3d, 0x3d, 0x20, 0x27, 0x73,
  0x65, 0x73, 0x73, 0x69, 0x6f, 0x6e, 0x27, 0x29, 0x20, 0x7b, 0x0a, 0x20, 0x20, 0x20, 0x20, 0x6c,
  0x69, 0x6e, 0x65, 0x28, 0x27, 0x73, 0x79, 0x73, 0x27, 0x2c, 0x20, 0x60, 0x73, 0x65, 0x73, 0x73,
  0x69, 0x6f, 0x6e, 0x20, 0x24, 0x7b, 0x65, 0x76, 0x2e, 0x69, 0x64, 0x7d, 0x20, 0xc2, 0xb7, 0x20,
  0x73, 0x63, 0x6f, 0x70, 0x65, 0x20, 0x24, 0x7b, 0x65, 0x76, 0x2e, 0x73, 0x63, 0x6f, 0x70, 0x65,
  0x7d, 0x60, 0x29, 0x3b, 0x0a, 0x20, 0x20, 0x7d, 0x20, 0x65, 0x6c, 0x73, 0x65, 0x20, 0x69, 0x66,
  0x20, 0x28, 0x65, 0x76, 0x2e, 0x6b, 0x69, 0x6e, 0x64, 0x20, 0x3d, 0x3d, 0x3d, 0x20, 0x27, 0x61,
  0x67, 0x65, 0x6e, 0x74, 0x27, 0x29, 0x20, 0x7b, 0x0a, 0x20, 0x20, 0x20, 0x20, 0x6c, 0x69, 0x6e,
  0x65, 0x28, 0x27, 0x73, 0x79, 0x73, 0x27, 0x2c, 0x20, 0x60, 0x61, 0x67, 0x65, 0x6e, 0x74, 0x20,
  0xc2, 0xb7, 0x20, 0x6d, 0x6f, 0x64, 0x65, 0x6c, 0x20, 0x24, 0x7b, 0x65, 0x76, 0x2e, 0x6d, 0x6f,
  0x64, 0x65, 0x6c, 0x7d, 0x20, 0xc2, 0xb7, 0x20, 0x74, 0x6f, 0x6f, 0x6c, 0x73, 0x20, 0x24, 0x7b,
  0x65, 0x76, 0x2e, 0x74, 0x6f, 0x6f, 0x6c, 0x73, 0x7d, 0x60, 0x29, 0x3b, 0x0a, 0x20, 0x20, 0x20,
  0x20, 0x62, 0x65, 0x67, 0x69, 0x6e, 0x41, 0x73, 0x73, 0x69, 0x73, 0x74, 0x61, 0x6e, 0x74, 0x28,
  0x29, 0x3b, 0x0a, 0x20, 0x20, 0x7d, 0x20, 0x65, 0x6c, 0x73, 0x65, 0x20, 0x69, 0x66, 0x20, 0x28,
  0x65, 0x76, 0x2e, 0x6b, 0x69, 0x6e, 0x64, 0x20, 0x3d, 0x3d, 0x3d, 0x20, 0x27, 0x74, 0x6f, 0x6b,
  0x65, 0x6e, 0x2d, 0x64, 0x65, 0x6c, 0x74, 0x61, 0x27, 0x29, 0x20, 0x7b, 0x0a, 0x20, 0x20, 0x20,
  0x20, 0x62, 0x65, 0x67, 0x69, 0x6e, 0x41, 0x73, 0x73, 0x69, 0x73, 0x74, 0x61, 0x6e, 0x74, 0x28,
  0x29, 0x3b, 0x0a, 0x20, 0x20, 0x20, 0x20, 0x73, 0x65, 0x73, 0x73, 0x69, 0x6f, 0x6e, 0x2e, 0x74,
  0x65, 0x78, 0x74, 0x20, 0x2b, 0x3d, 0x20, 0x65, 0x76, 0x2e, 0x74, 0x65, 0x78, 0x74, 0x3b, 0x0a,
  0x20, 0x20, 0x20, 0x20, 0x73, 0x65, 0x73, 0x73, 0x69, 0x6f, 0x6e, 0x2e, 0x65, 0x6c, 0x2e, 0x74,
  0x65, 0x78, 0x74, 0x43, 0x6f, 0x6e, 0x74, 0x65, 0x6e, 0x74, 0x20, 0x3d, 0x20, 0x73, 0x65, 0x73,
  0x73, 0x69, 0x6f, 0x6e, 0x2e, 0x74, 0x65, 0x78, 0x74, 0x3b, 0x0a, 0x20, 0x20, 0x20, 0x20, 0x73,
  0x63, 0x72, 0x6f, 0x6c, 0x6c, 0x44, 0x6f, 0x77, 0x6e, 0x28, 0x29, 0x3b, 0x0a, 0x20, 0x20, 0x7d,
  0x20, 0x65, 0x6c, 0x73, 0x65, 0x20, 0x69, 0x66, 0x20, 0x28, 0x65, 0x76, 0x2e, 0x6b, 0x69, 0x6e,
  0x64, 0x20, 0x3d, 0x3d, 0x3d, 0x20, 0x27, 0x74, 0x6f, 0x6f, 0x6c, 0x27, 0x29, 0x20, 0x7b, 0x0a,
  0x20, 0x20, 0x20, 0x20, 0x6c, 0x69, 0x6e, 0x65, 0x28, 0x27, 0x74, 0x6f, 0x6f, 0x6c, 0x27, 0x2c,
  0x20, 0x60, 0x74, 0x6f, 0x6f, 0x6c, 0x20, 0x24, 0x7b, 0x65, 0x76, 0x2e, 0x6e, 0x61, 0x6d, 0x65,
  0x7d, 0x20, 0xe2, 0x80, 0x94, 0x20, 0x24, 0x7b, 0x65, 0x76, 0x2e, 0x70, 0x68, 0x61, 0x73, 0x65,
  0x7d, 0x24, 0x7b, 0x65, 0x76, 0x2e, 0x6f, 0x6b, 0x20, 0x3d, 0x3d, 0x3d, 0x20, 0x66, 0x61, 0x6c,
  0x73, 0x65, 0x20, 0x3f, 0x20, 0x27, 0x20, 0x46, 0x41, 0x49, 0x4c, 0x45, 0x44, 0x27, 0x20, 0x3a,
  0x20, 0x27, 0x27, 0x7d, 0x60, 0x29, 0x3b, 0x0a, 0x20, 0x20, 0x7d, 0x20, 0x65, 0x6c, 0x73, 0x65,
  0x20, 0x69, 0x66, 0x20, 0x28, 0x65, 0x76, 0x2e, 0x6b, 0x69, 0x6e, 0x64, 0x20, 0x3d, 0x3d, 0x3d,
  0x20, 0x27, 0x63, 0x6f, 0x6d, 0x70, 0x6c, 0x65, 0x74, 0x65, 0x27, 0x29, 0x20, 0x7b, 0x0a, 0x20,
  0x20, 0x20, 0x20, 0x6c, 0x69, 0x6e, 0x65, 0x28, 0x27, 0x73, 0x79, 0x73, 0x27, 0x2c, 0x20, 0x60,
  0x73, 0x65, 0x73, 0x73, 0x69, 0x6f, 0x6e, 0x20, 0x63, 0x6f, 0x6d, 0x70, 0x6c, 0x65, 0x74, 0x65,
  0x20, 0xe2, 0x80, 0x94, 0x20, 0x73, 0x74, 0x61, 0x74, 0x75, 0x73, 0x20, 0x24, 0x7b, 0x65, 0x76,
  0x2e, 0x73, 0x74, 0x61, 0x74, 0x75, 0x73, 0x7d, 0x20, 0xc2, 0xb7, 0x20, 0x24, 0x7b, 0x65, 0x76,
  0x2e, 0x64, 0x65, 0x6c, 0x74, 0x61, 0x73, 0x7d, 0x20, 0x64, 0x65, 0x6c, 0x74, 0x61, 0x73, 0x20,
  0xc2, 0xb7, 0x20, 0x60, 0x0a, 0x20, 0x20, 0x20, 0x20, 0x20, 0x20, 0x2b, 0x20, 0x60, 0x24, 0x7b,
  0x65, 0x76, 0x2e, 0x74, 0x6f, 0x6f, 0x6c, 0x43, 0x61, 0x6c, 0x6c, 0x73, 0x7d, 0x20, 0x74, 0x6f,
  0x6f, 0x6c, 0x20, 0x63, 0x61, 0x6c, 0x6c, 0x28, 0x73, 0x29, 0x60, 0x29, 0x3b, 0x0a, 0x20, 0x20,
  0x7d, 0x20, 0x65, 0x6c, 0x73, 0x65, 0x20, 0x69, 0x66, 0x20, 0x28, 0x65, 0x76, 0x2e, 0x6b, 0x69,
  0x6e, 0x64, 0x20, 0x3d, 0x3d, 0x3d, 0x20, 0x27, 0x73, 0x6c, 0x6f, 0x74, 0x2e, 0x72, 0x65, 0x67,
  0x69, 0x73, 0x74, 0x65, 0x72, 0x27, 0x29, 0x20, 0x7b, 0x0a, 0x20, 0x20, 0x20, 0x20, 0x63, 0x6f,
  0x6e, 0x73, 0x74, 0x20, 0x62, 0x74, 0x6e, 0x20, 0x3d, 0x20, 0x64, 0x6f, 0x63, 0x75, 0x6d, 0x65,
  0x6e, 0x74, 0x2e, 0x63, 0x72, 0x65, 0x61, 0x74, 0x65, 0x45, 0x6c, 0x65, 0x6d, 0x65, 0x6e, 0x74,
  0x28, 0x27, 0x62, 0x75, 0x74, 0x74, 0x6f, 0x6e, 0x27, 0x29, 0x3b, 0x0a, 0x20, 0x20, 0x20, 0x20,
  0x62, 0x74, 0x6e, 0x2e, 0x69, 0x64, 0x20, 0x3d, 0x20, 0x60, 0x73, 0x6c, 0x6f, 0x74, 0x2d, 0x24,
  0x7b, 0x65, 0x76, 0x2e, 0x69, 0x64, 0x7d, 0x60, 0x3b, 0x0a, 0x20, 0x20, 0x20, 0x20, 0x62, 0x74,
  0x6e, 0x2e, 0x74, 0x65, 0x78, 0x74, 0x43, 0x6f, 0x6e, 0x74, 0x65, 0x6e, 0x74, 0x20, 0x3d, 0x20,
  0x65, 0x76, 0x2e, 0x6c, 0x61, 0x62, 0x65, 0x6c, 0x3b, 0x0a, 0x20, 0x20, 0x20, 0x20, 0x74, 0x6f,
  0x6f, 0x6c, 0x62, 0x61, 0x72, 0x45, 0x6c, 0x2e, 0x61, 0x70, 0x70, 0x65, 0x6e, 0x64, 0x43, 0x68,
  0x69, 0x6c, 0x64, 0x28, 0x62, 0x74, 0x6e, 0x29, 0x3b, 0x0a, 0x20, 0x20, 0x20, 0x20, 0x77, 0x73,
  0x2e, 0x73, 0x65, 0x6e, 0x64, 0x28, 0x4a, 0x53, 0x4f, 0x4e, 0x2e, 0x73, 0x74, 0x72, 0x69, 0x6e,
  0x67, 0x69, 0x66, 0x79, 0x28, 0x7b, 0x20, 0x74, 0x79, 0x70, 0x65, 0x3a, 0x20, 0x27, 0x73, 0x6c,
  0x6f, 0x74, 0x2e, 0x61, 0x63, 0x6b, 0x27, 0x2c, 0x20, 0x69, 0x64, 0x3a, 0x20, 0x65, 0x76, 0x2e,
  0x69, 0x64, 0x2c, 0x20, 0x6c, 0x61, 0x62, 0x65, 0x6c, 0x3a, 0x20, 0x65, 0x76, 0x2e, 0x6c, 0x61,
  0x62, 0x65, 0x6c, 0x2c, 0x20, 0x62, 0x79, 0x3a, 0x20, 0x65, 0x76, 0x2e, 0x62, 0x79, 0x20, 0x7d,
  0x29, 0x29, 0x3b, 0x0a, 0x20, 0x20, 0x7d, 0x0a, 0x7d, 0x3b, 0x0a, 0x0a, 0x63, 0x6f, 0x6e, 0x73,
  0x74, 0x20, 0x77, 0x73, 0x20, 0x3d, 0x20, 0x6e, 0x65, 0x77, 0x20, 0x57, 0x65, 0x62, 0x53, 0x6f,
  0x63, 0x6b, 0x65, 0x74, 0x28, 0x0a, 0x20, 0x20, 0x28, 0x6c, 0x6f, 0x63, 0x61, 0x74, 0x69, 0x6f,
  0x6e, 0x2e, 0x70, 0x72, 0x6f, 0x74, 0x6f, 0x63, 0x6f, 0x6c, 0x20, 0x3d, 0x3d, 0x3d, 0x20, 0x27,
  0x68, 0x74, 0x74, 0x70, 0x73, 0x3a, 0x27, 0x20, 0x3f, 0x20, 0x27, 0x77, 0x73, 0x73, 0x3a, 0x2f,
  0x2f, 0x27, 0x20, 0x3a, 0x20, 0x27, 0x77, 0x73, 0x3a, 0x2f, 0x2f, 0x27, 0x29, 0x20, 0x2b, 0x20,
  0x6c, 0x6f, 0x63, 0x61, 0x74, 0x69, 0x6f, 0x6e, 0x2e, 0x68, 0x6f, 0x73, 0x74, 0x20, 0x2b, 0x20,
  0x27, 0x2f, 0x77, 0x73, 0x27, 0x29, 0x3b, 0x0a, 0x0a, 0x77, 0x73, 0x2e, 0x6f, 0x6e, 0x6f, 0x70,
  0x65, 0x6e, 0x20, 0x3d, 0x20, 0x28, 0x29, 0x20, 0x3d, 0x3e, 0x20, 0x7b, 0x0a, 0x20, 0x20, 0x64,
  0x6f, 0x74, 0x45, 0x6c, 0x2e, 0x63, 0x6c, 0x61, 0x73, 0x73, 0x4c, 0x69, 0x73, 0x74, 0x2e, 0x61,
  0x64, 0x64, 0x28, 0x27, 0x6f, 0x6e, 0x27, 0x29, 0x3b, 0x0a, 0x20, 0x20, 0x73, 0x74, 0x61, 0x74,
  0x75, 0x73, 0x45, 0x6c, 0x2e, 0x74, 0x65, 0x78, 0x74, 0x43, 0x6f, 0x6e, 0x74, 0x65, 0x6e, 0x74,
  0x20, 0x3d, 0x20, 0x27, 0x63, 0x6f, 0x6e, 0x6e, 0x65, 0x63, 0x74, 0x65, 0x64, 0x27, 0x3b, 0x0a,
  0x20, 0x20, 0x77, 0x73, 0x2e, 0x73, 0x65, 0x6e, 0x64, 0x28, 0x4a, 0x53, 0x4f, 0x4e, 0x2e, 0x73,
  0x74, 0x72, 0x69, 0x6e, 0x67, 0x69, 0x66, 0x79, 0x28, 0x0a, 0x20, 0x20, 0x20, 0x20, 0x7b, 0x20,
  0x74, 0x79, 0x70, 0x65, 0x3a, 0x20, 0x27, 0x68, 0x65, 0x6c, 0x6c, 0x6f, 0x27, 0x2c, 0x20, 0x68,
  0x72, 0x65, 0x66, 0x3a, 0x20, 0x6c, 0x6f, 0x63, 0x61, 0x74, 0x69, 0x6f, 0x6e, 0x2e, 0x68, 0x72,
  0x65, 0x66, 0x2c, 0x20, 0x70, 0x72, 0x6f, 0x74, 0x6f, 0x63, 0x6f, 0x6c, 0x3a, 0x20, 0x27, 0x73,
  0x65, 0x73, 0x73, 0x69, 0x6f, 0x6e, 0x2d, 0x70, 0x72, 0x6f, 0x6a, 0x65, 0x63, 0x74, 0x69, 0x6f,
  0x6e, 0x40, 0x30, 0x27, 0x20, 0x7d, 0x29, 0x29, 0x3b, 0x0a, 0x7d, 0x3b, 0x0a, 0x77, 0x73, 0x2e,
  0x6f, 0x6e, 0x6d, 0x65, 0x73, 0x73, 0x61, 0x67, 0x65, 0x20, 0x3d, 0x20, 0x28, 0x65, 0x76, 0x29,
  0x20, 0x3d, 0x3e, 0x20, 0x7b, 0x0a, 0x20, 0x20, 0x6c, 0x65, 0x74, 0x20, 0x6d, 0x73, 0x67, 0x3b,
  0x0a, 0x20, 0x20, 0x74, 0x72, 0x79, 0x20, 0x7b, 0x20, 0x6d, 0x73, 0x67, 0x20, 0x3d, 0x20, 0x4a,
  0x53, 0x4f, 0x4e, 0x2e, 0x70, 0x61, 0x72, 0x73, 0x65, 0x28, 0x65, 0x76, 0x2e, 0x64, 0x61, 0x74,
  0x61, 0x29, 0x3b, 0x20, 0x7d, 0x20, 0x63, 0x61, 0x74, 0x63, 0x68, 0x20, 0x7b, 0x20, 0x72, 0x65,
  0x74, 0x75, 0x72, 0x6e, 0x3b, 0x20, 0x7d, 0x0a, 0x20, 0x20, 0x69, 0x66, 0x20, 0x28, 0x6d, 0x73,
  0x67, 0x2e, 0x74, 0x79, 0x70, 0x65, 0x20, 0x3d, 0x3d, 0x3d, 0x20, 0x27, 0x77, 0x73, 0x2e, 0x68,
  0x65, 0x6c, 0x6c, 0x6f, 0x27, 0x29, 0x20, 0x7b, 0x0a, 0x20, 0x20, 0x20, 0x20, 0x73, 0x74, 0x61,
  0x74, 0x75, 0x73, 0x45, 0x6c, 0x2e, 0x74, 0x65, 0x78, 0x74, 0x43, 0x6f, 0x6e, 0x74, 0x65, 0x6e,
  0x74, 0x20, 0x3d, 0x20, 0x27, 0x73, 0x65, 0x73, 0x73, 0x69, 0x6f, 0x6e, 0x20, 0x63, 0x68, 0x61,
  0x6e, 0x6e, 0x65, 0x6c, 0x20, 0x6c, 0x69, 0x76, 0x65, 0x27, 0x3b, 0x0a, 0x20, 0x20, 0x7d, 0x20,
  0x65, 0x6c, 0x73, 0x65, 0x20, 0x69, 0x66, 0x20, 0x28, 0x6d, 0x73, 0x67, 0x2e, 0x74, 0x79, 0x70,
  0x65, 0x20, 0x3d, 0x3d, 0x3d, 0x20, 0x27, 0x72, 0x65, 0x70, 0x6c, 0x61, 0x79, 0x27, 0x29, 0x20,
  0x7b, 0x0a, 0x20, 0x20, 0x20, 0x20, 0x28, 0x6d, 0x73, 0x67, 0x2e, 0x65, 0x76, 0x65, 0x6e, 0x74,
  0x73, 0x20, 0x3f, 0x3f, 0x20, 0x5b, 0x5d, 0x29, 0x2e, 0x66, 0x6f, 0x72, 0x45, 0x61, 0x63, 0x68,
  0x28, 0x61, 0x70, 0x70, 0x6c, 0x79, 0x29, 0x3b, 0x20, 0x2f, 0x2f, 0x20, 0x62, 0x75, 0x66, 0x66,
  0x65, 0x72, 0x65, 0x64, 0x20, 0x70, 0x72, 0x6f, 0x6a, 0x65, 0x63, 0x74, 0x69, 0x6f, 0x6e, 0x20,
  0x66, 0x72, 0x6f, 0x6d, 0x20, 0x62, 0x65, 0x66, 0x6f, 0x72, 0x65, 0x20, 0x63, 0x6f, 0x6e, 0x6e,
  0x65, 0x63, 0x74, 0x0a, 0x20, 0x20, 0x7d, 0x20, 0x65, 0x6c, 0x73, 0x65, 0x20, 0x69, 0x66, 0x20,
  0x28, 0x6d, 0x73, 0x67, 0x2e, 0x6b, 0x69, 0x6e, 0x64, 0x29, 0x20, 0x7b, 0x0a, 0x20, 0x20, 0x20,
  0x20, 0x61, 0x70, 0x70, 0x6c, 0x79, 0x28, 0x6d, 0x73, 0x67, 0x29, 0x3b, 0x0a, 0x20, 0x20, 0x7d,
  0x0a, 0x7d, 0x3b, 0x0a, 0x77, 0x73, 0x2e, 0x6f, 0x6e, 0x63, 0x6c, 0x6f, 0x73, 0x65, 0x20, 0x3d,
  0x20, 0x28, 0x29, 0x20, 0x3d, 0x3e, 0x20, 0x7b, 0x0a, 0x20, 0x20, 0x64, 0x6f, 0x74, 0x45, 0x6c,
  0x2e, 0x63, 0x6c, 0x61, 0x73, 0x73, 0x4c, 0x69, 0x73, 0x74, 0x2e, 0x72, 0x65, 0x6d, 0x6f, 0x76,
  0x65, 0x28, 0x27, 0x6f, 0x6e, 0x27, 0x29, 0x3b, 0x0a, 0x20, 0x20, 0x73, 0x74, 0x61, 0x74, 0x75,
  0x73, 0x45, 0x6c, 0x2e, 0x74, 0x65, 0x78, 0x74, 0x43, 0x6f, 0x6e, 0x74, 0x65, 0x6e, 0x74, 0x20,
  0x3d, 0x20, 0x27, 0x64, 0x69, 0x73, 0x63, 0x6f, 0x6e, 0x6e, 0x65, 0x63, 0x74, 0x65, 0x64, 0x27,
  0x3b, 0x0a, 0x7d, 0x3b, 0x0a,
  0x00
};

/* presentation/web-client-mini/manifest.json (182 bytes) */
static const unsigned char DSH_WEBCLIENT_MINI_MANIFEST[] = {
  0x7b, 0x0a, 0x20, 0x20, 0x22, 0x73, 0x63, 0x68, 0x65, 0x6d, 0x61, 0x56, 0x65, 0x72, 0x73, 0x69,
  0x6f, 0x6e, 0x22, 0x3a, 0x20, 0x31, 0x2c, 0x0a, 0x20, 0x20, 0x22, 0x69, 0x64, 0x22, 0x3a, 0x20,
  0x22, 0x64, 0x73, 0x68, 0x2d, 0x77, 0x65, 0x62, 0x2d, 0x63, 0x6c, 0x69, 0x65, 0x6e, 0x74, 0x2d,
  0x6d, 0x69, 0x6e, 0x69, 0x22, 0x2c, 0x0a, 0x20, 0x20, 0x22, 0x76, 0x65, 0x72, 0x73, 0x69, 0x6f,
  0x6e, 0x22, 0x3a, 0x20, 0x22, 0x30, 0x2e, 0x31, 0x2e, 0x30, 0x22, 0x2c, 0x0a, 0x20, 0x20, 0x22,
  0x74, 0x79, 0x70, 0x65, 0x22, 0x3a, 0x20, 0x22, 0x77, 0x65, 0x62, 0x2d, 0x63, 0x6c, 0x69, 0x65,
  0x6e, 0x74, 0x22, 0x2c, 0x0a, 0x20, 0x20, 0x22, 0x77, 0x65, 0x62, 0x22, 0x3a, 0x20, 0x22, 0x77,
  0x65, 0x62, 0x22, 0x2c, 0x0a, 0x20, 0x20, 0x22, 0x63, 0x61, 0x70, 0x61, 0x62, 0x69, 0x6c, 0x69,
  0x74, 0x69, 0x65, 0x73, 0x22, 0x3a, 0x20, 0x7b, 0x0a, 0x20, 0x20, 0x20, 0x20, 0x22, 0x72, 0x65,
  0x71, 0x75, 0x69, 0x72, 0x65, 0x64, 0x22, 0x3a, 0x20, 0x5b, 0x5d, 0x2c, 0x0a, 0x20, 0x20, 0x20,
  0x20, 0x22, 0x6f, 0x70, 0x74, 0x69, 0x6f, 0x6e, 0x61, 0x6c, 0x22, 0x3a, 0x20, 0x5b, 0x5d, 0x0a,
  0x20, 0x20, 0x7d, 0x0a, 0x7d, 0x0a,
  0x00
};

/* presentation/web-client-mini/web/index.html (1364 bytes) */
static const unsigned char DSH_WEBCLIENT_MINI_INDEX_HTML[] = {
  0x3c, 0x21, 0x64, 0x6f, 0x63, 0x74, 0x79, 0x70, 0x65, 0x20, 0x68, 0x74, 0x6d, 0x6c, 0x3e, 0x0a,
  0x3c, 0x68, 0x74, 0x6d, 0x6c, 0x20, 0x6c, 0x61, 0x6e, 0x67, 0x3d, 0x22, 0x65, 0x6e, 0x22, 0x3e,
  0x0a, 0x3c, 0x68, 0x65, 0x61, 0x64, 0x3e, 0x0a, 0x3c, 0x6d, 0x65, 0x74, 0x61, 0x20, 0x63, 0x68,
  0x61, 0x72, 0x73, 0x65, 0x74, 0x3d, 0x22, 0x75, 0x74, 0x66, 0x2d, 0x38, 0x22, 0x3e, 0x0a, 0x3c,
  0x6d, 0x65, 0x74, 0x61, 0x20, 0x6e, 0x61, 0x6d, 0x65, 0x3d, 0x22, 0x76, 0x69, 0x65, 0x77, 0x70,
  0x6f, 0x72, 0x74, 0x22, 0x20, 0x63, 0x6f, 0x6e, 0x74, 0x65, 0x6e, 0x74, 0x3d, 0x22, 0x77, 0x69,
  0x64, 0x74, 0x68, 0x3d, 0x64, 0x65, 0x76, 0x69, 0x63, 0x65, 0x2d, 0x77, 0x69, 0x64, 0x74, 0x68,
  0x2c, 0x20, 0x69, 0x6e, 0x69, 0x74, 0x69, 0x61, 0x6c, 0x2d, 0x73, 0x63, 0x61, 0x6c, 0x65, 0x3d,
  0x31, 0x22, 0x3e, 0x0a, 0x3c, 0x74, 0x69, 0x74, 0x6c, 0x65, 0x3e, 0x44, 0x53, 0x48, 0x20, 0x6d,
  0x69, 0x6e, 0x69, 0x20, 0x63, 0x6c, 0x69, 0x65, 0x6e, 0x74, 0x3c, 0x2f, 0x74, 0x69, 0x74, 0x6c,
  0x65, 0x3e, 0x0a, 0x3c, 0x73, 0x74, 0x79, 0x6c, 0x65, 0x3e, 0x0a, 0x20, 0x20, 0x3a, 0x72, 0x6f,
  0x6f, 0x74, 0x20, 0x7b, 0x20, 0x63, 0x6f, 0x6c, 0x6f, 0x72, 0x2d, 0x73, 0x63, 0x68, 0x65, 0x6d,
  0x65, 0x3a, 0x20, 0x64, 0x61, 0x72, 0x6b, 0x3b, 0x20, 0x7d, 0x0a, 0x20, 0x20, 0x62, 0x6f, 0x64,
  0x79, 0x20, 0x7b, 0x0a, 0x20, 0x20, 0x20, 0x20, 0x6d, 0x61, 0x72, 0x67, 0x69, 0x6e, 0x3a, 0x20,
  0x30, 0x3b, 0x20, 0x66, 0x6f, 0x6e, 0x74, 0x3a, 0x20, 0x31, 0x35, 0x70, 0x78, 0x2f, 0x31, 0x2e,
  0x35, 0x20, 0x75, 0x69, 0x2d, 0x6d, 0x6f, 0x6e, 0x6f, 0x73, 0x70, 0x61, 0x63, 0x65, 0x2c, 0x20,
  0x53, 0x46, 0x4d, 0x6f, 0x6e, 0x6f, 0x2d, 0x52, 0x65, 0x67, 0x75, 0x6c, 0x61, 0x72, 0x2c, 0x20,
  0x4d, 0x65, 0x6e, 0x6c, 0x6f, 0x2c, 0x20, 0x6d, 0x6f, 0x6e, 0x6f, 0x73, 0x70, 0x61, 0x63, 0x65,
  0x3b, 0x0a, 0x20, 0x20, 0x20, 0x20, 0x62, 0x61, 0x63, 0x6b, 0x67, 0x72, 0x6f, 0x75, 0x6e, 0x64,
  0x3a, 0x20, 0x23, 0x31, 0x37, 0x31, 0x33, 0x30, 0x61, 0x3b, 0x20, 0x63, 0x6f, 0x6c, 0x6f, 0x72,
  0x3a, 0x20, 0x23, 0x66, 0x32, 0x65, 0x34, 0x63, 0x38, 0x3b, 0x20, 0x64, 0x69, 0x73, 0x70, 0x6c,
  0x61, 0x79, 0x3a, 0x20, 0x66, 0x6c, 0x65, 0x78, 0x3b, 0x20, 0x66, 0x6c, 0x65, 0x78, 0x2d, 0x64,
  0x69, 0x72, 0x65, 0x63, 0x74, 0x69, 0x6f, 0x6e, 0x3a, 0x20, 0x63, 0x6f, 0x6c, 0x75, 0x6d, 0x6e,
  0x3b, 0x0a, 0x20, 0x20, 0x20, 0x20, 0x68, 0x65, 0x69, 0x67, 0x68, 0x74, 0x3a, 0x20, 0x31, 0x30,
  0x30, 0x64, 0x76, 0x68, 0x3b, 0x0a, 0x20, 0x20, 0x7d, 0x0a, 0x20, 0x20, 0x68, 0x65, 0x61, 0x64,
  0x65, 0x72, 0x20, 0x7b, 0x0a, 0x20, 0x20, 0x20, 0x20, 0x70, 0x61, 0x64, 0x64, 0x69, 0x6e, 0x67,
  0x3a, 0x20, 0x31, 0x30, 0x70, 0x78, 0x20, 0x31, 0x34, 0x70, 0x78, 0x3b, 0x20, 0x66, 0x6f, 0x6e,
  0x74, 0x2d, 0x73, 0x69, 0x7a, 0x65, 0x3a, 0x20, 0x31, 0x32, 0x70, 0x78, 0x3b, 0x20, 0x63, 0x6f,
  0x6c, 0x6f, 0x72, 0x3a, 0x20, 0x23, 0x63, 0x39, 0x61, 0x32, 0x34, 0x61, 0x3b, 0x20, 0x6c, 0x65,
  0x74, 0x74, 0x65, 0x72, 0x2d, 0x73, 0x70, 0x61, 0x63, 0x69, 0x6e, 0x67, 0x3a, 0x20, 0x2e, 0x31,
  0x32, 0x65, 0x6d, 0x3b, 0x0a, 0x20, 0x20, 0x20, 0x20, 0x74, 0x65, 0x78, 0x74, 0x2d, 0x74, 0x72,
  0x61, 0x6e, 0x73, 0x66, 0x6f, 0x72, 0x6d, 0x3a, 0x20, 0x75, 0x70, 0x70, 0x65, 0x72, 0x63, 0x61,
  0x73, 0x65, 0x3b, 0x20, 0x62, 0x6f, 0x72, 0x64, 0x65, 0x72, 0x2d, 0x62, 0x6f, 0x74, 0x74, 0x6f,
  0x6d, 0x3a, 0x20, 0x32, 0x70, 0x78, 0x20, 0x73, 0x6f, 0x6c, 0x69, 0x64, 0x20, 0x23, 0x34, 0x64,
  0x33, 0x64, 0x31, 0x61, 0x3b, 0x0a, 0x20, 0x20, 0x20, 0x20, 0x64, 0x69, 0x73, 0x70, 0x6c, 0x61,
  0x79, 0x3a, 0x20, 0x66, 0x6c, 0x65, 0x78, 0x3b, 0x20, 0x67, 0x61, 0x70, 0x3a, 0x20, 0x38, 0x70,
  0x78, 0x3b, 0x20, 0x61, 0x6c, 0x69, 0x67, 0x6e, 0x2d, 0x69, 0x74, 0x65, 0x6d, 0x73, 0x3a, 0x20,
  0x63, 0x65, 0x6e, 0x74, 0x65, 0x72, 0x3b, 0x0a, 0x20, 0x20, 0x7d, 0x0a, 0x20, 0x20, 0x23, 0x64,
  0x6f, 0x74, 0x20, 0x7b, 0x20, 0x77, 0x69, 0x64, 0x74, 0x68, 0x3a, 0x20, 0x39, 0x70, 0x78, 0x3b,
  0x20, 0x68, 0x65, 0x69, 0x67, 0x68, 0x74, 0x3a, 0x20, 0x39, 0x70, 0x78, 0x3b, 0x20, 0x62, 0x6f,
  0x72, 0x64, 0x65, 0x72, 0x2d, 0x72, 0x61, 0x64, 0x69, 0x75, 0x73, 0x3a, 0x20, 0x35, 0x30, 0x25,
  0x3b, 0x20, 0x62, 0x61, 0x63, 0x6b, 0x67, 0x72, 0x6f, 0x75, 0x6e, 0x64, 0x3a, 0x20, 0x23, 0x62,
  0x33, 0x34, 0x31, 0x33, 0x63, 0x3b, 0x20, 0x7d, 0x0a, 0x20, 0x20, 0x23, 0x64, 0x6f, 0x74, 0x2e,
  0x6f, 0x6e, 0x20, 0x7b, 0x20, 0x62, 0x61, 0x63, 0x6b, 0x67, 0x72, 0x6f, 0x75, 0x6e, 0x64, 0x3a,
  0x20, 0x23, 0x33, 0x66, 0x39, 0x64, 0x36, 0x33, 0x3b, 0x20, 0x7d, 0x0a, 0x20, 0x20, 0x23, 0x74,
  0x6f, 0x6f, 0x6c, 0x62, 0x61, 0x72, 0x20, 0x7b, 0x20, 0x64, 0x69, 0x73, 0x70, 0x6c, 0x61, 0x79,
  0x3a, 0x20, 0x66, 0x6c, 0x65, 0x78, 0x3b, 0x20, 0x67, 0x61, 0x70, 0x3a, 0x20, 0x36, 0x70, 0x78,
  0x3b, 0x20, 0x6d, 0x61, 0x72, 0x67, 0x69, 0x6e, 0x2d, 0x6c, 0x65, 0x66, 0x74, 0x3a, 0x20, 0x61,
  0x75, 0x74, 0x6f, 0x3b, 0x20, 0x7d, 0x0a, 0x20, 0x20, 0x23, 0x74, 0x6f, 0x6f, 0x6c, 0x62, 0x61,
  0x72, 0x20, 0x62, 0x75, 0x74, 0x74, 0x6f, 0x6e, 0x20, 0x7b, 0x0a, 0x20, 0x20, 0x20, 0x20, 0x66,
  0x6f, 0x6e, 0x74, 0x3a, 0x20, 0x69, 0x6e, 0x68, 0x65, 0x72, 0x69, 0x74, 0x3b, 0x20, 0x66, 0x6f,
  0x6e, 0x74, 0x2d, 0x73, 0x69, 0x7a, 0x65, 0x3a, 0x20, 0x31, 0x31, 0x70, 0x78, 0x3b, 0x20, 0x74,
  0x65, 0x78, 0x74, 0x2d, 0x74, 0x72, 0x61, 0x6e, 0x73, 0x66, 0x6f, 0x72, 0x6d, 0x3a, 0x20, 0x6e,
  0x6f, 0x6e, 0x65, 0x3b, 0x20, 0x6c, 0x65, 0x74, 0x74, 0x65, 0x72, 0x2d, 0x73, 0x70, 0x61, 0x63,
  0x69, 0x6e, 0x67, 0x3a, 0x20, 0x30, 0x3b, 0x0a, 0x20, 0x20, 0x20, 0x20, 0x62, 0x61, 0x63, 0x6b,
  0x67, 0x72, 0x6f, 0x75, 0x6e, 0x64, 0x3a, 0x20, 0x23, 0x34, 0x64, 0x33, 0x64, 0x31, 0x61, 0x3b,
  0x20, 0x63, 0x6f, 0x6c, 0x6f, 0x72, 0x3a, 0x20, 0x23, 0x66, 0x32, 0x65, 0x34, 0x63, 0x38, 0x3b,
  0x20, 0x62, 0x6f, 0x72, 0x64, 0x65, 0x72, 0x3a, 0x20, 0x31, 0x70, 0x78, 0x20, 0x73, 0x6f, 0x6c,
  0x69, 0x64, 0x20, 0x23, 0x63, 0x39, 0x61, 0x32, 0x34, 0x61, 0x3b, 0x0a, 0x20, 0x20, 0x20, 0x20,
  0x62, 0x6f, 0x72, 0x64, 0x65, 0x72, 0x2d, 0x72, 0x61, 0x64, 0x69, 0x75, 0x73, 0x3a, 0x20, 0x34,
  0x70, 0x78, 0x3b, 0x20, 0x70, 0x61, 0x64, 0x64, 0x69, 0x6e, 0x67, 0x3a, 0x20, 0x32, 0x70, 0x78,
  0x20, 0x38, 0x70, 0x78, 0x3b, 0x0a, 0x20, 0x20, 0x7d, 0x0a, 0x20, 0x20, 0x23, 0x73, 0x74, 0x72,
  0x65, 0x61, 0x6d, 0x20, 0x7b, 0x20, 0x66, 0x6c, 0x65, 0x78, 0x3a, 0x20, 0x31, 0x3b, 0x20, 0x6f,
  0x76, 0x65, 0x72, 0x66, 0x6c, 0x6f, 0x77, 0x2d, 0x79, 0x3a, 0x20, 0x61, 0x75, 0x74, 0x6f, 0x3b,
  0x20, 0x70, 0x61, 0x64, 0x64, 0x69, 0x6e, 0x67, 0x3a, 0x20, 0x31, 0x34, 0x70, 0x78, 0x3b, 0x20,
  0x77, 0x68, 0x69, 0x74, 0x65, 0x2d, 0x73, 0x70, 0x61, 0x63, 0x65, 0x3a, 0x20, 0x70, 0x72, 0x65,
  0x2d, 0x77, 0x72, 0x61, 0x70, 0x3b, 0x0a, 0x20, 0x20, 0x20, 0x20, 0x20, 0x20, 0x20, 0x20, 0x20,
  0x20, 0x20, 0x20, 0x77, 0x6f, 0x72, 0x64, 0x2d, 0x62, 0x72, 0x65, 0x61, 0x6b, 0x3a, 0x20, 0x62,
  0x72, 0x65, 0x61, 0x6b, 0x2d, 0x77, 0x6f, 0x72, 0x64, 0x3b, 0x20, 0x7d, 0x0a, 0x20, 0x20, 0x2e,
  0x73, 0x79, 0x73, 0x20, 0x7b, 0x20, 0x63, 0x6f, 0x6c, 0x6f, 0x72, 0x3a, 0x20, 0x23, 0x39, 0x33,
  0x38, 0x30, 0x35, 0x61, 0x3b, 0x20, 0x66, 0x6f, 0x6e, 0x74, 0x2d, 0x73, 0x69, 0x7a, 0x65, 0x3a,
  0x20, 0x31, 0x32, 0x70, 0x78, 0x3b, 0x20, 0x6d, 0x61, 0x72, 0x67, 0x69, 0x6e, 0x3a, 0x20, 0x32,
  0x70, 0x78, 0x20, 0x30, 0x3b, 0x20, 0x7d, 0x0a, 0x3c, 0x2f, 0x73, 0x74, 0x79, 0x6c, 0x65, 0x3e,
  0x0a, 0x3c, 0x2f, 0x68, 0x65, 0x61, 0x64, 0x3e, 0x0a, 0x3c, 0x62, 0x6f, 0x64, 0x79, 0x3e, 0x0a,
  0x3c, 0x68, 0x65, 0x61, 0x64, 0x65, 0x72, 0x3e, 0x3c, 0x73, 0x70, 0x61, 0x6e, 0x20, 0x69, 0x64,
  0x3d, 0x22, 0x64, 0x6f, 0x74, 0x22, 0x3e, 0x3c, 0x2f, 0x73, 0x70, 0x61, 0x6e, 0x3e, 0x3c, 0x73,
  0x70, 0x61, 0x6e, 0x20, 0x69, 0x64, 0x3d, 0x22, 0x73, 0x74, 0x61, 0x74, 0x75, 0x73, 0x22, 0x3e,
  0x63, 0x6f, 0x6e, 0x6e, 0x65, 0x63, 0x74, 0x69, 0x6e, 0x67, 0xe2, 0x80, 0xa6, 0x3c, 0x2f, 0x73,
  0x70, 0x61, 0x6e, 0x3e, 0x3c, 0x73, 0x70, 0x61, 0x6e, 0x20, 0x69, 0x64, 0x3d, 0x22, 0x74, 0x6f,
  0x6f, 0x6c, 0x62, 0x61, 0x72, 0x22, 0x3e, 0x3c, 0x2f, 0x73, 0x70, 0x61, 0x6e, 0x3e, 0x3c, 0x2f,
  0x68, 0x65, 0x61, 0x64, 0x65, 0x72, 0x3e, 0x0a, 0x3c, 0x6d, 0x61, 0x69, 0x6e, 0x20, 0x69, 0x64,
  0x3d, 0x22, 0x73, 0x74, 0x72, 0x65, 0x61, 0x6d, 0x22, 0x3e, 0x3c, 0x2f, 0x6d, 0x61, 0x69, 0x6e,
  0x3e, 0x0a, 0x3c, 0x73, 0x63, 0x72, 0x69, 0x70, 0x74, 0x20, 0x73, 0x72, 0x63, 0x3d, 0x22, 0x2e,
  0x2f, 0x6d, 0x61, 0x69, 0x6e, 0x2e, 0x6a, 0x73, 0x22, 0x3e, 0x3c, 0x2f, 0x73, 0x63, 0x72, 0x69,
  0x70, 0x74, 0x3e, 0x0a, 0x3c, 0x2f, 0x62, 0x6f, 0x64, 0x79, 0x3e, 0x0a, 0x3c, 0x2f, 0x68, 0x74,
  0x6d, 0x6c, 0x3e, 0x0a,
  0x00
};

/* presentation/web-client-mini/web/main.js (3157 bytes) */
static const unsigned char DSH_WEBCLIENT_MINI_MAIN_JS[] = {
  0x2f, 0x2f, 0x20, 0x64, 0x73, 0x68, 0x3a, 0x6c, 0x6f, 0x67, 0x67, 0x69, 0x6e, 0x67, 0x2d, 0x65,
  0x78, 0x65, 0x6d, 0x70, 0x74, 0x20, 0x28, 0x50, 0x72, 0x65, 0x73, 0x65, 0x6e, 0x74, 0x61, 0x74,
  0x69, 0x6f, 0x6e, 0x2d, 0x73, 0x69, 0x64, 0x65, 0x20, 0x70, 0x61, 0x67, 0x65, 0x3a, 0x20, 0x64,
  0x65, 0x6c, 0x69, 0x62, 0x65, 0x72, 0x61, 0x74, 0x65, 0x6c, 0x79, 0x20, 0x6c, 0x6f, 0x67, 0x73,
  0x20, 0x6e, 0x6f, 0x74, 0x68, 0x69, 0x6e, 0x67, 0x20, 0xe2, 0x80, 0x94, 0x0a, 0x2f, 0x2f, 0x20,
  0x61, 0x6c, 0x6c, 0x20, 0x45, 0x32, 0x45, 0x20, 0x65, 0x76, 0x69, 0x64, 0x65, 0x6e, 0x63, 0x65,
  0x20, 0x66, 0x6c, 0x6f, 0x77, 0x73, 0x20, 0x74, 0x68, 0x72, 0x6f, 0x75, 0x67, 0x68, 0x20, 0x74,
  0x68, 0x65, 0x20, 0x72, 0x75, 0x6e, 0x74, 0x69, 0x6d, 0x65, 0x2f, 0x63, 0x61, 0x72, 0x72, 0x69,
  0x65, 0x72, 0x20, 0x6c, 0x6f, 0x67, 0x67, 0x65, 0x72, 0x73, 0x3b, 0x20, 0x74, 0x68, 0x65, 0x72,
  0x65, 0x20, 0x69, 0x73, 0x20, 0x6e, 0x6f, 0x0a, 0x2f, 0x2f, 0x20, 0x6c, 0x6f, 0x67, 0x67, 0x65,
  0x72, 0x20, 0x68, 0x65, 0x72, 0x65, 0x29, 0x0a, 0x2f, 0x2a, 0x2a, 0x0a, 0x20, 0x2a, 0x20, 0x44,
  0x53, 0x48, 0x20, 0x6d, 0x69, 0x6e, 0x69, 0x20, 0x63, 0x6c, 0x69, 0x65, 0x6e, 0x74, 0x20, 0x76,
  0x30, 0x20, 0xe2, 0x80, 0x94, 0x20, 0x74, 0x68, 0x65, 0x20, 0x53, 0x45, 0x43, 0x4f, 0x4e, 0x44,
  0x20, 0x57, 0x65, 0x62, 0x20, 0x43, 0x6c, 0x69, 0x65, 0x6e, 0x74, 0x20, 0x76, 0x61, 0x72, 0x69,
  0x61, 0x6e, 0x74, 0x20, 0x28, 0x55, 0x49, 0x20, 0x70, 0x6c, 0x75, 0x67, 0x67, 0x61, 0x62, 0x69,
  0x6c, 0x69, 0x74, 0x79, 0x2c, 0x20, 0x4d, 0x33, 0x29, 0x3a, 0x0a, 0x20, 0x2a, 0x20, 0x61, 0x20,
  0x74, 0x72, 0x61, 0x6e, 0x73, 0x63, 0x72, 0x69, 0x70, 0x74, 0x2d, 0x6f, 0x6e, 0x6c, 0x79, 0x2c,
  0x20, 0x6d, 0x6f, 0x6e, 0x6f, 0x73, 0x70, 0x61, 0x63, 0x65, 0x64, 0x20, 0x61, 0x6d, 0x62, 0x65,
  0x72, 0x20, 0x70, 0x61, 0x67, 0x65, 0x20, 0x70, 0x72, 0x6f, 0x76, 0x69, 0x6e, 0x67, 0x20, 0x74,
  0x68, 0x65, 0x20, 0x68, 0x6f, 0x73, 0x74, 0x20, 0x6d, 0x6f, 0x75, 0x6e, 0x74, 0x73, 0x20, 0x65,
  0x78, 0x61, 0x63, 0x74, 0x6c, 0x79, 0x0a, 0x20, 0x2a, 0x20, 0x74, 0x68, 0x65, 0x20, 0x63, 0x6f,
  0x6e, 0x66, 0x69, 0x67, 0x2d, 0x53, 0x45, 0x4c, 0x45, 0x43, 0x54, 0x45, 0x44, 0x20, 0x63, 0x6c,
  0x69, 0x65, 0x6e, 0x74, 0x2e, 0x20, 0x4b, 0x6e, 0x6f, 0x77, 0x73, 0x20, 0x4f, 0x4e, 0x4c, 0x59,
  0x20, 0x74, 0x68, 0x65, 0x20, 0x6c, 0x6f, 0x6f, 0x70, 0x62, 0x61, 0x63, 0x6b, 0x20, 0x48, 0x54,
  0x54, 0x50, 0x20, 0x2b, 0x20, 0x57, 0x53, 0x20, 0x70, 0x72, 0x6f, 0x74, 0x6f, 0x63, 0x6f, 0x6c,
  0x20, 0xe2, 0x80, 0x94, 0x0a, 0x20, 0x2a, 0x20, 0x74, 0x68, 0x65, 0x20, 0x73, 0x61, 0x6d, 0x65,
  0x20, 0x73, 0x65, 0x73, 0x73, 0x69, 0x6f, 0x6e, 0x2d, 0x70, 0x72, 0x6f, 0x6a, 0x65, 0x63, 0x74,
  0x69, 0x6f, 0x6e, 0x40, 0x30, 0x20, 0x76, 0x6f, 0x63, 0x61, 0x62, 0x75, 0x6c, 0x61, 0x72, 0x79,
  0x20, 0x61, 0x73, 0x20, 0x64, 0x73, 0x68, 0x2d, 0x77, 0x65, 0x62, 0x2d, 0x63, 0x6c, 0x69, 0x65,
  0x6e, 0x74, 0x2c, 0x20, 0x70, 0x6c, 0x75, 0x73, 0x20, 0x6f, 0x6e, 0x65, 0x20, 0x74, 0x69, 0x6e,
  0x79, 0x0a, 0x20, 0x2a, 0x20, 0x74, 0x79, 0x70, 0x65, 0x64, 0x20, 0x65, 0x78, 0x74, 0x65, 0x6e,
  0x73, 0x69, 0x6f, 0x6e, 0x20, 0x70, 0x6f, 0x69, 0x6e, 0x74, 0x3a, 0x20, 0x74, 0x68, 0x65, 0x20,
  0x74, 0x6f, 0x6f, 0x6c, 0x62, 0x61, 0x72, 0x20, 0x73, 0x6c, 0x6f, 0x74, 0x2e, 0x20, 0x41, 0x20,
  0x70, 0x6c, 0x75, 0x67, 0x69, 0x6e, 0x20, 0x70, 0x72, 0x6f, 0x6a, 0x65, 0x63, 0x74, 0x73, 0x0a,
  0x20, 0x2a, 0x20, 0x7b, 0x22, 0x6b, 0x69, 0x6e, 0x64, 0x22, 0x3a, 0x22, 0x73, 0x6c, 0x6f, 0x74,
  0x2e, 0x72, 0x65, 0x67, 0x69, 0x73, 0x74, 0x65, 0x72, 0x22, 0x2c, 0x22, 0x69, 0x64, 0x22, 0x3a,
  0xe2, 0x80, 0xa6, 0x2c, 0x22, 0x6c, 0x61, 0x62, 0x65, 0x6c, 0x22, 0x3a, 0xe2, 0x80, 0xa6, 0x7d,
  0x3b, 0x20, 0x74, 0x68, 0x65, 0x20, 0x70, 0x61, 0x67, 0x65, 0x20, 0x72, 0x65, 0x6e, 0x64, 0x65,
  0x72, 0x73, 0x20, 0x61, 0x20, 0x74, 0x6f, 0x6f, 0x6c, 0x62, 0x61, 0x72, 0x0a, 0x20, 0x2a, 0x20,
  0x62, 0x75, 0x74, 0x74, 0x6f, 0x6e, 0x20, 0x61, 0x6e, 0x64, 0x20, 0x41, 0x43, 0x4b, 0x53, 0x20,
  0x69, 0x74, 0x20, 0x28, 0x7b, 0x22, 0x74, 0x79, 0x70, 0x65, 0x22, 0x3a, 0x22, 0x73, 0x6c, 0x6f,
  0x74, 0x2e, 0x61, 0x63, 0x6b, 0x22, 0x2c, 0x22, 0x69, 0x64, 0x22, 0x3a, 0xe2, 0x80, 0xa6, 0x2c,
  0x22, 0x6c, 0x61, 0x62, 0x65, 0x6c, 0x22, 0x3a, 0xe2, 0x80, 0xa6, 0x7d, 0x29, 0x20, 0x73, 0x6f,
  0x20, 0x74, 0x68, 0x65, 0x20, 0x63, 0x61, 0x72, 0x72, 0x69, 0x65, 0x72, 0x0a, 0x20, 0x2a, 0x20,
  0x63, 0x61, 0x6e, 0x20, 0x65, 0x76, 0x69, 0x64, 0x65, 0x6e, 0x63, 0x65, 0x20, 0x74, 0x68, 0x65,
  0x20, 0x72, 0x65, 0x6e, 0x64, 0x65, 0x72, 0x65, 0x64, 0x20, 0x73, 0x74, 0x61, 0x74, 0x65, 0x2e,
  0x0a, 0x20, 0x2a, 0x20, 0x20, 0x20, 0xe2, 0x86, 0x92, 0x20, 0x7b, 0x22, 0x74, 0x79, 0x70, 0x65,
  0x22, 0x3a, 0x22, 0x68, 0x65, 0x6c, 0x6c, 0x6f, 0x22, 0x2c, 0x22, 0x68, 0x72, 0x65, 0x66, 0x22,
  0x3a, 0xe2, 0x80, 0xa6, 0x2c, 0x22, 0x70, 0x72, 0x6f, 0x74, 0x6f, 0x63, 0x6f, 0x6c, 0x22, 0x3a,
  0x22, 0x73, 0x65, 0x73, 0x73, 0x69, 0x6f, 0x6e, 0x2d, 0x70, 0x72, 0x6f, 0x6a, 0x65, 0x63, 0x74,
  0x69, 0x6f, 0x6e, 0x40, 0x30, 0x22, 0x7d, 0x0a, 0x20, 0x2a, 0x20, 0x20, 0x20, 0xe2, 0x86, 0x90,
  0x20, 0x7b, 0x22, 0x74, 0x79, 0x70, 0x65, 0x22, 0x3a, 0x22, 0x77, 0x73, 0x2e, 0x68, 0x65, 0x6c,
  0x6c, 0x6f, 0x22, 0x2c, 0xe2, 0x80, 0xa6, 0x7d, 0x20, 0x7c, 0x20, 0x7b, 0x22, 0x74, 0x79, 0x70,
  0x65, 0x22, 0x3a, 0x22, 0x72, 0x65, 0x70, 0x6c, 0x61, 0x79, 0x22, 0x2c, 0x22, 0x65, 0x76, 0x65,
  0x6e, 0x74, 0x73, 0x22, 0x3a, 0x5b, 0xe2, 0x80, 0xa6, 0x5d, 0x7d, 0x0a, 0x20, 0x2a, 0x20, 0x20,
  0x20, 0xe2, 0x86, 0x90, 0x20, 0x7b, 0x22, 0x6b, 0x69, 0x6e, 0x64, 0x22, 0x3a, 0x22, 0x73, 0x65,
  0x73, 0x73, 0x69, 0x6f, 0x6e, 0x22, 0x7c, 0x22, 0x61, 0x67, 0x65, 0x6e, 0x74, 0x22, 0x7c, 0x22,
  0x74, 0x6f, 0x6b, 0x65, 0x6e, 0x2d, 0x64, 0x65, 0x6c, 0x74, 0x61, 0x22, 0x7c, 0x22, 0x74, 0x6f,
  0x6f, 0x6c, 0x22, 0x7c, 0x22, 0x63, 0x6f, 0x6d, 0x70, 0x6c, 0x65, 0x74, 0x65, 0x22, 0x0a, 0x20,
  0x2a, 0x20, 0x20, 0x20, 0x20, 0x20, 0x20, 0x7c, 0x22, 0x73, 0x6c, 0x6f, 0x74, 0x2e, 0x72, 0x65,
  0x67, 0x69, 0x73, 0x74, 0x65, 0x72, 0x22, 0x2c, 0x20, 0xe2, 0x80, 0xa6, 0x7d, 0x0a, 0x20, 0x2a,
  0x2f, 0x0a, 0x63, 0x6f, 0x6e, 0x73, 0x74, 0x20, 0x73, 0x74, 0x72, 0x65, 0x61, 0x6d, 0x45, 0x6c,
  0x20, 0x3d, 0x20, 0x64, 0x6f, 0x63, 0x75, 0x6d, 0x65, 0x6e, 0x74, 0x2e, 0x67, 0x65, 0x74, 0x45,
  0x6c, 0x65, 0x6d, 0x65, 0x6e, 0x74, 0x42, 0x79, 0x49, 0x64, 0x28, 0x27, 0x73, 0x74, 0x72, 0x65,
  0x61, 0x6d, 0x27, 0x29, 0x3b, 0x0a, 0x63, 0x6f, 0x6e, 0x73, 0x74, 0x20, 0x73, 0x74, 0x61, 0x74,
  0x75, 0x73, 0x45, 0x6c, 0x20, 0x3d, 0x20, 0x64, 0x6f, 0x63, 0x75, 0x6d, 0x65, 0x6e, 0x74, 0x2e,
  0x67, 0x65, 0x74, 0x45, 0x6c, 0x65, 0x6d, 0x65, 0x6e, 0x74, 0x42, 0x79, 0x49, 0x64, 0x28, 0x27,
  0x73, 0x74, 0x61, 0x74, 0x75, 0x73, 0x27, 0x29, 0x3b, 0x0a, 0x63, 0x6f, 0x6e, 0x73, 0x74, 0x20,
  0x64, 0x6f, 0x74, 0x45, 0x6c, 0x20, 0x3d, 0x20, 0x64, 0x6f, 0x63, 0x75, 0x6d, 0x65, 0x6e, 0x74,
  0x2e, 0x67, 0x65, 0x74, 0x45, 0x6c, 0x65, 0x6d, 0x65, 0x6e, 0x74, 0x42, 0x79, 0x49, 0x64, 0x28,
  0x27, 0x64, 0x6f, 0x74, 0x27, 0x29, 0x3b, 0x0a, 0x63, 0x6f, 0x6e, 0x73, 0x74, 0x20, 0x74, 0x6f,
  0x6f, 0x6c, 0x62, 0x61, 0x72, 0x45, 0x6c, 0x20, 0x3d, 0x20, 0x64, 0x6f, 0x63, 0x75, 0x6d, 0x65,
  0x6e, 0x74, 0x2e, 0x67, 0x65, 0x74, 0x45, 0x6c, 0x65, 0x6d, 0x65, 0x6e, 0x74, 0x42, 0x79, 0x49,
  0x64, 0x28, 0x27, 0x74, 0x6f, 0x6f, 0x6c, 0x62, 0x61, 0x72, 0x27, 0x29, 0x3b, 0x0a, 0x63, 0x6f,
  0x6e, 0x73, 0x74, 0x20, 0x77, 0x73, 0x55, 0x72, 0x6c, 0x20, 0x3d, 0x20, 0x28, 0x6c, 0x6f, 0x63,
  0x61, 0x74, 0x69, 0x6f, 0x6e, 0x2e, 0x70, 0x72, 0x6f, 0x74, 0x6f, 0x63, 0x6f, 0x6c, 0x20, 0x3d,
  0x3d, 0x3d, 0x20, 0x27, 0x68, 0x74, 0x74, 0x70, 0x73, 0x3a, 0x27, 0x20, 0x3f, 0x20, 0x27, 0x77,
  0x73, 0x73, 0x3a, 0x2f, 0x2f, 0x27, 0x20, 0x3a, 0x20, 0x27, 0x77, 0x73, 0x3a, 0x2f, 0x2f, 0x27,
  0x29, 0x20, 0x2b, 0x20, 0x6c, 0x6f, 0x63, 0x61, 0x74, 0x69, 0x6f, 0x6e, 0x2e, 0x68, 0x6f, 0x73,
  0x74, 0x20, 0x2b, 0x20, 0x27, 0x2f, 0x77, 0x73, 0x27, 0x3b, 0x0a, 0x0a, 0x63, 0x6f, 0x6e, 0x73,
  0x74, 0x20, 0x73, 0x63, 0x72, 0x6f, 0x6c, 0x6c, 0x44, 0x6f, 0x77, 0x6e, 0x20, 0x3d, 0x20, 0x28,
  0x29, 0x20, 0x3d, 0x3e, 0x20, 0x7b, 0x20, 0x73, 0x74, 0x72, 0x65, 0x61, 0x6d, 0x45, 0x6c, 0x2e,
  0x73, 0x63, 0x72, 0x6f, 0x6c, 0x6c, 0x54, 0x6f, 0x70, 0x20, 0x3d, 0x20, 0x73, 0x74, 0x72, 0x65,
  0x61, 0x6d, 0x45, 0x6c, 0x2e, 0x73, 0x63, 0x72, 0x6f, 0x6c, 0x6c, 0x48, 0x65, 0x69, 0x67, 0x68,
  0x74, 0x3b, 0x20, 0x7d, 0x3b, 0x0a, 0x63, 0x6f, 0x6e, 0x73, 0x74, 0x20, 0x6c, 0x69, 0x6e, 0x65,
  0x20, 0x3d, 0x20, 0x28, 0x63, 0x6c, 0x73, 0x2c, 0x20, 0x74, 0x65, 0x78, 0x74, 0x29, 0x20, 0x3d,
  0x3e, 0x20, 0x7b, 0x0a, 0x20, 0x20, 0x63, 0x6f, 0x6e, 0x73, 0x74, 0x20, 0x64, 0x69, 0x76, 0x20,
  0x3d, 0x20, 0x64, 0x6f, 0x63, 0x75, 0x6d, 0x65, 0x6e, 0x74, 0x2e, 0x63, 0x72, 0x65, 0x61, 0x74,
  0x65, 0x45, 0x6c, 0x65, 0x6d, 0x65, 0x6e, 0x74, 0x28, 0x27, 0x64, 0x69, 0x76, 0x27, 0x29, 0x3b,
  0x0a, 0x20, 0x20, 0x64, 0x69, 0x76, 0x2e, 0x63, 0x6c, 0x61, 0x73, 0x73, 0x4e, 0x61, 0x6d, 0x65,
  0x20, 0x3d, 0x20, 0x63, 0x6c, 0x73, 0x3b, 0x0a, 0x20, 0x20, 0x64, 0x69, 0x76, 0x2e, 0x74, 0x65,
  0x78, 0x74, 0x43, 0x6f, 0x6e, 0x74, 0x65, 0x6e, 0x74, 0x20, 0x3d, 0x20, 0x74, 0x65, 0x78, 0x74,
  0x3b, 0x0a, 0x20, 0x20, 0x73, 0x74, 0x72, 0x65, 0x61, 0x6d, 0x45, 0x6c, 0x2e, 0x61, 0x70, 0x70,
  0x65, 0x6e, 0x64, 0x43, 0x68, 0x69, 0x6c, 0x64, 0x28, 0x64, 0x69, 0x76, 0x29, 0x3b, 0x0a, 0x20,
  0x20, 0x73, 0x63, 0x72, 0x6f, 0x6c, 0x6c, 0x44, 0x6f, 0x77, 0x6e, 0x28, 0x29, 0x3b, 0x0a, 0x7d,
  0x3b, 0x0a, 0x0a, 0x63, 0x6f, 0x6e, 0x73, 0x74, 0x20, 0x73, 0x65, 0x73, 0x73, 0x69, 0x6f, 0x6e,
  0x20, 0x3d, 0x20, 0x7b, 0x20, 0x65, 0x6c, 0x3a, 0x20, 0x6e, 0x75, 0x6c, 0x6c, 0x2c, 0x20, 0x74,
  0x65, 0x78, 0x74, 0x3a, 0x20, 0x27, 0x27, 0x20, 0x7d, 0x3b, 0x0a, 0x0a, 0x63, 0x6f, 0x6e, 0x73,
  0x74, 0x20, 0x62, 0x65, 0x67, 0x69, 0x6e, 0x41, 0x73, 0x73, 0x69, 0x73, 0x74, 0x61, 0x6e, 0x74,
  0x20, 0x3d, 0x20, 0x28, 0x29, 0x20, 0x3d, 0x3e, 0x20, 0x7b, 0x0a, 0x20, 0x20, 0x69, 0x66, 0x20,
  0x28, 0x73, 0x65, 0x73, 0x73, 0x69, 0x6f, 0x6e, 0x2e, 0x65, 0x6c, 0x29, 0x20, 0x72, 0x65, 0x74,
  0x75, 0x72, 0x6e, 0x3b, 0x0a, 0x20, 0x20, 0x73, 0x65, 0x73, 0x73, 0x69, 0x6f, 0x6e, 0x2e, 0x65,
  0x6c, 0x20, 0x3d, 0x20, 0x6c, 0x69, 0x6e, 0x65, 0x28, 0x27, 0x73, 0x79, 0x73, 0x27, 0x2c, 0x20,
  0x27, 0x27, 0x29, 0x3b, 0x0a, 0x20, 0x20, 0x73, 0x65, 0x73, 0x73, 0x69, 0x6f, 0x6e, 0x2e, 0x74,
  0x65, 0x78, 0x74, 0x20, 0x3d, 0x20, 0x27, 0x27, 0x3b, 0x0a, 0x7d, 0x3b, 0x0a, 0x0a, 0x63, 0x6f,
  0x6e, 0x73, 0x74, 0x20, 0x61, 0x70, 0x70, 0x6c, 0x79, 0x20, 0x3d, 0x20, 0x28, 0x65, 0x76, 0x29,
  0x20, 0x3d, 0x3e, 0x20, 0x7b, 0x0a, 0x20, 0x20, 0x69, 0x66, 0x20, 0x28, 0x65, 0x76, 0x2e, 0x6b,
  0x69, 0x6e, 0x64, 0x20, 0x3d, 0x3d, 0x3d, 0x20, 0x27, 0x73, 0x65, 0x73, 0x73, 0x69, 0x6f, 0x6e,
  0x27, 0x29, 0x20, 0x7b, 0x0a, 0x20, 0x20, 0x20, 0x20, 0x6c, 0x69, 0x6e, 0x65, 0x28, 0x27, 0x73,
  0x79, 0x73, 0x27, 0x2c, 0x20, 0x60, 0x73, 0x65, 0x73, 0x73, 0x69, 0x6f, 0x6e, 0x20, 0x24, 0x7b,
  0x65, 0x76, 0x2e, 0x69, 0x64, 0x7d, 0x60, 0x29, 0x3b, 0x0a, 0x20, 0x20, 0x7d, 0x20, 0x65, 0x6c,
  0x73, 0x65, 0x20, 0x69, 0x66, 0x20, 0x28, 0x65, 0x76, 0x2e, 0x6b, 0x69, 0x6e, 0x64, 0x20, 0x3d,
  0x3d, 0x3d, 0x20, 0x27, 0x61, 0x67, 0x65, 0x6e, 0x74, 0x27, 0x29, 0x20, 0x7b, 0x0a, 0x20, 0x20,
  0x20, 0x20, 0x6c, 0x69, 0x6e, 0x65, 0x28, 0x27, 0x73, 0x79, 0x73, 0x27, 0x2c, 0x20, 0x60, 0x61,
  0x67, 0x65, 0x6e, 0x74, 0x20, 0x24, 0x7b, 0x65, 0x76, 0x2e, 0x6d, 0x6f, 0x64, 0x65, 0x6c, 0x7d,
  0x60, 0x29, 0x3b, 0x0a, 0x20, 0x20, 0x20, 0x20, 0x62, 0x65, 0x67, 0x69, 0x6e, 0x41, 0x73, 0x73,
  0x69, 0x73, 0x74, 0x61, 0x6e, 0x74, 0x28, 0x29, 0x3b, 0x0a, 0x20, 0x20, 0x7d, 0x20, 0x65, 0x6c,
  0x73, 0x65, 0x20, 0x69, 0x66, 0x20, 0x28, 0x65, 0x76, 0x2e, 0x6b, 0x69, 0x6e, 0x64, 0x20, 0x3d,
  0x3d, 0x3d, 0x20, 0x27, 0x74, 0x6f, 0x6b, 0x65, 0x6e, 0x2d, 0x64, 0x65, 0x6c, 0x74, 0x61, 0x27,
  0x29, 0x20, 0x7b, 0x0a, 0x20, 0x20, 0x20, 0x20, 0x62, 0x65, 0x67, 0x69, 0x6e, 0x41, 0x73, 0x73,
  0x69, 0x73, 0x74, 0x61, 0x6e, 0x74, 0x28, 0x29, 0x3b, 0x0a, 0x20, 0x20, 0x20, 0x20, 0x73, 0x65,
  0x73, 0x73, 0x69, 0x6f, 0x6e, 0x2e, 0x74, 0x65, 0x78, 0x74, 0x20, 0x2b, 0x3d, 0x20, 0x65, 0x76,
  0x2e, 0x74, 0x65, 0x78, 0x74, 0x3b, 0x0a, 0x20, 0x20, 0x20, 0x20, 0x73, 0x65, 0x73, 0x73, 0x69,
  0x6f, 0x6e, 0x2e, 0x65, 0x6c, 0x2e, 0x74, 0x65, 0x78, 0x74, 0x43, 0x6f, 0x6e, 0x74, 0x65, 0x6e,
  0x74, 0x20, 0x3d, 0x20, 0x73, 0x65, 0x73, 0x73, 0x69, 0x6f, 0x6e, 0x2e, 0x74, 0x65, 0x78, 0x74,
  0x3b, 0x0a, 0x20, 0x20, 0x20, 0x20, 0x73, 0x63, 0x72, 0x6f, 0x6c, 0x6c, 0x44, 0x6f, 0x77, 0x6e,
  0x28, 0x29, 0x3b, 0x0a, 0x20, 0x20, 0x7d, 0x20, 0x65, 0x6c, 0x73, 0x65, 0x20, 0x69, 0x66, 0x20,
  0x28, 0x65, 0x76, 0x2e, 0x6b, 0x69, 0x6e, 0x64, 0x20, 0x3d, 0x3d, 0x3d, 0x20, 0x27, 0x74, 0x6f,
  0x6f, 0x6c, 0x27, 0x29, 0x20, 0x7b, 0x0a, 0x20, 0x20, 0x20, 0x20, 0x6c, 0x69, 0x6e, 0x65, 0x28,
  0x27, 0x73, 0x79, 0x73, 0x27, 0x2c, 0x20, 0x60, 0x74, 0x6f, 0x6f, 0x6c, 0x20, 0x24, 0x7b, 0x65,
  0x76, 0x2e, 0x6e, 0x61, 0x6d, 0x65, 0x7d, 0x20, 0x24, 0x7b, 0x65, 0x76, 0x2e, 0x70, 0x68, 0x61,
  0x73, 0x65, 0x7d, 0x60, 0x29, 0x3b, 0x0a, 0x20, 0x20, 0x7d, 0x20, 0x65, 0x6c, 0x73, 0x65, 0x20,
  0x69, 0x66, 0x20, 0x28, 0x65, 0x76, 0x2e, 0x6b, 0x69, 0x6e, 0x64, 0x20, 0x3d, 0x3d, 0x3d, 0x20,
  0x27, 0x63, 0x6f, 0x6d, 0x70, 0x6c, 0x65, 0x74, 0x65, 0x27, 0x29, 0x20, 0x7b, 0x0a, 0x20, 0x20,
  0x20, 0x20, 0x6c, 0x69, 0x6e, 0x65, 0x28, 0x27, 0x73, 0x79, 0x73, 0x27, 0x2c, 0x20, 0x60, 0x63,
  0x6f, 0x6d, 0x70, 0x6c, 0x65, 0x74, 0x65, 0x20, 0x24, 0x7b, 0x65, 0x76, 0x2e, 0x73, 0x74, 0x61,
  0x74, 0x75, 0x73, 0x7d, 0x20, 0xc2, 0xb7, 0x20, 0x24, 0x7b, 0x65, 0x76, 0x2e, 0x64, 0x65, 0x6c,
  0x74, 0x61, 0x73, 0x7d, 0x20, 0x64, 0x65, 0x6c, 0x74, 0x61, 0x73, 0x60, 0x29, 0x3b, 0x0a, 0x20,
  0x20, 0x7d, 0x20, 0x65, 0x6c, 0x73, 0x65, 0x20, 0x69, 0x66, 0x20, 0x28, 0x65, 0x76, 0x2e, 0x6b,
  0x69, 0x6e, 0x64, 0x20, 0x3d, 0x3d, 0x3d, 0x20, 0x27, 0x73, 0x6c, 0x6f, 0x74, 0x2e, 0x72, 0x65,
  0x67, 0x69, 0x73, 0x74, 0x65, 0x72, 0x27, 0x29, 0x20, 0x7b, 0x0a, 0x20, 0x20, 0x20, 0x20, 0x63,
  0x6f, 0x6e, 0x73, 0x74, 0x20, 0x62, 0x74, 0x6e, 0x20, 0x3d, 0x20, 0x64, 0x6f, 0x63, 0x75, 0x6d,
  0x65, 0x6e, 0x74, 0x2e, 0x63, 0x72, 0x65, 0x61, 0x74, 0x65, 0x45, 0x6c, 0x65, 0x6d, 0x65, 0x6e,
  0x74, 0x28, 0x27, 0x62, 0x75, 0x74, 0x74, 0x6f, 0x6e, 0x27, 0x29, 0x3b, 0x0a, 0x20, 0x20, 0x20,
  0x20, 0x62, 0x74, 0x6e, 0x2e, 0x69, 0x64, 0x20, 0x3d, 0x20, 0x60, 0x73, 0x6c, 0x6f, 0x74, 0x2d,
  0x24, 0x7b, 0x65, 0x76, 0x2e, 0x69, 0x64, 0x7d, 0x60, 0x3b, 0x0a, 0x20, 0x20, 0x20, 0x20, 0x62,
  0x74, 0x6e, 0x2e, 0x74, 0x65, 0x78, 0x74, 0x43, 0x6f, 0x6e, 0x74, 0x65, 0x6e, 0x74, 0x20, 0x3d,
  0x20, 0x65, 0x76, 0x2e, 0x6c, 0x61, 0x62, 0x65, 0x6c, 0x3b, 0x0a, 0x20, 0x20, 0x20, 0x20, 0x74,
  0x6f, 0x6f, 0x6c, 0x62, 0x61, 0x72, 0x45, 0x6c, 0x2e, 0x61, 0x70, 0x70, 0x65, 0x6e, 0x64, 0x43,
  0x68, 0x69, 0x6c, 0x64, 0x28, 0x62, 0x74, 0x6e, 0x29, 0x3b, 0x0a, 0x20, 0x20, 0x20, 0x20, 0x77,
  0x73, 0x2e, 0x73, 0x65, 0x6e, 0x64, 0x28, 0x4a, 0x53, 0x4f, 0x4e, 0x2e, 0x73, 0x74, 0x72, 0x69,
  0x6e, 0x67, 0x69, 0x66, 0x79, 0x28, 0x7b, 0x20, 0x74, 0x79, 0x70, 0x65, 0x3a, 0x20, 0x27, 0x73,
  0x6c, 0x6f, 0x74, 0x2e, 0x61, 0x63, 0x6b, 0x27, 0x2c, 0x20, 0x69, 0x64, 0x3a, 0x20, 0x65, 0x76,
  0x2e, 0x69, 0x64, 0x2c, 0x20, 0x6c, 0x61, 0x62, 0x65, 0x6c, 0x3a, 0x20, 0x65, 0x76, 0x2e, 0x6c,
  0x61, 0x62, 0x65, 0x6c, 0x2c, 0x20, 0x62, 0x79, 0x3a, 0x20, 0x65, 0x76, 0x2e, 0x62, 0x79, 0x20,
  0x7d, 0x29, 0x29, 0x3b, 0x0a, 0x20, 0x20, 0x7d, 0x0a, 0x7d, 0x3b, 0x0a, 0x0a, 0x63, 0x6f, 0x6e,
  0x73, 0x74, 0x20, 0x77, 0x73, 0x20, 0x3d, 0x20, 0x6e, 0x65, 0x77, 0x20, 0x57, 0x65, 0x62, 0x53,
  0x6f, 0x63, 0x6b, 0x65, 0x74, 0x28, 0x77, 0x73, 0x55, 0x72, 0x6c, 0x29, 0x3b, 0x0a, 0x77, 0x73,
  0x2e, 0x6f, 0x6e, 0x6f, 0x70, 0x65, 0x6e, 0x20, 0x3d, 0x20, 0x28, 0x29, 0x20, 0x3d, 0x3e, 0x20,
  0x7b, 0x0a, 0x20, 0x20, 0x64, 0x6f, 0x74, 0x45, 0x6c, 0x2e, 0x63, 0x6c, 0x61, 0x73, 0x73, 0x4c,
  0x69, 0x73, 0x74, 0x2e, 0x61, 0x64, 0x64, 0x28, 0x27, 0x6f, 0x6e, 0x27, 0x29, 0x3b, 0x0a, 0x20,
  0x20, 0x73, 0x74, 0x61, 0x74, 0x75, 0x73, 0x45, 0x6c, 0x2e, 0x74, 0x65, 0x78, 0x74, 0x43, 0x6f,
  0x6e, 0x74, 0x65, 0x6e, 0x74, 0x20, 0x3d, 0x20, 0x27, 0x6c, 0x69, 0x76, 0x65, 0x27, 0x3b, 0x0a,
  0x20, 0x20, 0x77, 0x73, 0x2e, 0x73, 0x65, 0x6e, 0x64, 0x28, 0x4a, 0x53, 0x4f, 0x4e, 0x2e, 0x73,
  0x74, 0x72, 0x69, 0x6e, 0x67, 0x69, 0x66, 0x79, 0x28, 0x0a, 0x20, 0x20, 0x20, 0x20, 0x7b, 0x20,
  0x74, 0x79, 0x70, 0x65, 0x3a, 0x20, 0x27, 0x68, 0x65, 0x6c, 0x6c, 0x6f, 0x27, 0x2c, 0x20, 0x68,
  0x72, 0x65, 0x66, 0x3a, 0x20, 0x6c, 0x6f, 0x63, 0x61, 0x74, 0x69, 0x6f, 0x6e, 0x2e, 0x68, 0x72,
  0x65, 0x66, 0x2c, 0x20, 0x70, 0x72, 0x6f, 0x74, 0x6f, 0x63, 0x6f, 0x6c, 0x3a, 0x20, 0x27, 0x73,
  0x65, 0x73, 0x73, 0x69, 0x6f, 0x6e, 0x2d, 0x70, 0x72, 0x6f, 0x6a, 0x65, 0x63, 0x74, 0x69, 0x6f,
  0x6e, 0x40, 0x30, 0x27, 0x20, 0x7d, 0x29, 0x29, 0x3b, 0x0a, 0x7d, 0x3b, 0x0a, 0x77, 0x73, 0x2e,
  0x6f, 0x6e, 0x6d, 0x65, 0x73, 0x73, 0x61, 0x67, 0x65, 0x20, 0x3d, 0x20, 0x28, 0x65, 0x76, 0x29,
  0x20, 0x3d, 0x3e, 0x20, 0x7b, 0x0a, 0x20, 0x20, 0x6c, 0x65, 0x74, 0x20, 0x6d, 0x73, 0x67, 0x3b,
  0x0a, 0x20, 0x20, 0x74, 0x72, 0x79, 0x20, 0x7b, 0x20, 0x6d, 0x73, 0x67, 0x20, 0x3d, 0x20, 0x4a,
  0x53, 0x4f, 0x4e, 0x2e, 0x70, 0x61, 0x72, 0x73, 0x65, 0x28, 0x65, 0x76, 0x2e, 0x64, 0x61, 0x74,
  0x61, 0x29, 0x3b, 0x20, 0x7d, 0x20, 0x63, 0x61, 0x74, 0x63, 0x68, 0x20, 0x7b, 0x20, 0x72, 0x65,
  0x74, 0x75, 0x72, 0x6e, 0x3b, 0x20, 0x7d, 0x0a, 0x20, 0x20, 0x69, 0x66, 0x20, 0x28, 0x6d, 0x73,
  0x67, 0x2e, 0x74, 0x79, 0x70, 0x65, 0x20, 0x3d, 0x3d, 0x3d, 0x20, 0x27, 0x77, 0x73, 0x2e, 0x68,
  0x65, 0x6c, 0x6c, 0x6f, 0x27, 0x29, 0x20, 0x7b, 0x0a, 0x20, 0x20, 0x20, 0x20, 0x73, 0x74, 0x61,
  0x74, 0x75, 0x73, 0x45, 0x6c, 0x2e, 0x74, 0x65, 0x78, 0x74, 0x43, 0x6f, 0x6e, 0x74, 0x65, 0x6e,
  0x74, 0x20, 0x3d, 0x20, 0x27, 0x73, 0x65, 0x73, 0x73, 0x69, 0x6f, 0x6e, 0x20, 0x63, 0x68, 0x61,
  0x6e, 0x6e, 0x65, 0x6c, 0x20, 0x6c, 0x69, 0x76, 0x65, 0x27, 0x3b, 0x0a, 0x20, 0x20, 0x7d, 0x20,
  0x65, 0x6c, 0x73, 0x65, 0x20, 0x69, 0x66, 0x20, 0x28, 0x6d, 0x73, 0x67, 0x2e, 0x74, 0x79, 0x70,
  0x65, 0x20, 0x3d, 0x3d, 0x3d, 0x20, 0x27, 0x72, 0x65, 0x70, 0x6c, 0x61, 0x79, 0x27, 0x29, 0x20,
  0x7b, 0x0a, 0x20, 0x20, 0x20, 0x20, 0x28, 0x6d, 0x73, 0x67, 0x2e, 0x65, 0x76, 0x65, 0x6e, 0x74,
  0x73, 0x20, 0x3f, 0x3f, 0x20, 0x5b, 0x5d, 0x29, 0x2e, 0x66, 0x6f, 0x72, 0x45, 0x61, 0x63, 0x68,
  0x28, 0x61, 0x70, 0x70, 0x6c, 0x79, 0x29, 0x3b, 0x20, 0x2f, 0x2f, 0x20, 0x62, 0x75, 0x66, 0x66,
  0x65, 0x72, 0x65, 0x64, 0x20, 0x70, 0x72, 0x6f, 0x6a, 0x65, 0x63, 0x74, 0x69, 0x6f, 0x6e, 0x20,
  0x66, 0x72, 0x6f, 0x6d, 0x20, 0x62, 0x65, 0x66, 0x6f, 0x72, 0x65, 0x20, 0x63, 0x6f, 0x6e, 0x6e,
  0x65, 0x63, 0x74, 0x0a, 0x20, 0x20, 0x7d, 0x20, 0x65, 0x6c, 0x73, 0x65, 0x20, 0x69, 0x66, 0x20,
  0x28, 0x6d, 0x73, 0x67, 0x2e, 0x6b, 0x69, 0x6e, 0x64, 0x29, 0x20, 0x7b, 0x0a, 0x20, 0x20, 0x20,
  0x20, 0x61, 0x70, 0x70, 0x6c, 0x79, 0x28, 0x6d, 0x73, 0x67, 0x29, 0x3b, 0x0a, 0x20, 0x20, 0x7d,
  0x0a, 0x7d, 0x3b, 0x0a, 0x77, 0x73, 0x2e, 0x6f, 0x6e, 0x63, 0x6c, 0x6f, 0x73, 0x65, 0x20, 0x3d,
  0x20, 0x28, 0x29, 0x20, 0x3d, 0x3e, 0x20, 0x7b, 0x0a, 0x20, 0x20, 0x64, 0x6f, 0x74, 0x45, 0x6c,
  0x2e, 0x63, 0x6c, 0x61, 0x73, 0x73, 0x4c, 0x69, 0x73, 0x74, 0x2e, 0x72, 0x65, 0x6d, 0x6f, 0x76,
  0x65, 0x28, 0x27, 0x6f, 0x6e, 0x27, 0x29, 0x3b, 0x0a, 0x20, 0x20, 0x73, 0x74, 0x61, 0x74, 0x75,
  0x73, 0x45, 0x6c, 0x2e, 0x74, 0x65, 0x78, 0x74, 0x43, 0x6f, 0x6e, 0x74, 0x65, 0x6e, 0x74, 0x20,
  0x3d, 0x20, 0x27, 0x64, 0x69, 0x73, 0x63, 0x6f, 0x6e, 0x6e, 0x65, 0x63, 0x74, 0x65, 0x64, 0x27,
  0x3b, 0x0a, 0x7d, 0x3b, 0x0a,
  0x00
};

const char *dsh_spike_res_logger_js(size_t *len) {
  if (len) *len = sizeof(DSH_LOGGER_JS) - 1;
  return (const char *)DSH_LOGGER_JS;
}

const char *dsh_spike_res_gateway_js(size_t *len) {
  if (len) *len = sizeof(DSH_GATEWAY_JS) - 1;
  return (const char *)DSH_GATEWAY_JS;
}

const char *dsh_spike_res_registry_js(size_t *len) {
  if (len) *len = sizeof(DSH_REGISTRY_JS) - 1;
  return (const char *)DSH_REGISTRY_JS;
}

const char *dsh_spike_res_install_pipeline_js(size_t *len) {
  if (len) *len = sizeof(DSH_INSTALL_PIPELINE_JS) - 1;
  return (const char *)DSH_INSTALL_PIPELINE_JS;
}

const char *dsh_spike_res_sha256_js(size_t *len) {
  if (len) *len = sizeof(DSH_SHA256_JS) - 1;
  return (const char *)DSH_SHA256_JS;
}

const char *dsh_spike_res_tar_mini_js(size_t *len) {
  if (len) *len = sizeof(DSH_TAR_MINI_JS) - 1;
  return (const char *)DSH_TAR_MINI_JS;
}

const char *dsh_spike_res_manifest_json(size_t *len) {
  if (len) *len = sizeof(DSH_MANIFEST_JSON) - 1;
  return (const char *)DSH_MANIFEST_JSON;
}

const char *dsh_spike_res_scenario_js(size_t *len) {
  if (len) *len = sizeof(DSH_SCENARIO_JS) - 1;
  return (const char *)DSH_SCENARIO_JS;
}

const char *dsh_spike_res_scenario_m2_js(size_t *len) {
  if (len) *len = sizeof(DSH_SCENARIO_M2_JS) - 1;
  return (const char *)DSH_SCENARIO_M2_JS;
}

const char *dsh_spike_res_scenario_m2_smoke_js(size_t *len) {
  if (len) *len = sizeof(DSH_SCENARIO_M2_SMOKE_JS) - 1;
  return (const char *)DSH_SCENARIO_M2_SMOKE_JS;
}

const char *dsh_spike_res_scenario_m2_session_js(size_t *len) {
  if (len) *len = sizeof(DSH_SCENARIO_M2_SESSION_JS) - 1;
  return (const char *)DSH_SCENARIO_M2_SESSION_JS;
}

const char *dsh_spike_res_scenario_carrier_js(size_t *len) {
  if (len) *len = sizeof(DSH_SCENARIO_CARRIER_JS) - 1;
  return (const char *)DSH_SCENARIO_CARRIER_JS;
}

const char *dsh_spike_res_llm_js(size_t *len) {
  if (len) *len = sizeof(DSH_LLM_JS) - 1;
  return (const char *)DSH_LLM_JS;
}

const char *dsh_spike_res_scenario_m2_llm_js(size_t *len) {
  if (len) *len = sizeof(DSH_SCENARIO_M2_LLM_JS) - 1;
  return (const char *)DSH_SCENARIO_M2_LLM_JS;
}

const char *dsh_spike_res_scenario_m3_fetch_install_js(size_t *len) {
  if (len) *len = sizeof(DSH_SCENARIO_M3_FETCH_INSTALL_JS) - 1;
  return (const char *)DSH_SCENARIO_M3_FETCH_INSTALL_JS;
}

const char *dsh_spike_res_install_fetch_js(size_t *len) {
  if (len) *len = sizeof(DSH_INSTALL_FETCH_JS) - 1;
  return (const char *)DSH_INSTALL_FETCH_JS;
}

const char *dsh_spike_res_receipt_journal_js(size_t *len) {
  if (len) *len = sizeof(DSH_RECEIPT_JOURNAL_JS) - 1;
  return (const char *)DSH_RECEIPT_JOURNAL_JS;
}

const char *dsh_spike_res_profile_m3_patch_json(size_t *len) {
  if (len) *len = sizeof(DSH_PROFILE_M3_PATCH_JSON) - 1;
  return (const char *)DSH_PROFILE_M3_PATCH_JSON;
}

const char *dsh_spike_res_web_index_html(size_t *len) {
  if (len) *len = sizeof(DSH_WEB_INDEX_HTML) - 1;
  return (const char *)DSH_WEB_INDEX_HTML;
}

const char *dsh_spike_res_web_page_js(size_t *len) {
  if (len) *len = sizeof(DSH_WEB_PAGE_JS) - 1;
  return (const char *)DSH_WEB_PAGE_JS;
}

const char *dsh_spike_res_pkg_crypto_js(size_t *len) {
  if (len) *len = sizeof(DSH_PKG_CRYPTO_JS) - 1;
  return (const char *)DSH_PKG_CRYPTO_JS;
}

const char *dsh_spike_res_plugin_fs_manifest(size_t *len) {
  if (len) *len = sizeof(DSH_PLUGIN_FS_MANIFEST) - 1;
  return (const char *)DSH_PLUGIN_FS_MANIFEST;
}

const char *dsh_spike_res_plugin_fs_js(size_t *len) {
  if (len) *len = sizeof(DSH_PLUGIN_FS_JS) - 1;
  return (const char *)DSH_PLUGIN_FS_JS;
}

const char *dsh_spike_res_plugin_subprocess_manifest(size_t *len) {
  if (len) *len = sizeof(DSH_PLUGIN_SUBPROCESS_MANIFEST) - 1;
  return (const char *)DSH_PLUGIN_SUBPROCESS_MANIFEST;
}

const char *dsh_spike_res_plugin_subprocess_js(size_t *len) {
  if (len) *len = sizeof(DSH_PLUGIN_SUBPROCESS_JS) - 1;
  return (const char *)DSH_PLUGIN_SUBPROCESS_JS;
}

const char *dsh_spike_res_plugin_ui_manifest(size_t *len) {
  if (len) *len = sizeof(DSH_PLUGIN_UI_MANIFEST) - 1;
  return (const char *)DSH_PLUGIN_UI_MANIFEST;
}

const char *dsh_spike_res_plugin_ui_js(size_t *len) {
  if (len) *len = sizeof(DSH_PLUGIN_UI_JS) - 1;
  return (const char *)DSH_PLUGIN_UI_JS;
}

const char *dsh_spike_res_fixture_notes_js(size_t *len) {
  if (len) *len = sizeof(DSH_FIXTURE_NOTES_JS) - 1;
  return (const char *)DSH_FIXTURE_NOTES_JS;
}

const char *dsh_spike_res_fixture_notes_source_js(size_t *len) {
  if (len) *len = sizeof(DSH_FIXTURE_NOTES_SOURCE_JS) - 1;
  return (const char *)DSH_FIXTURE_NOTES_SOURCE_JS;
}

const char *dsh_spike_res_webclient_manifest(size_t *len) {
  if (len) *len = sizeof(DSH_WEBCLIENT_MANIFEST) - 1;
  return (const char *)DSH_WEBCLIENT_MANIFEST;
}

const char *dsh_spike_res_webclient_index_html(size_t *len) {
  if (len) *len = sizeof(DSH_WEBCLIENT_INDEX_HTML) - 1;
  return (const char *)DSH_WEBCLIENT_INDEX_HTML;
}

const char *dsh_spike_res_webclient_main_js(size_t *len) {
  if (len) *len = sizeof(DSH_WEBCLIENT_MAIN_JS) - 1;
  return (const char *)DSH_WEBCLIENT_MAIN_JS;
}

const char *dsh_spike_res_webclient_mini_manifest(size_t *len) {
  if (len) *len = sizeof(DSH_WEBCLIENT_MINI_MANIFEST) - 1;
  return (const char *)DSH_WEBCLIENT_MINI_MANIFEST;
}

const char *dsh_spike_res_webclient_mini_index_html(size_t *len) {
  if (len) *len = sizeof(DSH_WEBCLIENT_MINI_INDEX_HTML) - 1;
  return (const char *)DSH_WEBCLIENT_MINI_INDEX_HTML;
}

const char *dsh_spike_res_webclient_mini_main_js(size_t *len) {
  if (len) *len = sizeof(DSH_WEBCLIENT_MINI_MAIN_JS) - 1;
  return (const char *)DSH_WEBCLIENT_MINI_MAIN_JS;
}
